0,WEAgent0,MALE_OLD_LOW_INCOME,718,718.0,0,0.0
0,SIAgent9,FEMALE_OLD_HIGH_INCOME,162,162.0,410,0.0
0,SIAgent7,FEMALE_OLD_LOW_INCOME,480,480.0,330,330.0
0,SIAgent8,OLD_LOW_INCOME,2517,2517.0,612,612.0
0,SIAgent5,YOUNG_HIGH_INCOME,154,154.0,154,154.0
0,SIAgent6,YOUNG_LOW_INCOME,2289,2289.0,1411,1411.0
0,SIAgent3,FEMALE_OLD_LOW_INCOME,480,480.0,332,332.0
0,SIAgent4,OLD_LOW_INCOME,1678,1678.0,698,698.0
0,SIAgent1,FEMALE_YOUNG,894,894.0,586,586.0
0,SIAgent2,YOUNG_HIGH_INCOME,309,309.0,254,254.0
0,SIAgent10,FEMALE_OLD_LOW_INCOME,1440,1440.0,351,351.0
0,SIAgent0,MALE_OLD,1041,1041.0,593,593.0
0,SIAgent11,MALE_YOUNG_LOW_INCOME,1101,1101.0,864,864.0
0,SIAgent12,FEMALE_LOW_INCOME,2628,2628.0,850,850.0
0,SIAgent13,OLD_LOW_INCOME,839,839.0,626,626.0
0,SIAgent14,YOUNG_HIGH_INCOME,463,463.0,275,275.0
0,SIAgent15,MALE_OLD,520,520.0,520,520.0
0,SIAgent16,FEMALE_YOUNG_LOW_INCOME,792,792.0,540,540.0
0,SIAgent17,MALE_OLD,1561,1561.0,594,594.0
1,WEAgent0,OLD_LOW_INCOME,2517,2517.0,1332,1332.0
1,SIAgent9,YOUNG_HIGH_INCOME,154,154.0,145,145.0
1,SIAgent7,FEMALE_YOUNG_HIGH_INCOME,102,102.0,32,32.0
1,SIAgent8,YOUNG_HIGH_INCOME,309,309.0,119,119.0
1,SIAgent5,MALE_OLD,1041,1041.0,1668,868.0
1,SIAgent6,MALE_YOUNG_LOW_INCOME,1101,1101.0,1522,324.0
1,SIAgent3,FEMALE_LOW_INCOME,876,876.0,876,876.0
1,SIAgent4,FEMALE_OLD,1123,1123.0,531,531.0
1,SIAgent1,FEMALE_YOUNG_HIGH_INCOME,51,51.0,35,35.0
1,SIAgent2,FEMALE_HIGH_INCOME,132,132.0,132,132.0
1,SIAgent10,YOUNG_HIGH_INCOME,463,463.0,148,148.0
1,SIAgent0,MALE_YOUNG_LOW_INCOME,367,367.0,367,367.0
1,SIAgent11,FEMALE_OLD_HIGH_INCOME,162,162.0,102,102.0
1,SIAgent12,FEMALE_HIGH_INCOME,132,132.0,132,132.0
1,SIAgent13,MALE_YOUNG_HIGH_INCOME,103,103.0,103,103.0
1,SIAgent14,FEMALE_OLD_LOW_INCOME,480,480.0,419,419.0
1,SIAgent15,FEMALE_LOW_INCOME,2628,2628.0,1103,1103.0
1,SIAgent16,FEMALE_LOW_INCOME,1752,1752.0,1080,1080.0
1,SIAgent17,YOUNG_HIGH_INCOME,463,463.0,154,154.0
2,WEAgent0,FEMALE_OLD_HIGH_INCOME,244,244.0,0,0.0
2,SIAgent9,MALE_OLD,1041,1041.0,581,581.0
2,SIAgent7,OLD_LOW_INCOME,2517,2517.0,859,859.0
2,SIAgent8,MALE_YOUNG_HIGH_INCOME,103,103.0,103,103.0
2,SIAgent5,FEMALE_HIGH_INCOME,265,265.0,150,150.0
2,SIAgent6,FEMALE_HIGH_INCOME,265,265.0,146,146.0
2,SIAgent3,FEMALE_LOW_INCOME,1752,1752.0,1044,1044.0
2,SIAgent4,MALE_YOUNG_HIGH_INCOME,310,310.0,222,222.0
2,SIAgent1,MALE_OLD_LOW_INCOME,718,718.0,349,349.0
2,SIAgent2,OLD_LOW_INCOME,839,839.0,794,794.0
2,SIAgent10,MALE_YOUNG_LOW_INCOME,367,367.0,367,367.0
2,SIAgent0,FEMALE_OLD,561,561.0,561,561.0
2,SIAgent11,FEMALE_YOUNG,894,894.0,596,596.0
2,SIAgent12,MALE_YOUNG,941,941.0,1718,592.0
2,SIAgent13,FEMALE_LOW_INCOME,876,876.0,876,876.0
2,SIAgent14,FEMALE_OLD_HIGH_INCOME,81,81.0,81,81.0
2,SIAgent15,OLD_HIGH_INCOME,729,729.0,385,385.0
2,SIAgent16,MALE_OLD,1561,1561.0,672,672.0
2,SIAgent17,FEMALE_YOUNG_LOW_INCOME,792,792.0,496,496.0
3,WEAgent0,FEMALE_HIGH_INCOME,265,265.0,122,122.0
3,SIAgent9,YOUNG_HIGH_INCOME,309,309.0,248,248.0
3,SIAgent7,OLD_LOW_INCOME,2517,2517.0,978,978.0
3,SIAgent8,FEMALE_LOW_INCOME,2628,2628.0,1059,1059.0
3,SIAgent5,MALE_OLD_LOW_INCOME,359,359.0,355,355.0
3,SIAgent6,FEMALE_HIGH_INCOME,397,397.0,273,273.0
3,SIAgent3,FEMALE_YOUNG_LOW_INCOME,396,396.0,396,396.0
3,SIAgent4,MALE_HIGH_INCOME,265,265.0,265,265.0
3,SIAgent1,MALE_OLD_LOW_INCOME,359,359.0,359,359.0
3,SIAgent2,FEMALE_OLD_HIGH_INCOME,162,162.0,122,122.0
3,SIAgent10,MALE_YOUNG,941,941.0,816,816.0
3,SIAgent0,MALE_YOUNG_LOW_INCOME,734,734.0,684,684.0
3,SIAgent11,MALE_YOUNG_HIGH_INCOME,206,206.0,149,149.0
3,SIAgent12,FEMALE_YOUNG,447,447.0,447,447.0
3,SIAgent13,MALE_OLD,520,520.0,847,520.0
3,SIAgent14,OLD_LOW_INCOME,1678,1678.0,949,949.0
3,SIAgent15,YOUNG_LOW_INCOME,763,763.0,763,763.0
3,SIAgent16,FEMALE_YOUNG_LOW_INCOME,792,792.0,455,455.0
3,SIAgent17,FEMALE_OLD_LOW_INCOME,960,960.0,620,620.0
4,WEAgent0,OLD_HIGH_INCOME,486,486.0,0,0.0
4,SIAgent9,MALE_OLD_LOW_INCOME,1077,1077.0,597,597.0
4,SIAgent7,FEMALE_HIGH_INCOME,132,132.0,104,104.0
4,SIAgent8,MALE_YOUNG_HIGH_INCOME,206,206.0,171,171.0
4,SIAgent5,OLD_HIGH_INCOME,486,486.0,314,314.0
4,SIAgent6,FEMALE_YOUNG,1341,1341.0,707,707.0
4,SIAgent3,FEMALE_OLD_HIGH_INCOME,244,244.0,53,53.0
4,SIAgent4,FEMALE_OLD_LOW_INCOME,960,960.0,2435,0.0
4,SIAgent1,FEMALE_HIGH_INCOME,265,265.0,106,106.0
4,SIAgent2,YOUNG_HIGH_INCOME,463,463.0,196,196.0
4,SIAgent10,MALE_OLD,1041,1041.0,832,832.0
4,SIAgent0,YOUNG_LOW_INCOME,2289,2289.0,1265,1265.0
4,SIAgent11,FEMALE_OLD_HIGH_INCOME,244,244.0,51,51.0
4,SIAgent12,FEMALE_HIGH_INCOME,397,397.0,90,90.0
4,SIAgent13,MALE_HIGH_INCOME,530,530.0,471,471.0
4,SIAgent14,MALE_LOW_INCOME,1452,1452.0,1222,1222.0
4,SIAgent15,FEMALE_HIGH_INCOME,132,132.0,71,71.0
4,SIAgent16,FEMALE_YOUNG_LOW_INCOME,792,792.0,666,666.0
4,SIAgent17,MALE_YOUNG_LOW_INCOME,734,734.0,649,649.0
5,WEAgent0,FEMALE_OLD_LOW_INCOME,480,480.0,2396,0.0
5,SIAgent9,MALE_OLD_HIGH_INCOME,323,323.0,119,119.0
5,SIAgent7,MALE_OLD_HIGH_INCOME,484,484.0,135,135.0
5,SIAgent8,MALE_LOW_INCOME,726,726.0,713,713.0
5,SIAgent5,MALE_OLD_LOW_INCOME,359,359.0,257,257.0
5,SIAgent6,FEMALE_OLD_HIGH_INCOME,81,81.0,81,81.0
5,SIAgent3,FEMALE_HIGH_INCOME,132,132.0,132,132.0
5,SIAgent4,MALE_OLD_LOW_INCOME,1077,1077.0,262,262.0
5,SIAgent1,MALE_OLD,1041,1041.0,380,380.0
5,SIAgent2,MALE_OLD_HIGH_INCOME,323,323.0,101,101.0
5,SIAgent10,FEMALE_YOUNG_LOW_INCOME,1188,1188.0,1012,1012.0
5,SIAgent0,MALE_OLD,1041,1041.0,355,355.0
5,SIAgent11,MALE_LOW_INCOME,726,726.0,716,716.0
5,SIAgent12,YOUNG_LOW_INCOME,2289,2289.0,1435,1435.0
5,SIAgent13,OLD_HIGH_INCOME,729,729.0,262,185.0
5,SIAgent14,MALE_OLD_HIGH_INCOME,484,484.0,130,130.0
5,SIAgent15,MALE_LOW_INCOME,1452,1452.0,715,715.0
5,SIAgent16,YOUNG_HIGH_INCOME,309,309.0,718,74.0
5,SIAgent17,FEMALE_OLD_HIGH_INCOME,81,81.0,81,81.0
6,WEAgent0,MALE_HIGH_INCOME,530,530.0,530,530.0
6,SIAgent9,FEMALE_LOW_INCOME,876,876.0,968,876.0
6,SIAgent7,FEMALE_YOUNG_HIGH_INCOME,51,51.0,51,51.0
6,SIAgent8,FEMALE_OLD,1684,1684.0,640,640.0
6,SIAgent5,OLD_LOW_INCOME,2517,2517.0,1000,1000.0
6,SIAgent6,MALE_YOUNG_LOW_INCOME,1101,1101.0,449,449.0
6,SIAgent3,FEMALE_YOUNG_HIGH_INCOME,51,51.0,118,47.0
6,SIAgent4,MALE_YOUNG_HIGH_INCOME,103,103.0,103,103.0
6,SIAgent1,FEMALE_OLD,1123,1123.0,664,664.0
6,SIAgent2,FEMALE_OLD_HIGH_INCOME,244,244.0,108,108.0
6,SIAgent10,FEMALE_OLD_HIGH_INCOME,162,162.0,116,116.0
6,SIAgent0,MALE_YOUNG_LOW_INCOME,367,367.0,367,367.0
6,SIAgent11,MALE_LOW_INCOME,726,726.0,726,726.0
6,SIAgent12,MALE_OLD,1561,1561.0,881,851.0
6,SIAgent13,MALE_LOW_INCOME,2178,2178.0,930,930.0
6,SIAgent14,MALE_YOUNG_HIGH_INCOME,310,310.0,167,148.0
6,SIAgent15,YOUNG_HIGH_INCOME,154,154.0,154,154.0
6,SIAgent16,YOUNG_LOW_INCOME,763,763.0,763,763.0
6,SIAgent17,FEMALE_OLD_LOW_INCOME,960,960.0,541,541.0
7,WEAgent0,FEMALE_HIGH_INCOME,397,397.0,320,211.0
7,SIAgent9,MALE_YOUNG,941,941.0,621,621.0
7,SIAgent7,MALE_OLD_LOW_INCOME,1077,1077.0,609,609.0
7,SIAgent8,MALE_OLD_HIGH_INCOME,323,323.0,201,201.0
7,SIAgent5,OLD_LOW_INCOME,2517,2517.0,1385,1385.0
7,SIAgent6,MALE_OLD_HIGH_INCOME,161,161.0,161,161.0
7,SIAgent3,FEMALE_LOW_INCOME,2628,2628.0,1239,1239.0
7,SIAgent4,MALE_YOUNG,941,941.0,604,604.0
7,SIAgent1,YOUNG_LOW_INCOME,1526,1526.0,853,853.0
7,SIAgent2,MALE_HIGH_INCOME,795,795.0,344,344.0
7,SIAgent10,FEMALE_YOUNG_LOW_INCOME,792,792.0,391,391.0
7,SIAgent0,MALE_YOUNG_LOW_INCOME,367,367.0,367,367.0
7,SIAgent11,FEMALE_OLD_LOW_INCOME,1440,1440.0,806,806.0
7,SIAgent12,YOUNG_HIGH_INCOME,309,309.0,188,188.0
7,SIAgent13,MALE_OLD_HIGH_INCOME,323,323.0,231,231.0
7,SIAgent14,FEMALE_YOUNG,1341,1341.0,437,437.0
7,SIAgent15,FEMALE_YOUNG,894,894.0,460,460.0
7,SIAgent16,FEMALE_OLD_HIGH_INCOME,162,162.0,162,162.0
7,SIAgent17,MALE_OLD_LOW_INCOME,1077,1077.0,621,621.0
8,WEAgent0,FEMALE_YOUNG_LOW_INCOME,792,792.0,0,0.0
8,SIAgent9,FEMALE_YOUNG,447,447.0,447,447.0
8,SIAgent7,MALE_YOUNG_HIGH_INCOME,310,310.0,182,182.0
8,SIAgent8,MALE_OLD_HIGH_INCOME,484,484.0,195,195.0
8,SIAgent5,OLD_HIGH_INCOME,243,243.0,455,243.0
8,SIAgent6,MALE_OLD_HIGH_INCOME,161,161.0,161,161.0
8,SIAgent3,FEMALE_YOUNG,894,894.0,568,568.0
8,SIAgent4,MALE_OLD_LOW_INCOME,1077,1077.0,1448,376.0
8,SIAgent1,MALE_OLD_HIGH_INCOME,323,323.0,159,159.0
8,SIAgent2,FEMALE_OLD_LOW_INCOME,1440,1440.0,1953,482.0
8,SIAgent10,YOUNG_HIGH_INCOME,463,463.0,260,260.0
8,SIAgent0,YOUNG_LOW_INCOME,763,763.0,2283,526.0
8,SIAgent11,MALE_YOUNG_HIGH_INCOME,103,103.0,103,103.0
8,SIAgent12,FEMALE_YOUNG_HIGH_INCOME,153,153.0,33,33.0
8,SIAgent13,FEMALE_YOUNG_HIGH_INCOME,153,153.0,44,44.0
8,SIAgent14,FEMALE_YOUNG,894,894.0,596,596.0
8,SIAgent15,MALE_OLD_HIGH_INCOME,161,161.0,161,161.0
8,SIAgent16,FEMALE_OLD_HIGH_INCOME,81,81.0,81,81.0
8,SIAgent17,OLD_LOW_INCOME,839,839.0,839,839.0
9,WEAgent0,YOUNG_LOW_INCOME,763,763.0,941,492.0
9,SIAgent9,YOUNG_HIGH_INCOME,154,154.0,154,154.0
9,SIAgent7,MALE_YOUNG_HIGH_INCOME,310,310.0,107,107.0
9,SIAgent8,YOUNG_HIGH_INCOME,154,154.0,160,154.0
9,SIAgent5,OLD_LOW_INCOME,2517,2517.0,1967,1558.0
9,SIAgent6,FEMALE_OLD,1123,1123.0,1123,1123.0
9,SIAgent3,FEMALE_YOUNG_HIGH_INCOME,51,51.0,51,51.0
9,SIAgent4,YOUNG_LOW_INCOME,1526,1526.0,1526,1526.0
9,SIAgent1,MALE_OLD,520,520.0,520,520.0
9,SIAgent2,FEMALE_YOUNG_HIGH_INCOME,51,51.0,51,51.0
9,SIAgent10,MALE_OLD_LOW_INCOME,718,718.0,522,522.0
9,SIAgent0,OLD_HIGH_INCOME,243,243.0,243,243.0
9,SIAgent11,MALE_OLD_LOW_INCOME,359,359.0,359,359.0
9,SIAgent12,MALE_OLD_HIGH_INCOME,161,161.0,161,161.0
9,SIAgent13,MALE_YOUNG,941,941.0,582,582.0
9,SIAgent14,FEMALE_YOUNG_LOW_INCOME,396,396.0,396,396.0
9,SIAgent15,OLD_HIGH_INCOME,486,486.0,336,272.0
9,SIAgent16,MALE_HIGH_INCOME,530,530.0,268,268.0
9,SIAgent17,MALE_YOUNG_LOW_INCOME,1101,1101.0,487,487.0
10,WEAgent0,YOUNG_HIGH_INCOME,309,309.0,280,177.0
10,SIAgent9,FEMALE_LOW_INCOME,2628,2628.0,1672,1637.0
10,SIAgent7,MALE_YOUNG,1411,1411.0,616,616.0
10,SIAgent8,MALE_OLD_LOW_INCOME,718,718.0,465,465.0
10,SIAgent5,MALE_YOUNG_HIGH_INCOME,310,310.0,100,100.0
10,SIAgent6,FEMALE_YOUNG_LOW_INCOME,792,792.0,620,620.0
10,SIAgent3,FEMALE_OLD_LOW_INCOME,960,960.0,960,960.0
10,SIAgent4,MALE_OLD_HIGH_INCOME,161,161.0,161,161.0
10,SIAgent1,MALE_OLD_HIGH_INCOME,161,161.0,161,161.0
10,SIAgent2,MALE_YOUNG_LOW_INCOME,1101,1101.0,506,506.0
10,SIAgent10,MALE_HIGH_INCOME,265,265.0,265,265.0
10,SIAgent0,FEMALE_YOUNG_HIGH_INCOME,51,51.0,51,51.0
10,SIAgent11,MALE_OLD_LOW_INCOME,1077,1077.0,522,522.0
10,SIAgent12,FEMALE_OLD,561,561.0,614,561.0
10,SIAgent13,YOUNG_LOW_INCOME,1526,1526.0,1096,1096.0
10,SIAgent14,MALE_OLD,1561,1561.0,779,630.0
10,SIAgent15,MALE_LOW_INCOME,726,726.0,726,726.0
10,SIAgent16,MALE_YOUNG_HIGH_INCOME,310,310.0,110,110.0
10,SIAgent17,FEMALE_HIGH_INCOME,132,132.0,132,132.0
11,WEAgent0,MALE_YOUNG_LOW_INCOME,734,734.0,785,732.0
11,SIAgent9,FEMALE_YOUNG,447,447.0,447,447.0
11,SIAgent7,MALE_HIGH_INCOME,265,265.0,265,265.0
11,SIAgent8,MALE_OLD_HIGH_INCOME,484,484.0,234,234.0
11,SIAgent5,FEMALE_OLD,1123,1123.0,496,496.0
11,SIAgent6,FEMALE_OLD_LOW_INCOME,480,480.0,402,402.0
11,SIAgent3,FEMALE_LOW_INCOME,2628,2628.0,1422,933.0
11,SIAgent4,FEMALE_LOW_INCOME,876,876.0,876,876.0
11,SIAgent1,FEMALE_YOUNG_HIGH_INCOME,102,102.0,64,64.0
11,SIAgent2,OLD_HIGH_INCOME,729,729.0,317,317.0
11,SIAgent10,MALE_HIGH_INCOME,530,530.0,448,439.0
11,SIAgent0,MALE_OLD_LOW_INCOME,359,359.0,1734,0.0
11,SIAgent11,FEMALE_OLD_LOW_INCOME,1440,1440.0,426,426.0
11,SIAgent12,FEMALE_OLD_HIGH_INCOME,244,244.0,91,91.0
11,SIAgent13,MALE_YOUNG,941,941.0,941,941.0
11,SIAgent14,FEMALE_YOUNG_HIGH_INCOME,153,153.0,76,76.0
11,SIAgent15,MALE_YOUNG_LOW_INCOME,367,367.0,367,367.0
11,SIAgent16,FEMALE_OLD,1684,1684.0,483,483.0
11,SIAgent17,FEMALE_HIGH_INCOME,397,397.0,126,126.0
12,WEAgent0,YOUNG_LOW_INCOME,1526,1526.0,378,378.0
12,SIAgent9,YOUNG_LOW_INCOME,763,763.0,763,763.0
12,SIAgent7,OLD_HIGH_INCOME,243,243.0,243,243.0
12,SIAgent8,FEMALE_HIGH_INCOME,132,132.0,106,106.0
12,SIAgent5,MALE_YOUNG_LOW_INCOME,367,367.0,343,343.0
12,SIAgent6,OLD_HIGH_INCOME,486,486.0,359,359.0
12,SIAgent3,FEMALE_HIGH_INCOME,265,265.0,128,128.0
12,SIAgent4,FEMALE_OLD_HIGH_INCOME,162,162.0,84,84.0
12,SIAgent1,FEMALE_YOUNG_HIGH_INCOME,51,51.0,50,50.0
12,SIAgent2,FEMALE_YOUNG_LOW_INCOME,792,792.0,414,414.0
12,SIAgent10,FEMALE_OLD_HIGH_INCOME,162,162.0,78,78.0
12,SIAgent0,FEMALE_YOUNG_LOW_INCOME,396,396.0,396,396.0
12,SIAgent11,FEMALE_OLD_LOW_INCOME,1440,1440.0,2407,0.0
12,SIAgent12,MALE_YOUNG,941,941.0,623,623.0
12,SIAgent13,FEMALE_YOUNG,447,447.0,447,447.0
12,SIAgent14,FEMALE_YOUNG,894,894.0,452,452.0
12,SIAgent15,MALE_YOUNG_LOW_INCOME,734,734.0,357,357.0
12,SIAgent16,MALE_OLD_HIGH_INCOME,323,323.0,265,265.0
12,SIAgent17,MALE_YOUNG_HIGH_INCOME,310,310.0,246,246.0
13,WEAgent0,FEMALE_YOUNG_HIGH_INCOME,102,102.0,0,0.0
13,SIAgent9,MALE_HIGH_INCOME,795,795.0,412,412.0
13,SIAgent7,FEMALE_YOUNG,1341,1341.0,370,370.0
13,SIAgent8,FEMALE_LOW_INCOME,1752,1752.0,572,572.0
13,SIAgent5,MALE_LOW_INCOME,2178,2178.0,1063,1063.0
13,SIAgent6,FEMALE_YOUNG_LOW_INCOME,1188,1188.0,269,269.0
13,SIAgent3,MALE_YOUNG,941,941.0,594,594.0
13,SIAgent4,MALE_OLD,1561,1561.0,828,828.0
13,SIAgent1,FEMALE_HIGH_INCOME,265,265.0,255,255.0
13,SIAgent2,FEMALE_OLD,561,561.0,493,493.0
13,SIAgent10,FEMALE_LOW_INCOME,2628,2628.0,643,643.0
13,SIAgent0,FEMALE_LOW_INCOME,2628,2628.0,561,561.0
13,SIAgent11,FEMALE_OLD_HIGH_INCOME,162,162.0,138,138.0
13,SIAgent12,MALE_YOUNG_LOW_INCOME,1101,1101.0,480,480.0
13,SIAgent13,FEMALE_LOW_INCOME,1752,1752.0,577,577.0
13,SIAgent14,FEMALE_LOW_INCOME,1752,1752.0,596,596.0
13,SIAgent15,OLD_LOW_INCOME,1678,1678.0,941,941.0
13,SIAgent16,YOUNG_LOW_INCOME,1526,1526.0,738,738.0
13,SIAgent17,MALE_HIGH_INCOME,530,530.0,470,470.0
14,WEAgent0,FEMALE_YOUNG_LOW_INCOME,396,396.0,1998,0.0
14,SIAgent9,MALE_YOUNG_LOW_INCOME,734,734.0,731,731.0
14,SIAgent7,MALE_YOUNG,1411,1411.0,943,943.0
14,SIAgent8,FEMALE_HIGH_INCOME,132,132.0,121,121.0
14,SIAgent5,FEMALE_OLD_LOW_INCOME,480,480.0,480,480.0
14,SIAgent6,MALE_OLD,1041,1041.0,662,662.0
14,SIAgent3,OLD_HIGH_INCOME,486,486.0,321,321.0
14,SIAgent4,FEMALE_OLD,1123,1123.0,689,689.0
14,SIAgent1,FEMALE_OLD_LOW_INCOME,960,960.0,667,667.0
14,SIAgent2,YOUNG_HIGH_INCOME,463,463.0,340,340.0
14,SIAgent10,FEMALE_YOUNG_HIGH_INCOME,51,51.0,51,51.0
14,SIAgent0,MALE_OLD_LOW_INCOME,359,359.0,359,359.0
14,SIAgent11,FEMALE_OLD,1123,1123.0,659,659.0
14,SIAgent12,FEMALE_OLD_HIGH_INCOME,81,81.0,62,62.0
14,SIAgent13,MALE_LOW_INCOME,726,726.0,726,726.0
14,SIAgent14,MALE_OLD_LOW_INCOME,718,718.0,364,364.0
14,SIAgent15,FEMALE_OLD_HIGH_INCOME,81,81.0,46,46.0
14,SIAgent16,FEMALE_HIGH_INCOME,132,132.0,132,132.0
14,SIAgent17,MALE_OLD,1561,1561.0,649,649.0
15,WEAgent0,FEMALE_OLD,1123,1123.0,0,0.0
15,SIAgent9,MALE_OLD,520,520.0,384,384.0
15,SIAgent7,MALE_OLD,520,520.0,422,422.0
15,SIAgent8,OLD_HIGH_INCOME,243,243.0,227,227.0
15,SIAgent5,YOUNG_HIGH_INCOME,463,463.0,303,303.0
15,SIAgent6,MALE_OLD,1561,1561.0,407,407.0
15,SIAgent3,MALE_YOUNG_HIGH_INCOME,206,206.0,155,155.0
15,SIAgent4,MALE_OLD_HIGH_INCOME,323,323.0,87,87.0
15,SIAgent1,FEMALE_YOUNG,1341,1341.0,822,822.0
15,SIAgent2,MALE_OLD,1561,1561.0,393,393.0
15,SIAgent10,OLD_LOW_INCOME,2517,2517.0,829,829.0
15,SIAgent0,MALE_OLD_HIGH_INCOME,161,161.0,100,100.0
15,SIAgent11,MALE_OLD,520,520.0,426,426.0
15,SIAgent12,FEMALE_LOW_INCOME,2628,2628.0,1119,1119.0
15,SIAgent13,FEMALE_OLD_LOW_INCOME,960,960.0,482,482.0
15,SIAgent14,FEMALE_OLD,561,561.0,561,561.0
15,SIAgent15,FEMALE_OLD_HIGH_INCOME,162,162.0,155,155.0
15,SIAgent16,FEMALE_LOW_INCOME,1752,1752.0,1118,1118.0
15,SIAgent17,MALE_YOUNG_HIGH_INCOME,206,206.0,178,178.0
16,WEAgent0,MALE_OLD_LOW_INCOME,359,359.0,359,359.0
16,SIAgent9,OLD_LOW_INCOME,1678,1678.0,1209,1209.0
16,SIAgent7,MALE_YOUNG_HIGH_INCOME,103,103.0,96,96.0
16,SIAgent8,MALE_YOUNG_LOW_INCOME,1101,1101.0,584,398.0
16,SIAgent5,MALE_YOUNG,470,470.0,470,470.0
16,SIAgent6,FEMALE_OLD_LOW_INCOME,960,960.0,494,494.0
16,SIAgent3,OLD_HIGH_INCOME,729,729.0,345,271.0
16,SIAgent4,YOUNG_HIGH_INCOME,463,463.0,357,116.0
16,SIAgent1,MALE_HIGH_INCOME,265,265.0,265,265.0
16,SIAgent2,FEMALE_OLD,1123,1123.0,574,574.0
16,SIAgent10,FEMALE_OLD_HIGH_INCOME,81,81.0,75,75.0
16,SIAgent0,MALE_OLD_LOW_INCOME,1077,1077.0,707,707.0
16,SIAgent11,YOUNG_LOW_INCOME,763,763.0,763,763.0
16,SIAgent12,FEMALE_LOW_INCOME,2628,2628.0,1848,1029.0
16,SIAgent13,MALE_YOUNG_LOW_INCOME,367,367.0,367,367.0
16,SIAgent14,OLD_HIGH_INCOME,243,243.0,243,243.0
16,SIAgent15,FEMALE_OLD,1123,1123.0,612,612.0
16,SIAgent16,MALE_YOUNG_LOW_INCOME,367,367.0,367,367.0
16,SIAgent17,MALE_HIGH_INCOME,265,265.0,265,265.0
17,WEAgent0,FEMALE_HIGH_INCOME,265,265.0,0,0.0
17,SIAgent9,MALE_HIGH_INCOME,530,530.0,434,434.0
17,SIAgent7,MALE_LOW_INCOME,2178,2178.0,856,856.0
17,SIAgent8,MALE_OLD,1561,1561.0,918,918.0
17,SIAgent5,MALE_YOUNG_HIGH_INCOME,206,206.0,82,82.0
17,SIAgent6,YOUNG_LOW_INCOME,1526,1526.0,2009,754.0
17,SIAgent3,MALE_OLD_LOW_INCOME,718,718.0,587,587.0
17,SIAgent4,FEMALE_YOUNG_LOW_INCOME,396,396.0,396,396.0
17,SIAgent1,FEMALE_YOUNG_HIGH_INCOME,51,51.0,51,51.0
17,SIAgent2,YOUNG_HIGH_INCOME,309,309.0,201,144.0
17,SIAgent10,MALE_YOUNG_LOW_INCOME,734,734.0,280,280.0
17,SIAgent0,MALE_YOUNG_LOW_INCOME,367,367.0,258,258.0
17,SIAgent11,MALE_HIGH_INCOME,265,265.0,265,265.0
17,SIAgent12,FEMALE_HIGH_INCOME,132,132.0,132,132.0
17,SIAgent13,FEMALE_OLD,561,561.0,561,561.0
17,SIAgent14,MALE_YOUNG,941,941.0,431,431.0
17,SIAgent15,FEMALE_YOUNG_HIGH_INCOME,51,51.0,51,51.0
17,SIAgent16,MALE_YOUNG_LOW_INCOME,367,367.0,325,325.0
17,SIAgent17,FEMALE_OLD,1123,1123.0,2163,542.0
18,WEAgent0,FEMALE_HIGH_INCOME,265,265.0,407,190.0
18,SIAgent9,FEMALE_LOW_INCOME,2628,2628.0,764,764.0
18,SIAgent7,FEMALE_YOUNG,894,894.0,295,295.0
18,SIAgent8,FEMALE_YOUNG_LOW_INCOME,1188,1188.0,188,188.0
18,SIAgent5,MALE_OLD_LOW_INCOME,718,718.0,718,718.0
18,SIAgent6,FEMALE_YOUNG,894,894.0,272,272.0
18,SIAgent3,FEMALE_OLD_LOW_INCOME,1440,1440.0,605,605.0
18,SIAgent4,MALE_OLD_HIGH_INCOME,484,484.0,440,440.0
18,SIAgent1,MALE_YOUNG_LOW_INCOME,734,734.0,521,521.0
18,SIAgent2,MALE_LOW_INCOME,1452,1452.0,1507,1221.0
18,SIAgent10,FEMALE_OLD_LOW_INCOME,960,960.0,622,622.0
18,SIAgent0,FEMALE_YOUNG_LOW_INCOME,792,792.0,227,227.0
18,SIAgent11,FEMALE_YOUNG_LOW_INCOME,1188,1188.0,220,220.0
18,SIAgent12,MALE_HIGH_INCOME,530,530.0,941,403.0
18,SIAgent13,YOUNG_LOW_INCOME,763,763.0,740,740.0
18,SIAgent14,FEMALE_LOW_INCOME,1752,1752.0,803,803.0
18,SIAgent15,FEMALE_YOUNG_LOW_INCOME,396,396.0,231,231.0
18,SIAgent16,MALE_YOUNG_LOW_INCOME,367,367.0,367,367.0
18,SIAgent17,FEMALE_HIGH_INCOME,132,132.0,132,132.0
19,WEAgent0,OLD_LOW_INCOME,1678,1678.0,0,0.0
19,SIAgent9,MALE_YOUNG_LOW_INCOME,367,367.0,367,367.0
19,SIAgent7,FEMALE_LOW_INCOME,1752,1752.0,841,841.0
19,SIAgent8,FEMALE_LOW_INCOME,876,876.0,826,826.0
19,SIAgent5,FEMALE_OLD_HIGH_INCOME,162,162.0,109,109.0
19,SIAgent6,MALE_YOUNG_LOW_INCOME,1101,1101.0,394,394.0
19,SIAgent3,MALE_OLD_HIGH_INCOME,161,161.0,161,161.0
19,SIAgent4,FEMALE_HIGH_INCOME,397,397.0,228,228.0
19,SIAgent1,YOUNG_HIGH_INCOME,463,463.0,603,88.0
19,SIAgent2,FEMALE_HIGH_INCOME,132,132.0,132,132.0
19,SIAgent10,FEMALE_OLD_HIGH_INCOME,162,162.0,119,119.0
19,SIAgent0,FEMALE_YOUNG_LOW_INCOME,1188,1188.0,332,332.0
19,SIAgent11,OLD_LOW_INCOME,839,839.0,839,839.0
19,SIAgent12,FEMALE_LOW_INCOME,2628,2628.0,869,869.0
19,SIAgent13,YOUNG_LOW_INCOME,1526,1526.0,683,683.0
19,SIAgent14,FEMALE_LOW_INCOME,2628,2628.0,827,827.0
19,SIAgent15,MALE_LOW_INCOME,2178,2178.0,1324,836.0
19,SIAgent16,MALE_OLD,520,520.0,648,520.0
19,SIAgent17,MALE_YOUNG_LOW_INCOME,734,734.0,368,368.0
20,WEAgent0,MALE_OLD_LOW_INCOME,718,718.0,0,0.0
20,SIAgent9,MALE_OLD,520,520.0,459,459.0
20,SIAgent7,FEMALE_HIGH_INCOME,132,132.0,132,132.0
20,SIAgent8,FEMALE_YOUNG_LOW_INCOME,396,396.0,396,396.0
20,SIAgent5,FEMALE_LOW_INCOME,1752,1752.0,1419,1419.0
20,SIAgent6,MALE_YOUNG_HIGH_INCOME,206,206.0,119,119.0
20,SIAgent3,MALE_YOUNG_LOW_INCOME,1101,1101.0,472,472.0
20,SIAgent4,MALE_LOW_INCOME,726,726.0,726,726.0
20,SIAgent1,MALE_YOUNG,941,941.0,596,596.0
20,SIAgent2,MALE_LOW_INCOME,726,726.0,726,726.0
20,SIAgent10,MALE_HIGH_INCOME,265,265.0,265,265.0
20,SIAgent0,FEMALE_OLD,1684,1684.0,912,791.0
20,SIAgent11,YOUNG_HIGH_INCOME,463,463.0,232,232.0
20,SIAgent12,OLD_LOW_INCOME,1678,1678.0,944,944.0
20,SIAgent13,FEMALE_YOUNG,1341,1341.0,885,885.0
20,SIAgent14,FEMALE_OLD,561,561.0,561,561.0
20,SIAgent15,MALE_OLD,1041,1041.0,502,502.0
20,SIAgent16,MALE_OLD_HIGH_INCOME,323,323.0,171,171.0
20,SIAgent17,MALE_OLD,1041,1041.0,483,483.0
21,WEAgent0,MALE_YOUNG_HIGH_INCOME,310,310.0,312,223.0
21,SIAgent9,MALE_OLD,520,520.0,520,520.0
21,SIAgent7,FEMALE_OLD,561,561.0,359,359.0
21,SIAgent8,FEMALE_OLD,1123,1123.0,350,350.0
21,SIAgent5,MALE_YOUNG_LOW_INCOME,1101,1101.0,703,703.0
21,SIAgent6,MALE_LOW_INCOME,726,726.0,726,726.0
21,SIAgent3,OLD_LOW_INCOME,839,839.0,665,665.0
21,SIAgent4,FEMALE_OLD_LOW_INCOME,1440,1440.0,264,264.0
21,SIAgent1,OLD_LOW_INCOME,1678,1678.0,684,684.0
21,SIAgent2,FEMALE_OLD_HIGH_INCOME,244,244.0,75,75.0
21,SIAgent10,FEMALE_OLD_LOW_INCOME,960,960.0,280,280.0
21,SIAgent0,MALE_YOUNG_HIGH_INCOME,206,206.0,206,206.0
21,SIAgent11,OLD_LOW_INCOME,839,839.0,694,694.0
21,SIAgent12,YOUNG_LOW_INCOME,2289,2289.0,1651,1651.0
21,SIAgent13,FEMALE_OLD_LOW_INCOME,960,960.0,289,289.0
21,SIAgent14,FEMALE_LOW_INCOME,2628,2628.0,1291,1291.0
21,SIAgent15,MALE_OLD_HIGH_INCOME,323,323.0,542,265.0
21,SIAgent16,FEMALE_OLD_HIGH_INCOME,244,244.0,61,61.0
21,SIAgent17,FEMALE_HIGH_INCOME,265,265.0,328,81.0
22,WEAgent0,FEMALE_HIGH_INCOME,132,132.0,0,0.0
22,SIAgent9,OLD_HIGH_INCOME,729,729.0,197,197.0
22,SIAgent7,MALE_OLD,520,520.0,520,520.0
22,SIAgent8,YOUNG_LOW_INCOME,2289,2289.0,867,867.0
22,SIAgent5,YOUNG_LOW_INCOME,2289,2289.0,880,880.0
22,SIAgent6,FEMALE_YOUNG_HIGH_INCOME,153,153.0,120,120.0
22,SIAgent3,MALE_OLD_HIGH_INCOME,323,323.0,124,124.0
22,SIAgent4,FEMALE_OLD_HIGH_INCOME,162,162.0,67,67.0
22,SIAgent1,FEMALE_OLD_HIGH_INCOME,81,81.0,73,73.0
22,SIAgent2,OLD_HIGH_INCOME,243,243.0,213,213.0
22,SIAgent10,MALE_OLD,1561,1561.0,1493,554.0
22,SIAgent0,OLD_HIGH_INCOME,729,729.0,193,193.0
22,SIAgent11,YOUNG_LOW_INCOME,2289,2289.0,809,809.0
22,SIAgent12,MALE_YOUNG_LOW_INCOME,1101,1101.0,468,468.0
22,SIAgent13,FEMALE_HIGH_INCOME,397,397.0,164,164.0
22,SIAgent14,FEMALE_YOUNG_HIGH_INCOME,51,51.0,51,51.0
22,SIAgent15,FEMALE_YOUNG_LOW_INCOME,396,396.0,391,391.0
22,SIAgent16,FEMALE_YOUNG_LOW_INCOME,792,792.0,353,353.0
22,SIAgent17,MALE_HIGH_INCOME,530,530.0,598,120.0
23,WEAgent0,MALE_HIGH_INCOME,795,795.0,0,0.0
23,SIAgent9,MALE_OLD,1561,1561.0,766,766.0
23,SIAgent7,MALE_OLD_HIGH_INCOME,484,484.0,153,153.0
23,SIAgent8,OLD_HIGH_INCOME,486,486.0,220,220.0
23,SIAgent5,YOUNG_HIGH_INCOME,154,154.0,154,154.0
23,SIAgent6,YOUNG_HIGH_INCOME,463,463.0,329,169.0
23,SIAgent3,FEMALE_OLD,1684,1684.0,830,830.0
23,SIAgent4,YOUNG_LOW_INCOME,1526,1526.0,3134,721.0
23,SIAgent1,FEMALE_OLD,1684,1684.0,903,903.0
23,SIAgent2,FEMALE_OLD_HIGH_INCOME,81,81.0,50,50.0
23,SIAgent10,MALE_YOUNG_HIGH_INCOME,103,103.0,103,103.0
23,SIAgent0,FEMALE_HIGH_INCOME,397,397.0,109,109.0
23,SIAgent11,OLD_HIGH_INCOME,243,243.0,213,213.0
23,SIAgent12,MALE_YOUNG_LOW_INCOME,734,734.0,734,734.0
23,SIAgent13,FEMALE_OLD_HIGH_INCOME,162,162.0,53,53.0
23,SIAgent14,OLD_LOW_INCOME,1678,1678.0,1377,1377.0
23,SIAgent15,FEMALE_YOUNG_HIGH_INCOME,102,102.0,51,51.0
23,SIAgent16,FEMALE_YOUNG_HIGH_INCOME,153,153.0,57,57.0
23,SIAgent17,MALE_OLD,1561,1561.0,764,764.0
24,WEAgent0,MALE_OLD_HIGH_INCOME,484,484.0,193,193.0
24,SIAgent9,MALE_YOUNG_LOW_INCOME,1101,1101.0,755,755.0
24,SIAgent7,YOUNG_LOW_INCOME,1526,1526.0,1236,1236.0
24,SIAgent8,FEMALE_LOW_INCOME,2628,2628.0,987,987.0
24,SIAgent5,MALE_HIGH_INCOME,265,265.0,265,265.0
24,SIAgent6,OLD_HIGH_INCOME,243,243.0,243,243.0
24,SIAgent3,FEMALE_YOUNG,1341,1341.0,635,575.0
24,SIAgent4,MALE_YOUNG,470,470.0,470,470.0
24,SIAgent1,OLD_HIGH_INCOME,486,486.0,440,315.0
24,SIAgent2,MALE_YOUNG_HIGH_INCOME,310,310.0,137,137.0
24,SIAgent10,MALE_YOUNG_HIGH_INCOME,310,310.0,131,131.0
24,SIAgent0,MALE_OLD_HIGH_INCOME,323,323.0,157,157.0
24,SIAgent11,FEMALE_LOW_INCOME,2628,2628.0,956,956.0
24,SIAgent12,MALE_YOUNG_HIGH_INCOME,103,103.0,103,103.0
24,SIAgent13,OLD_LOW_INCOME,1678,1678.0,1074,1074.0
24,SIAgent14,FEMALE_OLD_LOW_INCOME,1440,1440.0,487,487.0
24,SIAgent15,FEMALE_YOUNG_HIGH_INCOME,102,102.0,102,102.0
24,SIAgent16,OLD_LOW_INCOME,1678,1678.0,1037,1037.0
24,SIAgent17,MALE_OLD_LOW_INCOME,1077,1077.0,592,592.0
25,WEAgent0,MALE_LOW_INCOME,1452,1452.0,453,453.0
25,SIAgent9,MALE_OLD_HIGH_INCOME,323,323.0,154,154.0
25,SIAgent7,MALE_YOUNG,1411,1411.0,906,569.0
25,SIAgent8,FEMALE_OLD_HIGH_INCOME,81,81.0,78,78.0
25,SIAgent5,FEMALE_YOUNG_LOW_INCOME,396,396.0,396,396.0
25,SIAgent6,MALE_OLD_HIGH_INCOME,323,323.0,149,149.0
25,SIAgent3,OLD_HIGH_INCOME,243,243.0,232,232.0
25,SIAgent4,MALE_LOW_INCOME,1452,1452.0,878,878.0
25,SIAgent1,FEMALE_YOUNG_LOW_INCOME,792,792.0,1604,384.0
25,SIAgent2,FEMALE_HIGH_INCOME,265,265.0,201,201.0
25,SIAgent10,MALE_LOW_INCOME,2178,2178.0,916,916.0
25,SIAgent0,FEMALE_HIGH_INCOME,265,265.0,215,215.0
25,SIAgent11,MALE_YOUNG_HIGH_INCOME,103,103.0,103,103.0
25,SIAgent12,FEMALE_OLD_HIGH_INCOME,162,162.0,73,73.0
25,SIAgent13,FEMALE_OLD_HIGH_INCOME,244,244.0,54,54.0
25,SIAgent14,OLD_LOW_INCOME,2517,2517.0,2816,444.0
25,SIAgent15,MALE_OLD_HIGH_INCOME,323,323.0,179,179.0
25,SIAgent16,MALE_OLD_HIGH_INCOME,161,161.0,161,161.0
25,SIAgent17,MALE_OLD_LOW_INCOME,718,718.0,432,432.0
26,WEAgent0,MALE_OLD_LOW_INCOME,1077,1077.0,0,0.0
26,SIAgent9,MALE_HIGH_INCOME,265,265.0,265,265.0
26,SIAgent7,MALE_YOUNG_HIGH_INCOME,103,103.0,47,47.0
26,SIAgent8,FEMALE_HIGH_INCOME,132,132.0,132,132.0
26,SIAgent5,FEMALE_YOUNG_LOW_INCOME,396,396.0,1925,0.0
26,SIAgent6,FEMALE_OLD,561,561.0,561,561.0
26,SIAgent3,MALE_HIGH_INCOME,265,265.0,265,265.0
26,SIAgent4,YOUNG_HIGH_INCOME,154,154.0,92,92.0
26,SIAgent1,FEMALE_OLD,1123,1123.0,1852,607.0
26,SIAgent2,OLD_LOW_INCOME,839,839.0,839,839.0
26,SIAgent10,MALE_YOUNG_LOW_INCOME,1101,1101.0,930,930.0
26,SIAgent0,YOUNG_HIGH_INCOME,154,154.0,83,83.0
26,SIAgent11,FEMALE_YOUNG_HIGH_INCOME,51,51.0,51,51.0
26,SIAgent12,MALE_LOW_INCOME,2178,2178.0,2232,1375.0
26,SIAgent13,MALE_YOUNG_HIGH_INCOME,206,206.0,64,64.0
26,SIAgent14,MALE_HIGH_INCOME,530,530.0,400,292.0
26,SIAgent15,YOUNG_HIGH_INCOME,154,154.0,106,106.0
26,SIAgent16,YOUNG_HIGH_INCOME,309,309.0,111,111.0
26,SIAgent17,MALE_YOUNG_HIGH_INCOME,206,206.0,45,45.0
27,WEAgent0,MALE_YOUNG,941,941.0,460,460.0
27,SIAgent9,YOUNG_HIGH_INCOME,154,154.0,154,154.0
27,SIAgent7,FEMALE_YOUNG,894,894.0,448,448.0
27,SIAgent8,YOUNG_HIGH_INCOME,463,463.0,181,181.0
27,SIAgent5,FEMALE_OLD_LOW_INCOME,1440,1440.0,955,955.0
27,SIAgent6,FEMALE_OLD_LOW_INCOME,480,480.0,480,480.0
27,SIAgent3,FEMALE_YOUNG,447,447.0,398,398.0
27,SIAgent4,MALE_LOW_INCOME,2178,2178.0,864,864.0
27,SIAgent1,FEMALE_YOUNG,447,447.0,421,421.0
27,SIAgent2,FEMALE_YOUNG_HIGH_INCOME,153,153.0,33,33.0
27,SIAgent10,OLD_LOW_INCOME,2517,2517.0,1346,1346.0
27,SIAgent0,MALE_OLD,520,520.0,520,520.0
27,SIAgent11,FEMALE_YOUNG_LOW_INCOME,792,792.0,382,382.0
27,SIAgent12,MALE_YOUNG,1411,1411.0,612,612.0
27,SIAgent13,MALE_HIGH_INCOME,795,795.0,430,430.0
27,SIAgent14,FEMALE_YOUNG_LOW_INCOME,396,396.0,396,396.0
27,SIAgent15,MALE_OLD,1041,1041.0,678,678.0
27,SIAgent16,MALE_LOW_INCOME,2178,2178.0,818,818.0
27,SIAgent17,FEMALE_YOUNG_HIGH_INCOME,51,51.0,42,42.0
28,WEAgent0,YOUNG_HIGH_INCOME,463,463.0,0,0.0
28,SIAgent9,MALE_LOW_INCOME,726,726.0,726,726.0
28,SIAgent7,MALE_YOUNG_LOW_INCOME,367,367.0,288,288.0
28,SIAgent8,FEMALE_OLD,1123,1123.0,1876,906.0
28,SIAgent5,MALE_LOW_INCOME,2178,2178.0,734,734.0
28,SIAgent6,FEMALE_OLD_LOW_INCOME,960,960.0,960,960.0
28,SIAgent3,MALE_YOUNG_HIGH_INCOME,206,206.0,84,84.0
28,SIAgent4,MALE_YOUNG,1411,1411.0,330,330.0
28,SIAgent1,FEMALE_YOUNG_LOW_INCOME,396,396.0,396,396.0
28,SIAgent2,MALE_YOUNG_HIGH_INCOME,206,206.0,105,105.0
28,SIAgent10,MALE_HIGH_INCOME,265,265.0,265,265.0
28,SIAgent0,FEMALE_YOUNG_LOW_INCOME,396,396.0,396,396.0
28,SIAgent11,MALE_LOW_INCOME,726,726.0,726,726.0
28,SIAgent12,MALE_YOUNG_HIGH_INCOME,206,206.0,90,90.0
28,SIAgent13,FEMALE_YOUNG_HIGH_INCOME,102,102.0,102,102.0
28,SIAgent14,YOUNG_LOW_INCOME,763,763.0,763,763.0
28,SIAgent15,FEMALE_YOUNG,1341,1341.0,812,656.0
28,SIAgent16,MALE_OLD,1041,1041.0,998,698.0
28,SIAgent17,MALE_YOUNG,470,470.0,349,349.0
29,WEAgent0,FEMALE_LOW_INCOME,2628,2628.0,2197,915.0
29,SIAgent9,MALE_YOUNG_LOW_INCOME,1101,1101.0,547,547.0
29,SIAgent7,FEMALE_YOUNG,1341,1341.0,402,402.0
29,SIAgent8,YOUNG_HIGH_INCOME,309,309.0,207,207.0
29,SIAgent5,FEMALE_OLD_HIGH_INCOME,244,244.0,185,185.0
29,SIAgent6,FEMALE_YOUNG,1341,1341.0,351,351.0
29,SIAgent3,OLD_HIGH_INCOME,486,486.0,787,410.0
29,SIAgent4,MALE_YOUNG,470,470.0,470,470.0
29,SIAgent1,OLD_LOW_INCOME,839,839.0,839,839.0
29,SIAgent2,MALE_YOUNG_HIGH_INCOME,310,310.0,149,149.0
29,SIAgent10,YOUNG_HIGH_INCOME,154,154.0,154,154.0
29,SIAgent0,FEMALE_YOUNG_HIGH_INCOME,51,51.0,30,30.0
29,SIAgent11,MALE_YOUNG_LOW_INCOME,367,367.0,367,367.0
29,SIAgent12,FEMALE_YOUNG,894,894.0,412,412.0
29,SIAgent13,MALE_OLD,520,520.0,520,520.0
29,SIAgent14,YOUNG_LOW_INCOME,1526,1526.0,826,826.0
29,SIAgent15,MALE_OLD_LOW_INCOME,359,359.0,1164,311.0
29,SIAgent16,FEMALE_YOUNG_HIGH_INCOME,102,102.0,33,33.0
29,SIAgent17,FEMALE_YOUNG_LOW_INCOME,1188,1188.0,360,360.0
30,WEAgent0,FEMALE_YOUNG_LOW_INCOME,1188,1188.0,687,687.0
30,SIAgent9,FEMALE_HIGH_INCOME,132,132.0,132,132.0
30,SIAgent7,OLD_LOW_INCOME,839,839.0,839,839.0
30,SIAgent8,MALE_YOUNG_HIGH_INCOME,206,206.0,155,155.0
30,SIAgent5,OLD_HIGH_INCOME,486,486.0,349,349.0
30,SIAgent6,MALE_OLD_LOW_INCOME,718,718.0,551,551.0
30,SIAgent3,OLD_HIGH_INCOME,486,486.0,311,311.0
30,SIAgent4,YOUNG_LOW_INCOME,2289,2289.0,1091,1091.0
30,SIAgent1,FEMALE_OLD_HIGH_INCOME,81,81.0,66,66.0
30,SIAgent2,MALE_YOUNG,941,941.0,657,657.0
30,SIAgent10,FEMALE_OLD,1123,1123.0,987,987.0
30,SIAgent0,MALE_YOUNG_LOW_INCOME,1101,1101.0,428,428.0
30,SIAgent11,MALE_OLD_LOW_INCOME,359,359.0,359,359.0
30,SIAgent12,YOUNG_HIGH_INCOME,309,309.0,326,285.0
30,SIAgent13,OLD_HIGH_INCOME,729,729.0,365,365.0
30,SIAgent14,FEMALE_OLD_HIGH_INCOME,244,244.0,71,71.0
30,SIAgent15,FEMALE_YOUNG_HIGH_INCOME,51,51.0,51,51.0
30,SIAgent16,OLD_LOW_INCOME,2517,2517.0,1452,1452.0
30,SIAgent17,YOUNG_LOW_INCOME,2289,2289.0,1123,1123.0
31,WEAgent0,MALE_OLD_HIGH_INCOME,484,484.0,215,215.0
31,SIAgent9,FEMALE_HIGH_INCOME,132,132.0,132,132.0
31,SIAgent7,MALE_OLD,1041,1041.0,552,552.0
31,SIAgent8,FEMALE_YOUNG_LOW_INCOME,396,396.0,396,396.0
31,SIAgent5,MALE_YOUNG,941,941.0,812,812.0
31,SIAgent6,MALE_YOUNG_HIGH_INCOME,206,206.0,114,114.0
31,SIAgent3,FEMALE_LOW_INCOME,1752,1752.0,1051,1051.0
31,SIAgent4,OLD_HIGH_INCOME,729,729.0,457,284.0
31,SIAgent1,FEMALE_LOW_INCOME,2628,2628.0,998,998.0
31,SIAgent2,MALE_YOUNG_LOW_INCOME,367,367.0,367,367.0
31,SIAgent10,MALE_YOUNG,941,941.0,881,881.0
31,SIAgent0,OLD_LOW_INCOME,839,839.0,809,809.0
31,SIAgent11,MALE_OLD_LOW_INCOME,1077,1077.0,356,356.0
31,SIAgent12,OLD_LOW_INCOME,1678,1678.0,885,885.0
31,SIAgent13,MALE_OLD,1041,1041.0,583,583.0
31,SIAgent14,FEMALE_OLD_LOW_INCOME,1440,1440.0,448,448.0
31,SIAgent15,FEMALE_YOUNG_LOW_INCOME,1188,1188.0,522,522.0
31,SIAgent16,YOUNG_HIGH_INCOME,309,309.0,341,205.0
31,SIAgent17,FEMALE_OLD_HIGH_INCOME,81,81.0,81,81.0
32,WEAgent0,YOUNG_HIGH_INCOME,463,463.0,0,0.0
32,SIAgent9,FEMALE_HIGH_INCOME,397,397.0,300,227.0
32,SIAgent7,MALE_YOUNG_LOW_INCOME,367,367.0,367,367.0
32,SIAgent8,FEMALE_LOW_INCOME,2628,2628.0,1048,1048.0
32,SIAgent5,OLD_LOW_INCOME,2517,2517.0,1568,1568.0
32,SIAgent6,FEMALE_YOUNG_LOW_INCOME,396,396.0,396,396.0
32,SIAgent3,FEMALE_YOUNG_HIGH_INCOME,51,51.0,51,51.0
32,SIAgent4,MALE_OLD,1041,1041.0,998,998.0
32,SIAgent1,MALE_YOUNG_HIGH_INCOME,103,103.0,88,88.0
32,SIAgent2,MALE_YOUNG,941,941.0,1582,458.0
32,SIAgent10,MALE_YOUNG_HIGH_INCOME,103,103.0,82,82.0
32,SIAgent0,MALE_HIGH_INCOME,795,795.0,268,268.0
32,SIAgent11,FEMALE_OLD,561,561.0,561,561.0
32,SIAgent12,FEMALE_YOUNG,894,894.0,504,504.0
32,SIAgent13,OLD_HIGH_INCOME,243,243.0,243,243.0
32,SIAgent14,MALE_HIGH_INCOME,265,265.0,253,253.0
32,SIAgent15,FEMALE_LOW_INCOME,2628,2628.0,1023,1023.0
32,SIAgent16,FEMALE_YOUNG_LOW_INCOME,1188,1188.0,403,403.0
32,SIAgent17,MALE_HIGH_INCOME,265,265.0,265,265.0
33,WEAgent0,YOUNG_HIGH_INCOME,463,463.0,336,148.0
33,SIAgent9,OLD_LOW_INCOME,2517,2517.0,767,767.0
33,SIAgent7,MALE_OLD,1561,1561.0,689,689.0
33,SIAgent8,FEMALE_OLD,1123,1123.0,360,360.0
33,SIAgent5,MALE_OLD_HIGH_INCOME,484,484.0,228,228.0
33,SIAgent6,MALE_LOW_INCOME,2178,2178.0,1830,1008.0
33,SIAgent3,FEMALE_OLD_LOW_INCOME,1440,1440.0,328,328.0
33,SIAgent4,FEMALE_YOUNG_LOW_INCOME,396,396.0,396,396.0
33,SIAgent1,FEMALE_OLD_LOW_INCOME,960,960.0,290,290.0
33,SIAgent2,FEMALE_HIGH_INCOME,397,397.0,181,181.0
33,SIAgent10,MALE_HIGH_INCOME,265,265.0,265,265.0
33,SIAgent0,FEMALE_OLD,561,561.0,386,386.0
33,SIAgent11,FEMALE_OLD,1123,1123.0,358,358.0
33,SIAgent12,FEMALE_OLD_HIGH_INCOME,162,162.0,85,85.0
33,SIAgent13,FEMALE_LOW_INCOME,876,876.0,876,876.0
33,SIAgent14,YOUNG_LOW_INCOME,763,763.0,763,763.0
33,SIAgent15,OLD_LOW_INCOME,1678,1678.0,737,737.0
33,SIAgent16,FEMALE_YOUNG,894,894.0,862,755.0
33,SIAgent17,OLD_HIGH_INCOME,729,729.0,263,263.0
34,WEAgent0,OLD_LOW_INCOME,839,839.0,2376,0.0
34,SIAgent9,MALE_YOUNG,470,470.0,470,470.0
34,SIAgent7,YOUNG_LOW_INCOME,2289,2289.0,1087,1087.0
34,SIAgent8,FEMALE_OLD_HIGH_INCOME,81,81.0,69,69.0
34,SIAgent5,MALE_LOW_INCOME,726,726.0,594,594.0
34,SIAgent6,FEMALE_OLD_HIGH_INCOME,81,81.0,64,64.0
34,SIAgent3,FEMALE_HIGH_INCOME,397,397.0,136,136.0
34,SIAgent4,MALE_HIGH_INCOME,795,795.0,431,391.0
34,SIAgent1,MALE_OLD,1041,1041.0,516,516.0
34,SIAgent2,FEMALE_YOUNG,1341,1341.0,865,865.0
34,SIAgent10,MALE_LOW_INCOME,1452,1452.0,631,631.0
34,SIAgent0,MALE_LOW_INCOME,726,726.0,585,585.0
34,SIAgent11,MALE_LOW_INCOME,726,726.0,618,618.0
34,SIAgent12,OLD_HIGH_INCOME,243,243.0,243,243.0
34,SIAgent13,MALE_OLD_LOW_INCOME,1077,1077.0,292,292.0
34,SIAgent14,OLD_HIGH_INCOME,486,486.0,288,288.0
34,SIAgent15,YOUNG_HIGH_INCOME,154,154.0,154,154.0
34,SIAgent16,FEMALE_YOUNG,447,447.0,447,447.0
34,SIAgent17,FEMALE_HIGH_INCOME,397,397.0,134,134.0
35,WEAgent0,FEMALE_YOUNG_HIGH_INCOME,153,153.0,0,0.0
35,SIAgent9,MALE_HIGH_INCOME,530,530.0,243,243.0
35,SIAgent7,MALE_LOW_INCOME,2178,2178.0,2496,710.0
35,SIAgent8,OLD_HIGH_INCOME,243,243.0,221,221.0
35,SIAgent5,MALE_OLD,520,520.0,520,520.0
35,SIAgent6,MALE_OLD_HIGH_INCOME,161,161.0,119,119.0
35,SIAgent3,MALE_OLD,1041,1041.0,832,832.0
35,SIAgent4,YOUNG_HIGH_INCOME,463,463.0,211,211.0
35,SIAgent1,FEMALE_YOUNG_HIGH_INCOME,153,153.0,55,55.0
35,SIAgent2,FEMALE_OLD_HIGH_INCOME,81,81.0,81,81.0
35,SIAgent10,YOUNG_HIGH_INCOME,309,309.0,175,175.0
35,SIAgent0,FEMALE_LOW_INCOME,2628,2628.0,2292,1257.0
35,SIAgent11,FEMALE_LOW_INCOME,876,876.0,876,876.0
35,SIAgent12,FEMALE_YOUNG_LOW_INCOME,792,792.0,637,637.0
35,SIAgent13,FEMALE_HIGH_INCOME,265,265.0,160,160.0
35,SIAgent14,OLD_HIGH_INCOME,243,243.0,230,230.0
35,SIAgent15,MALE_HIGH_INCOME,530,530.0,256,256.0
35,SIAgent16,FEMALE_YOUNG_HIGH_INCOME,51,51.0,48,48.0
35,SIAgent17,FEMALE_YOUNG_LOW_INCOME,792,792.0,548,548.0
36,WEAgent0,MALE_YOUNG_LOW_INCOME,734,734.0,734,734.0
36,SIAgent9,FEMALE_YOUNG_HIGH_INCOME,51,51.0,50,50.0
36,SIAgent7,YOUNG_HIGH_INCOME,154,154.0,154,154.0
36,SIAgent8,FEMALE_YOUNG,894,894.0,561,561.0
36,SIAgent5,FEMALE_OLD_LOW_INCOME,1440,1440.0,609,609.0
36,SIAgent6,YOUNG_LOW_INCOME,2289,2289.0,1698,1256.0
36,SIAgent3,FEMALE_OLD_HIGH_INCOME,162,162.0,83,83.0
36,SIAgent4,OLD_HIGH_INCOME,243,243.0,243,243.0
36,SIAgent1,FEMALE_LOW_INCOME,2628,2628.0,1086,1086.0
36,SIAgent2,YOUNG_HIGH_INCOME,309,309.0,194,194.0
36,SIAgent10,FEMALE_OLD,1123,1123.0,653,653.0
36,SIAgent0,OLD_HIGH_INCOME,243,243.0,243,243.0
36,SIAgent11,OLD_LOW_INCOME,1678,1678.0,2310,569.0
36,SIAgent12,YOUNG_HIGH_INCOME,309,309.0,222,222.0
36,SIAgent13,OLD_HIGH_INCOME,243,243.0,243,243.0
36,SIAgent14,FEMALE_YOUNG_LOW_INCOME,1188,1188.0,473,473.0
36,SIAgent15,MALE_OLD_HIGH_INCOME,484,484.0,273,173.0
36,SIAgent16,MALE_YOUNG_HIGH_INCOME,103,103.0,103,103.0
36,SIAgent17,FEMALE_OLD_HIGH_INCOME,81,81.0,68,68.0
37,WEAgent0,OLD_LOW_INCOME,839,839.0,51,0.0
37,SIAgent9,MALE_OLD_HIGH_INCOME,161,161.0,161,161.0
37,SIAgent7,FEMALE_OLD_HIGH_INCOME,244,244.0,150,150.0
37,SIAgent8,MALE_OLD_LOW_INCOME,1077,1077.0,1077,1077.0
37,SIAgent5,MALE_YOUNG_HIGH_INCOME,310,310.0,88,88.0
37,SIAgent6,FEMALE_YOUNG_HIGH_INCOME,51,51.0,51,51.0
37,SIAgent3,OLD_LOW_INCOME,839,839.0,839,839.0
37,SIAgent4,YOUNG_LOW_INCOME,2289,2289.0,2258,1234.0
37,SIAgent1,FEMALE_OLD_LOW_INCOME,480,480.0,480,480.0
37,SIAgent2,MALE_OLD,520,520.0,554,520.0
37,SIAgent10,FEMALE_OLD_LOW_INCOME,1440,1440.0,1440,1440.0
37,SIAgent0,YOUNG_HIGH_INCOME,463,463.0,137,137.0
37,SIAgent11,YOUNG_LOW_INCOME,763,763.0,763,763.0
37,SIAgent12,YOUNG_HIGH_INCOME,154,154.0,154,154.0
37,SIAgent13,OLD_HIGH_INCOME,243,243.0,243,243.0
37,SIAgent14,MALE_YOUNG_HIGH_INCOME,206,206.0,80,80.0
37,SIAgent15,MALE_YOUNG,1411,1411.0,842,842.0
37,SIAgent16,FEMALE_HIGH_INCOME,397,397.0,258,258.0
37,SIAgent17,MALE_YOUNG_HIGH_INCOME,310,310.0,82,82.0
38,WEAgent0,FEMALE_OLD_LOW_INCOME,480,480.0,0,0.0
38,SIAgent9,MALE_OLD_LOW_INCOME,718,718.0,233,233.0
38,SIAgent7,MALE_HIGH_INCOME,265,265.0,265,265.0
38,SIAgent8,FEMALE_OLD_LOW_INCOME,960,960.0,821,821.0
38,SIAgent5,MALE_OLD,1561,1561.0,438,438.0
38,SIAgent6,MALE_OLD_LOW_INCOME,359,359.0,232,232.0
38,SIAgent3,FEMALE_YOUNG_LOW_INCOME,1188,1188.0,557,557.0
38,SIAgent4,MALE_OLD_LOW_INCOME,718,718.0,228,228.0
38,SIAgent1,FEMALE_YOUNG_LOW_INCOME,396,396.0,396,396.0
38,SIAgent2,YOUNG_LOW_INCOME,1526,1526.0,2425,530.0
38,SIAgent10,FEMALE_YOUNG_LOW_INCOME,1188,1188.0,509,509.0
38,SIAgent0,MALE_OLD_HIGH_INCOME,323,323.0,242,242.0
38,SIAgent11,YOUNG_HIGH_INCOME,463,463.0,467,253.0
38,SIAgent12,MALE_OLD_LOW_INCOME,718,718.0,224,224.0
38,SIAgent13,FEMALE_HIGH_INCOME,265,265.0,519,122.0
38,SIAgent14,OLD_LOW_INCOME,2517,2517.0,961,961.0
38,SIAgent15,MALE_OLD,1561,1561.0,417,417.0
38,SIAgent16,MALE_OLD_LOW_INCOME,359,359.0,233,233.0
38,SIAgent17,FEMALE_OLD_LOW_INCOME,1440,1440.0,833,833.0
39,WEAgent0,FEMALE_OLD_HIGH_INCOME,81,81.0,0,0.0
39,SIAgent9,MALE_OLD_HIGH_INCOME,161,161.0,161,161.0
39,SIAgent7,MALE_YOUNG_HIGH_INCOME,103,103.0,103,103.0
39,SIAgent8,FEMALE_YOUNG_LOW_INCOME,396,396.0,396,396.0
39,SIAgent5,FEMALE_YOUNG_HIGH_INCOME,153,153.0,85,85.0
39,SIAgent6,MALE_YOUNG_HIGH_INCOME,206,206.0,142,105.0
39,SIAgent3,FEMALE_YOUNG_LOW_INCOME,1188,1188.0,684,684.0
39,SIAgent4,MALE_YOUNG,470,470.0,470,470.0
39,SIAgent1,YOUNG_LOW_INCOME,1526,1526.0,1462,1462.0
39,SIAgent2,MALE_OLD,520,520.0,520,520.0
39,SIAgent10,MALE_OLD_LOW_INCOME,1077,1077.0,703,703.0
39,SIAgent0,YOUNG_HIGH_INCOME,154,154.0,154,154.0
39,SIAgent11,OLD_HIGH_INCOME,729,729.0,443,443.0
39,SIAgent12,FEMALE_YOUNG_HIGH_INCOME,153,153.0,86,86.0
39,SIAgent13,FEMALE_LOW_INCOME,876,876.0,876,876.0
39,SIAgent14,MALE_YOUNG_LOW_INCOME,734,734.0,712,712.0
39,SIAgent15,OLD_HIGH_INCOME,486,486.0,434,434.0
39,SIAgent16,MALE_YOUNG_HIGH_INCOME,103,103.0,103,103.0
39,SIAgent17,OLD_LOW_INCOME,1678,1678.0,2466,1213.0
40,WEAgent0,FEMALE_YOUNG,447,447.0,0,0.0
40,SIAgent9,FEMALE_YOUNG,894,894.0,337,337.0
40,SIAgent7,FEMALE_YOUNG_LOW_INCOME,396,396.0,262,262.0
40,SIAgent8,MALE_YOUNG,1411,1411.0,667,667.0
40,SIAgent5,OLD_HIGH_INCOME,243,243.0,285,243.0
40,SIAgent6,YOUNG_LOW_INCOME,1526,1526.0,723,723.0
40,SIAgent3,FEMALE_OLD,1123,1123.0,554,554.0
40,SIAgent4,OLD_HIGH_INCOME,243,243.0,243,243.0
40,SIAgent1,MALE_YOUNG_HIGH_INCOME,103,103.0,103,103.0
40,SIAgent2,FEMALE_YOUNG,447,447.0,340,340.0
40,SIAgent10,FEMALE_LOW_INCOME,1752,1752.0,743,743.0
40,SIAgent0,MALE_YOUNG,1411,1411.0,698,698.0
40,SIAgent11,FEMALE_OLD,1123,1123.0,559,559.0
40,SIAgent12,FEMALE_HIGH_INCOME,397,397.0,133,133.0
40,SIAgent13,YOUNG_LOW_INCOME,763,763.0,731,731.0
40,SIAgent14,FEMALE_OLD_LOW_INCOME,1440,1440.0,522,522.0
40,SIAgent15,FEMALE_LOW_INCOME,876,876.0,744,744.0
40,SIAgent16,FEMALE_HIGH_INCOME,132,132.0,132,132.0
40,SIAgent17,OLD_HIGH_INCOME,243,243.0,243,243.0
41,WEAgent0,MALE_OLD_HIGH_INCOME,484,484.0,0,0.0
41,SIAgent9,MALE_YOUNG,1411,1411.0,787,787.0
41,SIAgent7,YOUNG_HIGH_INCOME,154,154.0,151,151.0
41,SIAgent8,FEMALE_YOUNG_HIGH_INCOME,51,51.0,46,46.0
41,SIAgent5,MALE_YOUNG_LOW_INCOME,367,367.0,367,367.0
41,SIAgent6,OLD_HIGH_INCOME,729,729.0,293,293.0
41,SIAgent3,FEMALE_YOUNG_LOW_INCOME,396,396.0,396,396.0
41,SIAgent4,FEMALE_HIGH_INCOME,265,265.0,152,152.0
41,SIAgent1,MALE_YOUNG_HIGH_INCOME,103,103.0,75,75.0
41,SIAgent2,MALE_OLD,1041,1041.0,831,831.0
41,SIAgent10,MALE_HIGH_INCOME,530,530.0,261,261.0
41,SIAgent0,MALE_LOW_INCOME,2178,2178.0,1414,1414.0
41,SIAgent11,MALE_YOUNG_HIGH_INCOME,310,310.0,66,66.0
41,SIAgent12,MALE_OLD,520,520.0,520,520.0
41,SIAgent13,OLD_HIGH_INCOME,729,729.0,274,274.0
41,SIAgent14,FEMALE_OLD,1684,1684.0,2502,99.0
41,SIAgent15,YOUNG_HIGH_INCOME,154,154.0,153,153.0
41,SIAgent16,MALE_YOUNG_HIGH_INCOME,206,206.0,68,68.0
41,SIAgent17,FEMALE_YOUNG_LOW_INCOME,1188,1188.0,1644,365.0
42,WEAgent0,FEMALE_OLD,1123,1123.0,0,0.0
42,SIAgent9,MALE_YOUNG,1411,1411.0,833,833.0
42,SIAgent7,YOUNG_HIGH_INCOME,463,463.0,179,179.0
42,SIAgent8,FEMALE_YOUNG_HIGH_INCOME,153,153.0,33,33.0
42,SIAgent5,MALE_OLD,1561,1561.0,546,546.0
42,SIAgent6,FEMALE_YOUNG_HIGH_INCOME,102,102.0,41,41.0
42,SIAgent3,YOUNG_HIGH_INCOME,309,309.0,177,177.0
42,SIAgent4,MALE_OLD_LOW_INCOME,718,718.0,372,372.0
42,SIAgent1,MALE_OLD_HIGH_INCOME,484,484.0,159,159.0
42,SIAgent2,OLD_LOW_INCOME,2517,2517.0,1599,1599.0
42,SIAgent10,MALE_LOW_INCOME,726,726.0,726,726.0
42,SIAgent0,MALE_OLD,1561,1561.0,562,562.0
42,SIAgent11,YOUNG_LOW_INCOME,1526,1526.0,2715,736.0
42,SIAgent12,MALE_HIGH_INCOME,265,265.0,265,265.0
42,SIAgent13,FEMALE_OLD_HIGH_INCOME,162,162.0,397,0.0
42,SIAgent14,FEMALE_OLD_LOW_INCOME,1440,1440.0,1145,1145.0
42,SIAgent15,FEMALE_YOUNG_HIGH_INCOME,102,102.0,44,44.0
42,SIAgent16,FEMALE_YOUNG_HIGH_INCOME,102,102.0,40,40.0
42,SIAgent17,MALE_OLD_HIGH_INCOME,484,484.0,167,167.0
43,WEAgent0,FEMALE_LOW_INCOME,1752,1752.0,1788,1093.0
43,SIAgent9,FEMALE_LOW_INCOME,876,876.0,876,876.0
43,SIAgent7,OLD_HIGH_INCOME,486,486.0,165,165.0
43,SIAgent8,OLD_HIGH_INCOME,486,486.0,144,144.0
43,SIAgent5,FEMALE_HIGH_INCOME,397,397.0,189,189.0
43,SIAgent6,FEMALE_YOUNG_LOW_INCOME,792,792.0,473,473.0
43,SIAgent3,MALE_OLD_HIGH_INCOME,323,323.0,82,82.0
43,SIAgent4,FEMALE_OLD,561,561.0,561,561.0
43,SIAgent1,OLD_HIGH_INCOME,729,729.0,161,161.0
43,SIAgent2,MALE_OLD_LOW_INCOME,718,718.0,1768,0.0
43,SIAgent10,YOUNG_LOW_INCOME,763,763.0,763,763.0
43,SIAgent0,YOUNG_LOW_INCOME,2289,2289.0,1488,925.0
43,SIAgent11,MALE_HIGH_INCOME,265,265.0,249,249.0
43,SIAgent12,FEMALE_HIGH_INCOME,265,265.0,181,181.0
43,SIAgent13,MALE_YOUNG,470,470.0,470,470.0
43,SIAgent14,OLD_HIGH_INCOME,729,729.0,155,155.0
43,SIAgent15,MALE_OLD_HIGH_INCOME,161,161.0,103,103.0
43,SIAgent16,MALE_HIGH_INCOME,795,795.0,250,250.0
43,SIAgent17,MALE_YOUNG_HIGH_INCOME,310,310.0,134,134.0
44,WEAgent0,FEMALE_HIGH_INCOME,265,265.0,0,0.0
44,SIAgent9,YOUNG_LOW_INCOME,2289,2289.0,796,796.0
44,SIAgent7,MALE_OLD_HIGH_INCOME,323,323.0,272,272.0
44,SIAgent8,MALE_LOW_INCOME,2178,2178.0,651,651.0
44,SIAgent5,FEMALE_HIGH_INCOME,397,397.0,165,165.0
44,SIAgent6,FEMALE_OLD_HIGH_INCOME,162,162.0,95,95.0
44,SIAgent3,MALE_OLD_LOW_INCOME,718,718.0,352,352.0
44,SIAgent4,YOUNG_HIGH_INCOME,154,154.0,154,154.0
44,SIAgent1,MALE_YOUNG_HIGH_INCOME,206,206.0,148,148.0
44,SIAgent2,FEMALE_YOUNG_LOW_INCOME,1188,1188.0,469,469.0
44,SIAgent10,MALE_OLD,1041,1041.0,600,600.0
44,SIAgent0,MALE_LOW_INCOME,2178,2178.0,710,710.0
44,SIAgent11,FEMALE_HIGH_INCOME,265,265.0,163,163.0
44,SIAgent12,MALE_LOW_INCOME,726,726.0,682,682.0
44,SIAgent13,OLD_HIGH_INCOME,729,729.0,387,387.0
44,SIAgent14,FEMALE_YOUNG_LOW_INCOME,792,792.0,463,463.0
44,SIAgent15,YOUNG_LOW_INCOME,2289,2289.0,832,832.0
44,SIAgent16,MALE_YOUNG,1411,1411.0,458,458.0
44,SIAgent17,YOUNG_HIGH_INCOME,463,463.0,188,188.0
45,WEAgent0,FEMALE_OLD,1684,1684.0,0,0.0
45,SIAgent9,MALE_OLD_LOW_INCOME,1077,1077.0,475,475.0
45,SIAgent7,FEMALE_OLD_HIGH_INCOME,162,162.0,123,123.0
45,SIAgent8,MALE_OLD,1561,1561.0,697,697.0
45,SIAgent5,FEMALE_OLD,1684,1684.0,715,715.0
45,SIAgent6,OLD_LOW_INCOME,2517,2517.0,1028,1028.0
45,SIAgent3,YOUNG_LOW_INCOME,1526,1526.0,1526,1526.0
45,SIAgent4,MALE_HIGH_INCOME,530,530.0,434,434.0
45,SIAgent1,FEMALE_YOUNG_LOW_INCOME,396,396.0,396,396.0
45,SIAgent2,MALE_YOUNG_HIGH_INCOME,103,103.0,103,103.0
45,SIAgent10,MALE_OLD_HIGH_INCOME,161,161.0,161,161.0
45,SIAgent0,FEMALE_OLD_LOW_INCOME,1440,1440.0,568,568.0
45,SIAgent11,FEMALE_YOUNG_LOW_INCOME,396,396.0,396,396.0
45,SIAgent12,OLD_HIGH_INCOME,243,243.0,243,243.0
45,SIAgent13,FEMALE_HIGH_INCOME,265,265.0,240,200.0
45,SIAgent14,FEMALE_YOUNG_HIGH_INCOME,102,102.0,102,102.0
45,SIAgent15,MALE_LOW_INCOME,1452,1452.0,1329,1281.0
45,SIAgent16,MALE_YOUNG_HIGH_INCOME,310,310.0,223,223.0
45,SIAgent17,FEMALE_LOW_INCOME,2628,2628.0,1241,1188.0
46,WEAgent0,MALE_OLD_LOW_INCOME,1077,1077.0,0,0.0
46,SIAgent9,YOUNG_HIGH_INCOME,463,463.0,321,71.0
46,SIAgent7,MALE_OLD_HIGH_INCOME,484,484.0,96,96.0
46,SIAgent8,MALE_HIGH_INCOME,795,795.0,158,158.0
46,SIAgent5,MALE_HIGH_INCOME,530,530.0,170,170.0
46,SIAgent6,MALE_LOW_INCOME,1452,1452.0,1574,1452.0
46,SIAgent3,OLD_LOW_INCOME,1678,1678.0,1768,1678.0
46,SIAgent4,FEMALE_OLD_HIGH_INCOME,244,244.0,145,145.0
46,SIAgent1,YOUNG_LOW_INCOME,1526,1526.0,2035,1493.0
46,SIAgent2,FEMALE_OLD,1123,1123.0,1123,1123.0
46,SIAgent10,MALE_HIGH_INCOME,265,265.0,150,150.0
46,SIAgent0,OLD_HIGH_INCOME,243,243.0,210,210.0
46,SIAgent11,MALE_YOUNG_HIGH_INCOME,310,310.0,78,78.0
46,SIAgent12,MALE_OLD_HIGH_INCOME,323,323.0,84,84.0
46,SIAgent13,MALE_YOUNG_LOW_INCOME,367,367.0,367,367.0
46,SIAgent14,FEMALE_YOUNG_LOW_INCOME,792,792.0,792,792.0
46,SIAgent15,MALE_HIGH_INCOME,265,265.0,150,150.0
46,SIAgent16,MALE_HIGH_INCOME,530,530.0,167,167.0
46,SIAgent17,MALE_OLD_HIGH_INCOME,323,323.0,106,106.0
47,WEAgent0,OLD_LOW_INCOME,839,839.0,0,0.0
47,SIAgent9,MALE_LOW_INCOME,2178,2178.0,856,856.0
47,SIAgent7,MALE_OLD_LOW_INCOME,359,359.0,359,359.0
47,SIAgent8,FEMALE_YOUNG,894,894.0,485,485.0
47,SIAgent5,FEMALE_OLD_LOW_INCOME,960,960.0,960,960.0
47,SIAgent6,MALE_OLD,1561,1561.0,626,626.0
47,SIAgent3,YOUNG_LOW_INCOME,1526,1526.0,827,827.0
47,SIAgent4,MALE_LOW_INCOME,1452,1452.0,801,801.0
47,SIAgent1,FEMALE_YOUNG_LOW_INCOME,1188,1188.0,340,340.0
47,SIAgent2,FEMALE_OLD_HIGH_INCOME,81,81.0,81,81.0
47,SIAgent10,FEMALE_OLD_HIGH_INCOME,162,162.0,150,150.0
47,SIAgent0,MALE_YOUNG,941,941.0,649,649.0
47,SIAgent11,FEMALE_YOUNG_LOW_INCOME,1188,1188.0,324,324.0
47,SIAgent12,MALE_HIGH_INCOME,795,795.0,468,468.0
47,SIAgent13,FEMALE_OLD,1684,1684.0,1589,1146.0
47,SIAgent14,FEMALE_YOUNG,1341,1341.0,469,469.0
47,SIAgent15,MALE_YOUNG_HIGH_INCOME,103,103.0,103,103.0
47,SIAgent16,FEMALE_YOUNG_LOW_INCOME,1188,1188.0,317,317.0
47,SIAgent17,MALE_OLD,1041,1041.0,596,596.0
48,WEAgent0,MALE_YOUNG_LOW_INCOME,367,367.0,0,0.0
48,SIAgent9,MALE_OLD,1561,1561.0,593,593.0
48,SIAgent7,YOUNG_LOW_INCOME,2289,2289.0,1157,1157.0
48,SIAgent8,MALE_OLD_HIGH_INCOME,323,323.0,155,155.0
48,SIAgent5,MALE_OLD_HIGH_INCOME,161,161.0,161,161.0
48,SIAgent6,FEMALE_HIGH_INCOME,397,397.0,244,244.0
48,SIAgent3,OLD_LOW_INCOME,839,839.0,839,839.0
48,SIAgent4,FEMALE_OLD_LOW_INCOME,960,960.0,485,485.0
48,SIAgent1,OLD_LOW_INCOME,1678,1678.0,967,967.0
48,SIAgent2,OLD_LOW_INCOME,2517,2517.0,950,950.0
48,SIAgent10,YOUNG_HIGH_INCOME,154,154.0,154,154.0
48,SIAgent0,MALE_HIGH_INCOME,795,795.0,560,277.0
48,SIAgent11,FEMALE_OLD,1684,1684.0,659,659.0
48,SIAgent12,MALE_YOUNG_LOW_INCOME,367,367.0,367,367.0
48,SIAgent13,MALE_OLD_HIGH_INCOME,323,323.0,148,148.0
48,SIAgent14,YOUNG_LOW_INCOME,1526,1526.0,1137,1137.0
48,SIAgent15,YOUNG_LOW_INCOME,2289,2289.0,1192,1192.0
48,SIAgent16,FEMALE_YOUNG_HIGH_INCOME,102,102.0,100,100.0
48,SIAgent17,FEMALE_HIGH_INCOME,132,132.0,132,132.0
49,WEAgent0,MALE_YOUNG_LOW_INCOME,1101,1101.0,0,0.0
49,SIAgent9,FEMALE_OLD_LOW_INCOME,960,960.0,411,411.0
49,SIAgent7,FEMALE_OLD,1123,1123.0,589,589.0
49,SIAgent8,FEMALE_OLD_LOW_INCOME,1440,1440.0,387,387.0
49,SIAgent5,FEMALE_YOUNG_LOW_INCOME,792,792.0,407,407.0
49,SIAgent6,FEMALE_YOUNG,894,894.0,539,539.0
49,SIAgent3,MALE_LOW_INCOME,2178,2178.0,1471,1471.0
49,SIAgent4,FEMALE_OLD,1123,1123.0,533,533.0
49,SIAgent1,MALE_YOUNG_HIGH_INCOME,103,103.0,103,103.0
49,SIAgent2,FEMALE_OLD,1684,1684.0,560,560.0
49,SIAgent10,FEMALE_OLD_LOW_INCOME,1440,1440.0,388,388.0
49,SIAgent0,MALE_OLD_HIGH_INCOME,161,161.0,161,161.0
49,SIAgent11,YOUNG_LOW_INCOME,763,763.0,763,763.0
49,SIAgent12,MALE_OLD_LOW_INCOME,718,718.0,718,718.0
49,SIAgent13,YOUNG_LOW_INCOME,1526,1526.0,1075,1075.0
49,SIAgent14,FEMALE_YOUNG,447,447.0,447,447.0
49,SIAgent15,YOUNG_HIGH_INCOME,463,463.0,410,215.0
49,SIAgent16,MALE_OLD_LOW_INCOME,359,359.0,359,359.0
49,SIAgent17,MALE_HIGH_INCOME,265,265.0,433,265.0
50,WEAgent0,FEMALE_YOUNG_HIGH_INCOME,51,51.0,0,0.0
50,SIAgent9,MALE_OLD_HIGH_INCOME,161,161.0,161,161.0
50,SIAgent7,MALE_YOUNG_LOW_INCOME,367,367.0,332,332.0
50,SIAgent8,MALE_LOW_INCOME,726,726.0,726,726.0
50,SIAgent5,MALE_YOUNG_LOW_INCOME,367,367.0,328,328.0
50,SIAgent6,MALE_OLD_LOW_INCOME,359,359.0,359,359.0
50,SIAgent3,FEMALE_YOUNG,1341,1341.0,803,722.0
50,SIAgent4,FEMALE_YOUNG_LOW_INCOME,1188,1188.0,673,673.0
50,SIAgent1,FEMALE_OLD_LOW_INCOME,480,480.0,2346,0.0
50,SIAgent2,FEMALE_HIGH_INCOME,132,132.0,132,132.0
50,SIAgent10,OLD_HIGH_INCOME,243,243.0,243,243.0
50,SIAgent0,MALE_HIGH_INCOME,795,795.0,871,308.0
50,SIAgent11,MALE_LOW_INCOME,1452,1452.0,1269,795.0
50,SIAgent12,FEMALE_HIGH_INCOME,132,132.0,132,132.0
50,SIAgent13,MALE_YOUNG_LOW_INCOME,367,367.0,326,326.0
50,SIAgent14,MALE_YOUNG_LOW_INCOME,367,367.0,320,320.0
50,SIAgent15,FEMALE_OLD_HIGH_INCOME,244,244.0,199,84.0
50,SIAgent16,YOUNG_HIGH_INCOME,154,154.0,154,154.0
50,SIAgent17,FEMALE_YOUNG_LOW_INCOME,1188,1188.0,626,626.0
51,WEAgent0,FEMALE_YOUNG_LOW_INCOME,396,396.0,0,0.0
51,SIAgent9,FEMALE_YOUNG,1341,1341.0,394,394.0
51,SIAgent7,OLD_HIGH_INCOME,243,243.0,243,243.0
51,SIAgent8,FEMALE_OLD,561,561.0,561,561.0
51,SIAgent5,MALE_YOUNG_HIGH_INCOME,206,206.0,273,122.0
51,SIAgent6,MALE_OLD_LOW_INCOME,718,718.0,520,520.0
51,SIAgent3,MALE_OLD,520,520.0,520,520.0
51,SIAgent4,FEMALE_YOUNG_LOW_INCOME,1188,1188.0,309,309.0
51,SIAgent1,YOUNG_LOW_INCOME,2289,2289.0,1499,901.0
51,SIAgent2,YOUNG_HIGH_INCOME,154,154.0,154,154.0
51,SIAgent10,FEMALE_LOW_INCOME,1752,1752.0,915,915.0
51,SIAgent0,FEMALE_OLD_HIGH_INCOME,162,162.0,220,142.0
51,SIAgent11,MALE_OLD,1561,1561.0,942,688.0
51,SIAgent12,YOUNG_HIGH_INCOME,154,154.0,154,154.0
51,SIAgent13,FEMALE_OLD_LOW_INCOME,960,960.0,680,680.0
51,SIAgent14,FEMALE_YOUNG_LOW_INCOME,396,396.0,301,301.0
51,SIAgent15,OLD_LOW_INCOME,2517,2517.0,1154,1154.0
51,SIAgent16,YOUNG_LOW_INCOME,763,763.0,763,763.0
51,SIAgent17,FEMALE_YOUNG,1341,1341.0,398,398.0
52,WEAgent0,MALE_YOUNG_LOW_INCOME,734,734.0,0,0.0
52,SIAgent9,FEMALE_YOUNG_LOW_INCOME,792,792.0,383,383.0
52,SIAgent7,MALE_OLD_LOW_INCOME,359,359.0,359,359.0
52,SIAgent8,MALE_YOUNG,941,941.0,403,403.0
52,SIAgent5,FEMALE_OLD_HIGH_INCOME,81,81.0,81,81.0
52,SIAgent6,MALE_YOUNG_HIGH_INCOME,206,206.0,113,113.0
52,SIAgent3,MALE_OLD,520,520.0,534,520.0
52,SIAgent4,MALE_YOUNG,1411,1411.0,414,414.0
52,SIAgent1,MALE_OLD_HIGH_INCOME,484,484.0,649,168.0
52,SIAgent2,FEMALE_YOUNG_HIGH_INCOME,153,153.0,246,0.0
52,SIAgent10,FEMALE_YOUNG_LOW_INCOME,1188,1188.0,366,366.0
52,SIAgent0,MALE_YOUNG,941,941.0,403,403.0
52,SIAgent11,YOUNG_LOW_INCOME,763,763.0,702,702.0
52,SIAgent12,YOUNG_LOW_INCOME,1526,1526.0,689,689.0
52,SIAgent13,FEMALE_OLD_LOW_INCOME,1440,1440.0,1420,999.0
52,SIAgent14,FEMALE_OLD,1123,1123.0,1300,1123.0
52,SIAgent15,FEMALE_YOUNG_LOW_INCOME,1188,1188.0,398,398.0
52,SIAgent16,MALE_YOUNG_LOW_INCOME,1101,1101.0,293,293.0
52,SIAgent17,MALE_YOUNG_HIGH_INCOME,103,103.0,103,103.0
53,WEAgent0,FEMALE_HIGH_INCOME,397,397.0,0,0.0
53,SIAgent9,YOUNG_HIGH_INCOME,154,154.0,154,154.0
53,SIAgent7,FEMALE_YOUNG_HIGH_INCOME,153,153.0,60,60.0
53,SIAgent8,FEMALE_YOUNG_HIGH_INCOME,51,51.0,51,51.0
53,SIAgent5,FEMALE_OLD_LOW_INCOME,1440,1440.0,519,519.0
53,SIAgent6,FEMALE_HIGH_INCOME,397,397.0,202,202.0
53,SIAgent3,MALE_YOUNG_HIGH_INCOME,103,103.0,103,103.0
53,SIAgent4,MALE_YOUNG_LOW_INCOME,1101,1101.0,342,342.0
53,SIAgent1,FEMALE_OLD_LOW_INCOME,480,480.0,470,470.0
53,SIAgent2,FEMALE_YOUNG,447,447.0,447,447.0
53,SIAgent10,FEMALE_OLD,561,561.0,561,561.0
53,SIAgent0,YOUNG_LOW_INCOME,2289,2289.0,932,932.0
53,SIAgent11,MALE_YOUNG_HIGH_INCOME,103,103.0,103,103.0
53,SIAgent12,FEMALE_OLD,1684,1684.0,639,639.0
53,SIAgent13,MALE_YOUNG,941,941.0,538,429.0
53,SIAgent14,YOUNG_LOW_INCOME,2289,2289.0,862,862.0
53,SIAgent15,MALE_OLD_HIGH_INCOME,161,161.0,799,0.0
53,SIAgent16,YOUNG_LOW_INCOME,1526,1526.0,920,920.0
53,SIAgent17,OLD_LOW_INCOME,839,839.0,2298,510.0
54,WEAgent0,FEMALE_YOUNG_HIGH_INCOME,153,153.0,0,0.0
54,SIAgent9,FEMALE_YOUNG_HIGH_INCOME,153,153.0,147,88.0
54,SIAgent7,FEMALE_OLD_HIGH_INCOME,244,244.0,175,133.0
54,SIAgent8,FEMALE_YOUNG_LOW_INCOME,792,792.0,1142,422.0
54,SIAgent5,OLD_HIGH_INCOME,243,243.0,243,243.0
54,SIAgent6,MALE_YOUNG_LOW_INCOME,734,734.0,1040,331.0
54,SIAgent3,MALE_HIGH_INCOME,265,265.0,231,231.0
54,SIAgent4,MALE_HIGH_INCOME,265,265.0,233,233.0
54,SIAgent1,MALE_HIGH_INCOME,795,795.0,231,231.0
54,SIAgent2,FEMALE_OLD_HIGH_INCOME,81,81.0,81,81.0
54,SIAgent10,FEMALE_YOUNG_HIGH_INCOME,51,51.0,51,51.0
54,SIAgent0,YOUNG_LOW_INCOME,763,763.0,763,763.0
54,SIAgent11,OLD_LOW_INCOME,1678,1678.0,3831,449.0
54,SIAgent12,MALE_HIGH_INCOME,795,795.0,205,205.0
54,SIAgent13,YOUNG_LOW_INCOME,763,763.0,763,763.0
54,SIAgent14,MALE_OLD_HIGH_INCOME,484,484.0,124,124.0
54,SIAgent15,YOUNG_HIGH_INCOME,154,154.0,154,154.0
54,SIAgent16,FEMALE_OLD_LOW_INCOME,480,480.0,480,480.0
54,SIAgent17,MALE_OLD_HIGH_INCOME,484,484.0,106,106.0
55,WEAgent0,MALE_YOUNG_HIGH_INCOME,206,206.0,64,64.0
55,SIAgent9,OLD_HIGH_INCOME,486,486.0,213,213.0
55,SIAgent7,MALE_OLD,1041,1041.0,855,855.0
55,SIAgent8,MALE_HIGH_INCOME,795,795.0,204,204.0
55,SIAgent5,MALE_HIGH_INCOME,530,530.0,208,208.0
55,SIAgent6,MALE_YOUNG_LOW_INCOME,734,734.0,1428,428.0
55,SIAgent3,FEMALE_OLD_HIGH_INCOME,162,162.0,76,76.0
55,SIAgent4,MALE_LOW_INCOME,726,726.0,726,726.0
55,SIAgent1,FEMALE_OLD,1684,1684.0,2523,81.0
55,SIAgent2,MALE_YOUNG_HIGH_INCOME,310,310.0,79,79.0
55,SIAgent10,MALE_YOUNG_HIGH_INCOME,103,103.0,93,93.0
55,SIAgent0,MALE_OLD,1041,1041.0,874,874.0
55,SIAgent11,MALE_YOUNG_HIGH_INCOME,310,310.0,68,68.0
55,SIAgent12,MALE_YOUNG_HIGH_INCOME,206,206.0,71,71.0
55,SIAgent13,OLD_HIGH_INCOME,486,486.0,215,215.0
55,SIAgent14,FEMALE_YOUNG_LOW_INCOME,396,396.0,1524,396.0
55,SIAgent15,FEMALE_HIGH_INCOME,132,132.0,174,132.0
55,SIAgent16,FEMALE_HIGH_INCOME,132,132.0,132,132.0
55,SIAgent17,FEMALE_YOUNG,447,447.0,447,447.0
56,WEAgent0,FEMALE_YOUNG_LOW_INCOME,792,792.0,652,652.0
56,SIAgent9,MALE_YOUNG,470,470.0,470,470.0
56,SIAgent7,FEMALE_YOUNG_HIGH_INCOME,51,51.0,47,47.0
56,SIAgent8,MALE_YOUNG,470,470.0,470,470.0
56,SIAgent5,MALE_YOUNG_HIGH_INCOME,103,103.0,71,71.0
56,SIAgent6,MALE_HIGH_INCOME,265,265.0,245,245.0
56,SIAgent3,FEMALE_HIGH_INCOME,265,265.0,179,179.0
56,SIAgent4,FEMALE_OLD,561,561.0,2599,159.0
56,SIAgent1,FEMALE_YOUNG_LOW_INCOME,792,792.0,645,645.0
56,SIAgent2,MALE_OLD,1561,1561.0,752,752.0
56,SIAgent10,MALE_YOUNG_LOW_INCOME,1101,1101.0,374,374.0
56,SIAgent0,MALE_OLD_HIGH_INCOME,484,484.0,154,154.0
56,SIAgent11,FEMALE_YOUNG,1341,1341.0,744,744.0
56,SIAgent12,MALE_OLD_HIGH_INCOME,484,484.0,162,162.0
56,SIAgent13,FEMALE_HIGH_INCOME,132,132.0,132,132.0
56,SIAgent14,YOUNG_HIGH_INCOME,309,309.0,143,143.0
56,SIAgent15,MALE_LOW_INCOME,1452,1452.0,957,957.0
56,SIAgent16,MALE_HIGH_INCOME,795,795.0,230,230.0
56,SIAgent17,MALE_LOW_INCOME,2178,2178.0,974,974.0
57,WEAgent0,YOUNG_LOW_INCOME,2289,2289.0,1839,1138.0
57,SIAgent9,FEMALE_YOUNG,894,894.0,792,792.0
57,SIAgent7,FEMALE_OLD,561,561.0,561,561.0
57,SIAgent8,MALE_OLD,1561,1561.0,846,846.0
57,SIAgent5,MALE_OLD_LOW_INCOME,359,359.0,359,359.0
57,SIAgent6,MALE_HIGH_INCOME,795,795.0,311,311.0
57,SIAgent3,MALE_OLD_HIGH_INCOME,484,484.0,173,173.0
57,SIAgent4,YOUNG_HIGH_INCOME,154,154.0,154,154.0
57,SIAgent1,MALE_HIGH_INCOME,795,795.0,347,347.0
57,SIAgent2,OLD_LOW_INCOME,1678,1678.0,1248,1248.0
57,SIAgent10,FEMALE_OLD_LOW_INCOME,960,960.0,531,531.0
57,SIAgent0,MALE_YOUNG,470,470.0,470,470.0
57,SIAgent11,MALE_YOUNG_LOW_INCOME,367,367.0,367,367.0
57,SIAgent12,OLD_HIGH_INCOME,729,729.0,250,250.0
57,SIAgent13,FEMALE_HIGH_INCOME,265,265.0,162,162.0
57,SIAgent14,FEMALE_HIGH_INCOME,397,397.0,130,130.0
57,SIAgent15,FEMALE_OLD,561,561.0,541,541.0
57,SIAgent16,FEMALE_LOW_INCOME,876,876.0,876,876.0
57,SIAgent17,FEMALE_YOUNG_HIGH_INCOME,51,51.0,43,43.0
58,WEAgent0,FEMALE_OLD_LOW_INCOME,1440,1440.0,594,594.0
58,SIAgent9,FEMALE_YOUNG_HIGH_INCOME,102,102.0,203,68.0
58,SIAgent7,FEMALE_YOUNG_LOW_INCOME,792,792.0,330,330.0
58,SIAgent8,OLD_HIGH_INCOME,243,243.0,243,243.0
58,SIAgent5,FEMALE_YOUNG_LOW_INCOME,1188,1188.0,319,319.0
58,SIAgent6,OLD_HIGH_INCOME,486,486.0,284,284.0
58,SIAgent3,FEMALE_LOW_INCOME,2628,2628.0,896,896.0
58,SIAgent4,FEMALE_YOUNG_HIGH_INCOME,51,51.0,51,51.0
58,SIAgent1,MALE_YOUNG_HIGH_INCOME,206,206.0,178,169.0
58,SIAgent2,MALE_OLD,520,520.0,1933,151.0
58,SIAgent10,FEMALE_YOUNG_LOW_INCOME,396,396.0,346,346.0
58,SIAgent0,OLD_HIGH_INCOME,729,729.0,274,274.0
58,SIAgent11,FEMALE_OLD_LOW_INCOME,960,960.0,626,626.0
58,SIAgent12,YOUNG_LOW_INCOME,2289,2289.0,1111,1023.0
58,SIAgent13,MALE_OLD_HIGH_INCOME,484,484.0,128,128.0
58,SIAgent14,MALE_YOUNG,941,941.0,941,941.0
58,SIAgent15,MALE_YOUNG_LOW_INCOME,367,367.0,367,367.0
58,SIAgent16,FEMALE_LOW_INCOME,2628,2628.0,911,911.0
58,SIAgent17,MALE_HIGH_INCOME,265,265.0,265,265.0
59,WEAgent0,MALE_LOW_INCOME,2178,2178.0,1210,1210.0
59,SIAgent9,FEMALE_OLD,1684,1684.0,875,875.0
59,SIAgent7,MALE_YOUNG_HIGH_INCOME,310,310.0,69,69.0
59,SIAgent8,MALE_YOUNG,470,470.0,470,470.0
59,SIAgent5,FEMALE_YOUNG_LOW_INCOME,396,396.0,396,396.0
59,SIAgent6,MALE_YOUNG,470,470.0,470,470.0
59,SIAgent3,MALE_HIGH_INCOME,795,795.0,213,213.0
59,SIAgent4,FEMALE_OLD,1123,1123.0,866,866.0
59,SIAgent1,MALE_HIGH_INCOME,265,265.0,220,220.0
59,SIAgent2,MALE_OLD_HIGH_INCOME,323,323.0,149,149.0
59,SIAgent10,FEMALE_HIGH_INCOME,265,265.0,265,265.0
59,SIAgent0,MALE_LOW_INCOME,2178,2178.0,1124,1124.0
59,SIAgent11,YOUNG_HIGH_INCOME,463,463.0,188,157.0
59,SIAgent12,MALE_OLD,520,520.0,520,520.0
59,SIAgent13,MALE_OLD_HIGH_INCOME,161,161.0,149,149.0
59,SIAgent14,MALE_YOUNG_HIGH_INCOME,206,206.0,79,79.0
59,SIAgent15,MALE_OLD_HIGH_INCOME,323,323.0,137,137.0
59,SIAgent16,FEMALE_LOW_INCOME,876,876.0,1736,876.0
59,SIAgent17,FEMALE_OLD_LOW_INCOME,480,480.0,480,480.0
60,WEAgent0,FEMALE_OLD,1684,1684.0,895,895.0
60,SIAgent9,MALE_YOUNG_LOW_INCOME,1101,1101.0,903,903.0
60,SIAgent7,FEMALE_YOUNG,447,447.0,447,447.0
60,SIAgent8,OLD_HIGH_INCOME,243,243.0,184,184.0
60,SIAgent5,YOUNG_HIGH_INCOME,463,463.0,279,279.0
60,SIAgent6,YOUNG_HIGH_INCOME,309,309.0,275,275.0
60,SIAgent3,FEMALE_OLD_LOW_INCOME,1440,1440.0,783,783.0
60,SIAgent4,FEMALE_OLD,1123,1123.0,835,835.0
60,SIAgent1,MALE_OLD,1561,1561.0,410,410.0
60,SIAgent2,OLD_HIGH_INCOME,729,729.0,178,178.0
60,SIAgent10,MALE_OLD,520,520.0,444,444.0
60,SIAgent0,MALE_OLD_LOW_INCOME,1077,1077.0,299,299.0
60,SIAgent11,YOUNG_LOW_INCOME,1526,1526.0,2494,1389.0
60,SIAgent12,OLD_HIGH_INCOME,243,243.0,184,184.0
60,SIAgent13,MALE_HIGH_INCOME,265,265.0,247,247.0
60,SIAgent14,MALE_OLD,520,520.0,426,426.0
60,SIAgent15,MALE_OLD_LOW_INCOME,718,718.0,292,292.0
60,SIAgent16,MALE_OLD_LOW_INCOME,718,718.0,305,305.0
60,SIAgent17,MALE_OLD_HIGH_INCOME,484,484.0,120,120.0
61,WEAgent0,FEMALE_HIGH_INCOME,265,265.0,0,0.0
61,SIAgent9,FEMALE_OLD_HIGH_INCOME,162,162.0,138,138.0
61,SIAgent7,MALE_LOW_INCOME,1452,1452.0,730,730.0
61,SIAgent8,MALE_HIGH_INCOME,265,265.0,265,265.0
61,SIAgent5,MALE_YOUNG_LOW_INCOME,1101,1101.0,361,361.0
61,SIAgent6,FEMALE_YOUNG,447,447.0,447,447.0
61,SIAgent3,MALE_HIGH_INCOME,265,265.0,291,265.0
61,SIAgent4,OLD_HIGH_INCOME,486,486.0,484,273.0
61,SIAgent1,MALE_LOW_INCOME,2178,2178.0,768,768.0
61,SIAgent2,FEMALE_OLD_HIGH_INCOME,244,244.0,109,109.0
61,SIAgent10,FEMALE_YOUNG_HIGH_INCOME,102,102.0,191,69.0
61,SIAgent0,FEMALE_LOW_INCOME,1752,1752.0,2709,1306.0
61,SIAgent11,MALE_OLD_LOW_INCOME,718,718.0,354,354.0
61,SIAgent12,MALE_LOW_INCOME,726,726.0,683,683.0
61,SIAgent13,MALE_OLD_HIGH_INCOME,161,161.0,161,161.0
61,SIAgent14,MALE_YOUNG_LOW_INCOME,734,734.0,382,382.0
61,SIAgent15,FEMALE_YOUNG_LOW_INCOME,1188,1188.0,800,800.0
61,SIAgent16,FEMALE_OLD,561,561.0,561,561.0
61,SIAgent17,MALE_OLD_LOW_INCOME,1077,1077.0,399,399.0
62,WEAgent0,FEMALE_OLD_HIGH_INCOME,244,244.0,0,0.0
62,SIAgent9,FEMALE_HIGH_INCOME,265,265.0,263,138.0
62,SIAgent7,MALE_HIGH_INCOME,265,265.0,265,265.0
62,SIAgent8,MALE_HIGH_INCOME,265,265.0,291,265.0
62,SIAgent5,YOUNG_LOW_INCOME,763,763.0,805,763.0
62,SIAgent6,FEMALE_YOUNG,447,447.0,447,447.0
62,SIAgent3,OLD_LOW_INCOME,839,839.0,839,839.0
62,SIAgent4,MALE_OLD_HIGH_INCOME,484,484.0,221,221.0
62,SIAgent1,FEMALE_OLD_HIGH_INCOME,81,81.0,76,76.0
62,SIAgent2,OLD_LOW_INCOME,1678,1678.0,881,881.0
62,SIAgent10,FEMALE_OLD_LOW_INCOME,1440,1440.0,407,407.0
62,SIAgent0,MALE_HIGH_INCOME,265,265.0,265,265.0
62,SIAgent11,FEMALE_YOUNG_HIGH_INCOME,51,51.0,51,51.0
62,SIAgent12,FEMALE_OLD,561,561.0,499,499.0
62,SIAgent13,FEMALE_OLD_HIGH_INCOME,162,162.0,73,73.0
62,SIAgent14,OLD_LOW_INCOME,2517,2517.0,850,850.0
62,SIAgent15,MALE_OLD,1561,1561.0,604,604.0
62,SIAgent16,MALE_YOUNG,470,470.0,490,470.0
62,SIAgent17,FEMALE_OLD,561,561.0,488,488.0
63,WEAgent0,MALE_YOUNG,470,470.0,258,258.0
63,SIAgent9,FEMALE_OLD_LOW_INCOME,1440,1440.0,371,371.0
63,SIAgent7,YOUNG_LOW_INCOME,763,763.0,669,669.0
63,SIAgent8,YOUNG_HIGH_INCOME,463,463.0,311,311.0
63,SIAgent5,FEMALE_HIGH_INCOME,265,265.0,197,197.0
63,SIAgent6,OLD_HIGH_INCOME,729,729.0,689,414.0
63,SIAgent3,MALE_LOW_INCOME,1452,1452.0,778,778.0
63,SIAgent4,OLD_LOW_INCOME,839,839.0,826,826.0
63,SIAgent1,MALE_LOW_INCOME,2178,2178.0,734,734.0
63,SIAgent2,FEMALE_YOUNG,894,894.0,379,379.0
63,SIAgent10,FEMALE_LOW_INCOME,1752,1752.0,819,819.0
63,SIAgent0,MALE_YOUNG_LOW_INCOME,367,367.0,363,363.0
63,SIAgent11,OLD_LOW_INCOME,839,839.0,744,744.0
63,SIAgent12,FEMALE_OLD,1123,1123.0,525,525.0
63,SIAgent13,FEMALE_LOW_INCOME,876,876.0,686,686.0
63,SIAgent14,FEMALE_YOUNG_HIGH_INCOME,102,102.0,70,70.0
63,SIAgent15,MALE_OLD,520,520.0,520,520.0
63,SIAgent16,FEMALE_YOUNG_LOW_INCOME,792,792.0,342,342.0
63,SIAgent17,YOUNG_LOW_INCOME,2289,2289.0,719,719.0
64,WEAgent0,FEMALE_YOUNG_HIGH_INCOME,102,102.0,30,30.0
64,SIAgent9,FEMALE_OLD_HIGH_INCOME,162,162.0,98,98.0
64,SIAgent7,YOUNG_HIGH_INCOME,309,309.0,136,136.0
64,SIAgent8,FEMALE_YOUNG,1341,1341.0,522,522.0
64,SIAgent5,MALE_HIGH_INCOME,265,265.0,265,265.0
64,SIAgent6,FEMALE_HIGH_INCOME,132,132.0,115,115.0
64,SIAgent3,FEMALE_YOUNG_HIGH_INCOME,153,153.0,25,25.0
64,SIAgent4,MALE_HIGH_INCOME,795,795.0,385,385.0
64,SIAgent1,YOUNG_HIGH_INCOME,309,309.0,146,146.0
64,SIAgent2,FEMALE_HIGH_INCOME,265,265.0,104,104.0
64,SIAgent10,YOUNG_HIGH_INCOME,463,463.0,137,137.0
64,SIAgent0,FEMALE_LOW_INCOME,2628,2628.0,1169,1169.0
64,SIAgent11,OLD_HIGH_INCOME,729,729.0,343,343.0
64,SIAgent12,FEMALE_LOW_INCOME,1752,1752.0,1101,1101.0
64,SIAgent13,FEMALE_HIGH_INCOME,132,132.0,132,132.0
64,SIAgent14,OLD_LOW_INCOME,1678,1678.0,2036,1073.0
64,SIAgent15,FEMALE_OLD_LOW_INCOME,480,480.0,480,480.0
64,SIAgent16,MALE_OLD,520,520.0,520,520.0
64,SIAgent17,YOUNG_LOW_INCOME,2289,2289.0,2256,496.0
65,WEAgent0,YOUNG_HIGH_INCOME,309,309.0,161,161.0
65,SIAgent9,YOUNG_LOW_INCOME,1526,1526.0,602,602.0
65,SIAgent7,FEMALE_YOUNG_LOW_INCOME,1188,1188.0,214,214.0
65,SIAgent8,FEMALE_YOUNG_LOW_INCOME,1188,1188.0,214,214.0
65,SIAgent5,FEMALE_YOUNG,894,894.0,259,259.0
65,SIAgent6,FEMALE_YOUNG,1341,1341.0,235,235.0
65,SIAgent3,MALE_YOUNG_HIGH_INCOME,310,310.0,151,151.0
65,SIAgent4,MALE_HIGH_INCOME,795,795.0,422,422.0
65,SIAgent1,MALE_YOUNG_LOW_INCOME,367,367.0,367,367.0
65,SIAgent2,FEMALE_LOW_INCOME,1752,1752.0,1375,1375.0
65,SIAgent10,FEMALE_YOUNG_HIGH_INCOME,102,102.0,34,34.0
65,SIAgent0,MALE_OLD_HIGH_INCOME,484,484.0,284,284.0
65,SIAgent11,FEMALE_YOUNG_HIGH_INCOME,51,51.0,51,51.0
65,SIAgent12,FEMALE_HIGH_INCOME,265,265.0,479,46.0
65,SIAgent13,FEMALE_LOW_INCOME,2628,2628.0,1390,1390.0
65,SIAgent14,YOUNG_LOW_INCOME,763,763.0,630,630.0
65,SIAgent15,MALE_YOUNG,1411,1411.0,531,531.0
65,SIAgent16,MALE_OLD,1561,1561.0,2045,265.0
65,SIAgent17,YOUNG_LOW_INCOME,2289,2289.0,556,556.0
66,WEAgent0,FEMALE_OLD_HIGH_INCOME,81,81.0,81,81.0
66,SIAgent9,FEMALE_YOUNG_LOW_INCOME,1188,1188.0,388,388.0
66,SIAgent7,OLD_HIGH_INCOME,729,729.0,400,400.0
66,SIAgent8,FEMALE_OLD_HIGH_INCOME,244,244.0,77,77.0
66,SIAgent5,MALE_HIGH_INCOME,795,795.0,579,559.0
66,SIAgent6,FEMALE_OLD_LOW_INCOME,480,480.0,480,480.0
66,SIAgent3,MALE_OLD,520,520.0,520,520.0
66,SIAgent4,YOUNG_LOW_INCOME,1526,1526.0,1159,1114.0
66,SIAgent1,FEMALE_YOUNG_HIGH_INCOME,102,102.0,59,59.0
66,SIAgent2,MALE_OLD_LOW_INCOME,359,359.0,359,359.0
66,SIAgent10,FEMALE_LOW_INCOME,1752,1752.0,2334,898.0
66,SIAgent0,FEMALE_YOUNG_HIGH_INCOME,51,51.0,51,51.0
66,SIAgent11,FEMALE_OLD_HIGH_INCOME,81,81.0,81,81.0
66,SIAgent12,MALE_YOUNG,941,941.0,941,941.0
66,SIAgent13,FEMALE_YOUNG,894,894.0,445,445.0
66,SIAgent14,FEMALE_HIGH_INCOME,265,265.0,137,137.0
66,SIAgent15,MALE_OLD_LOW_INCOME,359,359.0,1095,346.0
66,SIAgent16,MALE_YOUNG_LOW_INCOME,367,367.0,367,367.0
66,SIAgent17,FEMALE_YOUNG,447,447.0,447,447.0
67,WEAgent0,MALE_HIGH_INCOME,795,795.0,324,324.0
67,SIAgent9,MALE_YOUNG_LOW_INCOME,1101,1101.0,523,523.0
67,SIAgent7,MALE_OLD_HIGH_INCOME,484,484.0,159,159.0
67,SIAgent8,FEMALE_YOUNG_HIGH_INCOME,102,102.0,57,57.0
67,SIAgent5,MALE_OLD_LOW_INCOME,718,718.0,666,666.0
67,SIAgent6,FEMALE_OLD,561,561.0,561,561.0
67,SIAgent3,MALE_OLD_HIGH_INCOME,161,161.0,143,143.0
67,SIAgent4,FEMALE_YOUNG,894,894.0,571,571.0
67,SIAgent1,FEMALE_YOUNG_LOW_INCOME,396,396.0,396,396.0
67,SIAgent2,FEMALE_LOW_INCOME,2628,2628.0,2038,1016.0
67,SIAgent10,MALE_HIGH_INCOME,265,265.0,265,265.0
67,SIAgent0,FEMALE_HIGH_INCOME,397,397.0,387,187.0
67,SIAgent11,MALE_LOW_INCOME,726,726.0,726,726.0
67,SIAgent12,YOUNG_LOW_INCOME,2289,2289.0,988,988.0
67,SIAgent13,YOUNG_HIGH_INCOME,463,463.0,257,257.0
67,SIAgent14,MALE_OLD_HIGH_INCOME,161,161.0,136,136.0
67,SIAgent15,MALE_OLD_HIGH_INCOME,161,161.0,125,125.0
67,SIAgent16,MALE_LOW_INCOME,1452,1452.0,1198,1198.0
67,SIAgent17,FEMALE_OLD_LOW_INCOME,480,480.0,480,480.0
68,WEAgent0,MALE_OLD_LOW_INCOME,1077,1077.0,454,454.0
68,SIAgent9,FEMALE_LOW_INCOME,2628,2628.0,1389,1389.0
68,SIAgent7,FEMALE_OLD,1684,1684.0,1281,1062.0
68,SIAgent8,YOUNG_LOW_INCOME,763,763.0,763,763.0
68,SIAgent5,MALE_OLD,1041,1041.0,660,660.0
68,SIAgent6,MALE_OLD_HIGH_INCOME,323,323.0,187,187.0
68,SIAgent3,FEMALE_YOUNG_LOW_INCOME,1188,1188.0,406,406.0
68,SIAgent4,YOUNG_LOW_INCOME,763,763.0,763,763.0
68,SIAgent1,MALE_OLD_LOW_INCOME,1077,1077.0,484,484.0
68,SIAgent2,MALE_YOUNG,941,941.0,672,672.0
68,SIAgent10,MALE_YOUNG_LOW_INCOME,1101,1101.0,474,474.0
68,SIAgent0,FEMALE_YOUNG_LOW_INCOME,792,792.0,400,400.0
68,SIAgent11,MALE_HIGH_INCOME,530,530.0,313,313.0
68,SIAgent12,FEMALE_HIGH_INCOME,132,132.0,132,132.0
68,SIAgent13,MALE_OLD,520,520.0,520,520.0
68,SIAgent14,YOUNG_HIGH_INCOME,309,309.0,357,221.0
68,SIAgent15,MALE_YOUNG_HIGH_INCOME,103,103.0,103,103.0
68,SIAgent16,MALE_OLD_HIGH_INCOME,484,484.0,162,162.0
68,SIAgent17,FEMALE_OLD_LOW_INCOME,480,480.0,480,480.0
69,WEAgent0,FEMALE_OLD_HIGH_INCOME,162,162.0,0,0.0
69,SIAgent9,FEMALE_OLD_HIGH_INCOME,81,81.0,48,48.0
69,SIAgent7,FEMALE_OLD_HIGH_INCOME,244,244.0,45,45.0
69,SIAgent8,FEMALE_HIGH_INCOME,132,132.0,127,127.0
69,SIAgent5,MALE_OLD,1041,1041.0,650,650.0
69,SIAgent6,FEMALE_OLD_HIGH_INCOME,244,244.0,58,58.0
69,SIAgent3,OLD_HIGH_INCOME,243,243.0,174,174.0
69,SIAgent4,MALE_OLD_HIGH_INCOME,484,484.0,104,104.0
69,SIAgent1,OLD_HIGH_INCOME,486,486.0,174,174.0
69,SIAgent2,MALE_OLD_HIGH_INCOME,484,484.0,106,106.0
69,SIAgent10,MALE_OLD,1041,1041.0,758,758.0
69,SIAgent0,YOUNG_HIGH_INCOME,309,309.0,309,309.0
69,SIAgent11,MALE_YOUNG,470,470.0,2141,234.0
69,SIAgent12,FEMALE_OLD_HIGH_INCOME,81,81.0,53,53.0
69,SIAgent13,FEMALE_YOUNG_LOW_INCOME,396,396.0,1602,351.0
69,SIAgent14,FEMALE_YOUNG_LOW_INCOME,396,396.0,396,396.0
69,SIAgent15,MALE_OLD_HIGH_INCOME,161,161.0,112,112.0
69,SIAgent16,FEMALE_HIGH_INCOME,397,397.0,159,159.0
69,SIAgent17,OLD_LOW_INCOME,2517,2517.0,2984,620.0
70,WEAgent0,FEMALE_OLD,561,561.0,0,0.0
70,SIAgent9,MALE_LOW_INCOME,2178,2178.0,1939,1335.0
70,SIAgent7,YOUNG_HIGH_INCOME,463,463.0,143,143.0
70,SIAgent8,OLD_HIGH_INCOME,729,729.0,363,363.0
70,SIAgent5,FEMALE_YOUNG,1341,1341.0,627,627.0
70,SIAgent6,YOUNG_LOW_INCOME,763,763.0,763,763.0
70,SIAgent3,MALE_HIGH_INCOME,265,265.0,265,265.0
70,SIAgent4,FEMALE_YOUNG,1341,1341.0,548,548.0
70,SIAgent1,YOUNG_HIGH_INCOME,463,463.0,148,148.0
70,SIAgent2,MALE_YOUNG_LOW_INCOME,367,367.0,367,367.0
70,SIAgent10,FEMALE_YOUNG_HIGH_INCOME,102,102.0,39,39.0
70,SIAgent0,FEMALE_HIGH_INCOME,265,265.0,193,193.0
70,SIAgent11,FEMALE_OLD_LOW_INCOME,1440,1440.0,1179,1179.0
70,SIAgent12,YOUNG_HIGH_INCOME,463,463.0,147,147.0
70,SIAgent13,MALE_OLD_HIGH_INCOME,323,323.0,195,195.0
70,SIAgent14,MALE_YOUNG_HIGH_INCOME,310,310.0,95,95.0
70,SIAgent15,FEMALE_OLD_HIGH_INCOME,162,162.0,130,130.0
70,SIAgent16,FEMALE_LOW_INCOME,2628,2628.0,1767,1767.0
70,SIAgent17,MALE_OLD,1561,1561.0,1092,1092.0
71,WEAgent0,YOUNG_LOW_INCOME,763,763.0,655,655.0
71,SIAgent9,FEMALE_OLD_LOW_INCOME,480,480.0,480,480.0
71,SIAgent7,FEMALE_HIGH_INCOME,132,132.0,132,132.0
71,SIAgent8,OLD_LOW_INCOME,839,839.0,839,839.0
71,SIAgent5,MALE_OLD_LOW_INCOME,718,718.0,276,276.0
71,SIAgent6,FEMALE_OLD_HIGH_INCOME,81,81.0,81,81.0
71,SIAgent3,MALE_OLD,1561,1561.0,480,480.0
71,SIAgent4,FEMALE_OLD,1123,1123.0,738,738.0
71,SIAgent1,MALE_YOUNG_HIGH_INCOME,103,103.0,103,103.0
71,SIAgent2,YOUNG_HIGH_INCOME,463,463.0,224,224.0
71,SIAgent10,MALE_LOW_INCOME,726,726.0,726,726.0
71,SIAgent0,MALE_OLD,520,520.0,448,448.0
71,SIAgent11,MALE_YOUNG_LOW_INCOME,734,734.0,634,634.0
71,SIAgent12,OLD_LOW_INCOME,1678,1678.0,958,958.0
71,SIAgent13,MALE_HIGH_INCOME,795,795.0,311,311.0
71,SIAgent14,YOUNG_HIGH_INCOME,309,309.0,230,230.0
71,SIAgent15,MALE_OLD_LOW_INCOME,1077,1077.0,265,265.0
71,SIAgent16,OLD_HIGH_INCOME,486,486.0,286,286.0
71,SIAgent17,FEMALE_OLD_HIGH_INCOME,81,81.0,81,81.0
72,WEAgent0,FEMALE_YOUNG_HIGH_INCOME,153,153.0,0,0.0
72,SIAgent9,MALE_YOUNG_HIGH_INCOME,310,310.0,63,63.0
72,SIAgent7,MALE_OLD,1041,1041.0,931,931.0
72,SIAgent8,YOUNG_HIGH_INCOME,154,154.0,154,154.0
72,SIAgent5,FEMALE_YOUNG,447,447.0,447,447.0
72,SIAgent6,FEMALE_OLD_HIGH_INCOME,81,81.0,392,0.0
72,SIAgent3,FEMALE_YOUNG_HIGH_INCOME,153,153.0,129,80.0
72,SIAgent4,MALE_OLD_HIGH_INCOME,323,323.0,114,114.0
72,SIAgent1,MALE_HIGH_INCOME,265,265.0,165,165.0
72,SIAgent2,MALE_OLD_HIGH_INCOME,484,484.0,90,90.0
72,SIAgent10,MALE_LOW_INCOME,2178,2178.0,1878,1878.0
72,SIAgent0,YOUNG_LOW_INCOME,2289,2289.0,2477,1331.0
72,SIAgent11,MALE_HIGH_INCOME,795,795.0,154,154.0
72,SIAgent12,MALE_HIGH_INCOME,795,795.0,173,173.0
72,SIAgent13,MALE_HIGH_INCOME,530,530.0,166,166.0
72,SIAgent14,MALE_HIGH_INCOME,795,795.0,179,179.0
72,SIAgent15,MALE_YOUNG_HIGH_INCOME,206,206.0,64,64.0
72,SIAgent16,FEMALE_OLD_LOW_INCOME,1440,1440.0,1464,937.0
72,SIAgent17,FEMALE_OLD_LOW_INCOME,960,960.0,960,960.0
73,WEAgent0,FEMALE_LOW_INCOME,2628,2628.0,1058,1058.0
73,SIAgent9,YOUNG_HIGH_INCOME,154,154.0,154,154.0
73,SIAgent7,MALE_HIGH_INCOME,265,265.0,265,265.0
73,SIAgent8,MALE_OLD,520,520.0,412,412.0
73,SIAgent5,OLD_LOW_INCOME,839,839.0,838,838.0
73,SIAgent6,MALE_LOW_INCOME,1452,1452.0,669,669.0
73,SIAgent3,FEMALE_OLD_LOW_INCOME,960,960.0,590,590.0
73,SIAgent4,MALE_OLD,1041,1041.0,374,374.0
73,SIAgent1,FEMALE_YOUNG_LOW_INCOME,792,792.0,513,513.0
73,SIAgent2,MALE_OLD_LOW_INCOME,718,718.0,240,240.0
73,SIAgent10,OLD_HIGH_INCOME,243,243.0,599,167.0
73,SIAgent0,FEMALE_YOUNG,894,894.0,621,621.0
73,SIAgent11,MALE_OLD,520,520.0,392,392.0
73,SIAgent12,FEMALE_YOUNG_HIGH_INCOME,102,102.0,101,101.0
73,SIAgent13,YOUNG_LOW_INCOME,2289,2289.0,1009,1009.0
73,SIAgent14,OLD_LOW_INCOME,2517,2517.0,790,790.0
73,SIAgent15,MALE_OLD_LOW_INCOME,1077,1077.0,236,236.0
73,SIAgent16,MALE_YOUNG,941,941.0,669,596.0
73,SIAgent17,MALE_YOUNG,470,470.0,470,470.0
74,WEAgent0,FEMALE_YOUNG,447,447.0,447,447.0
74,SIAgent9,YOUNG_HIGH_INCOME,154,154.0,154,154.0
74,SIAgent7,OLD_LOW_INCOME,839,839.0,839,839.0
74,SIAgent8,MALE_OLD,1041,1041.0,609,609.0
74,SIAgent5,OLD_HIGH_INCOME,486,486.0,381,381.0
74,SIAgent6,FEMALE_YOUNG_HIGH_INCOME,153,153.0,81,81.0
74,SIAgent3,MALE_YOUNG,941,941.0,618,618.0
74,SIAgent4,MALE_YOUNG_LOW_INCOME,1101,1101.0,454,454.0
74,SIAgent1,FEMALE_OLD_LOW_INCOME,1440,1440.0,1207,667.0
74,SIAgent2,MALE_OLD,1561,1561.0,601,601.0
74,SIAgent10,FEMALE_YOUNG_HIGH_INCOME,51,51.0,51,51.0
74,SIAgent0,FEMALE_YOUNG_HIGH_INCOME,102,102.0,79,79.0
74,SIAgent11,YOUNG_LOW_INCOME,2289,2289.0,1999,832.0
74,SIAgent12,FEMALE_OLD_HIGH_INCOME,244,244.0,146,146.0
74,SIAgent13,MALE_LOW_INCOME,1452,1452.0,821,821.0
74,SIAgent14,FEMALE_OLD_HIGH_INCOME,244,244.0,154,154.0
74,SIAgent15,MALE_OLD_LOW_INCOME,359,359.0,321,321.0
74,SIAgent16,OLD_LOW_INCOME,839,839.0,839,839.0
74,SIAgent17,MALE_YOUNG_HIGH_INCOME,310,310.0,199,199.0
75,WEAgent0,MALE_YOUNG_LOW_INCOME,1101,1101.0,602,602.0
75,SIAgent9,FEMALE_YOUNG,894,894.0,843,843.0
75,SIAgent7,MALE_OLD,520,520.0,520,520.0
75,SIAgent8,MALE_OLD,1041,1041.0,594,594.0
75,SIAgent5,MALE_OLD_HIGH_INCOME,323,323.0,109,109.0
75,SIAgent6,MALE_YOUNG_HIGH_INCOME,310,310.0,135,135.0
75,SIAgent3,FEMALE_OLD,561,561.0,2635,170.0
75,SIAgent4,MALE_HIGH_INCOME,530,530.0,287,287.0
75,SIAgent1,MALE_YOUNG_LOW_INCOME,1101,1101.0,614,614.0
75,SIAgent2,FEMALE_YOUNG_HIGH_INCOME,153,153.0,58,58.0
75,SIAgent10,FEMALE_OLD_HIGH_INCOME,81,81.0,81,81.0
75,SIAgent0,MALE_YOUNG_HIGH_INCOME,103,103.0,103,103.0
75,SIAgent11,MALE_YOUNG_LOW_INCOME,734,734.0,657,657.0
75,SIAgent12,OLD_HIGH_INCOME,486,486.0,285,285.0
75,SIAgent13,YOUNG_HIGH_INCOME,309,309.0,205,205.0
75,SIAgent14,MALE_OLD,1561,1561.0,573,573.0
75,SIAgent15,FEMALE_YOUNG,447,447.0,447,447.0
75,SIAgent16,FEMALE_YOUNG,894,894.0,801,801.0
75,SIAgent17,MALE_OLD_LOW_INCOME,1077,1077.0,451,451.0
76,WEAgent0,FEMALE_LOW_INCOME,2628,2628.0,1294,1294.0
76,SIAgent9,MALE_OLD_HIGH_INCOME,484,484.0,133,133.0
76,SIAgent7,MALE_YOUNG_LOW_INCOME,367,367.0,367,367.0
76,SIAgent8,FEMALE_LOW_INCOME,1752,1752.0,1308,1308.0
76,SIAgent5,MALE_YOUNG_HIGH_INCOME,103,103.0,103,103.0
76,SIAgent6,FEMALE_OLD,561,561.0,561,561.0
76,SIAgent3,MALE_OLD_HIGH_INCOME,323,323.0,168,168.0
76,SIAgent4,MALE_OLD,1041,1041.0,637,637.0
76,SIAgent1,YOUNG_HIGH_INCOME,154,154.0,154,154.0
76,SIAgent2,FEMALE_HIGH_INCOME,397,397.0,234,234.0
76,SIAgent10,OLD_LOW_INCOME,1678,1678.0,1023,1023.0
76,SIAgent0,YOUNG_HIGH_INCOME,309,309.0,412,210.0
76,SIAgent11,FEMALE_YOUNG_LOW_INCOME,396,396.0,396,396.0
76,SIAgent12,MALE_OLD_LOW_INCOME,718,718.0,402,402.0
76,SIAgent13,OLD_HIGH_INCOME,243,243.0,243,243.0
76,SIAgent14,MALE_YOUNG_LOW_INCOME,1101,1101.0,1061,415.0
76,SIAgent15,MALE_OLD,1561,1561.0,648,648.0
76,SIAgent16,FEMALE_OLD_HIGH_INCOME,162,162.0,93,93.0
76,SIAgent17,YOUNG_LOW_INCOME,763,763.0,763,763.0
77,WEAgent0,FEMALE_OLD_LOW_INCOME,960,960.0,671,671.0
77,SIAgent9,FEMALE_OLD,561,561.0,561,561.0
77,SIAgent7,FEMALE_YOUNG_LOW_INCOME,792,792.0,376,376.0
77,SIAgent8,MALE_OLD_HIGH_INCOME,323,323.0,291,291.0
77,SIAgent5,FEMALE_YOUNG_LOW_INCOME,396,396.0,396,396.0
77,SIAgent6,FEMALE_OLD_HIGH_INCOME,244,244.0,131,131.0
77,SIAgent3,FEMALE_YOUNG_HIGH_INCOME,153,153.0,50,50.0
77,SIAgent4,FEMALE_YOUNG,894,894.0,445,445.0
77,SIAgent1,FEMALE_OLD_LOW_INCOME,960,960.0,606,606.0
77,SIAgent2,FEMALE_LOW_INCOME,1752,1752.0,1050,1050.0
77,SIAgent10,YOUNG_LOW_INCOME,1526,1526.0,2269,400.0
77,SIAgent0,MALE_OLD_HIGH_INCOME,323,323.0,277,277.0
77,SIAgent11,YOUNG_HIGH_INCOME,154,154.0,154,154.0
77,SIAgent12,FEMALE_YOUNG_HIGH_INCOME,51,51.0,43,43.0
77,SIAgent13,MALE_OLD_LOW_INCOME,1077,1077.0,1426,356.0
77,SIAgent14,MALE_OLD_LOW_INCOME,359,359.0,359,359.0
77,SIAgent15,YOUNG_HIGH_INCOME,309,309.0,425,191.0
77,SIAgent16,MALE_OLD_HIGH_INCOME,484,484.0,271,271.0
77,SIAgent17,FEMALE_HIGH_INCOME,397,397.0,199,199.0
78,WEAgent0,MALE_OLD_LOW_INCOME,718,718.0,0,0.0
78,SIAgent9,FEMALE_OLD,1123,1123.0,608,608.0
78,SIAgent7,MALE_HIGH_INCOME,795,795.0,412,412.0
78,SIAgent8,MALE_OLD_HIGH_INCOME,484,484.0,221,221.0
78,SIAgent5,FEMALE_HIGH_INCOME,397,397.0,118,118.0
78,SIAgent6,MALE_HIGH_INCOME,530,530.0,412,412.0
78,SIAgent3,FEMALE_OLD_HIGH_INCOME,244,244.0,34,34.0
78,SIAgent4,MALE_HIGH_INCOME,265,265.0,265,265.0
78,SIAgent1,FEMALE_LOW_INCOME,1752,1752.0,2091,981.0
78,SIAgent2,FEMALE_YOUNG_HIGH_INCOME,153,153.0,61,61.0
78,SIAgent10,FEMALE_OLD,561,561.0,561,561.0
78,SIAgent0,FEMALE_OLD_HIGH_INCOME,244,244.0,47,47.0
78,SIAgent11,FEMALE_HIGH_INCOME,265,265.0,101,101.0
78,SIAgent12,FEMALE_OLD,1684,1684.0,546,546.0
78,SIAgent13,FEMALE_HIGH_INCOME,265,265.0,109,109.0
78,SIAgent14,FEMALE_OLD_HIGH_INCOME,162,162.0,57,57.0
78,SIAgent15,FEMALE_YOUNG,447,447.0,447,447.0
78,SIAgent16,OLD_LOW_INCOME,839,839.0,839,839.0
78,SIAgent17,MALE_LOW_INCOME,2178,2178.0,3071,551.0
79,WEAgent0,FEMALE_LOW_INCOME,2628,2628.0,1058,1058.0
79,SIAgent9,MALE_LOW_INCOME,1452,1452.0,1052,1052.0
79,SIAgent7,MALE_LOW_INCOME,726,726.0,726,726.0
79,SIAgent8,FEMALE_OLD_LOW_INCOME,960,960.0,561,561.0
79,SIAgent5,FEMALE_OLD_LOW_INCOME,1440,1440.0,604,604.0
79,SIAgent6,FEMALE_YOUNG_LOW_INCOME,1188,1188.0,409,409.0
79,SIAgent3,FEMALE_HIGH_INCOME,265,265.0,223,221.0
79,SIAgent4,FEMALE_OLD_LOW_INCOME,1440,1440.0,605,605.0
79,SIAgent1,YOUNG_HIGH_INCOME,154,154.0,154,154.0
79,SIAgent2,FEMALE_YOUNG_LOW_INCOME,1188,1188.0,412,412.0
79,SIAgent10,FEMALE_HIGH_INCOME,265,265.0,265,265.0
79,SIAgent0,MALE_OLD_HIGH_INCOME,323,323.0,323,323.0
79,SIAgent11,FEMALE_YOUNG_LOW_INCOME,1188,1188.0,376,376.0
79,SIAgent12,MALE_OLD,1041,1041.0,1085,1002.0
79,SIAgent13,YOUNG_LOW_INCOME,763,763.0,763,763.0
79,SIAgent14,FEMALE_OLD_HIGH_INCOME,81,81.0,81,81.0
79,SIAgent15,FEMALE_YOUNG_HIGH_INCOME,153,153.0,65,65.0
79,SIAgent16,MALE_YOUNG_LOW_INCOME,734,734.0,367,367.0
79,SIAgent17,MALE_YOUNG,1411,1411.0,871,522.0
80,WEAgent0,MALE_YOUNG_HIGH_INCOME,206,206.0,0,0.0
80,SIAgent9,MALE_YOUNG_LOW_INCOME,734,734.0,587,587.0
80,SIAgent7,FEMALE_YOUNG_HIGH_INCOME,153,153.0,51,51.0
80,SIAgent8,YOUNG_HIGH_INCOME,154,154.0,154,154.0
80,SIAgent5,MALE_YOUNG_HIGH_INCOME,103,103.0,103,103.0
80,SIAgent6,FEMALE_OLD_HIGH_INCOME,81,81.0,81,81.0
80,SIAgent3,YOUNG_LOW_INCOME,1526,1526.0,1314,1314.0
80,SIAgent4,FEMALE_YOUNG_HIGH_INCOME,153,153.0,51,51.0
80,SIAgent1,MALE_YOUNG_LOW_INCOME,367,367.0,367,367.0
80,SIAgent2,MALE_HIGH_INCOME,530,530.0,1126,120.0
80,SIAgent10,FEMALE_OLD,561,561.0,561,561.0
80,SIAgent0,OLD_LOW_INCOME,1678,1678.0,2472,1052.0
80,SIAgent11,FEMALE_HIGH_INCOME,132,132.0,132,132.0
80,SIAgent12,FEMALE_HIGH_INCOME,397,397.0,139,139.0
80,SIAgent13,FEMALE_YOUNG,894,894.0,798,798.0
80,SIAgent14,MALE_OLD_LOW_INCOME,359,359.0,359,359.0
80,SIAgent15,MALE_LOW_INCOME,726,726.0,726,726.0
80,SIAgent16,FEMALE_LOW_INCOME,876,876.0,876,876.0
80,SIAgent17,FEMALE_OLD_HIGH_INCOME,244,244.0,103,103.0
81,WEAgent0,OLD_LOW_INCOME,1678,1678.0,541,541.0
81,SIAgent9,MALE_YOUNG,941,941.0,457,457.0
81,SIAgent7,FEMALE_HIGH_INCOME,397,397.0,144,144.0
81,SIAgent8,MALE_LOW_INCOME,2178,2178.0,671,671.0
81,SIAgent5,OLD_LOW_INCOME,2517,2517.0,808,808.0
81,SIAgent6,MALE_YOUNG_LOW_INCOME,734,734.0,289,289.0
81,SIAgent3,MALE_OLD_LOW_INCOME,1077,1077.0,379,379.0
81,SIAgent4,FEMALE_OLD,1123,1123.0,573,573.0
81,SIAgent1,FEMALE_YOUNG,1341,1341.0,1935,49.0
81,SIAgent2,YOUNG_HIGH_INCOME,463,463.0,189,189.0
81,SIAgent10,OLD_HIGH_INCOME,729,729.0,945,117.0
81,SIAgent0,YOUNG_HIGH_INCOME,463,463.0,165,165.0
81,SIAgent11,MALE_LOW_INCOME,1452,1452.0,666,666.0
81,SIAgent12,FEMALE_OLD,1123,1123.0,575,575.0
81,SIAgent13,FEMALE_OLD_LOW_INCOME,960,960.0,463,463.0
81,SIAgent14,FEMALE_YOUNG_HIGH_INCOME,51,51.0,36,36.0
81,SIAgent15,MALE_LOW_INCOME,2178,2178.0,670,670.0
81,SIAgent16,MALE_YOUNG_LOW_INCOME,1101,1101.0,326,326.0
81,SIAgent17,YOUNG_HIGH_INCOME,309,309.0,168,168.0
82,WEAgent0,MALE_YOUNG,941,941.0,798,798.0
82,SIAgent9,FEMALE_YOUNG_LOW_INCOME,396,396.0,396,396.0
82,SIAgent7,OLD_LOW_INCOME,839,839.0,839,839.0
82,SIAgent8,OLD_HIGH_INCOME,486,486.0,356,356.0
82,SIAgent5,MALE_HIGH_INCOME,795,795.0,267,267.0
82,SIAgent6,YOUNG_HIGH_INCOME,154,154.0,154,154.0
82,SIAgent3,MALE_OLD_LOW_INCOME,718,718.0,305,305.0
82,SIAgent4,MALE_OLD_LOW_INCOME,359,359.0,283,283.0
82,SIAgent1,YOUNG_HIGH_INCOME,309,309.0,195,195.0
82,SIAgent2,MALE_OLD_LOW_INCOME,718,718.0,271,271.0
82,SIAgent10,MALE_OLD,1561,1561.0,428,428.0
82,SIAgent0,MALE_LOW_INCOME,726,726.0,726,726.0
82,SIAgent11,FEMALE_YOUNG_HIGH_INCOME,153,153.0,90,90.0
82,SIAgent12,MALE_YOUNG_LOW_INCOME,1101,1101.0,657,657.0
82,SIAgent13,FEMALE_YOUNG_LOW_INCOME,396,396.0,396,396.0
82,SIAgent14,MALE_OLD,520,520.0,424,424.0
82,SIAgent15,FEMALE_YOUNG_LOW_INCOME,792,792.0,1165,419.0
82,SIAgent16,FEMALE_OLD,1123,1123.0,1984,874.0
82,SIAgent17,MALE_HIGH_INCOME,795,795.0,266,266.0
83,WEAgent0,FEMALE_OLD,1684,1684.0,1684,1684.0
83,SIAgent9,FEMALE_LOW_INCOME,2628,2628.0,608,608.0
83,SIAgent7,FEMALE_OLD_LOW_INCOME,960,960.0,181,181.0
83,SIAgent8,OLD_HIGH_INCOME,729,729.0,453,372.0
83,SIAgent5,FEMALE_HIGH_INCOME,265,265.0,265,265.0
83,SIAgent6,MALE_HIGH_INCOME,795,795.0,325,325.0
83,SIAgent3,MALE_OLD_LOW_INCOME,718,718.0,360,360.0
83,SIAgent4,MALE_OLD,1561,1561.0,567,567.0
83,SIAgent1,MALE_OLD,1561,1561.0,558,558.0
83,SIAgent2,MALE_OLD_LOW_INCOME,359,359.0,350,350.0
83,SIAgent10,MALE_YOUNG_HIGH_INCOME,310,310.0,114,114.0
83,SIAgent0,YOUNG_HIGH_INCOME,309,309.0,262,208.0
83,SIAgent11,FEMALE_LOW_INCOME,2628,2628.0,593,593.0
83,SIAgent12,MALE_YOUNG,941,941.0,806,806.0
83,SIAgent13,MALE_LOW_INCOME,1452,1452.0,1004,1004.0
83,SIAgent14,MALE_YOUNG,470,470.0,470,470.0
83,SIAgent15,FEMALE_YOUNG_LOW_INCOME,792,792.0,428,428.0
83,SIAgent16,FEMALE_LOW_INCOME,876,876.0,576,576.0
83,SIAgent17,FEMALE_YOUNG_LOW_INCOME,396,396.0,396,396.0
84,WEAgent0,MALE_LOW_INCOME,2178,2178.0,668,668.0
84,SIAgent9,MALE_LOW_INCOME,2178,2178.0,685,685.0
84,SIAgent7,OLD_HIGH_INCOME,729,729.0,461,368.0
84,SIAgent8,OLD_LOW_INCOME,839,839.0,691,691.0
84,SIAgent5,MALE_LOW_INCOME,1452,1452.0,718,718.0
84,SIAgent6,OLD_LOW_INCOME,839,839.0,686,686.0
84,SIAgent3,MALE_OLD_LOW_INCOME,359,359.0,230,230.0
84,SIAgent4,MALE_OLD,520,520.0,428,428.0
84,SIAgent1,MALE_YOUNG,1411,1411.0,775,675.0
84,SIAgent2,FEMALE_YOUNG,1341,1341.0,741,741.0
84,SIAgent10,MALE_OLD_HIGH_INCOME,323,323.0,194,194.0
84,SIAgent0,FEMALE_YOUNG_HIGH_INCOME,153,153.0,79,79.0
84,SIAgent11,FEMALE_OLD,561,561.0,561,561.0
84,SIAgent12,FEMALE_OLD_LOW_INCOME,960,960.0,541,541.0
84,SIAgent13,FEMALE_LOW_INCOME,1752,1752.0,1128,1128.0
84,SIAgent14,FEMALE_YOUNG_LOW_INCOME,1188,1188.0,697,697.0
84,SIAgent15,MALE_YOUNG_HIGH_INCOME,206,206.0,206,206.0
84,SIAgent16,FEMALE_YOUNG_HIGH_INCOME,153,153.0,87,87.0
84,SIAgent17,MALE_OLD,520,520.0,424,424.0
85,WEAgent0,MALE_OLD_HIGH_INCOME,323,323.0,0,0.0
85,SIAgent9,FEMALE_YOUNG,894,894.0,599,599.0
85,SIAgent7,OLD_HIGH_INCOME,729,729.0,269,269.0
85,SIAgent8,MALE_OLD,520,520.0,520,520.0
85,SIAgent5,YOUNG_HIGH_INCOME,309,309.0,211,211.0
85,SIAgent6,YOUNG_LOW_INCOME,763,763.0,763,763.0
85,SIAgent3,MALE_YOUNG_HIGH_INCOME,103,103.0,103,103.0
85,SIAgent4,MALE_LOW_INCOME,726,726.0,726,726.0
85,SIAgent1,MALE_HIGH_INCOME,795,795.0,319,319.0
85,SIAgent2,MALE_OLD_LOW_INCOME,359,359.0,359,359.0
85,SIAgent10,FEMALE_HIGH_INCOME,265,265.0,173,173.0
85,SIAgent0,FEMALE_OLD_HIGH_INCOME,162,162.0,94,94.0
85,SIAgent11,OLD_HIGH_INCOME,729,729.0,261,261.0
85,SIAgent12,FEMALE_LOW_INCOME,1752,1752.0,1752,1752.0
85,SIAgent13,MALE_HIGH_INCOME,265,265.0,265,265.0
85,SIAgent14,MALE_YOUNG_LOW_INCOME,734,734.0,701,407.0
85,SIAgent15,MALE_YOUNG_LOW_INCOME,367,367.0,367,367.0
85,SIAgent16,FEMALE_YOUNG,894,894.0,601,601.0
85,SIAgent17,OLD_LOW_INCOME,2517,2517.0,1917,1629.0
86,WEAgent0,MALE_OLD,1041,1041.0,977,977.0
86,SIAgent9,FEMALE_YOUNG_HIGH_INCOME,102,102.0,102,102.0
86,SIAgent7,YOUNG_LOW_INCOME,2289,2289.0,1233,1233.0
86,SIAgent8,FEMALE_LOW_INCOME,876,876.0,774,774.0
86,SIAgent5,FEMALE_LOW_INCOME,1752,1752.0,816,816.0
86,SIAgent6,FEMALE_OLD_HIGH_INCOME,244,244.0,85,85.0
86,SIAgent3,YOUNG_LOW_INCOME,2289,2289.0,1229,1229.0
86,SIAgent4,FEMALE_YOUNG_HIGH_INCOME,51,51.0,51,51.0
86,SIAgent1,FEMALE_YOUNG_HIGH_INCOME,153,153.0,121,102.0
86,SIAgent2,OLD_HIGH_INCOME,729,729.0,295,295.0
86,SIAgent10,FEMALE_LOW_INCOME,1752,1752.0,793,793.0
86,SIAgent0,OLD_HIGH_INCOME,729,729.0,312,312.0
86,SIAgent11,FEMALE_OLD,1123,1123.0,550,550.0
86,SIAgent12,FEMALE_OLD_HIGH_INCOME,244,244.0,84,84.0
86,SIAgent13,MALE_YOUNG_HIGH_INCOME,206,206.0,521,0.0
86,SIAgent14,MALE_OLD_LOW_INCOME,1077,1077.0,739,739.0
86,SIAgent15,MALE_OLD,520,520.0,520,520.0
86,SIAgent16,FEMALE_OLD_LOW_INCOME,960,960.0,458,458.0
86,SIAgent17,FEMALE_YOUNG_LOW_INCOME,792,792.0,340,340.0
87,WEAgent0,MALE_OLD_HIGH_INCOME,161,161.0,0,0.0
87,SIAgent9,FEMALE_LOW_INCOME,2628,2628.0,1023,1023.0
87,SIAgent7,FEMALE_OLD_LOW_INCOME,480,480.0,449,449.0
87,SIAgent8,FEMALE_OLD_LOW_INCOME,1440,1440.0,485,485.0
87,SIAgent5,MALE_HIGH_INCOME,530,530.0,271,271.0
87,SIAgent6,MALE_OLD,1561,1561.0,1505,632.0
87,SIAgent3,MALE_YOUNG,941,941.0,941,941.0
87,SIAgent4,OLD_HIGH_INCOME,486,486.0,278,278.0
87,SIAgent1,MALE_YOUNG,1411,1411.0,1122,999.0
87,SIAgent2,FEMALE_YOUNG,447,447.0,447,447.0
87,SIAgent10,FEMALE_OLD_LOW_INCOME,960,960.0,474,474.0
87,SIAgent0,OLD_HIGH_INCOME,486,486.0,272,272.0
87,SIAgent11,FEMALE_OLD_LOW_INCOME,1440,1440.0,501,501.0
87,SIAgent12,FEMALE_YOUNG_LOW_INCOME,792,792.0,541,541.0
87,SIAgent13,FEMALE_YOUNG,1341,1341.0,632,632.0
87,SIAgent14,YOUNG_HIGH_INCOME,309,309.0,193,193.0
87,SIAgent15,FEMALE_YOUNG_HIGH_INCOME,102,102.0,66,66.0
87,SIAgent16,MALE_OLD,520,520.0,520,520.0
87,SIAgent17,OLD_HIGH_INCOME,486,486.0,280,280.0
88,WEAgent0,MALE_YOUNG_LOW_INCOME,1101,1101.0,347,347.0
88,SIAgent9,FEMALE_HIGH_INCOME,265,265.0,199,199.0
88,SIAgent7,FEMALE_OLD_HIGH_INCOME,244,244.0,154,154.0
88,SIAgent8,MALE_YOUNG_HIGH_INCOME,206,206.0,113,113.0
88,SIAgent5,MALE_OLD_LOW_INCOME,359,359.0,359,359.0
88,SIAgent6,MALE_YOUNG_HIGH_INCOME,103,103.0,103,103.0
88,SIAgent3,OLD_LOW_INCOME,839,839.0,839,839.0
88,SIAgent4,MALE_YOUNG_LOW_INCOME,1101,1101.0,327,327.0
88,SIAgent1,MALE_YOUNG,941,941.0,454,454.0
88,SIAgent2,FEMALE_OLD,1123,1123.0,1113,1113.0
88,SIAgent10,FEMALE_YOUNG_HIGH_INCOME,102,102.0,45,45.0
88,SIAgent0,MALE_YOUNG_LOW_INCOME,367,367.0,343,343.0
88,SIAgent11,YOUNG_HIGH_INCOME,309,309.0,160,160.0
88,SIAgent12,FEMALE_LOW_INCOME,1752,1752.0,1949,1508.0
88,SIAgent13,MALE_LOW_INCOME,726,726.0,1353,680.0
88,SIAgent14,YOUNG_LOW_INCOME,763,763.0,763,763.0
88,SIAgent15,FEMALE_YOUNG_LOW_INCOME,396,396.0,396,396.0
88,SIAgent16,FEMALE_YOUNG_HIGH_INCOME,102,102.0,54,54.0
88,SIAgent17,YOUNG_HIGH_INCOME,309,309.0,162,162.0
89,WEAgent0,FEMALE_OLD_HIGH_INCOME,244,244.0,0,0.0
89,SIAgent9,MALE_YOUNG_HIGH_INCOME,310,310.0,64,64.0
89,SIAgent7,YOUNG_HIGH_INCOME,154,154.0,114,114.0
89,SIAgent8,MALE_YOUNG,941,941.0,1911,72.0
89,SIAgent5,FEMALE_OLD_HIGH_INCOME,162,162.0,133,133.0
89,SIAgent6,MALE_OLD_LOW_INCOME,359,359.0,359,359.0
89,SIAgent3,YOUNG_HIGH_INCOME,463,463.0,125,125.0
89,SIAgent4,FEMALE_YOUNG,894,894.0,2042,40.0
89,SIAgent1,MALE_OLD,1041,1041.0,600,600.0
89,SIAgent2,YOUNG_HIGH_INCOME,309,309.0,126,126.0
89,SIAgent10,OLD_LOW_INCOME,1678,1678.0,1000,1000.0
89,SIAgent0,MALE_YOUNG_HIGH_INCOME,206,206.0,77,77.0
89,SIAgent11,FEMALE_OLD_LOW_INCOME,960,960.0,616,616.0
89,SIAgent12,OLD_LOW_INCOME,839,839.0,839,839.0
89,SIAgent13,OLD_HIGH_INCOME,729,729.0,342,342.0
89,SIAgent14,FEMALE_YOUNG_HIGH_INCOME,102,102.0,57,57.0
89,SIAgent15,MALE_HIGH_INCOME,265,265.0,254,254.0
89,SIAgent16,FEMALE_OLD,1684,1684.0,759,759.0
89,SIAgent17,MALE_OLD,1041,1041.0,582,582.0
90,WEAgent0,MALE_LOW_INCOME,1452,1452.0,599,599.0
90,SIAgent9,FEMALE_OLD,1684,1684.0,558,558.0
90,SIAgent7,FEMALE_OLD,561,561.0,561,561.0
90,SIAgent8,FEMALE_OLD_LOW_INCOME,1440,1440.0,478,478.0
90,SIAgent5,FEMALE_OLD_HIGH_INCOME,162,162.0,73,73.0
90,SIAgent6,FEMALE_OLD_LOW_INCOME,1440,1440.0,486,486.0
90,SIAgent3,FEMALE_YOUNG,1341,1341.0,467,467.0
90,SIAgent4,MALE_LOW_INCOME,2178,2178.0,1160,1160.0
90,SIAgent1,FEMALE_YOUNG_LOW_INCOME,396,396.0,396,396.0
90,SIAgent2,MALE_OLD_HIGH_INCOME,484,484.0,255,255.0
90,SIAgent10,OLD_HIGH_INCOME,486,486.0,324,324.0
90,SIAgent0,FEMALE_OLD,1123,1123.0,552,552.0
90,SIAgent11,FEMALE_YOUNG,894,894.0,478,478.0
90,SIAgent12,OLD_HIGH_INCOME,486,486.0,318,318.0
90,SIAgent13,YOUNG_LOW_INCOME,2289,2289.0,1010,1010.0
90,SIAgent14,MALE_OLD_LOW_INCOME,1077,1077.0,594,594.0
90,SIAgent15,FEMALE_YOUNG,447,447.0,447,447.0
90,SIAgent16,FEMALE_HIGH_INCOME,265,265.0,128,128.0
90,SIAgent17,MALE_YOUNG,1411,1411.0,1116,625.0
91,WEAgent0,OLD_HIGH_INCOME,486,486.0,172,172.0
91,SIAgent9,OLD_HIGH_INCOME,243,243.0,243,243.0
91,SIAgent7,MALE_YOUNG,470,470.0,470,470.0
91,SIAgent8,FEMALE_YOUNG_HIGH_INCOME,102,102.0,66,66.0
91,SIAgent5,FEMALE_OLD,561,561.0,561,561.0
91,SIAgent6,FEMALE_YOUNG,447,447.0,447,447.0
91,SIAgent3,OLD_HIGH_INCOME,729,729.0,291,291.0
91,SIAgent4,MALE_OLD,1041,1041.0,570,570.0
91,SIAgent1,MALE_YOUNG_HIGH_INCOME,310,310.0,271,125.0
91,SIAgent2,FEMALE_HIGH_INCOME,397,397.0,197,197.0
91,SIAgent10,FEMALE_OLD_LOW_INCOME,1440,1440.0,1291,595.0
91,SIAgent0,MALE_OLD_LOW_INCOME,718,718.0,394,394.0
91,SIAgent11,OLD_LOW_INCOME,839,839.0,839,839.0
91,SIAgent12,FEMALE_YOUNG,894,894.0,580,580.0
91,SIAgent13,FEMALE_YOUNG_LOW_INCOME,1188,1188.0,508,508.0
91,SIAgent14,MALE_LOW_INCOME,2178,2178.0,958,958.0
91,SIAgent15,MALE_OLD,520,520.0,520,520.0
91,SIAgent16,MALE_YOUNG,470,470.0,470,470.0
91,SIAgent17,YOUNG_LOW_INCOME,1526,1526.0,1152,1152.0
92,WEAgent0,FEMALE_OLD_LOW_INCOME,1440,1440.0,522,522.0
92,SIAgent9,FEMALE_LOW_INCOME,876,876.0,855,855.0
92,SIAgent7,FEMALE_HIGH_INCOME,265,265.0,507,88.0
92,SIAgent8,OLD_LOW_INCOME,839,839.0,839,839.0
92,SIAgent5,YOUNG_LOW_INCOME,763,763.0,723,723.0
92,SIAgent6,MALE_YOUNG,941,941.0,464,464.0
92,SIAgent3,FEMALE_LOW_INCOME,1752,1752.0,840,840.0
92,SIAgent4,MALE_YOUNG_LOW_INCOME,367,367.0,314,314.0
92,SIAgent1,MALE_YOUNG,941,941.0,445,445.0
92,SIAgent2,MALE_HIGH_INCOME,795,795.0,427,427.0
92,SIAgent10,MALE_HIGH_INCOME,265,265.0,265,265.0
92,SIAgent0,OLD_LOW_INCOME,1678,1678.0,1152,1152.0
92,SIAgent11,MALE_HIGH_INCOME,530,530.0,360,360.0
92,SIAgent12,FEMALE_YOUNG_LOW_INCOME,1188,1188.0,330,330.0
92,SIAgent13,FEMALE_YOUNG,1341,1341.0,446,446.0
92,SIAgent14,MALE_YOUNG_HIGH_INCOME,206,206.0,94,94.0
92,SIAgent15,FEMALE_YOUNG_HIGH_INCOME,102,102.0,89,89.0
92,SIAgent16,MALE_OLD_LOW_INCOME,1077,1077.0,653,653.0
92,SIAgent17,YOUNG_LOW_INCOME,2289,2289.0,675,675.0
93,WEAgent0,YOUNG_LOW_INCOME,763,763.0,929,335.0
93,SIAgent9,YOUNG_LOW_INCOME,763,763.0,763,763.0
93,SIAgent7,MALE_LOW_INCOME,2178,2178.0,801,801.0
93,SIAgent8,FEMALE_OLD_LOW_INCOME,960,960.0,614,614.0
93,SIAgent5,MALE_YOUNG_LOW_INCOME,367,367.0,318,318.0
93,SIAgent6,FEMALE_OLD,1684,1684.0,702,702.0
93,SIAgent3,MALE_HIGH_INCOME,795,795.0,327,327.0
93,SIAgent4,MALE_OLD_HIGH_INCOME,484,484.0,191,191.0
93,SIAgent1,FEMALE_YOUNG_LOW_INCOME,792,792.0,792,792.0
93,SIAgent2,MALE_YOUNG,470,470.0,470,470.0
93,SIAgent10,FEMALE_OLD_HIGH_INCOME,81,81.0,81,81.0
93,SIAgent0,MALE_OLD_HIGH_INCOME,161,161.0,161,161.0
93,SIAgent11,MALE_OLD_LOW_INCOME,1077,1077.0,429,429.0
93,SIAgent12,MALE_LOW_INCOME,1452,1452.0,786,786.0
93,SIAgent13,OLD_HIGH_INCOME,729,729.0,260,260.0
93,SIAgent14,FEMALE_OLD_LOW_INCOME,960,960.0,598,598.0
93,SIAgent15,FEMALE_OLD,1684,1684.0,697,697.0
93,SIAgent16,MALE_YOUNG_HIGH_INCOME,310,310.0,180,180.0
93,SIAgent17,MALE_OLD,1041,1041.0,654,654.0
94,WEAgent0,MALE_YOUNG_LOW_INCOME,734,734.0,0,0.0
94,SIAgent9,YOUNG_HIGH_INCOME,463,463.0,201,201.0
94,SIAgent7,FEMALE_OLD,561,561.0,2023,555.0
94,SIAgent8,FEMALE_OLD_HIGH_INCOME,81,81.0,81,81.0
94,SIAgent5,OLD_HIGH_INCOME,243,243.0,243,243.0
94,SIAgent6,MALE_YOUNG_HIGH_INCOME,103,103.0,103,103.0
94,SIAgent3,FEMALE_YOUNG,447,447.0,2049,47.0
94,SIAgent4,MALE_YOUNG,941,941.0,658,658.0
94,SIAgent1,FEMALE_YOUNG_HIGH_INCOME,153,153.0,35,35.0
94,SIAgent2,FEMALE_HIGH_INCOME,265,265.0,125,125.0
94,SIAgent10,MALE_LOW_INCOME,726,726.0,1503,726.0
94,SIAgent0,MALE_HIGH_INCOME,265,265.0,265,265.0
94,SIAgent11,FEMALE_YOUNG_HIGH_INCOME,153,153.0,36,36.0
94,SIAgent12,OLD_LOW_INCOME,839,839.0,839,839.0
94,SIAgent13,FEMALE_OLD_HIGH_INCOME,81,81.0,81,81.0
94,SIAgent14,FEMALE_YOUNG_HIGH_INCOME,153,153.0,44,44.0
94,SIAgent15,MALE_YOUNG_LOW_INCOME,1101,1101.0,454,454.0
94,SIAgent16,MALE_OLD_HIGH_INCOME,323,323.0,438,199.0
94,SIAgent17,MALE_YOUNG_LOW_INCOME,1101,1101.0,481,481.0
95,WEAgent0,MALE_YOUNG,941,941.0,1063,504.0
95,SIAgent9,YOUNG_HIGH_INCOME,154,154.0,52,52.0
95,SIAgent7,FEMALE_HIGH_INCOME,132,132.0,128,128.0
95,SIAgent8,MALE_LOW_INCOME,726,726.0,726,726.0
95,SIAgent5,FEMALE_OLD_HIGH_INCOME,162,162.0,69,69.0
95,SIAgent6,MALE_YOUNG_HIGH_INCOME,206,206.0,0,0.0
95,SIAgent3,FEMALE_YOUNG_LOW_INCOME,1188,1188.0,666,666.0
95,SIAgent4,FEMALE_OLD_HIGH_INCOME,162,162.0,82,82.0
95,SIAgent1,FEMALE_YOUNG,1341,1341.0,714,714.0
95,SIAgent2,FEMALE_YOUNG_LOW_INCOME,792,792.0,651,651.0
95,SIAgent10,FEMALE_OLD_LOW_INCOME,1440,1440.0,1906,475.0
95,SIAgent0,FEMALE_YOUNG_HIGH_INCOME,153,153.0,45,45.0
95,SIAgent11,YOUNG_HIGH_INCOME,154,154.0,52,52.0
95,SIAgent12,MALE_YOUNG_HIGH_INCOME,310,310.0,0,0.0
95,SIAgent13,MALE_YOUNG,941,941.0,941,941.0
95,SIAgent14,MALE_OLD_HIGH_INCOME,484,484.0,758,0.0
95,SIAgent15,OLD_LOW_INCOME,839,839.0,848,839.0
95,SIAgent16,FEMALE_HIGH_INCOME,265,265.0,142,142.0
95,SIAgent17,FEMALE_OLD_HIGH_INCOME,81,81.0,81,81.0
96,WEAgent0,FEMALE_OLD_HIGH_INCOME,244,244.0,0,0.0
96,SIAgent9,MALE_YOUNG_HIGH_INCOME,206,206.0,106,106.0
96,SIAgent7,FEMALE_OLD,1123,1123.0,2504,153.0
96,SIAgent8,FEMALE_YOUNG_HIGH_INCOME,51,51.0,51,51.0
96,SIAgent5,YOUNG_HIGH_INCOME,154,154.0,148,148.0
96,SIAgent6,MALE_OLD_HIGH_INCOME,323,323.0,180,180.0
96,SIAgent3,MALE_YOUNG_LOW_INCOME,1101,1101.0,653,653.0
96,SIAgent4,MALE_YOUNG,1411,1411.0,734,734.0
96,SIAgent1,FEMALE_YOUNG,447,447.0,447,447.0
96,SIAgent2,FEMALE_YOUNG_LOW_INCOME,396,396.0,396,396.0
96,SIAgent10,FEMALE_OLD_HIGH_INCOME,244,244.0,150,150.0
96,SIAgent0,MALE_LOW_INCOME,2178,2178.0,2369,616.0
96,SIAgent11,FEMALE_YOUNG,447,447.0,447,447.0
96,SIAgent12,OLD_HIGH_INCOME,243,243.0,243,243.0
96,SIAgent13,MALE_HIGH_INCOME,265,265.0,265,265.0
96,SIAgent14,FEMALE_YOUNG_LOW_INCOME,792,792.0,786,433.0
96,SIAgent15,MALE_HIGH_INCOME,795,795.0,283,283.0
96,SIAgent16,MALE_OLD_HIGH_INCOME,484,484.0,174,174.0
96,SIAgent17,FEMALE_YOUNG_HIGH_INCOME,102,102.0,64,64.0
97,WEAgent0,FEMALE_LOW_INCOME,876,876.0,876,876.0
97,SIAgent9,MALE_OLD_HIGH_INCOME,484,484.0,413,413.0
97,SIAgent7,FEMALE_YOUNG_LOW_INCOME,1188,1188.0,401,401.0
97,SIAgent8,YOUNG_HIGH_INCOME,309,309.0,178,178.0
97,SIAgent5,FEMALE_YOUNG_LOW_INCOME,1188,1188.0,367,367.0
97,SIAgent6,MALE_OLD_LOW_INCOME,359,359.0,1786,0.0
97,SIAgent3,FEMALE_HIGH_INCOME,397,397.0,210,210.0
97,SIAgent4,YOUNG_HIGH_INCOME,154,154.0,154,154.0
97,SIAgent1,YOUNG_LOW_INCOME,763,763.0,763,763.0
97,SIAgent2,MALE_YOUNG_LOW_INCOME,734,734.0,559,559.0
97,SIAgent10,FEMALE_OLD_LOW_INCOME,960,960.0,1115,619.0
97,SIAgent0,MALE_YOUNG,470,470.0,470,470.0
97,SIAgent11,MALE_YOUNG_HIGH_INCOME,206,206.0,136,136.0
97,SIAgent12,FEMALE_HIGH_INCOME,265,265.0,203,203.0
97,SIAgent13,MALE_OLD_HIGH_INCOME,484,484.0,419,419.0
97,SIAgent14,FEMALE_LOW_INCOME,876,876.0,876,876.0
97,SIAgent15,FEMALE_HIGH_INCOME,132,132.0,132,132.0
97,SIAgent16,FEMALE_YOUNG_HIGH_INCOME,102,102.0,50,50.0
97,SIAgent17,YOUNG_LOW_INCOME,1526,1526.0,892,892.0
98,WEAgent0,OLD_HIGH_INCOME,486,486.0,0,0.0
98,SIAgent9,MALE_LOW_INCOME,2178,2178.0,901,901.0
98,SIAgent7,MALE_YOUNG_LOW_INCOME,367,367.0,367,367.0
98,SIAgent8,MALE_OLD,1561,1561.0,821,821.0
98,SIAgent5,OLD_LOW_INCOME,2517,2517.0,902,902.0
98,SIAgent6,FEMALE_OLD_HIGH_INCOME,162,162.0,448,0.0
98,SIAgent3,FEMALE_OLD_LOW_INCOME,480,480.0,480,480.0
98,SIAgent4,MALE_YOUNG,1411,1411.0,619,619.0
98,SIAgent1,FEMALE_YOUNG_HIGH_INCOME,102,102.0,186,85.0
98,SIAgent2,MALE_OLD_LOW_INCOME,718,718.0,472,472.0
98,SIAgent10,MALE_HIGH_INCOME,795,795.0,477,477.0
98,SIAgent0,FEMALE_YOUNG_LOW_INCOME,396,396.0,396,396.0
98,SIAgent11,MALE_YOUNG_HIGH_INCOME,206,206.0,101,101.0
98,SIAgent12,FEMALE_OLD_LOW_INCOME,480,480.0,480,480.0
98,SIAgent13,FEMALE_LOW_INCOME,1752,1752.0,1680,912.0
98,SIAgent14,MALE_YOUNG_HIGH_INCOME,206,206.0,100,100.0
98,SIAgent15,FEMALE_YOUNG,447,447.0,447,447.0
98,SIAgent16,MALE_YOUNG,941,941.0,589,589.0
98,SIAgent17,FEMALE_OLD_LOW_INCOME,960,960.0,534,534.0
99,WEAgent0,FEMALE_HIGH_INCOME,265,265.0,0,0.0
99,SIAgent9,YOUNG_LOW_INCOME,763,763.0,763,763.0
99,SIAgent7,YOUNG_HIGH_INCOME,463,463.0,237,237.0
99,SIAgent8,FEMALE_HIGH_INCOME,265,265.0,224,224.0
99,SIAgent5,MALE_YOUNG_LOW_INCOME,1101,1101.0,269,269.0
99,SIAgent6,MALE_LOW_INCOME,2178,2178.0,1023,1023.0
99,SIAgent3,YOUNG_LOW_INCOME,763,763.0,727,727.0
99,SIAgent4,MALE_YOUNG_LOW_INCOME,367,367.0,273,273.0
99,SIAgent1,FEMALE_HIGH_INCOME,265,265.0,224,224.0
99,SIAgent2,FEMALE_LOW_INCOME,2628,2628.0,979,979.0
99,SIAgent10,OLD_LOW_INCOME,1678,1678.0,1158,1158.0
99,SIAgent0,YOUNG_LOW_INCOME,1526,1526.0,810,810.0
99,SIAgent11,MALE_HIGH_INCOME,530,530.0,702,323.0
99,SIAgent12,MALE_YOUNG_HIGH_INCOME,310,310.0,125,125.0
99,SIAgent13,FEMALE_OLD,1684,1684.0,613,613.0
99,SIAgent14,MALE_OLD,520,520.0,520,520.0
99,SIAgent15,FEMALE_OLD_LOW_INCOME,960,960.0,491,491.0
99,SIAgent16,MALE_YOUNG,470,470.0,382,382.0
99,SIAgent17,FEMALE_OLD_LOW_INCOME,480,480.0,480,480.0

