0,WFAgent6,FEMALE_OLD,18,16.944575058059733,0,0.0
0,WFAgent7,OLD_LOW_INCOME,27,25.430276379147497,0,0.0
0,WFAgent0,FEMALE_OLD,18,20.20247338511149,0,0.0
0,WFAgent1,FEMALE_LOW_INCOME,28,25.30588730877374,0,0.0
0,WFAgent2,FEMALE_OLD,18,20.022657049955352,0,0.0
0,WFAgent3,MALE_YOUNG_HIGH_INCOME,4,4.095367995473409,0,0.0
0,WFAgent4,MALE_OLD,17,15.540789017574252,0,0.0
0,WFAgent5,MALE_OLD_HIGH_INCOME,6,6.605125003042731,0,0.0
1,WFAgent6,FEMALE_YOUNG,14,14.141644430610746,0,0.0
1,WFAgent7,YOUNG_HIGH_INCOME,5,5.745531178018639,0,0.0
1,WFAgent0,MALE_YOUNG_HIGH_INCOME,4,4.23894559610651,0,0.0
1,WFAgent1,YOUNG_HIGH_INCOME,5,5.889485269288367,0,0.0
1,WFAgent2,YOUNG_LOW_INCOME,24,22.645095220639277,0,0.0
1,WFAgent3,MALE_YOUNG_HIGH_INCOME,4,4.092330457559955,0,0.0
1,WFAgent4,FEMALE_YOUNG_LOW_INCOME,13,11.915421613462172,0,0.0
1,WFAgent5,MALE_OLD_HIGH_INCOME,6,5.3591174536969755,0,0.0
2,WFAgent6,FEMALE_LOW_INCOME,28,27.238760829537107,0,0.0
2,WFAgent7,MALE_YOUNG,15,12.382309494582739,0,0.0
2,WFAgent0,FEMALE_OLD_HIGH_INCOME,3,2.9988733156376135,0,0.0
2,WFAgent1,FEMALE_HIGH_INCOME,5,5.087096286159328,0,0.0
2,WFAgent2,FEMALE_OLD_HIGH_INCOME,3,3.575709199052298,0,0.0
2,WFAgent3,OLD_HIGH_INCOME,8,9.13888179487676,0,0.0
2,WFAgent4,FEMALE_HIGH_INCOME,5,4.153000752053161,0,0.0
2,WFAgent5,MALE_LOW_INCOME,23,21.00988939093761,0,0.0
3,WFAgent6,FEMALE_YOUNG_HIGH_INCOME,2,2.1514205624156184,0,0.0
3,WFAgent7,FEMALE_YOUNG,14,15.998163964719545,0,0.0
3,WFAgent0,MALE_OLD_LOW_INCOME,12,11.27679246969528,0,0.0
3,WFAgent1,OLD_LOW_INCOME,27,24.85740067136563,0,0.0
3,WFAgent2,YOUNG_LOW_INCOME,24,17.74294504544106,0,0.0
3,WFAgent3,FEMALE_YOUNG,14,14.268721731042175,0,0.0
3,WFAgent4,FEMALE_YOUNG_LOW_INCOME,13,13.351289994145347,0,0.0
3,WFAgent5,MALE_OLD_HIGH_INCOME,6,6.997809427121418,0,0.0
4,WFAgent6,FEMALE_OLD_LOW_INCOME,16,14.221763774242442,0,0.0
4,WFAgent7,FEMALE_YOUNG_HIGH_INCOME,2,1.9000530853423518,0,0.0
4,WFAgent0,OLD_HIGH_INCOME,8,9.851921994139241,8,9.600000000000007
4,WFAgent1,MALE_OLD_HIGH_INCOME,6,6.6556193912443735,0,0.0
4,WFAgent2,FEMALE_HIGH_INCOME,5,5.0712999099158935,0,0.0
4,WFAgent3,OLD_LOW_INCOME,27,26.736573510833292,0,0.0
4,WFAgent4,MALE_YOUNG,15,13.11919931439017,0,0.0
4,WFAgent5,MALE_OLD,17,17.270887539004974,0,0.0
5,WFAgent6,FEMALE_OLD,18,18.648155742543505,0,0.0
5,WFAgent7,OLD_LOW_INCOME,27,27.246120260452095,0,0.0
5,WFAgent0,YOUNG_HIGH_INCOME,5,5.59495361187326,0,0.0
5,WFAgent1,MALE_OLD_HIGH_INCOME,6,6.043479535855773,0,0.0
5,WFAgent2,MALE_OLD_HIGH_INCOME,6,5.855223853247424,0,0.0
5,WFAgent3,MALE_OLD_LOW_INCOME,12,9.86885857864874,0,0.0
5,WFAgent4,MALE_LOW_INCOME,23,19.225825745762986,0,0.0
5,WFAgent5,FEMALE_YOUNG_LOW_INCOME,13,14.97478669444795,0,0.0
6,WFAgent6,FEMALE_OLD,18,20.23481816238779,0,0.0
6,WFAgent7,OLD_HIGH_INCOME,8,9.056166120517174,0,0.0
6,WFAgent0,YOUNG_HIGH_INCOME,5,4.659940582717359,0,0.0
6,WFAgent1,MALE_OLD_HIGH_INCOME,6,5.710369782595428,0,0.0
6,WFAgent2,FEMALE_OLD,18,17.43364416925323,0,0.0
6,WFAgent3,MALE_OLD,17,15.496344412129092,0,0.0
6,WFAgent4,MALE_YOUNG_LOW_INCOME,12,12.274012113311615,0,0.0
6,WFAgent5,FEMALE_YOUNG,14,14.30020298442639,0,0.0
7,WFAgent6,MALE_YOUNG_HIGH_INCOME,4,4.2386067847222755,0,0.0
7,WFAgent7,FEMALE_OLD_LOW_INCOME,16,13.961864467477568,0,0.0
7,WFAgent0,FEMALE_OLD,18,14.268871990057082,0,0.0
7,WFAgent1,MALE_YOUNG_LOW_INCOME,12,10.879541316114498,0,0.0
7,WFAgent2,MALE_YOUNG_HIGH_INCOME,4,4.38211920631238,0,0.0
7,WFAgent3,MALE_HIGH_INCOME,9,8.99891913364612,0,0.0
7,WFAgent4,YOUNG_HIGH_INCOME,5,5.55272084686556,0,0.0
7,WFAgent5,MALE_OLD_HIGH_INCOME,6,4.996642204516304,0,0.0
8,WFAgent6,MALE_YOUNG_LOW_INCOME,12,11.13041830359528,0,0.0
8,WFAgent7,OLD_HIGH_INCOME,8,6.298992086088638,0,0.0
8,WFAgent0,FEMALE_LOW_INCOME,28,25.000381528031003,0,0.0
8,WFAgent1,MALE_YOUNG_HIGH_INCOME,4,3.8438451791616157,0,0.0
8,WFAgent2,FEMALE_HIGH_INCOME,5,4.433793162532146,0,0.0
8,WFAgent3,FEMALE_YOUNG_HIGH_INCOME,2,2.3144199134728,0,0.0
8,WFAgent4,MALE_YOUNG,15,14.952948729785845,0,0.0
8,WFAgent5,MALE_OLD_LOW_INCOME,12,11.700107422333925,0,0.0
9,WFAgent6,OLD_LOW_INCOME,27,23.65798687689177,0,0.0
9,WFAgent7,MALE_YOUNG,15,15.68509776975111,0,0.0
9,WFAgent0,FEMALE_OLD,18,20.77269661450021,0,0.0
9,WFAgent1,YOUNG_LOW_INCOME,24,24.31830058828688,0,0.0
9,WFAgent2,FEMALE_YOUNG_HIGH_INCOME,2,1.7448931292871324,0,0.0
9,WFAgent3,YOUNG_HIGH_INCOME,5,5.069478591155269,0,0.0
9,WFAgent4,FEMALE_YOUNG_LOW_INCOME,13,13.56395626247164,0,0.0
9,WFAgent5,FEMALE_LOW_INCOME,28,30.272435024071726,0,0.0
10,WFAgent6,MALE_YOUNG,15,14.417348161735832,0,0.0
10,WFAgent7,MALE_OLD_LOW_INCOME,12,11.115514688324106,0,0.0
10,WFAgent0,YOUNG_LOW_INCOME,24,26.775526666449238,0,0.0
10,WFAgent1,FEMALE_HIGH_INCOME,5,4.825265420662632,0,0.0
10,WFAgent2,OLD_LOW_INCOME,27,27.847895442348097,0,0.0
10,WFAgent3,MALE_YOUNG_HIGH_INCOME,4,4.318508758651299,0,0.0
10,WFAgent4,OLD_LOW_INCOME,27,27.2263774700309,0,0.0
10,WFAgent5,FEMALE_OLD_LOW_INCOME,16,13.360751320376231,0,0.0
11,WFAgent6,FEMALE_OLD_HIGH_INCOME,3,3.30708923190081,0,0.0
11,WFAgent7,OLD_LOW_INCOME,27,28.82644128411437,0,0.0
11,WFAgent0,YOUNG_LOW_INCOME,24,23.776666746121244,0,0.0
11,WFAgent1,FEMALE_YOUNG_LOW_INCOME,13,12.501957528302851,0,0.0
11,WFAgent2,YOUNG_HIGH_INCOME,5,4.955947581018986,0,0.0
11,WFAgent3,MALE_YOUNG_LOW_INCOME,12,12.437209317872504,0,0.0
11,WFAgent4,OLD_LOW_INCOME,27,27.3132237670127,0,0.0
11,WFAgent5,OLD_LOW_INCOME,27,25.35771224400673,0,0.0
12,WFAgent6,MALE_LOW_INCOME,23,20.172464574283588,0,0.0
12,WFAgent7,FEMALE_OLD_LOW_INCOME,16,17.496375046565795,0,0.0
12,WFAgent0,FEMALE_OLD_HIGH_INCOME,3,2.953849447157789,0,0.0
12,WFAgent1,MALE_OLD_HIGH_INCOME,6,6.3041372545027015,0,0.0
12,WFAgent2,FEMALE_YOUNG_HIGH_INCOME,2,2.1708970367762044,0,0.0
12,WFAgent3,FEMALE_YOUNG,14,12.553857704123594,0,0.0
12,WFAgent4,FEMALE_OLD_LOW_INCOME,16,13.98559843676346,0,0.0
12,WFAgent5,FEMALE_YOUNG_LOW_INCOME,13,14.066306103373662,0,0.0
13,WFAgent6,FEMALE_LOW_INCOME,28,29.026366204105184,0,0.0
13,WFAgent7,OLD_LOW_INCOME,27,24.757782157900667,0,0.0
13,WFAgent0,FEMALE_OLD_LOW_INCOME,16,17.402595956880468,0,0.0
13,WFAgent1,YOUNG_HIGH_INCOME,5,4.526805104793444,0,0.0
13,WFAgent2,MALE_OLD,17,17.038861166480928,0,0.0
13,WFAgent3,FEMALE_HIGH_INCOME,5,5.106952865269405,0,0.0
13,WFAgent4,MALE_HIGH_INCOME,9,7.3975616984960055,0,0.0
13,WFAgent5,YOUNG_LOW_INCOME,24,22.601118712080453,0,0.0
14,WFAgent6,FEMALE_YOUNG_HIGH_INCOME,2,1.9736924372228204,0,0.0
14,WFAgent7,FEMALE_YOUNG,14,14.37607318803684,0,0.0
14,WFAgent0,OLD_LOW_INCOME,27,28.718110532941836,0,0.0
14,WFAgent1,FEMALE_HIGH_INCOME,5,5.358656333200549,0,0.0
14,WFAgent2,YOUNG_LOW_INCOME,24,24.632119228906024,0,0.0
14,WFAgent3,FEMALE_OLD,18,14.617017075913669,0,0.0
14,WFAgent4,YOUNG_HIGH_INCOME,5,5.737649730337083,0,0.0
14,WFAgent5,FEMALE_OLD_HIGH_INCOME,3,2.9965328877580837,0,0.0
15,WFAgent6,OLD_HIGH_INCOME,8,7.263031653691939,0,0.0
15,WFAgent7,MALE_YOUNG,15,13.225541523934762,0,0.0
15,WFAgent0,FEMALE_YOUNG_LOW_INCOME,13,14.888645528079177,0,0.0
15,WFAgent1,FEMALE_HIGH_INCOME,5,5.1094637340262805,0,0.0
15,WFAgent2,OLD_LOW_INCOME,27,24.731304892980038,0,0.0
15,WFAgent3,FEMALE_HIGH_INCOME,5,5.0981838567417626,0,0.0
15,WFAgent4,FEMALE_HIGH_INCOME,5,5.197518077460885,0,0.0
15,WFAgent5,YOUNG_LOW_INCOME,24,26.623356428556814,0,0.0
16,WFAgent6,FEMALE_LOW_INCOME,28,29.322049292286845,0,0.0
16,WFAgent7,MALE_YOUNG_HIGH_INCOME,4,3.6101539631402773,0,0.0
16,WFAgent0,FEMALE_LOW_INCOME,28,31.849639794962552,0,0.0
16,WFAgent1,MALE_OLD_LOW_INCOME,12,12.927377956764278,0,0.0
16,WFAgent2,MALE_OLD,17,16.1793338860235,0,0.0
16,WFAgent3,MALE_YOUNG,15,15.915224426821494,0,0.0
16,WFAgent4,MALE_OLD,17,18.71952557182394,0,0.0
16,WFAgent5,YOUNG_LOW_INCOME,24,23.60055770692404,0,0.0
17,WFAgent6,OLD_HIGH_INCOME,8,7.928539572228515,0,0.0
17,WFAgent7,FEMALE_LOW_INCOME,28,21.423178155690472,0,0.0
17,WFAgent0,FEMALE_YOUNG_LOW_INCOME,13,11.903880729977013,0,0.0
17,WFAgent1,OLD_LOW_INCOME,27,28.011449538285678,0,0.0
17,WFAgent2,FEMALE_OLD_LOW_INCOME,16,18.771782230812164,0,0.0
17,WFAgent3,FEMALE_LOW_INCOME,28,28.429590226663297,0,0.0
17,WFAgent4,FEMALE_YOUNG,14,15.233477110256196,0,0.0
17,WFAgent5,FEMALE_LOW_INCOME,28,24.74937722415588,0,0.0
18,WFAgent6,MALE_YOUNG_HIGH_INCOME,4,3.8668384500339616,0,0.0
18,WFAgent7,MALE_OLD,17,17.356306544034723,0,0.0
18,WFAgent0,MALE_YOUNG_LOW_INCOME,12,12.82399476542621,0,0.0
18,WFAgent1,MALE_YOUNG_LOW_INCOME,12,13.802197354230636,0,0.0
18,WFAgent2,FEMALE_OLD,18,16.933847394065904,0,0.0
18,WFAgent3,OLD_LOW_INCOME,27,27.801504181028857,0,0.0
18,WFAgent4,MALE_YOUNG_HIGH_INCOME,4,4.00792474690302,0,0.0
18,WFAgent5,OLD_LOW_INCOME,27,24.384626806853017,0,0.0
19,WFAgent6,MALE_OLD,17,12.982451318753057,0,0.0
19,WFAgent7,FEMALE_HIGH_INCOME,5,4.6564965706963335,0,0.0
19,WFAgent0,FEMALE_YOUNG,14,15.02205741925907,0,0.0
19,WFAgent1,FEMALE_OLD_HIGH_INCOME,3,2.796702876286333,0,0.0
19,WFAgent2,FEMALE_OLD_HIGH_INCOME,3,2.641098875782868,0,0.0
19,WFAgent3,FEMALE_YOUNG_HIGH_INCOME,2,1.9168428648597244,0,0.0
19,WFAgent4,MALE_YOUNG_LOW_INCOME,12,13.957900578427328,0,0.0
19,WFAgent5,YOUNG_LOW_INCOME,24,19.90659522654157,0,0.0
20,WFAgent6,FEMALE_HIGH_INCOME,5,4.041788729386401,0,0.0
20,WFAgent7,FEMALE_YOUNG,14,15.166142865822188,0,0.0
20,WFAgent0,YOUNG_LOW_INCOME,24,27.256749285362766,0,0.0
20,WFAgent1,FEMALE_OLD,18,17.042683387840697,0,0.0
20,WFAgent2,FEMALE_HIGH_INCOME,5,5.734382902633047,0,0.0
20,WFAgent3,FEMALE_OLD_HIGH_INCOME,3,2.7855564434697704,0,0.0
20,WFAgent4,FEMALE_YOUNG_HIGH_INCOME,2,2.1373648566743286,0,0.0
20,WFAgent5,MALE_OLD_LOW_INCOME,12,13.074886920530227,0,0.0
21,WFAgent6,FEMALE_OLD,18,17.73314175114169,0,0.0
21,WFAgent7,FEMALE_OLD,18,14.95592291338441,0,0.0
21,WFAgent0,MALE_LOW_INCOME,23,22.228727490026923,0,0.0
21,WFAgent1,YOUNG_LOW_INCOME,24,19.370655108928453,0,0.0
21,WFAgent2,FEMALE_HIGH_INCOME,5,5.485462359873658,0,0.0
21,WFAgent3,MALE_OLD_LOW_INCOME,12,10.478396681081284,0,0.0
21,WFAgent4,FEMALE_YOUNG_LOW_INCOME,13,12.788382478723962,0,0.0
21,WFAgent5,MALE_YOUNG_HIGH_INCOME,4,4.8327899665398935,4,4.800000000000003
22,WFAgent6,MALE_YOUNG_HIGH_INCOME,4,4.00564994196126,0,0.0
22,WFAgent7,FEMALE_YOUNG_LOW_INCOME,13,13.667517652706831,0,0.0
22,WFAgent0,MALE_OLD,17,15.208340965694044,0,0.0
22,WFAgent1,OLD_HIGH_INCOME,8,8.35027631132056,0,0.0
22,WFAgent2,FEMALE_LOW_INCOME,28,33.98909329178867,28,33.60000000000001
22,WFAgent3,OLD_HIGH_INCOME,8,9.229232098520452,0,0.0
22,WFAgent4,YOUNG_HIGH_INCOME,5,4.3974141508925815,0,0.0
22,WFAgent5,YOUNG_LOW_INCOME,24,23.476687092753934,0,0.0
23,WFAgent6,YOUNG_HIGH_INCOME,5,4.146017076277245,0,0.0
23,WFAgent7,OLD_HIGH_INCOME,8,8.414147980740472,0,0.0
23,WFAgent0,MALE_YOUNG_HIGH_INCOME,4,3.1512844207740036,0,0.0
23,WFAgent1,MALE_OLD,17,17.351733098987282,0,0.0
23,WFAgent2,FEMALE_YOUNG,14,14.499840130534373,0,0.0
23,WFAgent3,FEMALE_OLD_LOW_INCOME,16,16.513053875901964,0,0.0
23,WFAgent4,MALE_LOW_INCOME,23,20.71194873629993,0,0.0
23,WFAgent5,MALE_YOUNG,15,16.54380423422221,0,0.0
24,WFAgent6,YOUNG_LOW_INCOME,24,24.615691595523842,0,0.0
24,WFAgent7,FEMALE_YOUNG_LOW_INCOME,13,10.983741971635082,0,0.0
24,WFAgent0,FEMALE_YOUNG_HIGH_INCOME,2,2.2087202474792673,0,0.0
24,WFAgent1,MALE_YOUNG_LOW_INCOME,12,12.499348746980777,0,0.0
24,WFAgent2,FEMALE_OLD_LOW_INCOME,16,16.412831045840765,0,0.0
24,WFAgent3,FEMALE_LOW_INCOME,28,24.909495526686445,0,0.0
24,WFAgent4,FEMALE_OLD,18,16.71602946236264,0,0.0
24,WFAgent5,MALE_YOUNG_HIGH_INCOME,4,4.316655463017184,0,0.0
25,WFAgent6,FEMALE_OLD_HIGH_INCOME,3,3.4611692570353223,0,0.0
25,WFAgent7,FEMALE_HIGH_INCOME,5,3.9129193272381038,0,0.0
25,WFAgent0,MALE_HIGH_INCOME,9,7.795367387035906,0,0.0
25,WFAgent1,FEMALE_YOUNG_HIGH_INCOME,2,2.0572243560795567,0,0.0
25,WFAgent2,FEMALE_YOUNG_LOW_INCOME,13,13.243782633019617,0,0.0
25,WFAgent3,FEMALE_YOUNG,14,12.676873930031274,0,0.0
25,WFAgent4,MALE_YOUNG,15,16.72637133034374,0,0.0
25,WFAgent5,FEMALE_OLD_LOW_INCOME,16,14.965632984632697,0,0.0
26,WFAgent6,OLD_HIGH_INCOME,8,6.8095785759832115,0,0.0
26,WFAgent7,MALE_YOUNG_LOW_INCOME,12,11.832494988685722,0,0.0
26,WFAgent0,MALE_YOUNG_LOW_INCOME,12,14.109923889178795,0,0.0
26,WFAgent1,MALE_YOUNG_HIGH_INCOME,4,3.484852495628286,0,0.0
26,WFAgent2,OLD_LOW_INCOME,27,29.053477886864997,0,0.0
26,WFAgent3,MALE_OLD_LOW_INCOME,12,11.720175277234619,0,0.0
26,WFAgent4,FEMALE_YOUNG,14,17.627321858003892,14,16.80000000000001
26,WFAgent5,FEMALE_OLD_HIGH_INCOME,3,2.701886969939182,0,0.0
27,WFAgent6,FEMALE_LOW_INCOME,28,29.954457248973902,0,0.0
27,WFAgent7,FEMALE_LOW_INCOME,28,28.94906791507279,0,0.0
27,WFAgent0,FEMALE_OLD,18,19.628663220682803,0,0.0
27,WFAgent1,YOUNG_LOW_INCOME,24,18.74750923423621,0,0.0
27,WFAgent2,FEMALE_OLD_LOW_INCOME,16,13.890187812367213,0,0.0
27,WFAgent3,MALE_LOW_INCOME,23,19.90204571620207,0,0.0
27,WFAgent4,MALE_OLD_HIGH_INCOME,6,5.650035046018261,0,0.0
27,WFAgent5,OLD_LOW_INCOME,27,30.867789722937108,0,0.0
28,WFAgent6,MALE_HIGH_INCOME,9,10.083823199137385,0,0.0
28,WFAgent7,MALE_YOUNG,15,13.955457945035947,0,0.0
28,WFAgent0,MALE_HIGH_INCOME,9,9.195028326511276,0,0.0
28,WFAgent1,FEMALE_YOUNG,14,15.360534706321689,0,0.0
28,WFAgent2,YOUNG_LOW_INCOME,24,21.927695783224458,0,0.0
28,WFAgent3,FEMALE_OLD,18,18.320513010384786,0,0.0
28,WFAgent4,FEMALE_HIGH_INCOME,5,5.208087948502156,0,0.0
28,WFAgent5,MALE_OLD,17,17.295067249182026,0,0.0
29,WFAgent6,MALE_OLD,17,17.77867761234645,0,0.0
29,WFAgent7,FEMALE_YOUNG,14,12.534595350751385,0,0.0
29,WFAgent0,FEMALE_OLD,18,18.538825191234345,0,0.0
29,WFAgent1,MALE_YOUNG_HIGH_INCOME,4,4.546478374104814,0,0.0
29,WFAgent2,YOUNG_HIGH_INCOME,5,5.018250177679746,0,0.0
29,WFAgent3,FEMALE_OLD,18,16.98034002423623,0,0.0
29,WFAgent4,MALE_YOUNG,15,12.76374639628393,0,0.0
29,WFAgent5,YOUNG_HIGH_INCOME,5,4.87924890448692,0,0.0
30,WFAgent6,OLD_HIGH_INCOME,8,8.039354637022443,0,0.0
30,WFAgent7,FEMALE_YOUNG_LOW_INCOME,13,16.157794221240266,13,15.600000000000012
30,WFAgent0,FEMALE_LOW_INCOME,28,26.483315088334717,0,0.0
30,WFAgent1,MALE_OLD_LOW_INCOME,12,12.394618081632153,0,0.0
30,WFAgent2,FEMALE_YOUNG_LOW_INCOME,13,13.487331451629034,0,0.0
30,WFAgent3,MALE_YOUNG,15,14.609109454716917,0,0.0
30,WFAgent4,MALE_HIGH_INCOME,9,7.086272629201336,0,0.0
30,WFAgent5,FEMALE_YOUNG_HIGH_INCOME,2,2.1037177353265366,0,0.0
31,WFAgent6,FEMALE_YOUNG_HIGH_INCOME,2,1.8034104820472305,0,0.0
31,WFAgent7,YOUNG_HIGH_INCOME,5,5.094340331443411,0,0.0
31,WFAgent0,OLD_HIGH_INCOME,8,8.26354058354094,0,0.0
31,WFAgent1,MALE_OLD_LOW_INCOME,12,13.617490390582113,0,0.0
31,WFAgent2,OLD_LOW_INCOME,27,29.640810540328683,0,0.0
31,WFAgent3,FEMALE_YOUNG,14,13.125378522095009,0,0.0
31,WFAgent4,YOUNG_LOW_INCOME,24,27.301634266133117,0,0.0
31,WFAgent5,MALE_OLD_HIGH_INCOME,6,6.6227643848990345,0,0.0
32,WFAgent6,FEMALE_HIGH_INCOME,5,4.440874778361377,0,0.0
32,WFAgent7,MALE_LOW_INCOME,23,24.422001813802424,0,0.0
32,WFAgent0,FEMALE_YOUNG_LOW_INCOME,13,11.572169073359484,0,0.0
32,WFAgent1,FEMALE_YOUNG_HIGH_INCOME,2,1.7337980713738212,0,0.0
32,WFAgent2,MALE_OLD_LOW_INCOME,12,11.134819888675633,0,0.0
32,WFAgent3,OLD_HIGH_INCOME,8,7.939313795443349,0,0.0
32,WFAgent4,FEMALE_YOUNG_LOW_INCOME,13,11.676112619189393,0,0.0
32,WFAgent5,MALE_OLD_HIGH_INCOME,6,6.530845175124716,0,0.0
33,WFAgent6,MALE_OLD_LOW_INCOME,12,12.41924643697739,0,0.0
33,WFAgent7,FEMALE_LOW_INCOME,28,29.173091191164556,0,0.0
33,WFAgent0,MALE_OLD_LOW_INCOME,12,9.912695871871524,0,0.0
33,WFAgent1,MALE_OLD_HIGH_INCOME,6,6.374782941012392,0,0.0
33,WFAgent2,MALE_HIGH_INCOME,9,11.262543962373623,9,10.800000000000008
33,WFAgent3,MALE_YOUNG_LOW_INCOME,12,11.84731532135901,0,0.0
33,WFAgent4,OLD_HIGH_INCOME,8,7.421927824353713,0,0.0
33,WFAgent5,MALE_OLD_LOW_INCOME,12,13.72940719158797,0,0.0
34,WFAgent6,FEMALE_HIGH_INCOME,5,5.4414753022468245,0,0.0
34,WFAgent7,FEMALE_OLD,18,18.1871154652862,0,0.0
34,WFAgent0,FEMALE_HIGH_INCOME,5,4.725799709154594,0,0.0
34,WFAgent1,FEMALE_YOUNG_LOW_INCOME,13,11.50179733963855,0,0.0
34,WFAgent2,FEMALE_YOUNG_HIGH_INCOME,2,1.962700040770978,0,0.0
34,WFAgent3,MALE_OLD_LOW_INCOME,12,13.628487430832397,0,0.0
34,WFAgent4,OLD_HIGH_INCOME,8,8.697499433290444,0,0.0
34,WFAgent5,MALE_LOW_INCOME,23,21.365250669098423,0,0.0
35,WFAgent6,FEMALE_OLD_HIGH_INCOME,3,3.2790941389119768,0,0.0
35,WFAgent7,FEMALE_OLD_LOW_INCOME,16,15.623316755215006,0,0.0
35,WFAgent0,OLD_HIGH_INCOME,8,7.800726320013856,0,0.0
35,WFAgent1,MALE_YOUNG,15,17.092106366469753,0,0.0
35,WFAgent2,YOUNG_LOW_INCOME,24,27.94783039300351,0,0.0
35,WFAgent3,FEMALE_YOUNG,14,15.549042840106774,0,0.0
35,WFAgent4,FEMALE_YOUNG_HIGH_INCOME,2,2.2695375347046864,0,0.0
35,WFAgent5,MALE_OLD_LOW_INCOME,12,11.592213657373057,0,0.0
36,WFAgent6,FEMALE_OLD_HIGH_INCOME,3,2.6439533687465495,0,0.0
36,WFAgent7,MALE_OLD,17,18.43494988154721,0,0.0
36,WFAgent0,FEMALE_OLD_LOW_INCOME,16,15.083471937171364,0,0.0
36,WFAgent1,MALE_OLD_LOW_INCOME,12,11.64979695437787,0,0.0
36,WFAgent2,MALE_OLD_HIGH_INCOME,6,5.838235666593713,0,0.0
36,WFAgent3,MALE_OLD,17,17.749052713613292,0,0.0
36,WFAgent4,OLD_LOW_INCOME,27,27.057208296337194,0,0.0
36,WFAgent5,MALE_YOUNG_HIGH_INCOME,4,4.606688441923712,0,0.0
37,WFAgent6,MALE_OLD_HIGH_INCOME,6,6.114240905598619,0,0.0
37,WFAgent7,FEMALE_YOUNG_HIGH_INCOME,2,2.1374516825695364,0,0.0
37,WFAgent0,OLD_LOW_INCOME,27,28.862703674980693,0,0.0
37,WFAgent1,FEMALE_OLD_HIGH_INCOME,3,2.9651767974630667,0,0.0
37,WFAgent2,MALE_OLD_HIGH_INCOME,6,6.123284962957046,0,0.0
37,WFAgent3,YOUNG_HIGH_INCOME,5,5.421418871324939,0,0.0
37,WFAgent4,OLD_HIGH_INCOME,8,7.3915164085356215,0,0.0
37,WFAgent5,OLD_HIGH_INCOME,8,7.2777243636682805,0,0.0
38,WFAgent6,FEMALE_OLD,18,17.137843949664934,0,0.0
38,WFAgent7,FEMALE_HIGH_INCOME,5,5.178213341336669,0,0.0
38,WFAgent0,MALE_OLD_HIGH_INCOME,6,5.464185122252139,0,0.0
38,WFAgent1,FEMALE_OLD_HIGH_INCOME,3,3.0763207662815755,0,0.0
38,WFAgent2,FEMALE_HIGH_INCOME,5,4.898885139089561,0,0.0
38,WFAgent3,MALE_LOW_INCOME,23,20.010861198959287,0,0.0
38,WFAgent4,FEMALE_YOUNG_HIGH_INCOME,2,2.47109278673265,2,2.4000000000000017
38,WFAgent5,YOUNG_LOW_INCOME,24,18.126833811144657,0,0.0
39,WFAgent6,FEMALE_YOUNG_HIGH_INCOME,2,2.249046303895863,0,0.0
39,WFAgent7,MALE_YOUNG,15,17.967163450549748,0,0.0
39,WFAgent0,MALE_YOUNG_HIGH_INCOME,4,4.515303934916057,0,0.0
39,WFAgent1,YOUNG_LOW_INCOME,24,25.649376096748316,0,0.0
39,WFAgent2,FEMALE_OLD_LOW_INCOME,16,16.200662909793024,0,0.0
39,WFAgent3,FEMALE_YOUNG_LOW_INCOME,13,14.351212684660851,0,0.0
39,WFAgent4,MALE_YOUNG,15,12.362646993634858,0,0.0
39,WFAgent5,FEMALE_OLD,18,18.804950656293766,0,0.0
40,WFAgent6,MALE_YOUNG_LOW_INCOME,12,12.419416262836055,0,0.0
40,WFAgent7,YOUNG_LOW_INCOME,24,23.049621690364248,0,0.0
40,WFAgent0,FEMALE_YOUNG_HIGH_INCOME,2,1.8400329035559604,0,0.0
40,WFAgent1,FEMALE_OLD_HIGH_INCOME,3,3.4947642084051833,0,0.0
40,WFAgent2,MALE_YOUNG_HIGH_INCOME,4,4.19522073726924,0,0.0
40,WFAgent3,OLD_LOW_INCOME,27,28.29854499375682,0,0.0
40,WFAgent4,FEMALE_LOW_INCOME,28,28.311135142856923,0,0.0
40,WFAgent5,FEMALE_YOUNG,14,14.691731681885704,0,0.0
41,WFAgent6,YOUNG_LOW_INCOME,24,20.667176706546527,0,0.0
41,WFAgent7,MALE_OLD_HIGH_INCOME,6,7.251627569218559,6,7.2000000000000055
41,WFAgent0,YOUNG_LOW_INCOME,24,26.574533916219625,0,0.0
41,WFAgent1,YOUNG_LOW_INCOME,24,22.941070396357183,0,0.0
41,WFAgent2,FEMALE_YOUNG,14,15.029009402192536,0,0.0
41,WFAgent3,FEMALE_OLD,18,15.283949581138543,0,0.0
41,WFAgent4,FEMALE_YOUNG_LOW_INCOME,13,12.403995122550151,0,0.0
41,WFAgent5,FEMALE_LOW_INCOME,28,25.928522832017617,0,0.0
42,WFAgent6,FEMALE_HIGH_INCOME,5,4.906808701480613,0,0.0
42,WFAgent7,YOUNG_HIGH_INCOME,5,4.706424997087605,0,0.0
42,WFAgent0,FEMALE_YOUNG_HIGH_INCOME,2,2.322767546170975,0,0.0
42,WFAgent1,MALE_LOW_INCOME,23,26.166605956262128,0,0.0
42,WFAgent2,MALE_YOUNG,15,14.026494784652781,0,0.0
42,WFAgent3,MALE_YOUNG_LOW_INCOME,12,10.95880772674758,0,0.0
42,WFAgent4,FEMALE_YOUNG_LOW_INCOME,13,11.176080488306244,0,0.0
42,WFAgent5,FEMALE_YOUNG_HIGH_INCOME,2,1.8264684554290658,0,0.0
43,WFAgent6,FEMALE_YOUNG_LOW_INCOME,13,15.74296295377006,13,15.600000000000012
43,WFAgent7,FEMALE_HIGH_INCOME,5,5.107105843040219,0,0.0
43,WFAgent0,FEMALE_HIGH_INCOME,5,4.937913399954739,0,0.0
43,WFAgent1,OLD_LOW_INCOME,27,27.044690960311325,0,0.0
43,WFAgent2,MALE_OLD_LOW_INCOME,12,11.31875808486297,0,0.0
43,WFAgent3,MALE_LOW_INCOME,23,20.081088582508148,0,0.0
43,WFAgent4,MALE_LOW_INCOME,23,23.064767029888547,0,0.0
43,WFAgent5,OLD_LOW_INCOME,27,27.756818543509596,0,0.0
44,WFAgent6,YOUNG_LOW_INCOME,24,24.255524517152185,0,0.0
44,WFAgent7,MALE_OLD_HIGH_INCOME,6,5.910358209197944,0,0.0
44,WFAgent0,FEMALE_LOW_INCOME,28,31.412751011784927,0,0.0
44,WFAgent1,MALE_YOUNG,15,21.0416439811224,17,20.40000000000001
44,WFAgent2,MALE_YOUNG_LOW_INCOME,12,9.843937827955997,0,0.0
44,WFAgent3,YOUNG_HIGH_INCOME,5,5.674181231437711,0,0.0
44,WFAgent4,MALE_YOUNG_LOW_INCOME,12,10.15662584394976,0,0.0
44,WFAgent5,FEMALE_OLD_LOW_INCOME,16,15.210197023895539,0,0.0
45,WFAgent6,FEMALE_YOUNG_HIGH_INCOME,2,2.1024998627724676,0,0.0
45,WFAgent7,OLD_LOW_INCOME,27,27.020312262991656,0,0.0
45,WFAgent0,FEMALE_YOUNG_LOW_INCOME,13,13.616968177749161,0,0.0
45,WFAgent1,OLD_LOW_INCOME,27,28.939971931164532,0,0.0
45,WFAgent2,YOUNG_LOW_INCOME,24,24.316710796880844,0,0.0
45,WFAgent3,MALE_YOUNG_HIGH_INCOME,4,3.6067010937263984,0,0.0
45,WFAgent4,OLD_HIGH_INCOME,8,8.331668441185096,0,0.0
45,WFAgent5,OLD_LOW_INCOME,27,31.1061119010247,0,0.0
46,WFAgent6,MALE_OLD,17,18.633495657851473,0,0.0
46,WFAgent7,FEMALE_YOUNG,14,12.701120428961639,0,0.0
46,WFAgent0,MALE_HIGH_INCOME,9,9.094037266313189,0,0.0
46,WFAgent1,FEMALE_OLD,18,21.682404307577343,18,21.60000000000001
46,WFAgent2,YOUNG_LOW_INCOME,24,23.492972396349646,0,0.0
46,WFAgent3,MALE_YOUNG_HIGH_INCOME,4,4.248555648493391,0,0.0
46,WFAgent4,YOUNG_HIGH_INCOME,5,5.757230426324281,0,0.0
46,WFAgent5,FEMALE_OLD_HIGH_INCOME,3,2.8700578617872052,0,0.0
47,WFAgent6,FEMALE_YOUNG_HIGH_INCOME,2,2.207234565112251,0,0.0
47,WFAgent7,FEMALE_YOUNG_HIGH_INCOME,2,2.1984577963759206,0,0.0
47,WFAgent0,YOUNG_LOW_INCOME,24,30.00436795201673,25,30.000000000000004
47,WFAgent1,FEMALE_HIGH_INCOME,5,5.289545044701449,0,0.0
47,WFAgent2,FEMALE_OLD_HIGH_INCOME,3,2.5834565396100753,0,0.0
47,WFAgent3,MALE_YOUNG,15,17.22077146147744,0,0.0
47,WFAgent4,FEMALE_YOUNG,14,12.873576569461024,0,0.0
47,WFAgent5,YOUNG_LOW_INCOME,24,23.416085898626598,0,0.0
48,WFAgent6,FEMALE_YOUNG_HIGH_INCOME,2,2.1037610239055438,0,0.0
48,WFAgent7,FEMALE_OLD,18,17.97261267199188,0,0.0
48,WFAgent0,FEMALE_HIGH_INCOME,5,4.440217267405474,0,0.0
48,WFAgent1,FEMALE_LOW_INCOME,28,28.21765942257086,0,0.0
48,WFAgent2,MALE_OLD_HIGH_INCOME,6,4.766614396819664,0,0.0
48,WFAgent3,MALE_OLD,17,17.5313734433668,0,0.0
48,WFAgent4,YOUNG_LOW_INCOME,24,22.084384770846466,0,0.0
48,WFAgent5,FEMALE_OLD,18,17.268518410956517,0,0.0
49,WFAgent6,FEMALE_HIGH_INCOME,5,5.212618412388601,0,0.0
49,WFAgent7,MALE_HIGH_INCOME,9,10.133264802682536,0,0.0
49,WFAgent0,MALE_OLD,17,14.412666432913904,0,0.0
49,WFAgent1,MALE_HIGH_INCOME,9,8.961438210295801,0,0.0
49,WFAgent2,FEMALE_OLD_HIGH_INCOME,3,3.665580509034225,3,3.6000000000000023
49,WFAgent3,FEMALE_YOUNG,14,15.015421710652355,0,0.0
49,WFAgent4,MALE_LOW_INCOME,23,24.73067243234563,0,0.0
49,WFAgent5,MALE_YOUNG_LOW_INCOME,12,12.259222325256145,0,0.0
50,WFAgent6,YOUNG_LOW_INCOME,24,22.374291933747593,0,0.0
50,WFAgent7,FEMALE_OLD_HIGH_INCOME,3,2.7073197571018763,0,0.0
50,WFAgent0,YOUNG_LOW_INCOME,24,26.143955954158436,0,0.0
50,WFAgent1,MALE_OLD_HIGH_INCOME,6,6.351552078611477,0,0.0
50,WFAgent2,MALE_HIGH_INCOME,9,10.261589438576918,0,0.0
50,WFAgent3,MALE_OLD_HIGH_INCOME,6,5.556430964442207,0,0.0
50,WFAgent4,FEMALE_YOUNG,14,10.763563364966423,0,0.0
50,WFAgent5,MALE_YOUNG_HIGH_INCOME,4,4.940361610987278,4,4.800000000000003
51,WFAgent6,MALE_YOUNG,15,15.69362261188127,0,0.0
51,WFAgent7,YOUNG_LOW_INCOME,24,16.313673323452747,0,0.0
51,WFAgent0,MALE_LOW_INCOME,23,22.266195337122152,0,0.0
51,WFAgent1,FEMALE_OLD_HIGH_INCOME,3,3.2037097916861095,0,0.0
51,WFAgent2,MALE_OLD_HIGH_INCOME,6,5.501116715703165,0,0.0
51,WFAgent3,FEMALE_OLD_HIGH_INCOME,3,2.8248939219484277,0,0.0
51,WFAgent4,MALE_HIGH_INCOME,9,8.770058580904418,0,0.0
51,WFAgent5,FEMALE_YOUNG,14,14.38480152967483,0,0.0
52,WFAgent6,MALE_YOUNG_HIGH_INCOME,4,4.735618761176884,0,0.0
52,WFAgent7,FEMALE_OLD,18,19.644709635011388,0,0.0
52,WFAgent0,FEMALE_YOUNG,14,13.41474683029818,0,0.0
52,WFAgent1,YOUNG_HIGH_INCOME,5,4.491975097802596,0,0.0
52,WFAgent2,YOUNG_LOW_INCOME,24,27.667971236761097,0,0.0
52,WFAgent3,MALE_HIGH_INCOME,9,7.000368819483846,0,0.0
52,WFAgent4,FEMALE_YOUNG_HIGH_INCOME,2,1.8371705404127372,0,0.0
52,WFAgent5,OLD_HIGH_INCOME,8,8.10629316478273,0,0.0
53,WFAgent6,FEMALE_HIGH_INCOME,5,5.142123010184971,0,0.0
53,WFAgent7,FEMALE_YOUNG_LOW_INCOME,13,13.29518079511059,0,0.0
53,WFAgent0,FEMALE_HIGH_INCOME,5,5.140278396759423,0,0.0
53,WFAgent1,MALE_OLD_HIGH_INCOME,6,5.046755440847651,0,0.0
53,WFAgent2,MALE_YOUNG_LOW_INCOME,12,12.586555295695925,0,0.0
53,WFAgent3,MALE_OLD_HIGH_INCOME,6,5.8074927346662895,0,0.0
53,WFAgent4,YOUNG_HIGH_INCOME,5,5.695383152771277,0,0.0
53,WFAgent5,FEMALE_HIGH_INCOME,5,4.6237355073872,0,0.0
54,WFAgent6,FEMALE_OLD,18,20.507720753028337,0,0.0
54,WFAgent7,MALE_YOUNG_HIGH_INCOME,4,4.143869788193278,0,0.0
54,WFAgent0,FEMALE_OLD_LOW_INCOME,16,14.859378611066342,0,0.0
54,WFAgent1,OLD_HIGH_INCOME,8,7.392231777942563,0,0.0
54,WFAgent2,OLD_LOW_INCOME,27,26.427323769894176,0,0.0
54,WFAgent3,YOUNG_LOW_INCOME,24,21.73824169133322,0,0.0
54,WFAgent4,MALE_LOW_INCOME,23,19.974277264520353,0,0.0
54,WFAgent5,MALE_LOW_INCOME,23,20.43411622779658,0,0.0
55,WFAgent6,FEMALE_OLD_HIGH_INCOME,3,3.2381024082631416,0,0.0
55,WFAgent7,MALE_OLD,17,11.756117552450158,0,0.0
55,WFAgent0,YOUNG_LOW_INCOME,24,21.150769262754388,0,0.0
55,WFAgent1,FEMALE_HIGH_INCOME,5,4.833810166800347,0,0.0
55,WFAgent2,MALE_OLD,17,16.695000656165334,0,0.0
55,WFAgent3,MALE_OLD_LOW_INCOME,12,12.931114910159433,0,0.0
55,WFAgent4,MALE_YOUNG_LOW_INCOME,12,13.391804655516196,0,0.0
55,WFAgent5,FEMALE_OLD_LOW_INCOME,16,16.242728587872225,0,0.0
56,WFAgent6,YOUNG_LOW_INCOME,24,17.96193551243377,0,0.0
56,WFAgent7,FEMALE_OLD_LOW_INCOME,16,17.926693757133677,0,0.0
56,WFAgent0,MALE_YOUNG,15,13.72191241835057,0,0.0
56,WFAgent1,MALE_LOW_INCOME,23,21.413229169023165,0,0.0
56,WFAgent2,MALE_OLD,17,16.09261519669885,0,0.0
56,WFAgent3,FEMALE_OLD,18,17.66768121593118,0,0.0
56,WFAgent4,MALE_YOUNG_HIGH_INCOME,4,4.073299889611065,0,0.0
56,WFAgent5,FEMALE_HIGH_INCOME,5,5.449667558513319,0,0.0
57,WFAgent6,MALE_YOUNG_HIGH_INCOME,4,3.7855601939007517,0,0.0
57,WFAgent7,MALE_OLD,17,18.7668395718054,0,0.0
57,WFAgent0,MALE_HIGH_INCOME,9,9.977660569505305,0,0.0
57,WFAgent1,FEMALE_YOUNG_HIGH_INCOME,2,2.056711474434846,0,0.0
57,WFAgent2,MALE_LOW_INCOME,23,21.623717123332185,0,0.0
57,WFAgent3,MALE_YOUNG,15,12.330855350897817,0,0.0
57,WFAgent4,MALE_HIGH_INCOME,9,9.2990185591234,0,0.0
57,WFAgent5,FEMALE_YOUNG_HIGH_INCOME,2,1.84936875845178,0,0.0
58,WFAgent6,YOUNG_LOW_INCOME,24,18.896956856558177,0,0.0
58,WFAgent7,MALE_LOW_INCOME,23,20.220133953374756,0,0.0
58,WFAgent0,MALE_YOUNG_HIGH_INCOME,4,5.150253334646287,4,4.800000000000003
58,WFAgent1,FEMALE_YOUNG,14,13.341397828212184,0,0.0
58,WFAgent2,MALE_YOUNG_HIGH_INCOME,4,4.146509142675886,0,0.0
58,WFAgent3,MALE_YOUNG_LOW_INCOME,12,11.176840416540417,0,0.0
58,WFAgent4,FEMALE_OLD_HIGH_INCOME,3,2.84769133400343,0,0.0
58,WFAgent5,OLD_LOW_INCOME,27,22.129408625224684,0,0.0
59,WFAgent6,MALE_OLD,17,17.716955372219942,0,0.0
59,WFAgent7,MALE_YOUNG,15,14.033163117090481,0,0.0
59,WFAgent0,FEMALE_YOUNG,14,14.22164220947495,0,0.0
59,WFAgent1,FEMALE_YOUNG_HIGH_INCOME,2,1.86447938124076,0,0.0
59,WFAgent2,MALE_OLD_LOW_INCOME,12,12.063122862313802,0,0.0
59,WFAgent3,MALE_LOW_INCOME,23,22.99429548022209,0,0.0
59,WFAgent4,OLD_HIGH_INCOME,8,8.521074429790568,0,0.0
59,WFAgent5,FEMALE_HIGH_INCOME,5,5.358760957824325,0,0.0
60,WFAgent6,FEMALE_YOUNG,14,14.31011757425242,0,0.0
60,WFAgent7,MALE_OLD_LOW_INCOME,12,12.087272988541581,0,0.0
60,WFAgent0,FEMALE_OLD_HIGH_INCOME,3,3.357273913598718,0,0.0
60,WFAgent1,YOUNG_HIGH_INCOME,5,4.514451894078219,0,0.0
60,WFAgent2,MALE_YOUNG_LOW_INCOME,12,10.72316038345801,0,0.0
60,WFAgent3,MALE_HIGH_INCOME,9,9.024769930998678,0,0.0
60,WFAgent4,MALE_YOUNG_LOW_INCOME,12,11.84154700532402,0,0.0
60,WFAgent5,MALE_YOUNG_LOW_INCOME,12,11.713756415995515,0,0.0
61,WFAgent6,YOUNG_HIGH_INCOME,5,5.252752460899559,0,0.0
61,WFAgent7,FEMALE_OLD,18,19.14879610381327,0,0.0
61,WFAgent0,FEMALE_LOW_INCOME,28,25.62716167849497,0,0.0
61,WFAgent1,FEMALE_HIGH_INCOME,5,4.400118815953581,0,0.0
61,WFAgent2,MALE_OLD,17,18.20703558212489,0,0.0
61,WFAgent3,FEMALE_YOUNG_LOW_INCOME,13,12.278125628503984,0,0.0
61,WFAgent4,MALE_HIGH_INCOME,9,9.01655777125394,0,0.0
61,WFAgent5,OLD_HIGH_INCOME,8,8.48150345528028,0,0.0
62,WFAgent6,MALE_YOUNG_LOW_INCOME,12,11.905242549875084,0,0.0
62,WFAgent7,FEMALE_OLD_HIGH_INCOME,3,3.488671456228786,0,0.0
62,WFAgent0,MALE_YOUNG_LOW_INCOME,12,11.755461479576766,0,0.0
62,WFAgent1,FEMALE_YOUNG_HIGH_INCOME,2,1.9402348357920405,0,0.0
62,WFAgent2,OLD_HIGH_INCOME,8,9.11905006339505,0,0.0
62,WFAgent3,FEMALE_YOUNG_HIGH_INCOME,2,2.2053297778143564,0,0.0
62,WFAgent4,OLD_LOW_INCOME,27,24.330337159031217,0,0.0
62,WFAgent5,YOUNG_HIGH_INCOME,5,5.405743254234542,0,0.0
63,WFAgent6,MALE_YOUNG,15,13.863886283553104,0,0.0
63,WFAgent7,MALE_LOW_INCOME,23,26.648820008348174,0,0.0
63,WFAgent0,MALE_OLD,17,19.560583491549398,0,0.0
63,WFAgent1,FEMALE_LOW_INCOME,28,27.752801587524935,0,0.0
63,WFAgent2,FEMALE_HIGH_INCOME,5,4.716426036959898,0,0.0
63,WFAgent3,FEMALE_LOW_INCOME,28,28.170942317532425,0,0.0
63,WFAgent4,YOUNG_LOW_INCOME,24,26.013410594732886,0,0.0
63,WFAgent5,FEMALE_OLD_HIGH_INCOME,3,2.9191056448442403,0,0.0
64,WFAgent6,FEMALE_YOUNG,14,14.28449093656628,0,0.0
64,WFAgent7,MALE_YOUNG_HIGH_INCOME,4,3.6440572677374123,0,0.0
64,WFAgent0,FEMALE_OLD_LOW_INCOME,16,15.219260419876296,0,0.0
64,WFAgent1,OLD_HIGH_INCOME,8,7.676373429580215,0,0.0
64,WFAgent2,MALE_YOUNG,15,14.7773528556761,0,0.0
64,WFAgent3,FEMALE_OLD_HIGH_INCOME,3,2.9746488153932074,0,0.0
64,WFAgent4,OLD_LOW_INCOME,27,31.127291412963984,0,0.0
64,WFAgent5,MALE_OLD,17,15.727908750763039,0,0.0
65,WFAgent6,FEMALE_HIGH_INCOME,5,4.530351761559631,0,0.0
65,WFAgent7,FEMALE_OLD_LOW_INCOME,16,16.04696494821975,0,0.0
65,WFAgent0,YOUNG_HIGH_INCOME,5,4.440846125215126,0,0.0
65,WFAgent1,MALE_LOW_INCOME,23,24.696908927378033,0,0.0
65,WFAgent2,MALE_HIGH_INCOME,9,8.92581913084469,0,0.0
65,WFAgent3,MALE_YOUNG,15,15.112695451221875,0,0.0
65,WFAgent4,FEMALE_YOUNG_HIGH_INCOME,2,2.261950175086519,0,0.0
65,WFAgent5,YOUNG_LOW_INCOME,24,22.792517907940706,0,0.0
66,WFAgent6,OLD_HIGH_INCOME,8,8.159155746543881,0,0.0
66,WFAgent7,FEMALE_OLD_HIGH_INCOME,3,3.2777017769817136,0,0.0
66,WFAgent0,MALE_YOUNG_LOW_INCOME,12,13.246443827536648,0,0.0
66,WFAgent1,MALE_OLD_LOW_INCOME,12,12.989763190011457,0,0.0
66,WFAgent2,FEMALE_YOUNG,14,14.594778080441605,0,0.0
66,WFAgent3,FEMALE_YOUNG_LOW_INCOME,13,15.338296506075832,0,0.0
66,WFAgent4,FEMALE_HIGH_INCOME,5,4.490339935191382,0,0.0
66,WFAgent5,FEMALE_OLD,18,19.150832720285553,0,0.0
67,WFAgent6,FEMALE_YOUNG_HIGH_INCOME,2,2.1215018605209215,0,0.0
67,WFAgent7,MALE_YOUNG_HIGH_INCOME,4,3.7519182516696565,0,0.0
67,WFAgent0,FEMALE_YOUNG_LOW_INCOME,13,13.642877233167823,0,0.0
67,WFAgent1,YOUNG_HIGH_INCOME,5,4.696824016959318,0,0.0
67,WFAgent2,MALE_YOUNG,15,14.906094744878876,0,0.0
67,WFAgent3,MALE_YOUNG_LOW_INCOME,12,11.317993709478493,0,0.0
67,WFAgent4,FEMALE_YOUNG_LOW_INCOME,13,13.263029594657386,0,0.0
67,WFAgent5,MALE_OLD_HIGH_INCOME,6,6.899577982308022,0,0.0
68,WFAgent6,MALE_OLD_HIGH_INCOME,6,5.989123778016036,0,0.0
68,WFAgent7,MALE_HIGH_INCOME,9,10.917657772099323,9,10.800000000000008
68,WFAgent0,MALE_YOUNG,15,12.952875293080751,0,0.0
68,WFAgent1,YOUNG_LOW_INCOME,24,27.31851840382998,0,0.0
68,WFAgent2,FEMALE_YOUNG_HIGH_INCOME,2,1.8647617288256522,0,0.0
68,WFAgent3,MALE_YOUNG,15,13.701256961944532,0,0.0
68,WFAgent4,MALE_LOW_INCOME,23,22.292711656997422,0,0.0
68,WFAgent5,FEMALE_YOUNG_HIGH_INCOME,2,2.481274712366168,2,2.4000000000000017
69,WFAgent6,MALE_YOUNG_LOW_INCOME,12,13.290781171011055,0,0.0
69,WFAgent7,MALE_OLD_HIGH_INCOME,6,4.8735181597429555,0,0.0
69,WFAgent0,MALE_OLD_HIGH_INCOME,6,5.643308162674101,0,0.0
69,WFAgent1,MALE_YOUNG_LOW_INCOME,12,9.649497506269151,0,0.0
69,WFAgent2,FEMALE_OLD,18,17.64802999304024,0,0.0
69,WFAgent3,FEMALE_YOUNG_LOW_INCOME,13,14.127238326740475,0,0.0
69,WFAgent4,MALE_OLD_HIGH_INCOME,6,5.87236149217238,0,0.0
69,WFAgent5,YOUNG_LOW_INCOME,24,22.829854662289655,0,0.0
70,WFAgent6,FEMALE_OLD_LOW_INCOME,16,18.07943295510519,0,0.0
70,WFAgent7,FEMALE_OLD,18,20.570482979545773,0,0.0
70,WFAgent0,OLD_HIGH_INCOME,8,8.1409249499277,0,0.0
70,WFAgent1,FEMALE_YOUNG_HIGH_INCOME,2,2.30249262155958,0,0.0
70,WFAgent2,FEMALE_YOUNG_HIGH_INCOME,2,1.8144938777060486,0,0.0
70,WFAgent3,MALE_YOUNG_HIGH_INCOME,4,3.796223747112715,0,0.0
70,WFAgent4,MALE_YOUNG_HIGH_INCOME,4,3.610107274887029,0,0.0
70,WFAgent5,FEMALE_HIGH_INCOME,5,5.078188159365872,0,0.0
71,WFAgent6,MALE_YOUNG_HIGH_INCOME,4,3.906656611192183,0,0.0
71,WFAgent7,MALE_OLD_LOW_INCOME,12,11.552292038068726,0,0.0
71,WFAgent0,MALE_YOUNG_LOW_INCOME,12,10.65204464922771,0,0.0
71,WFAgent1,MALE_YOUNG_LOW_INCOME,12,12.440682206609548,0,0.0
71,WFAgent2,FEMALE_YOUNG,14,16.482582058186075,0,0.0
71,WFAgent3,FEMALE_LOW_INCOME,28,27.802884173071877,0,0.0
71,WFAgent4,MALE_YOUNG,15,17.20912657211222,0,0.0
71,WFAgent5,MALE_YOUNG_HIGH_INCOME,4,3.7946543803724486,0,0.0
72,WFAgent6,MALE_LOW_INCOME,23,25.174548765269435,0,0.0
72,WFAgent7,MALE_YOUNG,15,16.619733245096874,0,0.0
72,WFAgent0,MALE_OLD_HIGH_INCOME,6,6.486804142306698,0,0.0
72,WFAgent1,MALE_OLD_HIGH_INCOME,6,5.824524852004746,0,0.0
72,WFAgent2,MALE_OLD_HIGH_INCOME,6,5.16569941881011,0,0.0
72,WFAgent3,MALE_OLD_LOW_INCOME,12,11.569207592752669,0,0.0
72,WFAgent4,MALE_OLD_LOW_INCOME,12,16.20576582754,13,15.600000000000012
72,WFAgent5,FEMALE_OLD_LOW_INCOME,16,15.331880155584841,0,0.0
73,WFAgent6,FEMALE_OLD_HIGH_INCOME,3,3.290052210775571,0,0.0
73,WFAgent7,YOUNG_HIGH_INCOME,5,4.659591102641598,0,0.0
73,WFAgent0,MALE_HIGH_INCOME,9,8.877585121715045,0,0.0
73,WFAgent1,FEMALE_OLD_HIGH_INCOME,3,2.8248627342926746,0,0.0
73,WFAgent2,OLD_HIGH_INCOME,8,7.66868431970392,0,0.0
73,WFAgent3,MALE_YOUNG_LOW_INCOME,12,11.304772400897571,0,0.0
73,WFAgent4,FEMALE_YOUNG_LOW_INCOME,13,12.434294559964496,0,0.0
73,WFAgent5,FEMALE_YOUNG_HIGH_INCOME,2,1.7674999244744176,0,0.0
74,WFAgent6,MALE_YOUNG_HIGH_INCOME,4,4.499313120388376,0,0.0
74,WFAgent7,YOUNG_LOW_INCOME,24,23.412678113204723,0,0.0
74,WFAgent0,MALE_LOW_INCOME,23,19.743134013158187,0,0.0
74,WFAgent1,MALE_YOUNG_HIGH_INCOME,4,3.720526123071474,0,0.0
74,WFAgent2,FEMALE_YOUNG_HIGH_INCOME,2,2.1336802929112992,0,0.0
74,WFAgent3,YOUNG_HIGH_INCOME,5,4.637039177010202,0,0.0
74,WFAgent4,FEMALE_OLD_LOW_INCOME,16,16.080561312368655,0,0.0
74,WFAgent5,MALE_OLD_LOW_INCOME,12,11.113571769246995,0,0.0
75,WFAgent6,MALE_OLD,17,19.740464731863852,0,0.0
75,WFAgent7,FEMALE_HIGH_INCOME,5,3.8135339947140934,0,0.0
75,WFAgent0,FEMALE_YOUNG_HIGH_INCOME,2,1.6127135528516716,0,0.0
75,WFAgent1,MALE_YOUNG_LOW_INCOME,12,13.402642604722406,0,0.0
75,WFAgent2,FEMALE_OLD_HIGH_INCOME,3,2.76003860279489,0,0.0
75,WFAgent3,FEMALE_OLD,18,17.043971709293253,0,0.0
75,WFAgent4,FEMALE_LOW_INCOME,28,28.276093671044144,0,0.0
75,WFAgent5,FEMALE_OLD_HIGH_INCOME,3,2.0745959174820756,0,0.0
76,WFAgent6,MALE_YOUNG,15,15.687143826982528,0,0.0
76,WFAgent7,MALE_OLD_HIGH_INCOME,6,5.460703516457617,0,0.0
76,WFAgent0,FEMALE_YOUNG_HIGH_INCOME,2,1.9867497442121902,0,0.0
76,WFAgent1,YOUNG_HIGH_INCOME,5,3.8439276691620154,0,0.0
76,WFAgent2,FEMALE_HIGH_INCOME,5,5.4035961034762545,0,0.0
76,WFAgent3,MALE_OLD,17,14.961481922532496,0,0.0
76,WFAgent4,FEMALE_OLD,18,16.164794459892473,0,0.0
76,WFAgent5,YOUNG_HIGH_INCOME,5,5.621101330311897,0,0.0
77,WFAgent6,OLD_LOW_INCOME,27,27.12243904354413,0,0.0
77,WFAgent7,MALE_OLD,17,16.669588464691795,0,0.0
77,WFAgent0,MALE_YOUNG,15,15.729086237165012,0,0.0
77,WFAgent1,MALE_OLD,17,16.049260185153873,0,0.0
77,WFAgent2,FEMALE_YOUNG,14,13.546916022805416,0,0.0
77,WFAgent3,MALE_OLD,17,19.54058730191963,0,0.0
77,WFAgent4,OLD_LOW_INCOME,27,27.917646378062603,0,0.0
77,WFAgent5,FEMALE_OLD,18,19.78005723413242,0,0.0
78,WFAgent6,FEMALE_YOUNG_LOW_INCOME,13,10.372821092208053,0,0.0
78,WFAgent7,MALE_HIGH_INCOME,9,8.788385292226423,0,0.0
78,WFAgent0,MALE_YOUNG_HIGH_INCOME,4,4.035238193603494,0,0.0
78,WFAgent1,YOUNG_HIGH_INCOME,5,5.328288790906639,0,0.0
78,WFAgent2,FEMALE_OLD_HIGH_INCOME,3,3.4589655129484633,0,0.0
78,WFAgent3,OLD_LOW_INCOME,27,25.59776700596215,0,0.0
78,WFAgent4,FEMALE_YOUNG,14,13.410384369768469,0,0.0
78,WFAgent5,FEMALE_HIGH_INCOME,5,4.367365538629368,0,0.0
79,WFAgent6,FEMALE_OLD,18,16.735465128009043,0,0.0
79,WFAgent7,OLD_LOW_INCOME,27,26.30298423944954,0,0.0
79,WFAgent0,FEMALE_HIGH_INCOME,5,5.0227022677663555,0,0.0
79,WFAgent1,MALE_HIGH_INCOME,9,9.076587270150918,0,0.0
79,WFAgent2,MALE_YOUNG,15,16.839940032128247,0,0.0
79,WFAgent3,FEMALE_LOW_INCOME,28,31.214436902599843,0,0.0
79,WFAgent4,MALE_YOUNG_LOW_INCOME,12,11.796333787073198,0,0.0
79,WFAgent5,FEMALE_OLD_HIGH_INCOME,3,2.9316202527204926,0,0.0
80,WFAgent6,FEMALE_OLD,18,18.921502739963888,0,0.0
80,WFAgent7,MALE_LOW_INCOME,23,21.57349998050792,0,0.0
80,WFAgent0,MALE_OLD_HIGH_INCOME,6,6.768764215731265,0,0.0
80,WFAgent1,FEMALE_OLD,18,18.89360383813892,0,0.0
80,WFAgent2,FEMALE_YOUNG_HIGH_INCOME,2,2.1336016779259968,0,0.0
80,WFAgent3,FEMALE_YOUNG_HIGH_INCOME,2,2.444971232462614,2,2.4000000000000017
80,WFAgent4,MALE_YOUNG_HIGH_INCOME,4,3.569531427720374,0,0.0
80,WFAgent5,MALE_HIGH_INCOME,9,8.898458113210097,0,0.0
81,WFAgent6,YOUNG_HIGH_INCOME,5,5.325484413627385,0,0.0
81,WFAgent7,OLD_HIGH_INCOME,8,7.674947859900004,0,0.0
81,WFAgent0,FEMALE_HIGH_INCOME,5,5.3893067464846665,0,0.0
81,WFAgent1,MALE_OLD_LOW_INCOME,12,11.609649451487062,0,0.0
81,WFAgent2,OLD_HIGH_INCOME,8,8.018770054226144,0,0.0
81,WFAgent3,MALE_OLD,17,16.298837435749704,0,0.0
81,WFAgent4,FEMALE_YOUNG,14,14.073386046548498,0,0.0
81,WFAgent5,YOUNG_LOW_INCOME,24,22.949477106353246,0,0.0
82,WFAgent6,FEMALE_OLD_HIGH_INCOME,3,3.102602412729156,0,0.0
82,WFAgent7,FEMALE_OLD,18,16.544990249214525,0,0.0
82,WFAgent0,YOUNG_LOW_INCOME,24,21.698984280390444,0,0.0
82,WFAgent1,MALE_OLD_HIGH_INCOME,6,6.683286164059645,0,0.0
82,WFAgent2,MALE_YOUNG_HIGH_INCOME,4,3.9212541634783062,0,0.0
82,WFAgent3,OLD_HIGH_INCOME,8,8.829194024463723,0,0.0
82,WFAgent4,MALE_HIGH_INCOME,9,7.081782000886518,0,0.0
82,WFAgent5,FEMALE_LOW_INCOME,28,29.647233898694875,0,0.0
83,WFAgent6,FEMALE_LOW_INCOME,28,27.796245786441844,0,0.0
83,WFAgent7,MALE_YOUNG_LOW_INCOME,12,12.710255701505647,0,0.0
83,WFAgent0,FEMALE_YOUNG,14,13.895168500383276,0,0.0
83,WFAgent1,OLD_HIGH_INCOME,8,7.874988599067862,0,0.0
83,WFAgent2,MALE_HIGH_INCOME,9,9.521370062631535,0,0.0
83,WFAgent3,OLD_LOW_INCOME,27,25.22727515314686,0,0.0
83,WFAgent4,MALE_OLD_HIGH_INCOME,6,5.852180169395634,0,0.0
83,WFAgent5,FEMALE_LOW_INCOME,28,32.555697870031516,0,0.0
84,WFAgent6,FEMALE_OLD,18,22.686448048065387,18,21.60000000000001
84,WFAgent7,MALE_YOUNG,15,14.932625023594504,0,0.0
84,WFAgent0,FEMALE_OLD_LOW_INCOME,16,15.327752753617249,0,0.0
84,WFAgent1,MALE_YOUNG_HIGH_INCOME,4,3.989880320428942,0,0.0
84,WFAgent2,OLD_LOW_INCOME,27,28.34309765415203,0,0.0
84,WFAgent3,FEMALE_OLD_HIGH_INCOME,3,3.279605090897199,0,0.0
84,WFAgent4,FEMALE_OLD_LOW_INCOME,16,17.362474541362676,0,0.0
84,WFAgent5,MALE_YOUNG,15,14.302028347437627,0,0.0
85,WFAgent6,OLD_HIGH_INCOME,8,6.377023802058809,0,0.0
85,WFAgent7,FEMALE_YOUNG,14,15.713514060577758,0,0.0
85,WFAgent0,FEMALE_LOW_INCOME,28,28.019342902633355,0,0.0
85,WFAgent1,YOUNG_LOW_INCOME,24,22.88512367279459,0,0.0
85,WFAgent2,MALE_OLD,17,16.081616164968217,0,0.0
85,WFAgent3,OLD_HIGH_INCOME,8,7.884789284159796,0,0.0
85,WFAgent4,MALE_YOUNG_LOW_INCOME,12,9.963621495792424,0,0.0
85,WFAgent5,FEMALE_YOUNG,14,12.768756258414212,0,0.0
86,WFAgent6,MALE_LOW_INCOME,23,19.2538470584183,0,0.0
86,WFAgent7,MALE_HIGH_INCOME,9,7.728943160406136,0,0.0
86,WFAgent0,YOUNG_LOW_INCOME,24,21.6924865507616,0,0.0
86,WFAgent1,OLD_HIGH_INCOME,8,8.066034910676791,0,0.0
86,WFAgent2,MALE_YOUNG_LOW_INCOME,12,14.418449294996448,12,14.400000000000011
86,WFAgent3,MALE_HIGH_INCOME,9,10.21022502370077,0,0.0
86,WFAgent4,MALE_YOUNG,15,14.527968562548027,0,0.0
86,WFAgent5,FEMALE_OLD,18,17.529132277272215,0,0.0
87,WFAgent6,MALE_HIGH_INCOME,9,9.147620325118597,0,0.0
87,WFAgent7,FEMALE_OLD_HIGH_INCOME,3,3.0996323043081415,0,0.0
87,WFAgent0,MALE_OLD,17,16.897477168458597,0,0.0
87,WFAgent1,MALE_HIGH_INCOME,9,10.408703951298119,0,0.0
87,WFAgent2,FEMALE_YOUNG_LOW_INCOME,13,13.072282023508324,0,0.0
87,WFAgent3,MALE_OLD_LOW_INCOME,12,15.168020686474208,12,14.400000000000011
87,WFAgent4,FEMALE_YOUNG,14,15.587050389222073,0,0.0
87,WFAgent5,MALE_YOUNG,15,12.416665819130472,0,0.0
88,WFAgent6,MALE_YOUNG,15,13.21275678511312,0,0.0
88,WFAgent7,FEMALE_YOUNG_HIGH_INCOME,2,2.0942925012370455,0,0.0
88,WFAgent0,MALE_YOUNG_HIGH_INCOME,4,3.4379982333368244,0,0.0
88,WFAgent1,MALE_YOUNG,15,17.849180260240406,0,0.0
88,WFAgent2,FEMALE_YOUNG,14,13.551314093640197,0,0.0
88,WFAgent3,FEMALE_YOUNG,14,15.097801868635099,0,0.0
88,WFAgent4,MALE_YOUNG_LOW_INCOME,12,13.953744060761156,0,0.0
88,WFAgent5,FEMALE_HIGH_INCOME,5,4.809202770385547,0,0.0
89,WFAgent6,YOUNG_LOW_INCOME,24,25.38269783982657,0,0.0
89,WFAgent7,MALE_OLD_HIGH_INCOME,6,6.885193606488195,0,0.0
89,WFAgent0,FEMALE_OLD_LOW_INCOME,16,14.84258026966191,0,0.0
89,WFAgent1,FEMALE_OLD,18,16.904611905639616,0,0.0
89,WFAgent2,MALE_OLD,17,15.703874943472151,0,0.0
89,WFAgent3,FEMALE_LOW_INCOME,28,27.785513409264766,0,0.0
89,WFAgent4,YOUNG_HIGH_INCOME,5,4.894464009903143,0,0.0
89,WFAgent5,MALE_YOUNG_LOW_INCOME,12,11.211942989033684,0,0.0
90,WFAgent6,FEMALE_OLD_LOW_INCOME,16,16.69950489608444,0,0.0
90,WFAgent7,OLD_HIGH_INCOME,8,8.930751598176366,0,0.0
90,WFAgent0,MALE_YOUNG_LOW_INCOME,12,11.33737229719487,0,0.0
90,WFAgent1,FEMALE_OLD_HIGH_INCOME,3,3.192282474973456,0,0.0
90,WFAgent2,OLD_LOW_INCOME,27,21.23424211429918,0,0.0
90,WFAgent3,OLD_HIGH_INCOME,8,8.077805461709591,0,0.0
90,WFAgent4,FEMALE_OLD_LOW_INCOME,16,13.388665228472943,0,0.0
90,WFAgent5,MALE_YOUNG,15,14.871838652162666,0,0.0
91,WFAgent6,MALE_OLD_LOW_INCOME,12,11.713664256344153,0,0.0
91,WFAgent7,MALE_OLD_HIGH_INCOME,6,6.059873002338425,0,0.0
91,WFAgent0,MALE_OLD_HIGH_INCOME,6,5.226151901820505,0,0.0
91,WFAgent1,FEMALE_YOUNG_LOW_INCOME,13,11.204688374227269,0,0.0
91,WFAgent2,FEMALE_YOUNG_LOW_INCOME,13,13.846829329038487,0,0.0
91,WFAgent3,YOUNG_LOW_INCOME,24,20.264752339223072,0,0.0
91,WFAgent4,MALE_YOUNG,15,14.308838671443494,0,0.0
91,WFAgent5,FEMALE_YOUNG_HIGH_INCOME,2,1.892355619493967,0,0.0
92,WFAgent6,FEMALE_OLD_LOW_INCOME,16,16.582313085360674,0,0.0
92,WFAgent7,FEMALE_OLD,18,19.244795136541768,0,0.0
92,WFAgent0,YOUNG_LOW_INCOME,24,24.786035827889837,0,0.0
92,WFAgent1,FEMALE_LOW_INCOME,28,26.072800687326062,0,0.0
92,WFAgent2,OLD_HIGH_INCOME,8,7.411265455108893,0,0.0
92,WFAgent3,FEMALE_YOUNG_LOW_INCOME,13,14.914044293401199,0,0.0
92,WFAgent4,MALE_YOUNG_LOW_INCOME,12,12.893182479935309,0,0.0
92,WFAgent5,MALE_YOUNG,15,16.43434942127259,0,0.0
93,WFAgent6,MALE_HIGH_INCOME,9,9.423451809179396,0,0.0
93,WFAgent7,MALE_OLD,17,16.6514959907073,0,0.0
93,WFAgent0,FEMALE_OLD_LOW_INCOME,16,15.152379555948468,0,0.0
93,WFAgent1,FEMALE_YOUNG_LOW_INCOME,13,13.718177056487733,0,0.0
93,WFAgent2,MALE_YOUNG_HIGH_INCOME,4,3.7632341712961077,0,0.0
93,WFAgent3,FEMALE_OLD_HIGH_INCOME,3,3.273206783395161,0,0.0
93,WFAgent4,MALE_YOUNG,15,15.48081134304138,0,0.0
93,WFAgent5,MALE_OLD_HIGH_INCOME,6,5.58952815760808,0,0.0
94,WFAgent6,FEMALE_OLD_LOW_INCOME,16,14.696632099676437,0,0.0
94,WFAgent7,MALE_OLD,17,18.51848255030638,0,0.0
94,WFAgent0,MALE_OLD_LOW_INCOME,12,11.16039433749492,0,0.0
94,WFAgent1,YOUNG_HIGH_INCOME,5,5.705972542239999,0,0.0
94,WFAgent2,FEMALE_YOUNG_LOW_INCOME,13,12.945780557395555,0,0.0
94,WFAgent3,MALE_YOUNG_HIGH_INCOME,4,4.1124061296954455,0,0.0
94,WFAgent4,FEMALE_YOUNG_HIGH_INCOME,2,2.13587952327929,0,0.0
94,WFAgent5,OLD_HIGH_INCOME,8,7.367868794268742,0,0.0
95,WFAgent6,FEMALE_OLD,18,17.668283774707664,0,0.0
95,WFAgent7,FEMALE_HIGH_INCOME,5,4.981455189391745,0,0.0
95,WFAgent0,MALE_YOUNG_HIGH_INCOME,4,3.9896480162559596,0,0.0
95,WFAgent1,MALE_YOUNG_HIGH_INCOME,4,4.178361798656318,0,0.0
95,WFAgent2,FEMALE_OLD_HIGH_INCOME,3,2.8254661232425953,0,0.0
95,WFAgent3,FEMALE_LOW_INCOME,28,27.374529945611556,0,0.0
95,WFAgent4,MALE_HIGH_INCOME,9,8.041061775464527,0,0.0
95,WFAgent5,YOUNG_LOW_INCOME,24,20.51548932138659,0,0.0
96,WFAgent6,MALE_OLD,17,14.304748542505111,0,0.0
96,WFAgent7,MALE_YOUNG_LOW_INCOME,12,12.677580864241397,0,0.0
96,WFAgent0,MALE_YOUNG_LOW_INCOME,12,10.35735001380219,0,0.0
96,WFAgent1,MALE_OLD,17,15.785111636115175,0,0.0
96,WFAgent2,MALE_YOUNG_LOW_INCOME,12,11.351837988608178,0,0.0
96,WFAgent3,FEMALE_HIGH_INCOME,5,4.927852280793063,0,0.0
96,WFAgent4,FEMALE_YOUNG_LOW_INCOME,13,13.283099789190208,0,0.0
96,WFAgent5,YOUNG_LOW_INCOME,24,24.007486753378394,0,0.0
97,WFAgent6,MALE_OLD_HIGH_INCOME,6,5.4254107255340225,0,0.0
97,WFAgent7,YOUNG_HIGH_INCOME,5,4.844538539029234,0,0.0
97,WFAgent0,YOUNG_HIGH_INCOME,5,4.62059570308512,0,0.0
97,WFAgent1,FEMALE_OLD,18,19.297484491101102,0,0.0
97,WFAgent2,MALE_HIGH_INCOME,9,8.75955068029756,0,0.0
97,WFAgent3,FEMALE_YOUNG_LOW_INCOME,13,10.563722860885932,0,0.0
97,WFAgent4,FEMALE_HIGH_INCOME,5,5.128777562049733,0,0.0
97,WFAgent5,MALE_OLD,17,16.44563579460829,0,0.0
98,WFAgent6,FEMALE_YOUNG_LOW_INCOME,13,14.128254829680976,0,0.0
98,WFAgent7,MALE_OLD,17,18.027113931085136,0,0.0
98,WFAgent0,MALE_HIGH_INCOME,9,8.989931811588193,0,0.0
98,WFAgent1,MALE_OLD_HIGH_INCOME,6,6.58062931429532,0,0.0
98,WFAgent2,FEMALE_OLD_LOW_INCOME,16,14.858077247135434,0,0.0
98,WFAgent3,FEMALE_YOUNG_LOW_INCOME,13,11.758553451521841,0,0.0
98,WFAgent4,MALE_OLD_LOW_INCOME,12,10.382900853853219,0,0.0
98,WFAgent5,MALE_OLD_HIGH_INCOME,6,5.971358433982826,0,0.0
99,WFAgent6,FEMALE_HIGH_INCOME,5,4.417736529018149,0,0.0
99,WFAgent7,FEMALE_HIGH_INCOME,5,5.048812728563974,0,0.0
99,WFAgent0,YOUNG_LOW_INCOME,24,24.02505356778643,0,0.0
99,WFAgent1,FEMALE_YOUNG_HIGH_INCOME,2,1.7432581071282511,0,0.0
99,WFAgent2,FEMALE_LOW_INCOME,28,24.92968576957349,0,0.0
99,WFAgent3,MALE_YOUNG,15,16.537868194714374,0,0.0
99,WFAgent4,MALE_YOUNG_HIGH_INCOME,4,4.717152206059921,0,0.0
99,WFAgent5,MALE_HIGH_INCOME,9,8.649795885576255,0,0.0

