0,WEAgent1,MALE_YOUNG_HIGH_INCOME,310,310.0,0,0.0
0,WFAgent6,FEMALE_OLD,1123,1123.0,1183,762.0
0,WEAgent2,FEMALE_YOUNG_HIGH_INCOME,153,153.0,250,0.0
0,WFAgent7,MALE_YOUNG,941,941.0,592,480.0
0,WFAgent8,MALE_YOUNG_HIGH_INCOME,206,206.0,501,0.0
0,WEAgent0,FEMALE_OLD_LOW_INCOME,960,960.0,0,0.0
0,WFAgent9,MALE_YOUNG,470,470.0,470,470.0
0,WFAgent0,MALE_OLD_LOW_INCOME,718,718.0,718,718.0
0,WFAgent1,MALE_OLD_LOW_INCOME,1077,1077.0,0,0.0
0,WFAgent2,MALE_YOUNG_LOW_INCOME,367,367.0,367,367.0
0,WFAgent3,MALE_YOUNG,470,470.0,470,470.0
0,WFAgent4,OLD_LOW_INCOME,2517,2517.0,1931,1487.0
0,WFAgent5,FEMALE_OLD_LOW_INCOME,1440,1440.0,831,831.0
1,WEAgent1,MALE_YOUNG_LOW_INCOME,367,367.0,1877,0.0
1,WFAgent6,MALE_OLD_HIGH_INCOME,161,161.0,0,0.0
1,WEAgent2,FEMALE_YOUNG,447,447.0,0,0.0
1,WFAgent7,MALE_OLD_HIGH_INCOME,161,161.0,0,0.0
1,WFAgent8,FEMALE_LOW_INCOME,2628,2628.0,4387,0.0
1,WEAgent0,OLD_HIGH_INCOME,486,486.0,268,0.0
1,WFAgent9,MALE_OLD_HIGH_INCOME,484,484.0,0,0.0
1,WFAgent0,OLD_LOW_INCOME,839,839.0,991,0.0
1,WFAgent1,FEMALE_OLD,561,561.0,399,0.0
1,WFAgent2,MALE_OLD_LOW_INCOME,718,718.0,831,0.0
1,WFAgent3,MALE_OLD_HIGH_INCOME,484,484.0,484,483.99999999999994
1,WFAgent4,FEMALE_YOUNG_LOW_INCOME,792,792.0,0,0.0
1,WFAgent5,MALE_LOW_INCOME,1452,1452.0,0,0.0
2,WEAgent1,FEMALE_LOW_INCOME,876,876.0,627,627.0
2,WFAgent6,MALE_OLD,520,520.0,0,0.0
2,WEAgent2,FEMALE_OLD,1123,1123.0,939,563.0
2,WFAgent7,FEMALE_LOW_INCOME,876,876.0,600,600.0
2,WFAgent8,YOUNG_HIGH_INCOME,154,154.0,282,0.0
2,WEAgent0,OLD_HIGH_INCOME,243,243.0,0,0.0
2,WFAgent9,OLD_HIGH_INCOME,243,243.0,243,243.0
2,WFAgent0,MALE_OLD_HIGH_INCOME,484,484.0,521,268.0
2,WFAgent1,OLD_LOW_INCOME,2517,2517.0,2322,576.0
2,WFAgent2,FEMALE_LOW_INCOME,876,876.0,2020,0.0
2,WFAgent3,MALE_YOUNG_LOW_INCOME,1101,1101.0,1896,0.0
2,WFAgent4,MALE_HIGH_INCOME,795,795.0,0,0.0
2,WFAgent5,FEMALE_HIGH_INCOME,265,265.0,0,0.0
3,WEAgent1,FEMALE_OLD,561,561.0,561,561.0
3,WFAgent6,MALE_LOW_INCOME,1452,1452.0,917,0.0
3,WEAgent2,FEMALE_YOUNG_LOW_INCOME,396,396.0,0,0.0
3,WFAgent7,OLD_HIGH_INCOME,243,243.0,171,168.0
3,WFAgent8,MALE_OLD_HIGH_INCOME,323,323.0,265,265.0
3,WEAgent0,FEMALE_LOW_INCOME,2628,2628.0,2871,1456.0
3,WFAgent9,YOUNG_HIGH_INCOME,463,463.0,0,0.0
3,WFAgent0,FEMALE_OLD_HIGH_INCOME,162,162.0,162,162.0
3,WFAgent1,MALE_HIGH_INCOME,795,795.0,800,271.0
3,WFAgent2,YOUNG_LOW_INCOME,1526,1526.0,1939,983.0
3,WFAgent3,FEMALE_YOUNG_HIGH_INCOME,102,102.0,253,0.0
3,WFAgent4,MALE_OLD_LOW_INCOME,359,359.0,1795,0.0
3,WFAgent5,MALE_OLD_HIGH_INCOME,484,484.0,266,266.0
4,WEAgent1,FEMALE_OLD,1684,1684.0,2821,400.0
4,WFAgent6,MALE_OLD_HIGH_INCOME,323,323.0,806,0.0
4,WEAgent2,MALE_OLD_LOW_INCOME,1077,1077.0,1782,0.0
4,WFAgent7,FEMALE_YOUNG,1341,1341.0,874,874.0
4,WFAgent8,YOUNG_HIGH_INCOME,463,463.0,86,86.0
4,WEAgent0,MALE_LOW_INCOME,726,726.0,1853,0.0
4,WFAgent9,FEMALE_OLD_HIGH_INCOME,81,81.0,0,0.0
4,WFAgent0,YOUNG_HIGH_INCOME,309,309.0,309,309.0
4,WFAgent1,MALE_YOUNG_HIGH_INCOME,310,310.0,248,209.0
4,WFAgent2,OLD_LOW_INCOME,839,839.0,0,0.0
4,WFAgent3,FEMALE_YOUNG_LOW_INCOME,792,792.0,0,0.0
4,WFAgent4,FEMALE_YOUNG_LOW_INCOME,396,396.0,396,396.0
4,WFAgent5,FEMALE_LOW_INCOME,1752,1752.0,825,825.0
5,WEAgent1,MALE_HIGH_INCOME,795,795.0,0,0.0
5,WFAgent6,MALE_OLD,1561,1561.0,1769,0.0
5,WEAgent2,FEMALE_YOUNG_HIGH_INCOME,51,51.0,0,0.0
5,WFAgent7,MALE_YOUNG,1411,1411.0,932,932.0
5,WFAgent8,FEMALE_HIGH_INCOME,397,397.0,0,0.0
5,WEAgent0,FEMALE_OLD,1123,1123.0,2830,0.0
5,WFAgent9,YOUNG_HIGH_INCOME,463,463.0,773,0.0
5,WFAgent0,FEMALE_HIGH_INCOME,132,132.0,0,0.0
5,WFAgent1,MALE_YOUNG_LOW_INCOME,1101,1101.0,946,946.0
5,WFAgent2,MALE_HIGH_INCOME,265,265.0,806,0.0
5,WFAgent3,YOUNG_LOW_INCOME,1526,1526.0,1944,0.0
5,WFAgent4,FEMALE_YOUNG_HIGH_INCOME,51,51.0,0,0.0
5,WFAgent5,FEMALE_OLD,1123,1123.0,0,0.0
6,WEAgent1,MALE_OLD_HIGH_INCOME,161,161.0,0,0.0
6,WFAgent6,OLD_HIGH_INCOME,729,729.0,0,0.0
6,WEAgent2,FEMALE_OLD_HIGH_INCOME,244,244.0,0,0.0
6,WFAgent7,FEMALE_OLD,1123,1123.0,0,0.0
6,WFAgent8,FEMALE_YOUNG,894,894.0,2220,0.0
6,WEAgent0,FEMALE_OLD_HIGH_INCOME,162,162.0,0,0.0
6,WFAgent9,MALE_OLD_HIGH_INCOME,323,323.0,865,0.0
6,WFAgent0,MALE_YOUNG_LOW_INCOME,1101,1101.0,934,0.0
6,WFAgent1,MALE_LOW_INCOME,726,726.0,911,0.0
6,WFAgent2,FEMALE_LOW_INCOME,1752,1752.0,0,0.0
6,WFAgent3,FEMALE_OLD,561,561.0,2743,0.0
6,WFAgent4,OLD_HIGH_INCOME,729,729.0,0,0.0
6,WFAgent5,FEMALE_YOUNG_LOW_INCOME,792,792.0,0,0.0
7,WEAgent1,FEMALE_YOUNG,447,447.0,447,447.0
7,WFAgent6,FEMALE_OLD_LOW_INCOME,1440,1440.0,0,0.0
7,WEAgent2,MALE_OLD_HIGH_INCOME,484,484.0,822,0.0
7,WFAgent7,MALE_YOUNG_HIGH_INCOME,310,310.0,544,0.0
7,WFAgent8,MALE_YOUNG_LOW_INCOME,734,734.0,1817,0.0
7,WEAgent0,FEMALE_YOUNG_LOW_INCOME,792,792.0,1545,368.0
7,WFAgent9,FEMALE_OLD_LOW_INCOME,480,480.0,480,480.0
7,WFAgent0,FEMALE_OLD_LOW_INCOME,480,480.0,480,480.0
7,WFAgent1,MALE_OLD_LOW_INCOME,718,718.0,1410,383.0
7,WFAgent2,FEMALE_OLD,1684,1684.0,1912,467.0
7,WFAgent3,FEMALE_YOUNG_HIGH_INCOME,153,153.0,184,36.0
7,WFAgent4,MALE_OLD_LOW_INCOME,1077,1077.0,0,0.0
7,WFAgent5,MALE_OLD_LOW_INCOME,359,359.0,359,359.0
8,WEAgent1,OLD_LOW_INCOME,2517,2517.0,4198,2456.0
8,WFAgent6,MALE_YOUNG,470,470.0,0,0.0
8,WEAgent2,MALE_OLD_HIGH_INCOME,484,484.0,282,282.0
8,WFAgent7,FEMALE_YOUNG_LOW_INCOME,1188,1188.0,622,622.0
8,WFAgent8,FEMALE_YOUNG,894,894.0,660,660.0
8,WEAgent0,MALE_OLD_HIGH_INCOME,484,484.0,272,272.0
8,WFAgent9,FEMALE_YOUNG_HIGH_INCOME,153,153.0,0,0.0
8,WFAgent0,MALE_OLD_HIGH_INCOME,484,484.0,268,268.0
8,WFAgent1,FEMALE_OLD,1684,1684.0,393,0.0
8,WFAgent2,MALE_HIGH_INCOME,265,265.0,0,0.0
8,WFAgent3,YOUNG_HIGH_INCOME,154,154.0,747,0.0
8,WFAgent4,MALE_LOW_INCOME,726,726.0,1853,0.0
8,WFAgent5,YOUNG_LOW_INCOME,1526,1526.0,705,705.0
9,WEAgent1,MALE_LOW_INCOME,726,726.0,1773,0.0
9,WFAgent6,MALE_LOW_INCOME,726,726.0,1858,0.0
9,WEAgent2,OLD_LOW_INCOME,839,839.0,2419,0.0
9,WFAgent7,FEMALE_OLD_LOW_INCOME,960,960.0,0,0.0
9,WFAgent8,FEMALE_HIGH_INCOME,132,132.0,119,119.0
9,WEAgent0,MALE_YOUNG_HIGH_INCOME,310,310.0,0,0.0
9,WFAgent9,FEMALE_OLD,561,561.0,0,0.0
9,WFAgent0,MALE_HIGH_INCOME,795,795.0,798,0.0
9,WFAgent1,FEMALE_OLD_HIGH_INCOME,162,162.0,392,0.0
9,WFAgent2,FEMALE_YOUNG,447,447.0,1981,0.0
9,WFAgent3,YOUNG_HIGH_INCOME,463,463.0,660,128.0
9,WFAgent4,FEMALE_HIGH_INCOME,265,265.0,0,0.0
9,WFAgent5,MALE_YOUNG_HIGH_INCOME,206,206.0,0,0.0
10,WEAgent1,OLD_LOW_INCOME,839,839.0,0,0.0
10,WFAgent6,MALE_LOW_INCOME,2178,2178.0,0,0.0
10,WEAgent2,FEMALE_LOW_INCOME,2628,2628.0,1945,1945.0
10,WFAgent7,FEMALE_YOUNG_LOW_INCOME,1188,1188.0,1039,1039.0
10,WFAgent8,MALE_YOUNG,470,470.0,1807,0.0
10,WEAgent0,FEMALE_OLD_LOW_INCOME,480,480.0,0,0.0
10,WFAgent9,FEMALE_OLD_LOW_INCOME,480,480.0,480,480.0
10,WFAgent0,OLD_LOW_INCOME,1678,1678.0,2727,972.0
10,WFAgent1,MALE_OLD,1561,1561.0,0,0.0
10,WFAgent2,FEMALE_YOUNG_HIGH_INCOME,102,102.0,223,60.0
10,WFAgent3,MALE_HIGH_INCOME,265,265.0,790,0.0
10,WFAgent4,MALE_HIGH_INCOME,795,795.0,0,0.0
10,WFAgent5,FEMALE_YOUNG_HIGH_INCOME,51,51.0,51,51.0
11,WEAgent1,FEMALE_OLD_LOW_INCOME,1440,1440.0,1956,506.0
11,WFAgent6,FEMALE_YOUNG,894,894.0,1134,856.0
11,WEAgent2,MALE_OLD_HIGH_INCOME,323,323.0,0,0.0
11,WFAgent7,MALE_OLD,520,520.0,0,0.0
11,WFAgent8,FEMALE_HIGH_INCOME,397,397.0,244,0.0
11,WEAgent0,MALE_OLD_LOW_INCOME,718,718.0,1772,0.0
11,WFAgent9,OLD_HIGH_INCOME,729,729.0,1237,0.0
11,WFAgent0,MALE_YOUNG,470,470.0,1738,0.0
11,WFAgent1,FEMALE_YOUNG,894,894.0,894,894.0
11,WFAgent2,MALE_OLD_HIGH_INCOME,484,484.0,0,0.0
11,WFAgent3,MALE_YOUNG_HIGH_INCOME,103,103.0,545,0.0
11,WFAgent4,FEMALE_YOUNG_LOW_INCOME,792,792.0,0,0.0
11,WFAgent5,FEMALE_OLD_LOW_INCOME,480,480.0,480,480.0
12,WEAgent1,FEMALE_HIGH_INCOME,397,397.0,202,202.0
12,WFAgent6,MALE_YOUNG_HIGH_INCOME,206,206.0,206,206.0
12,WEAgent2,FEMALE_YOUNG,1341,1341.0,1794,408.0
12,WFAgent7,FEMALE_YOUNG,447,447.0,447,447.0
12,WFAgent8,YOUNG_HIGH_INCOME,309,309.0,0,0.0
12,WEAgent0,MALE_OLD,1561,1561.0,1900,695.0
12,WFAgent9,MALE_LOW_INCOME,1452,1452.0,1855,0.0
12,WFAgent0,MALE_LOW_INCOME,726,726.0,726,726.0
12,WFAgent1,MALE_YOUNG,1411,1411.0,0,0.0
12,WFAgent2,OLD_HIGH_INCOME,486,486.0,0,0.0
12,WFAgent3,MALE_HIGH_INCOME,265,265.0,0,0.0
12,WFAgent4,MALE_YOUNG_HIGH_INCOME,206,206.0,308,163.0
12,WFAgent5,OLD_HIGH_INCOME,243,243.0,186,186.0
13,WEAgent1,OLD_HIGH_INCOME,243,243.0,625,0.0
13,WFAgent6,FEMALE_LOW_INCOME,876,876.0,0,0.0
13,WEAgent2,MALE_LOW_INCOME,2178,2178.0,1440,1440.0
13,WFAgent7,FEMALE_LOW_INCOME,2628,2628.0,0,0.0
13,WFAgent8,FEMALE_YOUNG_HIGH_INCOME,102,102.0,255,0.0
13,WEAgent0,MALE_YOUNG_HIGH_INCOME,310,310.0,519,0.0
13,WFAgent9,MALE_YOUNG,1411,1411.0,941,941.0
13,WFAgent0,OLD_HIGH_INCOME,486,486.0,399,0.0
13,WFAgent1,MALE_YOUNG_LOW_INCOME,367,367.0,0,0.0
13,WFAgent2,MALE_OLD_LOW_INCOME,718,718.0,594,594.0
13,WFAgent3,MALE_OLD_HIGH_INCOME,161,161.0,161,160.99999999999997
13,WFAgent4,OLD_LOW_INCOME,2517,2517.0,2113,1557.0
13,WFAgent5,FEMALE_OLD_LOW_INCOME,960,960.0,960,960.0
14,WEAgent1,FEMALE_OLD_HIGH_INCOME,244,244.0,0,0.0
14,WFAgent6,FEMALE_OLD,1684,1684.0,0,0.0
14,WEAgent2,OLD_LOW_INCOME,1678,1678.0,3037,1274.0
14,WFAgent7,MALE_OLD,1561,1561.0,0,0.0
14,WFAgent8,MALE_YOUNG_HIGH_INCOME,310,310.0,442,87.0
14,WEAgent0,MALE_YOUNG_HIGH_INCOME,103,103.0,103,103.0
14,WFAgent9,FEMALE_HIGH_INCOME,132,132.0,271,0.0
14,WFAgent0,OLD_HIGH_INCOME,729,729.0,0,0.0
14,WFAgent1,OLD_HIGH_INCOME,729,729.0,533,268.0
14,WFAgent2,MALE_HIGH_INCOME,265,265.0,265,265.0
14,WFAgent3,MALE_LOW_INCOME,726,726.0,1827,0.0
14,WFAgent4,FEMALE_OLD,1684,1684.0,1156,1156.0
14,WFAgent5,FEMALE_LOW_INCOME,1752,1752.0,2017,0.0
15,WEAgent1,FEMALE_YOUNG_LOW_INCOME,1188,1188.0,0,0.0
15,WFAgent6,FEMALE_LOW_INCOME,2628,2628.0,4351,0.0
15,WEAgent2,MALE_YOUNG,941,941.0,1606,731.0
15,WFAgent7,FEMALE_HIGH_INCOME,132,132.0,0,0.0
15,WFAgent8,MALE_YOUNG_LOW_INCOME,734,734.0,734,734.0
15,WEAgent0,FEMALE_YOUNG_HIGH_INCOME,102,102.0,233,0.0
15,WFAgent9,OLD_HIGH_INCOME,729,729.0,466,329.0
15,WFAgent0,MALE_OLD,520,520.0,0,0.0
15,WFAgent1,FEMALE_OLD_HIGH_INCOME,81,81.0,412,0.0
15,WFAgent2,OLD_LOW_INCOME,1678,1678.0,1875,0.0
15,WFAgent3,YOUNG_LOW_INCOME,763,763.0,0,0.0
15,WFAgent4,MALE_OLD_HIGH_INCOME,323,323.0,323,323.0
15,WFAgent5,FEMALE_OLD_LOW_INCOME,480,480.0,0,0.0
16,WEAgent1,MALE_LOW_INCOME,2178,2178.0,1538,1538.0
16,WFAgent6,MALE_YOUNG_LOW_INCOME,1101,1101.0,919,919.0
16,WEAgent2,FEMALE_LOW_INCOME,876,876.0,2981,876.0
16,WFAgent7,MALE_YOUNG_HIGH_INCOME,206,206.0,530,0.0
16,WFAgent8,OLD_HIGH_INCOME,729,729.0,664,555.0
16,WEAgent0,MALE_YOUNG,1411,1411.0,0,0.0
16,WFAgent9,FEMALE_YOUNG_LOW_INCOME,1188,1188.0,1122,898.0
16,WFAgent0,FEMALE_OLD_HIGH_INCOME,162,162.0,162,162.0
16,WFAgent1,FEMALE_OLD,1684,1684.0,276,0.0
16,WFAgent2,MALE_OLD,1041,1041.0,568,568.0
16,WFAgent3,MALE_OLD,1561,1561.0,981,981.0
16,WFAgent4,MALE_LOW_INCOME,1452,1452.0,0,0.0
16,WFAgent5,MALE_YOUNG_HIGH_INCOME,103,103.0,0,0.0
17,WEAgent1,MALE_YOUNG_HIGH_INCOME,310,310.0,0,0.0
17,WFAgent6,YOUNG_LOW_INCOME,2289,2289.0,0,0.0
17,WEAgent2,MALE_OLD_HIGH_INCOME,161,161.0,852,0.0
17,WFAgent7,YOUNG_HIGH_INCOME,309,309.0,0,0.0
17,WFAgent8,FEMALE_OLD,561,561.0,1190,0.0
17,WEAgent0,FEMALE_YOUNG,894,894.0,1381,852.0
17,WFAgent9,FEMALE_OLD_LOW_INCOME,480,480.0,1195,0.0
17,WFAgent0,MALE_YOUNG_LOW_INCOME,734,734.0,1761,0.0
17,WFAgent1,YOUNG_HIGH_INCOME,463,463.0,0,0.0
17,WFAgent2,FEMALE_OLD_HIGH_INCOME,244,244.0,415,0.0
17,WFAgent3,YOUNG_HIGH_INCOME,309,309.0,649,142.0
17,WFAgent4,YOUNG_LOW_INCOME,763,763.0,763,763.0
17,WFAgent5,MALE_LOW_INCOME,726,726.0,1794,0.0
18,WEAgent1,FEMALE_OLD,561,561.0,2622,199.0
18,WFAgent6,FEMALE_OLD_HIGH_INCOME,244,244.0,190,190.0
18,WEAgent2,FEMALE_OLD_HIGH_INCOME,162,162.0,0,0.0
18,WFAgent7,MALE_OLD_LOW_INCOME,359,359.0,1778,0.0
18,WFAgent8,FEMALE_YOUNG_LOW_INCOME,792,792.0,0,0.0
18,WEAgent0,FEMALE_YOUNG_LOW_INCOME,792,792.0,2023,0.0
18,WFAgent9,FEMALE_YOUNG_HIGH_INCOME,51,51.0,235,0.0
18,WFAgent0,FEMALE_YOUNG_HIGH_INCOME,153,153.0,0,0.0
18,WFAgent1,YOUNG_LOW_INCOME,1526,1526.0,907,0.0
18,WFAgent2,OLD_HIGH_INCOME,486,486.0,802,0.0
18,WFAgent3,MALE_YOUNG_HIGH_INCOME,206,206.0,0,0.0
18,WFAgent4,MALE_YOUNG_HIGH_INCOME,310,310.0,500,0.0
18,WFAgent5,MALE_YOUNG_LOW_INCOME,367,367.0,943,0.0
19,WEAgent1,FEMALE_OLD_LOW_INCOME,1440,1440.0,890,0.0
19,WFAgent6,MALE_OLD_LOW_INCOME,718,718.0,1760,0.0
19,WEAgent2,FEMALE_OLD_HIGH_INCOME,244,244.0,0,0.0
19,WFAgent7,MALE_OLD_LOW_INCOME,718,718.0,0,0.0
19,WFAgent8,FEMALE_OLD,1123,1123.0,0,0.0
19,WEAgent0,OLD_HIGH_INCOME,486,486.0,355,355.0
19,WFAgent9,MALE_YOUNG_HIGH_INCOME,206,206.0,206,206.0
19,WFAgent0,YOUNG_LOW_INCOME,1526,1526.0,1997,0.0
19,WFAgent1,FEMALE_OLD_LOW_INCOME,960,960.0,960,960.0
19,WFAgent2,MALE_YOUNG_HIGH_INCOME,103,103.0,0,0.0
19,WFAgent3,FEMALE_OLD,561,561.0,561,561.0
19,WFAgent4,MALE_YOUNG_LOW_INCOME,1101,1101.0,1796,0.0
19,WFAgent5,MALE_HIGH_INCOME,795,795.0,752,599.0
20,WEAgent1,MALE_YOUNG_HIGH_INCOME,206,206.0,0,0.0
20,WFAgent6,YOUNG_LOW_INCOME,1526,1526.0,1989,0.0
20,WEAgent2,MALE_YOUNG_LOW_INCOME,1101,1101.0,0,0.0
20,WFAgent7,YOUNG_HIGH_INCOME,309,309.0,262,249.0
20,WFAgent8,FEMALE_YOUNG_LOW_INCOME,1188,1188.0,0,0.0
20,WEAgent0,FEMALE_HIGH_INCOME,397,397.0,0,0.0
20,WFAgent9,MALE_OLD_HIGH_INCOME,484,484.0,838,0.0
20,WFAgent0,MALE_YOUNG_LOW_INCOME,734,734.0,1325,506.0
20,WFAgent1,FEMALE_OLD,1123,1123.0,2352,0.0
20,WFAgent2,MALE_OLD_LOW_INCOME,1077,1077.0,1814,0.0
20,WFAgent3,MALE_HIGH_INCOME,265,265.0,265,265.0
20,WFAgent4,MALE_YOUNG,470,470.0,470,470.0
20,WFAgent5,FEMALE_OLD_HIGH_INCOME,81,81.0,418,0.0
21,WEAgent1,MALE_YOUNG,941,941.0,2408,571.0
21,WFAgent6,FEMALE_OLD_HIGH_INCOME,244,244.0,0,0.0
21,WEAgent2,MALE_YOUNG_HIGH_INCOME,206,206.0,0,0.0
21,WFAgent7,FEMALE_OLD,1684,1684.0,2345,0.0
21,WFAgent8,FEMALE_YOUNG,447,447.0,447,447.0
21,WEAgent0,MALE_OLD_HIGH_INCOME,161,161.0,812,0.0
21,WFAgent9,FEMALE_YOUNG,1341,1341.0,799,799.0
21,WFAgent0,MALE_YOUNG_HIGH_INCOME,206,206.0,0,0.0
21,WFAgent1,FEMALE_YOUNG,447,447.0,0,0.0
21,WFAgent2,FEMALE_HIGH_INCOME,397,397.0,458,79.0
21,WFAgent3,FEMALE_YOUNG,1341,1341.0,770,770.0
21,WFAgent4,FEMALE_YOUNG_HIGH_INCOME,102,102.0,92,92.0
21,WFAgent5,FEMALE_YOUNG_HIGH_INCOME,102,102.0,77,77.0
22,WEAgent1,OLD_HIGH_INCOME,486,486.0,0,0.0
22,WFAgent6,YOUNG_LOW_INCOME,2289,2289.0,0,0.0
22,WEAgent2,YOUNG_HIGH_INCOME,309,309.0,653,150.0
22,WFAgent7,FEMALE_YOUNG_LOW_INCOME,1188,1188.0,1980,0.0
22,WFAgent8,OLD_HIGH_INCOME,486,486.0,486,486.0
22,WEAgent0,FEMALE_OLD,1123,1123.0,1287,1122.0
22,WFAgent9,YOUNG_LOW_INCOME,1526,1526.0,1887,0.0
22,WFAgent0,OLD_HIGH_INCOME,729,729.0,570,253.0
22,WFAgent1,FEMALE_HIGH_INCOME,397,397.0,0,0.0
22,WFAgent2,MALE_YOUNG_LOW_INCOME,367,367.0,0,0.0
22,WFAgent3,MALE_YOUNG_HIGH_INCOME,310,310.0,0,0.0
22,WFAgent4,FEMALE_YOUNG_HIGH_INCOME,153,153.0,120,120.0
22,WFAgent5,FEMALE_LOW_INCOME,1752,1752.0,1203,1203.0
23,WEAgent1,MALE_LOW_INCOME,1452,1452.0,740,0.0
23,WFAgent6,OLD_LOW_INCOME,2517,2517.0,2699,0.0
23,WEAgent2,FEMALE_YOUNG,894,894.0,1091,361.0
23,WFAgent7,MALE_OLD_HIGH_INCOME,484,484.0,0,0.0
23,WFAgent8,OLD_HIGH_INCOME,243,243.0,368,0.0
23,WEAgent0,FEMALE_LOW_INCOME,1752,1752.0,1752,1752.0
23,WFAgent9,MALE_YOUNG_LOW_INCOME,1101,1101.0,0,0.0
23,WFAgent0,MALE_YOUNG_LOW_INCOME,1101,1101.0,1101,1100.9999999999998
23,WFAgent1,FEMALE_YOUNG_HIGH_INCOME,51,51.0,0,0.0
23,WFAgent2,FEMALE_YOUNG_LOW_INCOME,792,792.0,792,791.9999999999999
23,WFAgent3,MALE_HIGH_INCOME,530,530.0,1324,0.0
23,WFAgent4,YOUNG_HIGH_INCOME,154,154.0,133,133.0
23,WFAgent5,OLD_HIGH_INCOME,729,729.0,0,0.0
24,WEAgent1,YOUNG_HIGH_INCOME,154,154.0,262,0.0
24,WFAgent6,FEMALE_LOW_INCOME,876,876.0,363,363.0
24,WEAgent2,FEMALE_YOUNG,1341,1341.0,0,0.0
24,WFAgent7,OLD_HIGH_INCOME,243,243.0,1056,187.0
24,WFAgent8,FEMALE_OLD_LOW_INCOME,480,480.0,2450,0.0
24,WEAgent0,YOUNG_LOW_INCOME,1526,1526.0,1526,1526.0
24,WFAgent9,MALE_YOUNG_LOW_INCOME,1101,1101.0,764,764.0
24,WFAgent0,FEMALE_LOW_INCOME,1752,1752.0,382,382.0
24,WFAgent1,MALE_OLD_HIGH_INCOME,161,161.0,0,0.0
24,WFAgent2,MALE_YOUNG_LOW_INCOME,734,734.0,710,710.0
24,WFAgent3,FEMALE_OLD_HIGH_INCOME,244,244.0,0,0.0
24,WFAgent4,MALE_OLD_HIGH_INCOME,161,161.0,161,161.0
24,WFAgent5,MALE_YOUNG_LOW_INCOME,734,734.0,0,0.0
25,WEAgent1,FEMALE_OLD,1123,1123.0,2280,421.0
25,WFAgent6,MALE_YOUNG_LOW_INCOME,734,734.0,1835,0.0
25,WEAgent2,MALE_YOUNG_LOW_INCOME,1101,1101.0,0,0.0
25,WFAgent7,FEMALE_YOUNG_HIGH_INCOME,51,51.0,51,51.0
25,WFAgent8,MALE_OLD_LOW_INCOME,359,359.0,359,359.0
25,WEAgent0,FEMALE_HIGH_INCOME,132,132.0,80,80.0
25,WFAgent9,MALE_OLD_HIGH_INCOME,323,323.0,828,0.0
25,WFAgent0,MALE_OLD_LOW_INCOME,359,359.0,359,359.0
25,WFAgent1,MALE_OLD,1041,1041.0,1047,362.0
25,WFAgent2,FEMALE_YOUNG_HIGH_INCOME,102,102.0,83,83.0
25,WFAgent3,YOUNG_LOW_INCOME,2289,2289.0,0,0.0
25,WFAgent4,FEMALE_YOUNG_HIGH_INCOME,51,51.0,51,51.0
25,WFAgent5,FEMALE_OLD,561,561.0,561,561.0
26,WEAgent1,MALE_YOUNG_HIGH_INCOME,310,310.0,0,0.0
26,WFAgent6,MALE_YOUNG,941,941.0,0,0.0
26,WEAgent2,MALE_YOUNG,1411,1411.0,2088,249.0
26,WFAgent7,FEMALE_HIGH_INCOME,132,132.0,0,0.0
26,WFAgent8,OLD_LOW_INCOME,1678,1678.0,1864,0.0
26,WEAgent0,FEMALE_HIGH_INCOME,397,397.0,0,0.0
26,WFAgent9,MALE_LOW_INCOME,726,726.0,0,0.0
26,WFAgent0,FEMALE_HIGH_INCOME,132,132.0,0,0.0
26,WFAgent1,YOUNG_HIGH_INCOME,463,463.0,527,268.0
26,WFAgent2,FEMALE_OLD_LOW_INCOME,1440,1440.0,1226,0.0
26,WFAgent3,FEMALE_OLD,561,561.0,1152,0.0
26,WFAgent4,YOUNG_HIGH_INCOME,463,463.0,0,0.0
26,WFAgent5,FEMALE_YOUNG_LOW_INCOME,1188,1188.0,1982,0.0
27,WEAgent1,FEMALE_OLD_LOW_INCOME,480,480.0,480,480.0
27,WFAgent6,FEMALE_YOUNG_HIGH_INCOME,102,102.0,0,0.0
27,WEAgent2,FEMALE_HIGH_INCOME,265,265.0,0,0.0
27,WFAgent7,MALE_OLD,1041,1041.0,1732,0.0
27,WFAgent8,MALE_YOUNG_HIGH_INCOME,310,310.0,164,164.0
27,WEAgent0,FEMALE_OLD,1684,1684.0,2117,549.0
27,WFAgent9,MALE_HIGH_INCOME,530,530.0,530,530.0
27,WFAgent0,MALE_HIGH_INCOME,795,795.0,677,540.0
27,WFAgent1,OLD_HIGH_INCOME,243,243.0,139,139.0
27,WFAgent2,FEMALE_OLD_HIGH_INCOME,244,244.0,0,0.0
27,WFAgent3,FEMALE_YOUNG,1341,1341.0,1917,0.0
27,WFAgent4,FEMALE_HIGH_INCOME,265,265.0,379,146.0
27,WFAgent5,FEMALE_HIGH_INCOME,397,397.0,0,0.0
28,WEAgent1,MALE_OLD_LOW_INCOME,359,359.0,359,359.0
28,WFAgent6,MALE_OLD_HIGH_INCOME,323,323.0,0,0.0
28,WEAgent2,MALE_LOW_INCOME,726,726.0,1429,421.0
28,WFAgent7,MALE_OLD_HIGH_INCOME,323,323.0,323,323.0
28,WFAgent8,MALE_YOUNG_LOW_INCOME,734,734.0,730,730.0
28,WEAgent0,FEMALE_LOW_INCOME,1752,1752.0,3354,969.0
28,WFAgent9,MALE_YOUNG_LOW_INCOME,367,367.0,367,367.0
28,WFAgent0,FEMALE_HIGH_INCOME,265,265.0,413,0.0
28,WFAgent1,MALE_YOUNG,941,941.0,0,0.0
28,WFAgent2,MALE_HIGH_INCOME,530,530.0,1049,288.0
28,WFAgent3,FEMALE_YOUNG,1341,1341.0,975,975.0
28,WFAgent4,YOUNG_HIGH_INCOME,463,463.0,0,0.0
28,WFAgent5,YOUNG_LOW_INCOME,2289,2289.0,740,740.0
29,WEAgent1,MALE_OLD_HIGH_INCOME,484,484.0,0,0.0
29,WFAgent6,MALE_HIGH_INCOME,795,795.0,0,0.0
29,WEAgent2,YOUNG_HIGH_INCOME,154,154.0,251,0.0
29,WFAgent7,FEMALE_OLD_HIGH_INCOME,244,244.0,213,160.0
29,WFAgent8,FEMALE_OLD,1123,1123.0,1123,1123.0
29,WEAgent0,FEMALE_OLD_HIGH_INCOME,162,162.0,0,0.0
29,WFAgent9,FEMALE_OLD_LOW_INCOME,1440,1440.0,1318,972.0
29,WFAgent0,MALE_YOUNG_HIGH_INCOME,103,103.0,0,0.0
29,WFAgent1,MALE_OLD,520,520.0,1579,380.0
29,WFAgent2,MALE_LOW_INCOME,726,726.0,1844,0.0
29,WFAgent3,FEMALE_YOUNG_LOW_INCOME,792,792.0,1967,0.0
29,WFAgent4,MALE_OLD_HIGH_INCOME,323,323.0,843,0.0
29,WFAgent5,MALE_OLD_LOW_INCOME,359,359.0,359,359.0
30,WEAgent1,MALE_OLD,1041,1041.0,1041,1041.0
30,WFAgent6,FEMALE_OLD,1684,1684.0,2437,0.0
30,WEAgent2,MALE_OLD_LOW_INCOME,1077,1077.0,1286,527.0
30,WFAgent7,MALE_YOUNG_LOW_INCOME,734,734.0,0,0.0
30,WFAgent8,YOUNG_HIGH_INCOME,463,463.0,0,0.0
30,WEAgent0,MALE_YOUNG_LOW_INCOME,367,367.0,1907,0.0
30,WFAgent9,FEMALE_OLD_HIGH_INCOME,81,81.0,81,81.0
30,WFAgent0,MALE_YOUNG_HIGH_INCOME,310,310.0,226,226.0
30,WFAgent1,FEMALE_YOUNG,894,894.0,1878,0.0
30,WFAgent2,MALE_OLD_HIGH_INCOME,484,484.0,328,0.0
30,WFAgent3,FEMALE_OLD_HIGH_INCOME,162,162.0,0,0.0
30,WFAgent4,YOUNG_HIGH_INCOME,309,309.0,253,253.0
30,WFAgent5,FEMALE_OLD_HIGH_INCOME,244,244.0,299,68.0
31,WEAgent1,MALE_OLD_HIGH_INCOME,161,161.0,0,0.0
31,WFAgent6,MALE_OLD_LOW_INCOME,718,718.0,565,565.0
31,WEAgent2,MALE_OLD,1041,1041.0,1422,577.0
31,WFAgent7,MALE_HIGH_INCOME,795,795.0,489,0.0
31,WFAgent8,YOUNG_LOW_INCOME,763,763.0,1460,492.0
31,WEAgent0,FEMALE_YOUNG_HIGH_INCOME,51,51.0,0,0.0
31,WFAgent9,FEMALE_YOUNG_HIGH_INCOME,102,102.0,258,0.0
31,WFAgent0,MALE_YOUNG,1411,1411.0,1840,0.0
31,WFAgent1,FEMALE_YOUNG,447,447.0,447,447.0
31,WFAgent2,MALE_YOUNG_HIGH_INCOME,206,206.0,0,0.0
31,WFAgent3,FEMALE_OLD_LOW_INCOME,480,480.0,2453,0.0
31,WFAgent4,MALE_OLD_LOW_INCOME,718,718.0,634,634.0
31,WFAgent5,FEMALE_OLD_HIGH_INCOME,81,81.0,432,0.0
32,WEAgent1,FEMALE_OLD_HIGH_INCOME,162,162.0,0,0.0
32,WFAgent6,OLD_HIGH_INCOME,486,486.0,420,0.0
32,WEAgent2,OLD_LOW_INCOME,2517,2517.0,1680,1680.0
32,WFAgent7,MALE_OLD_LOW_INCOME,1077,1077.0,421,421.0
32,WFAgent8,YOUNG_LOW_INCOME,1526,1526.0,0,0.0
32,WEAgent0,MALE_LOW_INCOME,2178,2178.0,1387,1387.0
32,WFAgent9,MALE_OLD,1041,1041.0,1291,448.0
32,WFAgent0,YOUNG_LOW_INCOME,763,763.0,0,0.0
32,WFAgent1,FEMALE_LOW_INCOME,2628,2628.0,3141,1193.0
32,WFAgent2,YOUNG_LOW_INCOME,763,763.0,0,0.0
32,WFAgent3,MALE_LOW_INCOME,1452,1452.0,880,880.0
32,WFAgent4,MALE_HIGH_INCOME,530,530.0,506,0.0
32,WFAgent5,FEMALE_LOW_INCOME,1752,1752.0,0,0.0
33,WEAgent1,FEMALE_OLD_LOW_INCOME,480,480.0,0,0.0
33,WFAgent6,YOUNG_LOW_INCOME,1526,1526.0,665,665.0
33,WEAgent2,MALE_OLD,1561,1561.0,2538,0.0
33,WFAgent7,FEMALE_OLD,1123,1123.0,2851,0.0
33,WFAgent8,FEMALE_HIGH_INCOME,132,132.0,255,0.0
33,WEAgent0,YOUNG_LOW_INCOME,2289,2289.0,1589,1589.0
33,WFAgent9,FEMALE_YOUNG_LOW_INCOME,1188,1188.0,632,632.0
33,WFAgent0,FEMALE_OLD,1684,1684.0,0,0.0
33,WFAgent1,MALE_OLD,1561,1561.0,0,0.0
33,WFAgent2,FEMALE_YOUNG,894,894.0,0,0.0
33,WFAgent3,MALE_LOW_INCOME,726,726.0,0,0.0
33,WFAgent4,MALE_YOUNG_HIGH_INCOME,103,103.0,553,0.0
33,WFAgent5,MALE_YOUNG,1411,1411.0,917,917.0
34,WEAgent1,FEMALE_LOW_INCOME,2628,2628.0,3141,1183.0
34,WFAgent6,FEMALE_YOUNG_HIGH_INCOME,51,51.0,117,0.0
34,WEAgent2,MALE_OLD_LOW_INCOME,359,359.0,0,0.0
34,WFAgent7,MALE_YOUNG,1411,1411.0,0,0.0
34,WFAgent8,MALE_OLD_HIGH_INCOME,161,161.0,161,161.0
34,WEAgent0,FEMALE_LOW_INCOME,876,876.0,0,0.0
34,WFAgent9,MALE_YOUNG,1411,1411.0,0,0.0
34,WFAgent0,FEMALE_OLD_LOW_INCOME,1440,1440.0,1197,1197.0
34,WFAgent1,FEMALE_YOUNG_LOW_INCOME,792,792.0,0,0.0
34,WFAgent2,FEMALE_YOUNG_LOW_INCOME,792,792.0,0,0.0
34,WFAgent3,MALE_LOW_INCOME,2178,2178.0,0,0.0
34,WFAgent4,YOUNG_HIGH_INCOME,463,463.0,675,0.0
34,WFAgent5,MALE_OLD_HIGH_INCOME,484,484.0,688,183.0
35,WEAgent1,FEMALE_YOUNG_LOW_INCOME,792,792.0,0,0.0
35,WFAgent6,FEMALE_LOW_INCOME,1752,1752.0,2009,0.0
35,WEAgent2,MALE_YOUNG_LOW_INCOME,1101,1101.0,0,0.0
35,WFAgent7,OLD_LOW_INCOME,2517,2517.0,3596,552.0
35,WFAgent8,FEMALE_HIGH_INCOME,397,397.0,0,0.0
35,WEAgent0,MALE_YOUNG,1411,1411.0,0,0.0
35,WFAgent9,FEMALE_OLD_LOW_INCOME,480,480.0,0,0.0
35,WFAgent0,FEMALE_YOUNG_HIGH_INCOME,51,51.0,0,0.0
35,WFAgent1,FEMALE_YOUNG,894,894.0,0,0.0
35,WFAgent2,FEMALE_YOUNG,894,894.0,0,0.0
35,WFAgent3,MALE_YOUNG,1411,1411.0,0,0.0
35,WFAgent4,YOUNG_LOW_INCOME,2289,2289.0,0,0.0
35,WFAgent5,FEMALE_OLD,561,561.0,786,561.0
36,WEAgent1,MALE_OLD_LOW_INCOME,718,718.0,0,0.0
36,WFAgent6,OLD_HIGH_INCOME,486,486.0,480,394.0
36,WEAgent2,MALE_OLD_LOW_INCOME,1077,1077.0,0,0.0
36,WFAgent7,FEMALE_OLD_HIGH_INCOME,162,162.0,0,0.0
36,WFAgent8,OLD_HIGH_INCOME,486,486.0,0,0.0
36,WEAgent0,MALE_YOUNG_LOW_INCOME,367,367.0,1843,0.0
36,WFAgent9,MALE_OLD_HIGH_INCOME,484,484.0,253,253.0
36,WFAgent0,MALE_OLD_HIGH_INCOME,323,323.0,271,271.0
36,WFAgent1,FEMALE_OLD_LOW_INCOME,1440,1440.0,1463,956.0
36,WFAgent2,YOUNG_HIGH_INCOME,463,463.0,765,0.0
36,WFAgent3,OLD_LOW_INCOME,1678,1678.0,0,0.0
36,WFAgent4,FEMALE_LOW_INCOME,876,876.0,1995,0.0
36,WFAgent5,FEMALE_OLD,1123,1123.0,1123,1123.0
37,WEAgent1,MALE_YOUNG_LOW_INCOME,734,734.0,0,0.0
37,WFAgent6,MALE_YOUNG_HIGH_INCOME,310,310.0,525,0.0
37,WEAgent2,YOUNG_LOW_INCOME,763,763.0,2012,0.0
37,WFAgent7,FEMALE_OLD_LOW_INCOME,960,960.0,2363,0.0
37,WFAgent8,OLD_LOW_INCOME,839,839.0,0,0.0
37,WEAgent0,MALE_OLD_LOW_INCOME,1077,1077.0,898,898.0
37,WFAgent9,MALE_YOUNG_LOW_INCOME,734,734.0,1751,0.0
37,WFAgent0,YOUNG_LOW_INCOME,763,763.0,0,0.0
37,WFAgent1,FEMALE_YOUNG_HIGH_INCOME,51,51.0,262,0.0
37,WFAgent2,FEMALE_YOUNG,1341,1341.0,0,0.0
37,WFAgent3,MALE_OLD_HIGH_INCOME,161,161.0,812,0.0
37,WFAgent4,MALE_YOUNG,1411,1411.0,0,0.0
37,WFAgent5,MALE_OLD,1041,1041.0,969,969.0
38,WEAgent1,MALE_OLD,520,520.0,926,491.0
38,WFAgent6,MALE_HIGH_INCOME,795,795.0,1292,0.0
38,WEAgent2,MALE_YOUNG_LOW_INCOME,367,367.0,1891,0.0
38,WFAgent7,MALE_OLD,1561,1561.0,0,0.0
38,WFAgent8,MALE_YOUNG_LOW_INCOME,734,734.0,0,0.0
38,WEAgent0,MALE_OLD,520,520.0,520,520.0
38,WFAgent9,FEMALE_OLD_LOW_INCOME,1440,1440.0,1579,905.0
38,WFAgent0,FEMALE_LOW_INCOME,876,876.0,876,876.0
38,WFAgent1,FEMALE_HIGH_INCOME,132,132.0,246,0.0
38,WFAgent2,OLD_HIGH_INCOME,486,486.0,0,0.0
38,WFAgent3,FEMALE_YOUNG_LOW_INCOME,1188,1188.0,1911,0.0
38,WFAgent4,MALE_HIGH_INCOME,265,265.0,0,0.0
38,WFAgent5,MALE_OLD_LOW_INCOME,359,359.0,359,359.0
39,WEAgent1,MALE_LOW_INCOME,726,726.0,726,726.0
39,WFAgent6,MALE_OLD_LOW_INCOME,718,718.0,0,0.0
39,WEAgent2,MALE_OLD_LOW_INCOME,718,718.0,0,0.0
39,WFAgent7,FEMALE_YOUNG_HIGH_INCOME,51,51.0,51,51.0
39,WFAgent8,YOUNG_LOW_INCOME,2289,2289.0,1904,0.0
39,WEAgent0,FEMALE_YOUNG_HIGH_INCOME,153,153.0,211,56.0
39,WFAgent9,MALE_LOW_INCOME,726,726.0,1086,678.0
39,WFAgent0,OLD_HIGH_INCOME,729,729.0,0,0.0
39,WFAgent1,MALE_OLD,1561,1561.0,1088,737.0
39,WFAgent2,YOUNG_LOW_INCOME,763,763.0,763,763.0
39,WFAgent3,FEMALE_OLD_LOW_INCOME,480,480.0,2464,0.0
39,WFAgent4,FEMALE_YOUNG_HIGH_INCOME,102,102.0,0,0.0
39,WFAgent5,MALE_HIGH_INCOME,530,530.0,1274,0.0
40,WEAgent1,FEMALE_OLD_HIGH_INCOME,244,244.0,214,214.0
40,WFAgent6,FEMALE_YOUNG,1341,1341.0,732,732.0
40,WEAgent2,FEMALE_HIGH_INCOME,265,265.0,458,205.0
40,WFAgent7,MALE_OLD_LOW_INCOME,359,359.0,1761,0.0
40,WFAgent8,MALE_OLD,1041,1041.0,815,0.0
40,WEAgent0,FEMALE_LOW_INCOME,2628,2628.0,3219,828.0
40,WFAgent9,FEMALE_YOUNG,447,447.0,447,447.0
40,WFAgent0,MALE_YOUNG,470,470.0,470,470.0
40,WFAgent1,MALE_OLD_LOW_INCOME,718,718.0,0,0.0
40,WFAgent2,FEMALE_HIGH_INCOME,132,132.0,0,0.0
40,WFAgent3,MALE_HIGH_INCOME,795,795.0,497,0.0
40,WFAgent4,MALE_LOW_INCOME,2178,2178.0,0,0.0
40,WFAgent5,MALE_YOUNG_LOW_INCOME,734,734.0,1387,485.0
41,WEAgent1,MALE_YOUNG_HIGH_INCOME,310,310.0,0,0.0
41,WFAgent6,MALE_OLD,1041,1041.0,593,593.0
41,WEAgent2,FEMALE_YOUNG_LOW_INCOME,396,396.0,396,396.0
41,WFAgent7,MALE_HIGH_INCOME,265,265.0,530,0.0
41,WFAgent8,MALE_OLD,1041,1041.0,622,622.0
41,WEAgent0,FEMALE_YOUNG_LOW_INCOME,1188,1188.0,1179,417.0
41,WFAgent9,MALE_YOUNG,941,941.0,605,605.0
41,WFAgent0,MALE_YOUNG_HIGH_INCOME,206,206.0,0,0.0
41,WFAgent1,FEMALE_YOUNG_LOW_INCOME,396,396.0,396,396.0
41,WFAgent2,FEMALE_HIGH_INCOME,265,265.0,482,0.0
41,WFAgent3,MALE_LOW_INCOME,726,726.0,585,585.0
41,WFAgent4,FEMALE_OLD,1684,1684.0,2597,0.0
41,WFAgent5,MALE_LOW_INCOME,2178,2178.0,1201,1201.0
42,WEAgent1,MALE_OLD_LOW_INCOME,359,359.0,1767,0.0
42,WFAgent6,MALE_LOW_INCOME,726,726.0,0,0.0
42,WEAgent2,MALE_YOUNG_LOW_INCOME,1101,1101.0,1440,320.0
42,WFAgent7,FEMALE_YOUNG_HIGH_INCOME,102,102.0,0,0.0
42,WFAgent8,YOUNG_HIGH_INCOME,154,154.0,130,130.0
42,WEAgent0,OLD_HIGH_INCOME,729,729.0,796,0.0
42,WFAgent9,FEMALE_OLD_LOW_INCOME,480,480.0,2376,0.0
42,WFAgent0,YOUNG_HIGH_INCOME,463,463.0,641,111.0
42,WFAgent1,FEMALE_YOUNG_HIGH_INCOME,51,51.0,51,51.0
42,WFAgent2,FEMALE_OLD,1684,1684.0,402,0.0
42,WFAgent3,FEMALE_LOW_INCOME,876,876.0,2030,0.0
42,WFAgent4,MALE_YOUNG_LOW_INCOME,367,367.0,367,367.0
42,WFAgent5,FEMALE_YOUNG_LOW_INCOME,792,792.0,0,0.0
43,WEAgent1,FEMALE_OLD_LOW_INCOME,1440,1440.0,1182,1182.0
43,WFAgent6,FEMALE_HIGH_INCOME,397,397.0,699,0.0
43,WEAgent2,FEMALE_YOUNG,447,447.0,0,0.0
43,WFAgent7,MALE_LOW_INCOME,726,726.0,1817,0.0
43,WFAgent8,FEMALE_YOUNG_LOW_INCOME,396,396.0,396,396.0
43,WEAgent0,FEMALE_OLD_LOW_INCOME,1440,1440.0,1279,1279.0
43,WFAgent9,MALE_OLD,1561,1561.0,1824,0.0
43,WFAgent0,FEMALE_YOUNG,894,894.0,744,744.0
43,WFAgent1,MALE_OLD_HIGH_INCOME,161,161.0,770,0.0
43,WFAgent2,YOUNG_LOW_INCOME,763,763.0,0,0.0
43,WFAgent3,FEMALE_YOUNG_LOW_INCOME,792,792.0,0,0.0
43,WFAgent4,MALE_YOUNG_HIGH_INCOME,103,103.0,525,0.0
43,WFAgent5,FEMALE_LOW_INCOME,1752,1752.0,764,764.0
44,WEAgent1,FEMALE_HIGH_INCOME,397,397.0,597,37.0
44,WFAgent6,MALE_YOUNG,1411,1411.0,0,0.0
44,WEAgent2,FEMALE_LOW_INCOME,2628,2628.0,3389,994.0
44,WFAgent7,FEMALE_LOW_INCOME,2628,2628.0,988,988.0
44,WFAgent8,MALE_LOW_INCOME,2178,2178.0,3176,538.0
44,WEAgent0,OLD_HIGH_INCOME,243,243.0,243,243.0
44,WFAgent9,MALE_OLD,520,520.0,520,520.0
44,WFAgent0,FEMALE_YOUNG_LOW_INCOME,1188,1188.0,0,0.0
44,WFAgent1,FEMALE_OLD_HIGH_INCOME,81,81.0,0,0.0
44,WFAgent2,YOUNG_HIGH_INCOME,309,309.0,0,0.0
44,WFAgent3,MALE_HIGH_INCOME,795,795.0,1087,0.0
44,WFAgent4,FEMALE_YOUNG,1341,1341.0,0,0.0
44,WFAgent5,YOUNG_HIGH_INCOME,309,309.0,0,0.0
45,WEAgent1,YOUNG_HIGH_INCOME,309,309.0,217,185.0
45,WFAgent6,FEMALE_YOUNG_LOW_INCOME,396,396.0,1959,0.0
45,WEAgent2,MALE_HIGH_INCOME,265,265.0,265,265.0
45,WFAgent7,FEMALE_YOUNG,447,447.0,0,0.0
45,WFAgent8,MALE_OLD_LOW_INCOME,1077,1077.0,0,0.0
45,WEAgent0,FEMALE_OLD,1123,1123.0,1961,521.0
45,WFAgent9,MALE_OLD,1041,1041.0,879,879.0
45,WFAgent0,FEMALE_HIGH_INCOME,397,397.0,405,170.0
45,WFAgent1,OLD_HIGH_INCOME,729,729.0,630,327.0
45,WFAgent2,FEMALE_OLD,561,561.0,561,561.0
45,WFAgent3,MALE_OLD_HIGH_INCOME,161,161.0,161,161.0
45,WFAgent4,MALE_LOW_INCOME,2178,2178.0,2756,941.0
45,WFAgent5,MALE_YOUNG_HIGH_INCOME,206,206.0,206,206.0
46,WEAgent1,MALE_YOUNG_LOW_INCOME,734,734.0,0,0.0
46,WFAgent6,FEMALE_OLD_LOW_INCOME,1440,1440.0,1197,1197.0
46,WEAgent2,FEMALE_HIGH_INCOME,265,265.0,496,158.0
46,WFAgent7,FEMALE_OLD_HIGH_INCOME,162,162.0,162,162.0
46,WFAgent8,MALE_YOUNG,1411,1411.0,527,0.0
46,WEAgent0,MALE_OLD_HIGH_INCOME,484,484.0,0,0.0
46,WFAgent9,MALE_OLD,520,520.0,0,0.0
46,WFAgent0,OLD_LOW_INCOME,2517,2517.0,2154,2154.0
46,WFAgent1,FEMALE_OLD_HIGH_INCOME,162,162.0,0,0.0
46,WFAgent2,OLD_LOW_INCOME,1678,1678.0,921,921.0
46,WFAgent3,MALE_LOW_INCOME,1452,1452.0,1800,0.0
46,WFAgent4,FEMALE_YOUNG_HIGH_INCOME,51,51.0,0,0.0
46,WFAgent5,OLD_LOW_INCOME,2517,2517.0,0,0.0
47,WEAgent1,FEMALE_YOUNG,1341,1341.0,1188,983.0
47,WFAgent6,FEMALE_OLD_LOW_INCOME,480,480.0,2391,0.0
47,WEAgent2,FEMALE_YOUNG_LOW_INCOME,792,792.0,0,0.0
47,WFAgent7,FEMALE_YOUNG,447,447.0,133,133.0
47,WFAgent8,MALE_OLD,520,520.0,1743,0.0
47,WEAgent0,FEMALE_YOUNG_LOW_INCOME,792,792.0,0,0.0
47,WFAgent9,MALE_YOUNG_HIGH_INCOME,310,310.0,0,0.0
47,WFAgent0,MALE_HIGH_INCOME,530,530.0,0,0.0
47,WFAgent1,MALE_HIGH_INCOME,265,265.0,1322,0.0
47,WFAgent2,MALE_YOUNG_HIGH_INCOME,206,206.0,0,0.0
47,WFAgent3,FEMALE_YOUNG_HIGH_INCOME,153,153.0,0,0.0
47,WFAgent4,FEMALE_OLD_HIGH_INCOME,244,244.0,422,0.0
47,WFAgent5,FEMALE_YOUNG,894,894.0,894,894.0
48,WEAgent1,MALE_YOUNG,470,470.0,265,265.0
48,WFAgent6,MALE_YOUNG_LOW_INCOME,367,367.0,0,0.0
48,WEAgent2,FEMALE_YOUNG,1341,1341.0,0,0.0
48,WFAgent7,MALE_HIGH_INCOME,795,795.0,503,503.0
48,WFAgent8,OLD_LOW_INCOME,839,839.0,0,0.0
48,WEAgent0,MALE_OLD,1561,1561.0,2104,257.0
48,WFAgent9,FEMALE_YOUNG,447,447.0,0,0.0
48,WFAgent0,FEMALE_HIGH_INCOME,265,265.0,0,0.0
48,WFAgent1,FEMALE_OLD_LOW_INCOME,480,480.0,0,0.0
48,WFAgent2,FEMALE_OLD,1684,1684.0,1637,1215.0
48,WFAgent3,MALE_OLD_HIGH_INCOME,484,484.0,273,273.0
48,WFAgent4,FEMALE_LOW_INCOME,2628,2628.0,3123,1197.0
48,WFAgent5,MALE_YOUNG_LOW_INCOME,1101,1101.0,1835,0.0
49,WEAgent1,MALE_YOUNG_HIGH_INCOME,206,206.0,0,0.0
49,WFAgent6,FEMALE_YOUNG,894,894.0,0,0.0
49,WEAgent2,FEMALE_OLD,1684,1684.0,1451,1174.0
49,WFAgent7,FEMALE_OLD_HIGH_INCOME,81,81.0,81,80.99999999999999
49,WFAgent8,YOUNG_HIGH_INCOME,463,463.0,0,0.0
49,WEAgent0,OLD_LOW_INCOME,2517,2517.0,2970,1182.0
49,WFAgent9,MALE_OLD_LOW_INCOME,718,718.0,0,0.0
49,WFAgent0,OLD_HIGH_INCOME,729,729.0,796,0.0
49,WFAgent1,YOUNG_LOW_INCOME,763,763.0,1856,0.0
49,WFAgent2,FEMALE_YOUNG_HIGH_INCOME,102,102.0,0,0.0
49,WFAgent3,MALE_HIGH_INCOME,530,530.0,0,0.0
49,WFAgent4,FEMALE_LOW_INCOME,876,876.0,1145,857.0
49,WFAgent5,FEMALE_LOW_INCOME,876,876.0,876,876.0
50,WEAgent1,FEMALE_OLD_LOW_INCOME,960,960.0,2529,0.0
50,WFAgent6,MALE_OLD_HIGH_INCOME,484,484.0,0,0.0
50,WEAgent2,MALE_OLD_LOW_INCOME,359,359.0,359,359.0
50,WFAgent7,MALE_HIGH_INCOME,795,795.0,0,0.0
50,WFAgent8,MALE_OLD,1561,1561.0,1144,1144.0
50,WEAgent0,FEMALE_YOUNG_LOW_INCOME,792,792.0,0,0.0
50,WFAgent9,FEMALE_LOW_INCOME,2628,2628.0,0,0.0
50,WFAgent0,FEMALE_YOUNG_HIGH_INCOME,102,102.0,261,0.0
50,WFAgent1,MALE_HIGH_INCOME,530,530.0,424,424.0
50,WFAgent2,YOUNG_LOW_INCOME,763,763.0,900,0.0
50,WFAgent3,MALE_YOUNG_HIGH_INCOME,206,206.0,0,0.0
50,WFAgent4,YOUNG_LOW_INCOME,1526,1526.0,901,0.0
50,WFAgent5,OLD_LOW_INCOME,839,839.0,675,675.0
51,WEAgent1,FEMALE_HIGH_INCOME,397,397.0,100,100.0
51,WFAgent6,FEMALE_HIGH_INCOME,132,132.0,99,99.0
51,WEAgent2,MALE_OLD_LOW_INCOME,359,359.0,0,0.0
51,WFAgent7,MALE_YOUNG_HIGH_INCOME,206,206.0,508,0.0
51,WFAgent8,MALE_OLD_LOW_INCOME,359,359.0,359,359.0
51,WEAgent0,YOUNG_LOW_INCOME,763,763.0,1933,0.0
51,WFAgent9,MALE_OLD_HIGH_INCOME,161,161.0,829,0.0
51,WFAgent0,OLD_LOW_INCOME,1678,1678.0,3828,379.0
51,WFAgent1,FEMALE_OLD_HIGH_INCOME,162,162.0,85,85.0
51,WFAgent2,FEMALE_HIGH_INCOME,265,265.0,105,105.0
51,WFAgent3,FEMALE_YOUNG,447,447.0,1896,0.0
51,WFAgent4,OLD_LOW_INCOME,839,839.0,0,0.0
51,WFAgent5,FEMALE_YOUNG_HIGH_INCOME,102,102.0,258,0.0
52,WEAgent1,OLD_HIGH_INCOME,729,729.0,748,475.0
52,WFAgent6,FEMALE_LOW_INCOME,1752,1752.0,2012,0.0
52,WEAgent2,MALE_LOW_INCOME,2178,2178.0,2681,866.0
52,WFAgent7,OLD_LOW_INCOME,1678,1678.0,2438,0.0
52,WFAgent8,FEMALE_OLD_LOW_INCOME,480,480.0,0,0.0
52,WEAgent0,FEMALE_YOUNG_HIGH_INCOME,153,153.0,141,101.0
52,WFAgent9,MALE_OLD_LOW_INCOME,1077,1077.0,876,876.0
52,WFAgent0,MALE_OLD_HIGH_INCOME,323,323.0,323,323.0
52,WFAgent1,MALE_LOW_INCOME,726,726.0,0,0.0
52,WFAgent2,MALE_HIGH_INCOME,530,530.0,516,0.0
52,WFAgent3,FEMALE_OLD_HIGH_INCOME,162,162.0,0,0.0
52,WFAgent4,FEMALE_HIGH_INCOME,265,265.0,265,265.0
52,WFAgent5,MALE_OLD,1561,1561.0,0,0.0
53,WEAgent1,FEMALE_OLD_LOW_INCOME,960,960.0,0,0.0
53,WFAgent6,MALE_LOW_INCOME,2178,2178.0,0,0.0
53,WEAgent2,FEMALE_OLD,561,561.0,0,0.0
53,WFAgent7,MALE_OLD_HIGH_INCOME,323,323.0,788,0.0
53,WFAgent8,MALE_YOUNG_HIGH_INCOME,103,103.0,501,0.0
53,WEAgent0,MALE_LOW_INCOME,2178,2178.0,2780,902.0
53,WFAgent9,FEMALE_LOW_INCOME,2628,2628.0,3221,1200.0
53,WFAgent0,FEMALE_OLD_HIGH_INCOME,162,162.0,412,0.0
53,WFAgent1,MALE_OLD_LOW_INCOME,359,359.0,0,0.0
53,WFAgent2,FEMALE_OLD_LOW_INCOME,1440,1440.0,1137,1137.0
53,WFAgent3,MALE_LOW_INCOME,1452,1452.0,903,903.0
53,WFAgent4,FEMALE_YOUNG_LOW_INCOME,1188,1188.0,0,0.0
53,WFAgent5,FEMALE_OLD,1684,1684.0,0,0.0
54,WEAgent1,MALE_HIGH_INCOME,265,265.0,265,254.0
54,WFAgent6,MALE_OLD,1041,1041.0,1273,564.0
54,WEAgent2,FEMALE_LOW_INCOME,2628,2628.0,3394,1027.9999999999998
54,WFAgent7,MALE_HIGH_INCOME,795,795.0,0,0.0
54,WFAgent8,MALE_HIGH_INCOME,265,265.0,265,265.0
54,WEAgent0,FEMALE_OLD,1123,1123.0,1123,1123.0
54,WFAgent9,MALE_YOUNG_HIGH_INCOME,103,103.0,0,0.0
54,WFAgent0,MALE_HIGH_INCOME,795,795.0,0,0.0
54,WFAgent1,FEMALE_YOUNG,447,447.0,0,0.0
54,WFAgent2,FEMALE_HIGH_INCOME,132,132.0,132,132.0
54,WFAgent3,MALE_YOUNG_LOW_INCOME,734,734.0,1842,0.0
54,WFAgent4,FEMALE_HIGH_INCOME,397,397.0,390,123.0
54,WFAgent5,MALE_OLD,520,520.0,520,520.0
55,WEAgent1,FEMALE_OLD_HIGH_INCOME,81,81.0,0,0.0
55,WFAgent6,OLD_LOW_INCOME,1678,1678.0,1827,0.0
55,WEAgent2,MALE_OLD_HIGH_INCOME,484,484.0,402,402.0
55,WFAgent7,FEMALE_HIGH_INCOME,397,397.0,275,275.0
55,WFAgent8,YOUNG_LOW_INCOME,2289,2289.0,2111,1269.0
55,WEAgent0,MALE_OLD_HIGH_INCOME,161,161.0,0,0.0
55,WFAgent9,MALE_YOUNG_LOW_INCOME,367,367.0,367,367.0
55,WFAgent0,YOUNG_HIGH_INCOME,463,463.0,0,0.0
55,WFAgent1,MALE_YOUNG,470,470.0,470,470.0
55,WFAgent2,FEMALE_OLD_HIGH_INCOME,81,81.0,81,81.0
55,WFAgent3,YOUNG_HIGH_INCOME,309,309.0,661,125.0
55,WFAgent4,OLD_HIGH_INCOME,729,729.0,592,592.0
55,WFAgent5,YOUNG_LOW_INCOME,763,763.0,763,763.0
56,WEAgent1,FEMALE_OLD,561,561.0,0,0.0
56,WFAgent6,FEMALE_YOUNG_LOW_INCOME,396,396.0,970,0.0
56,WEAgent2,FEMALE_OLD_LOW_INCOME,1440,1440.0,761,761.0
56,WFAgent7,FEMALE_OLD_HIGH_INCOME,81,81.0,411,0.0
56,WFAgent8,MALE_LOW_INCOME,1452,1452.0,1115,751.0
56,WEAgent0,MALE_LOW_INCOME,1452,1452.0,1452,1452.0
56,WFAgent9,FEMALE_OLD_LOW_INCOME,1440,1440.0,763,763.0
56,WFAgent0,FEMALE_OLD_HIGH_INCOME,81,81.0,0,0.0
56,WFAgent1,MALE_OLD,1561,1561.0,1087,737.0
56,WFAgent2,FEMALE_YOUNG_LOW_INCOME,1188,1188.0,1022,0.0
56,WFAgent3,FEMALE_OLD,1123,1123.0,0,0.0
56,WFAgent4,MALE_OLD,1041,1041.0,797,0.0
56,WFAgent5,FEMALE_OLD_LOW_INCOME,1440,1440.0,839,839.0
57,WEAgent1,MALE_YOUNG_LOW_INCOME,734,734.0,1347,434.0
57,WFAgent6,FEMALE_OLD_LOW_INCOME,960,960.0,0,0.0
57,WEAgent2,OLD_HIGH_INCOME,729,729.0,827,0.0
57,WFAgent7,MALE_OLD_LOW_INCOME,1077,1077.0,1083,413.0
57,WFAgent8,MALE_HIGH_INCOME,265,265.0,271,0.0
57,WEAgent0,MALE_LOW_INCOME,726,726.0,726,726.0
57,WFAgent9,MALE_YOUNG,1411,1411.0,0,0.0
57,WFAgent0,MALE_HIGH_INCOME,265,265.0,264,0.0
57,WFAgent1,FEMALE_LOW_INCOME,876,876.0,773,773.0
57,WFAgent2,FEMALE_OLD,1684,1684.0,1243,813.0
57,WFAgent3,OLD_HIGH_INCOME,243,243.0,0,0.0
57,WFAgent4,FEMALE_LOW_INCOME,2628,2628.0,2839,786.0
57,WFAgent5,MALE_OLD_LOW_INCOME,359,359.0,359,359.0
58,WEAgent1,FEMALE_OLD_HIGH_INCOME,81,81.0,0,0.0
58,WFAgent6,MALE_YOUNG_HIGH_INCOME,310,310.0,206,206.0
58,WEAgent2,FEMALE_OLD_HIGH_INCOME,244,244.0,0,0.0
58,WFAgent7,FEMALE_OLD,1684,1684.0,0,0.0
58,WFAgent8,FEMALE_YOUNG_HIGH_INCOME,153,153.0,243,0.0
58,WEAgent0,MALE_OLD,520,520.0,183,183.0
58,WFAgent9,MALE_OLD_HIGH_INCOME,323,323.0,229,229.0
58,WFAgent0,FEMALE_YOUNG_LOW_INCOME,396,396.0,2033,0.0
58,WFAgent1,MALE_HIGH_INCOME,795,795.0,436,436.0
58,WFAgent2,FEMALE_OLD_LOW_INCOME,1440,1440.0,2416,0.0
58,WFAgent3,MALE_YOUNG_LOW_INCOME,734,734.0,1853,0.0
58,WFAgent4,MALE_OLD_HIGH_INCOME,323,323.0,205,205.0
58,WFAgent5,OLD_LOW_INCOME,1678,1678.0,1803,0.0
59,WEAgent1,OLD_LOW_INCOME,839,839.0,4250,0.0
59,WFAgent6,FEMALE_OLD_LOW_INCOME,480,480.0,0,0.0
59,WEAgent2,MALE_OLD_LOW_INCOME,1077,1077.0,0,0.0
59,WFAgent7,MALE_OLD,520,520.0,0,0.0
59,WFAgent8,MALE_OLD_HIGH_INCOME,484,484.0,452,354.0
59,WEAgent0,MALE_HIGH_INCOME,530,530.0,530,530.0
59,WFAgent9,MALE_OLD_LOW_INCOME,718,718.0,0,0.0
59,WFAgent0,FEMALE_HIGH_INCOME,397,397.0,412,0.0
59,WFAgent1,MALE_LOW_INCOME,1452,1452.0,1425,401.0
59,WFAgent2,YOUNG_HIGH_INCOME,309,309.0,553,226.0
59,WFAgent3,FEMALE_YOUNG_LOW_INCOME,396,396.0,2011,0.0
59,WFAgent4,MALE_YOUNG_LOW_INCOME,367,367.0,367,367.0
59,WFAgent5,YOUNG_HIGH_INCOME,154,154.0,0,0.0
60,WEAgent1,FEMALE_YOUNG,894,894.0,0,0.0
60,WFAgent6,FEMALE_HIGH_INCOME,397,397.0,586,0.0
60,WEAgent2,FEMALE_YOUNG_LOW_INCOME,1188,1188.0,0,0.0
60,WFAgent7,OLD_LOW_INCOME,839,839.0,2381,0.0
60,WFAgent8,MALE_OLD,1561,1561.0,2213,0.0
60,WEAgent0,MALE_YOUNG_HIGH_INCOME,310,310.0,491,0.0
60,WFAgent9,YOUNG_LOW_INCOME,763,763.0,1849,0.0
60,WFAgent0,OLD_HIGH_INCOME,486,486.0,387,0.0
60,WFAgent1,MALE_OLD,1561,1561.0,0,0.0
60,WFAgent2,YOUNG_HIGH_INCOME,154,154.0,119,0.0
60,WFAgent3,FEMALE_YOUNG,894,894.0,1080,831.0
60,WFAgent4,FEMALE_LOW_INCOME,1752,1752.0,0,0.0
60,WFAgent5,FEMALE_YOUNG,894,894.0,894,894.0
61,WEAgent1,FEMALE_OLD_LOW_INCOME,960,960.0,2415,0.0
61,WFAgent6,FEMALE_OLD_LOW_INCOME,480,480.0,0,0.0
61,WEAgent2,MALE_YOUNG,1411,1411.0,0,0.0
61,WFAgent7,MALE_OLD,520,520.0,2135,396.0
61,WFAgent8,MALE_YOUNG_LOW_INCOME,1101,1101.0,476,476.0
61,WEAgent0,FEMALE_YOUNG_HIGH_INCOME,153,153.0,251,0.0
61,WFAgent9,YOUNG_LOW_INCOME,2289,2289.0,2489,461.0
61,WFAgent0,MALE_YOUNG,1411,1411.0,422,422.0
61,WFAgent1,MALE_YOUNG,1411,1411.0,0,0.0
61,WFAgent2,MALE_LOW_INCOME,1452,1452.0,460,460.0
61,WFAgent3,OLD_HIGH_INCOME,729,729.0,815,395.0
61,WFAgent4,FEMALE_YOUNG_HIGH_INCOME,153,153.0,0,0.0
61,WFAgent5,OLD_HIGH_INCOME,486,486.0,0,0.0
62,WEAgent1,FEMALE_YOUNG,447,447.0,0,0.0
62,WFAgent6,OLD_HIGH_INCOME,729,729.0,941,344.0
62,WEAgent2,FEMALE_OLD_HIGH_INCOME,162,162.0,0,0.0
62,WFAgent7,FEMALE_YOUNG_LOW_INCOME,792,792.0,0,0.0
62,WFAgent8,MALE_OLD_HIGH_INCOME,323,323.0,323,323.0
62,WEAgent0,FEMALE_YOUNG,894,894.0,2131,64.0
62,WFAgent9,FEMALE_YOUNG_HIGH_INCOME,51,51.0,51,51.0
62,WFAgent0,YOUNG_HIGH_INCOME,463,463.0,503,0.0
62,WFAgent1,OLD_LOW_INCOME,1678,1678.0,1804,0.0
62,WFAgent2,MALE_YOUNG,1411,1411.0,1862,0.0
62,WFAgent3,YOUNG_LOW_INCOME,1526,1526.0,0,0.0
62,WFAgent4,OLD_HIGH_INCOME,243,243.0,0,0.0
62,WFAgent5,YOUNG_LOW_INCOME,763,763.0,0,0.0
63,WEAgent1,MALE_YOUNG_LOW_INCOME,734,734.0,0,0.0
63,WFAgent6,YOUNG_LOW_INCOME,763,763.0,1961,0.0
63,WEAgent2,MALE_OLD_HIGH_INCOME,323,323.0,0,0.0
63,WFAgent7,MALE_LOW_INCOME,726,726.0,0,0.0
63,WFAgent8,MALE_YOUNG_HIGH_INCOME,206,206.0,0,0.0
63,WEAgent0,MALE_YOUNG,941,941.0,2014,183.0
63,WFAgent9,YOUNG_HIGH_INCOME,463,463.0,0,0.0
63,WFAgent0,OLD_HIGH_INCOME,486,486.0,637,486.0
63,WFAgent1,MALE_HIGH_INCOME,795,795.0,618,542.0
63,WFAgent2,MALE_OLD,1561,1561.0,1851,0.0
63,WFAgent3,FEMALE_OLD,1123,1123.0,2423,0.0
63,WFAgent4,FEMALE_OLD_HIGH_INCOME,81,81.0,81,81.0
63,WFAgent5,MALE_YOUNG_HIGH_INCOME,103,103.0,103,103.0
64,WEAgent1,YOUNG_HIGH_INCOME,154,154.0,0,0.0
64,WFAgent6,MALE_OLD,1561,1561.0,0,0.0
64,WEAgent2,MALE_OLD_HIGH_INCOME,323,323.0,788,0.0
64,WFAgent7,OLD_LOW_INCOME,2517,2517.0,2067,2067.0
64,WFAgent8,FEMALE_YOUNG_HIGH_INCOME,153,153.0,0,0.0
64,WEAgent0,YOUNG_HIGH_INCOME,463,463.0,810,0.0
64,WFAgent9,FEMALE_YOUNG_HIGH_INCOME,153,153.0,0,0.0
64,WFAgent0,MALE_YOUNG_HIGH_INCOME,310,310.0,0,0.0
64,WFAgent1,OLD_LOW_INCOME,2517,2517.0,2124,2124.0
64,WFAgent2,FEMALE_OLD,561,561.0,394,0.0
64,WFAgent3,FEMALE_OLD_LOW_INCOME,960,960.0,0,0.0
64,WFAgent4,YOUNG_LOW_INCOME,1526,1526.0,1983,0.0
64,WFAgent5,MALE_YOUNG_HIGH_INCOME,310,310.0,0,0.0
65,WEAgent1,MALE_YOUNG_HIGH_INCOME,310,310.0,485,0.0
65,WFAgent6,MALE_OLD_LOW_INCOME,1077,1077.0,0,0.0
65,WEAgent2,OLD_HIGH_INCOME,729,729.0,0,0.0
65,WFAgent7,MALE_OLD,1561,1561.0,926,926.0
65,WFAgent8,OLD_HIGH_INCOME,243,243.0,197,197.0
65,WEAgent0,MALE_HIGH_INCOME,265,265.0,0,0.0
65,WFAgent9,FEMALE_YOUNG_LOW_INCOME,1188,1188.0,1001,919.0
65,WFAgent0,FEMALE_OLD_HIGH_INCOME,162,162.0,0,0.0
65,WFAgent1,OLD_HIGH_INCOME,486,486.0,1027,202.0
65,WFAgent2,MALE_YOUNG_HIGH_INCOME,103,103.0,0,0.0
65,WFAgent3,FEMALE_YOUNG,894,894.0,1123,894.0
65,WFAgent4,MALE_HIGH_INCOME,795,795.0,0,0.0
65,WFAgent5,MALE_OLD,1041,1041.0,885,885.0
66,WEAgent1,MALE_OLD_LOW_INCOME,718,718.0,0,0.0
66,WFAgent6,MALE_LOW_INCOME,726,726.0,726,726.0
66,WEAgent2,YOUNG_LOW_INCOME,763,763.0,0,0.0
66,WFAgent7,MALE_YOUNG_LOW_INCOME,367,367.0,367,367.0
66,WFAgent8,YOUNG_HIGH_INCOME,463,463.0,513,246.0
66,WEAgent0,FEMALE_HIGH_INCOME,397,397.0,200,200.0
66,WFAgent9,FEMALE_YOUNG_HIGH_INCOME,153,153.0,0,0.0
66,WFAgent0,YOUNG_LOW_INCOME,1526,1526.0,0,0.0
66,WFAgent1,FEMALE_YOUNG,1341,1341.0,0,0.0
66,WFAgent2,MALE_LOW_INCOME,1452,1452.0,2499,761.0
66,WFAgent3,FEMALE_HIGH_INCOME,397,397.0,318,318.0
66,WFAgent4,MALE_YOUNG_HIGH_INCOME,103,103.0,103,103.0
66,WFAgent5,FEMALE_LOW_INCOME,876,876.0,2449,0.0
67,WEAgent1,YOUNG_HIGH_INCOME,309,309.0,0,0.0
67,WFAgent6,MALE_OLD,1561,1561.0,1852,0.0
67,WEAgent2,FEMALE_OLD,1123,1123.0,2800,0.0
67,WFAgent7,MALE_HIGH_INCOME,530,530.0,530,530.0
67,WFAgent8,MALE_HIGH_INCOME,265,265.0,0,0.0
67,WEAgent0,MALE_YOUNG,1411,1411.0,2135,232.0
67,WFAgent9,FEMALE_HIGH_INCOME,397,397.0,0,0.0
67,WFAgent0,MALE_OLD_HIGH_INCOME,323,323.0,435,310.0
67,WFAgent1,OLD_LOW_INCOME,1678,1678.0,0,0.0
67,WFAgent2,FEMALE_YOUNG_LOW_INCOME,792,792.0,2002,0.0
67,WFAgent3,FEMALE_HIGH_INCOME,265,265.0,0,0.0
67,WFAgent4,YOUNG_HIGH_INCOME,154,154.0,0,0.0
67,WFAgent5,FEMALE_HIGH_INCOME,265,265.0,0,0.0
68,WEAgent1,FEMALE_OLD_HIGH_INCOME,244,244.0,0,0.0
68,WFAgent6,MALE_LOW_INCOME,1452,1452.0,1865,0.0
68,WEAgent2,FEMALE_OLD,1123,1123.0,1123,1123.0
68,WFAgent7,FEMALE_OLD_LOW_INCOME,960,960.0,1537,790.0
68,WFAgent8,MALE_YOUNG_LOW_INCOME,367,367.0,367,367.0
68,WEAgent0,YOUNG_HIGH_INCOME,154,154.0,0,0.0
68,WFAgent9,FEMALE_HIGH_INCOME,265,265.0,379,0.0
68,WFAgent0,FEMALE_OLD_HIGH_INCOME,162,162.0,0,0.0
68,WFAgent1,FEMALE_YOUNG,447,447.0,1998,0.0
68,WFAgent2,MALE_OLD_HIGH_INCOME,161,161.0,784,0.0
68,WFAgent3,FEMALE_YOUNG_LOW_INCOME,396,396.0,0,0.0
68,WFAgent4,FEMALE_YOUNG,1341,1341.0,0,0.0
68,WFAgent5,MALE_YOUNG,1411,1411.0,1428,400.0
69,WEAgent1,FEMALE_OLD_LOW_INCOME,960,960.0,0,0.0
69,WFAgent6,MALE_YOUNG_LOW_INCOME,734,734.0,660,660.0
69,WEAgent2,FEMALE_OLD,1684,1684.0,2539,184.0
69,WFAgent7,MALE_OLD,1041,1041.0,894,0.0
69,WFAgent8,YOUNG_LOW_INCOME,763,763.0,2073,0.0
69,WEAgent0,FEMALE_HIGH_INCOME,397,397.0,0,0.0
69,WFAgent9,MALE_YOUNG_HIGH_INCOME,310,310.0,90,0.0
69,WFAgent0,MALE_YOUNG,470,470.0,906,470.0
69,WFAgent1,MALE_LOW_INCOME,1452,1452.0,1647,724.0
69,WFAgent2,FEMALE_YOUNG_HIGH_INCOME,102,102.0,239,0.0
69,WFAgent3,FEMALE_OLD_HIGH_INCOME,162,162.0,162,162.0
69,WFAgent4,FEMALE_LOW_INCOME,2628,2628.0,0,0.0
69,WFAgent5,OLD_HIGH_INCOME,729,729.0,790,0.0
70,WEAgent1,OLD_LOW_INCOME,2517,2517.0,4182,0.0
70,WFAgent6,MALE_YOUNG,1411,1411.0,905,905.0
70,WEAgent2,YOUNG_LOW_INCOME,1526,1526.0,937,937.0
70,WFAgent7,FEMALE_YOUNG,447,447.0,1985,0.0
70,WFAgent8,MALE_YOUNG_LOW_INCOME,1101,1101.0,0,0.0
70,WEAgent0,FEMALE_HIGH_INCOME,132,132.0,132,132.0
70,WFAgent9,FEMALE_OLD_HIGH_INCOME,244,244.0,236,129.0
70,WFAgent0,MALE_OLD_HIGH_INCOME,161,161.0,161,161.0
70,WFAgent1,FEMALE_YOUNG_HIGH_INCOME,153,153.0,281,0.0
70,WFAgent2,FEMALE_LOW_INCOME,876,876.0,0,0.0
70,WFAgent3,MALE_HIGH_INCOME,530,530.0,1181,156.0
70,WFAgent4,MALE_OLD,520,520.0,0,0.0
70,WFAgent5,OLD_LOW_INCOME,839,839.0,0,0.0
71,WEAgent1,MALE_OLD,1041,1041.0,694,188.0
71,WFAgent6,MALE_YOUNG,1411,1411.0,2331,0.0
71,WEAgent2,YOUNG_LOW_INCOME,763,763.0,0,0.0
71,WFAgent7,FEMALE_OLD,1123,1123.0,0,0.0
71,WFAgent8,FEMALE_OLD_LOW_INCOME,480,480.0,480,480.0
71,WEAgent0,FEMALE_OLD_LOW_INCOME,1440,1440.0,1901,473.0
71,WFAgent9,FEMALE_YOUNG,447,447.0,0,0.0
71,WFAgent0,FEMALE_YOUNG,1341,1341.0,0,0.0
71,WFAgent1,MALE_OLD,1041,1041.0,1041,1041.0
71,WFAgent2,MALE_OLD_HIGH_INCOME,161,161.0,161,161.0
71,WFAgent3,YOUNG_LOW_INCOME,2289,2289.0,0,0.0
71,WFAgent4,MALE_OLD_LOW_INCOME,718,718.0,718,718.0
71,WFAgent5,FEMALE_OLD_HIGH_INCOME,162,162.0,0,0.0
72,WEAgent1,MALE_YOUNG_HIGH_INCOME,103,103.0,103,103.0
72,WFAgent6,MALE_HIGH_INCOME,265,265.0,420,120.0
72,WEAgent2,MALE_LOW_INCOME,2178,2178.0,2722,916.0
72,WFAgent7,FEMALE_LOW_INCOME,2628,2628.0,2226,2226.0
72,WFAgent8,MALE_LOW_INCOME,2178,2178.0,0,0.0
72,WEAgent0,MALE_OLD_LOW_INCOME,359,359.0,0,0.0
72,WFAgent9,FEMALE_YOUNG_LOW_INCOME,1188,1188.0,988,988.0
72,WFAgent0,OLD_LOW_INCOME,2517,2517.0,2035,2035.0
72,WFAgent1,MALE_YOUNG,1411,1411.0,0,0.0
72,WFAgent2,YOUNG_HIGH_INCOME,309,309.0,235,0.0
72,WFAgent3,OLD_HIGH_INCOME,243,243.0,423,0.0
72,WFAgent4,FEMALE_OLD,561,561.0,0,0.0
72,WFAgent5,YOUNG_LOW_INCOME,1526,1526.0,0,0.0
73,WEAgent1,MALE_YOUNG_LOW_INCOME,734,734.0,0,0.0
73,WFAgent6,MALE_OLD_LOW_INCOME,359,359.0,0,0.0
73,WEAgent2,MALE_OLD,1561,1561.0,0,0.0
73,WFAgent7,OLD_LOW_INCOME,839,839.0,839,839.0
73,WFAgent8,OLD_LOW_INCOME,2517,2517.0,0,0.0
73,WEAgent0,OLD_LOW_INCOME,2517,2517.0,3381,871.0
73,WFAgent9,FEMALE_YOUNG,447,447.0,556,447.0
73,WFAgent0,OLD_LOW_INCOME,2517,2517.0,0,0.0
73,WFAgent1,MALE_LOW_INCOME,1452,1452.0,1863,0.0
73,WFAgent2,YOUNG_LOW_INCOME,1526,1526.0,1464,399.0
73,WFAgent3,MALE_HIGH_INCOME,265,265.0,518,0.0
73,WFAgent4,FEMALE_OLD_LOW_INCOME,960,960.0,0,0.0
73,WFAgent5,MALE_OLD_HIGH_INCOME,161,161.0,816,0.0
74,WEAgent1,MALE_OLD_HIGH_INCOME,161,161.0,0,0.0
74,WFAgent6,OLD_HIGH_INCOME,243,243.0,361,106.0
74,WEAgent2,MALE_OLD_LOW_INCOME,1077,1077.0,1772,0.0
74,WFAgent7,FEMALE_YOUNG_LOW_INCOME,1188,1188.0,0,0.0
74,WFAgent8,MALE_YOUNG_HIGH_INCOME,103,103.0,0,0.0
74,WEAgent0,FEMALE_OLD,561,561.0,604,561.0
74,WFAgent9,MALE_OLD_HIGH_INCOME,484,484.0,757,0.0
74,WFAgent0,FEMALE_OLD_LOW_INCOME,480,480.0,480,480.0
74,WFAgent1,MALE_HIGH_INCOME,265,265.0,566,0.0
74,WFAgent2,FEMALE_LOW_INCOME,1752,1752.0,1963,0.0
74,WFAgent3,MALE_OLD_LOW_INCOME,1077,1077.0,0,0.0
74,WFAgent4,YOUNG_HIGH_INCOME,154,154.0,237,0.0
74,WFAgent5,MALE_YOUNG_LOW_INCOME,367,367.0,1855,0.0
75,WEAgent1,YOUNG_HIGH_INCOME,463,463.0,0,0.0
75,WFAgent6,FEMALE_OLD_LOW_INCOME,1440,1440.0,914,914.0
75,WEAgent2,FEMALE_OLD,1684,1684.0,1248,1134.0
75,WFAgent7,MALE_OLD,520,520.0,520,520.0
75,WFAgent8,FEMALE_YOUNG_HIGH_INCOME,102,102.0,0,0.0
75,WEAgent0,MALE_YOUNG,941,941.0,2338,533.0
75,WFAgent9,MALE_OLD,520,520.0,0,0.0
75,WFAgent0,FEMALE_OLD_LOW_INCOME,480,480.0,480,480.0
75,WFAgent1,OLD_HIGH_INCOME,486,486.0,486,486.0
75,WFAgent2,FEMALE_YOUNG_LOW_INCOME,396,396.0,1940,0.0
75,WFAgent3,MALE_YOUNG_HIGH_INCOME,206,206.0,0,0.0
75,WFAgent4,MALE_OLD,1561,1561.0,1807,780.0
75,WFAgent5,FEMALE_YOUNG_HIGH_INCOME,153,153.0,267,0.0
76,WEAgent1,MALE_YOUNG,1411,1411.0,0,0.0
76,WFAgent6,YOUNG_LOW_INCOME,1526,1526.0,3810,0.0
76,WEAgent2,FEMALE_YOUNG_HIGH_INCOME,153,153.0,0,0.0
76,WFAgent7,YOUNG_HIGH_INCOME,309,309.0,0,0.0
76,WFAgent8,OLD_HIGH_INCOME,486,486.0,852,347.0
76,WEAgent0,YOUNG_HIGH_INCOME,154,154.0,0,0.0
76,WFAgent9,FEMALE_OLD_HIGH_INCOME,162,162.0,0,0.0
76,WFAgent0,MALE_HIGH_INCOME,530,530.0,530,530.0
76,WFAgent1,FEMALE_YOUNG_HIGH_INCOME,102,102.0,257,0.0
76,WFAgent2,FEMALE_OLD_LOW_INCOME,1440,1440.0,2440,0.0
76,WFAgent3,MALE_LOW_INCOME,1452,1452.0,1805,0.0
76,WFAgent4,MALE_YOUNG_HIGH_INCOME,310,310.0,306,237.0
76,WFAgent5,FEMALE_YOUNG,1341,1341.0,0,0.0
77,WEAgent1,MALE_OLD_HIGH_INCOME,161,161.0,161,161.0
77,WFAgent6,MALE_LOW_INCOME,2178,2178.0,0,0.0
77,WEAgent2,FEMALE_YOUNG_HIGH_INCOME,153,153.0,149,149.0
77,WFAgent7,FEMALE_LOW_INCOME,876,876.0,0,0.0
77,WFAgent8,FEMALE_OLD_LOW_INCOME,960,960.0,0,0.0
77,WEAgent0,FEMALE_OLD_LOW_INCOME,960,960.0,960,960.0
77,WFAgent9,FEMALE_OLD_HIGH_INCOME,162,162.0,206,0.0
77,WFAgent0,OLD_LOW_INCOME,1678,1678.0,1784,0.0
77,WFAgent1,FEMALE_YOUNG_LOW_INCOME,792,792.0,1951,0.0
77,WFAgent2,MALE_HIGH_INCOME,795,795.0,331,292.0
77,WFAgent3,FEMALE_OLD,1684,1684.0,1657,934.0
77,WFAgent4,MALE_OLD_HIGH_INCOME,323,323.0,323,323.0
77,WFAgent5,YOUNG_HIGH_INCOME,463,463.0,627,127.0
78,WEAgent1,YOUNG_HIGH_INCOME,309,309.0,0,0.0
78,WFAgent6,OLD_LOW_INCOME,1678,1678.0,0,0.0
78,WEAgent2,MALE_YOUNG_LOW_INCOME,1101,1101.0,1525,380.0
78,WFAgent7,FEMALE_OLD_HIGH_INCOME,162,162.0,436,0.0
78,WFAgent8,FEMALE_YOUNG_HIGH_INCOME,153,153.0,244,0.0
78,WEAgent0,FEMALE_OLD_LOW_INCOME,1440,1440.0,0,0.0
78,WFAgent9,MALE_OLD,520,520.0,794,0.0
78,WFAgent0,OLD_HIGH_INCOME,729,729.0,0,0.0
78,WFAgent1,MALE_YOUNG_LOW_INCOME,367,367.0,367,367.0
78,WFAgent2,MALE_OLD_LOW_INCOME,718,718.0,1787,0.0
78,WFAgent3,OLD_LOW_INCOME,1678,1678.0,0,0.0
78,WFAgent4,MALE_YOUNG,941,941.0,0,0.0
78,WFAgent5,YOUNG_HIGH_INCOME,154,154.0,488,0.0
79,WEAgent1,MALE_HIGH_INCOME,795,795.0,0,0.0
79,WFAgent6,MALE_OLD,1561,1561.0,2634,0.0
79,WEAgent2,FEMALE_HIGH_INCOME,397,397.0,696,0.0
79,WFAgent7,FEMALE_YOUNG_HIGH_INCOME,102,102.0,0,0.0
79,WFAgent8,MALE_YOUNG,941,941.0,1208,681.0
79,WEAgent0,FEMALE_LOW_INCOME,2628,2628.0,3361,987.0
79,WFAgent9,FEMALE_OLD_LOW_INCOME,480,480.0,0,0.0
79,WFAgent0,FEMALE_HIGH_INCOME,132,132.0,0,0.0
79,WFAgent1,MALE_OLD,1041,1041.0,0,0.0
79,WFAgent2,YOUNG_LOW_INCOME,2289,2289.0,1631,1631.0
79,WFAgent3,MALE_YOUNG,470,470.0,470,470.0
79,WFAgent4,YOUNG_LOW_INCOME,763,763.0,0,0.0
79,WFAgent5,OLD_HIGH_INCOME,243,243.0,0,0.0
80,WEAgent1,FEMALE_YOUNG,894,894.0,0,0.0
80,WFAgent6,MALE_YOUNG_LOW_INCOME,1101,1101.0,0,0.0
80,WEAgent2,FEMALE_YOUNG_LOW_INCOME,396,396.0,0,0.0
80,WFAgent7,OLD_LOW_INCOME,1678,1678.0,3344,0.0
80,WFAgent8,MALE_OLD_LOW_INCOME,359,359.0,885,0.0
80,WEAgent0,MALE_YOUNG,941,941.0,2294,0.0
80,WFAgent9,MALE_YOUNG_LOW_INCOME,734,734.0,0,0.0
80,WFAgent0,FEMALE_OLD_HIGH_INCOME,244,244.0,0,0.0
80,WFAgent1,OLD_HIGH_INCOME,486,486.0,397,0.0
80,WFAgent2,FEMALE_LOW_INCOME,1752,1752.0,0,0.0
80,WFAgent3,MALE_YOUNG_LOW_INCOME,734,734.0,0,0.0
80,WFAgent4,FEMALE_YOUNG_LOW_INCOME,792,792.0,0,0.0
80,WFAgent5,MALE_OLD_HIGH_INCOME,323,323.0,818,0.0
81,WEAgent1,MALE_LOW_INCOME,2178,2178.0,2553,1136.0
81,WFAgent6,FEMALE_YOUNG_LOW_INCOME,792,792.0,0,0.0
81,WEAgent2,MALE_OLD,1041,1041.0,0,0.0
81,WFAgent7,FEMALE_OLD_LOW_INCOME,960,960.0,1804,463.0
81,WFAgent8,FEMALE_YOUNG,1341,1341.0,1373,964.0
81,WEAgent0,YOUNG_LOW_INCOME,1526,1526.0,1526,1526.0
81,WFAgent9,FEMALE_YOUNG_HIGH_INCOME,153,153.0,118,118.0
81,WFAgent0,MALE_OLD,1041,1041.0,0,0.0
81,WFAgent1,MALE_OLD,1041,1041.0,0,0.0
81,WFAgent2,OLD_LOW_INCOME,839,839.0,839,839.0
81,WFAgent3,FEMALE_OLD_LOW_INCOME,1440,1440.0,0,0.0
81,WFAgent4,FEMALE_OLD,1684,1684.0,0,0.0
81,WFAgent5,FEMALE_HIGH_INCOME,397,397.0,431,0.0
82,WEAgent1,FEMALE_OLD_HIGH_INCOME,244,244.0,0,0.0
82,WFAgent6,MALE_YOUNG_HIGH_INCOME,310,310.0,0,0.0
82,WEAgent2,OLD_HIGH_INCOME,486,486.0,404,404.0
82,WFAgent7,FEMALE_YOUNG_LOW_INCOME,792,792.0,0,0.0
82,WFAgent8,FEMALE_YOUNG,1341,1341.0,1032,780.0
82,WEAgent0,MALE_HIGH_INCOME,795,795.0,673,673.0
82,WFAgent9,FEMALE_OLD,1123,1123.0,2816,0.0
82,WFAgent0,FEMALE_YOUNG_LOW_INCOME,396,396.0,396,396.0
82,WFAgent1,FEMALE_LOW_INCOME,876,876.0,843,843.0
82,WFAgent2,YOUNG_LOW_INCOME,1526,1526.0,0,0.0
82,WFAgent3,MALE_LOW_INCOME,1452,1452.0,897,0.0
82,WFAgent4,MALE_LOW_INCOME,2178,2178.0,2700,0.0
82,WFAgent5,MALE_HIGH_INCOME,795,795.0,239,239.0
83,WEAgent1,FEMALE_OLD_HIGH_INCOME,81,81.0,0,0.0
83,WFAgent6,FEMALE_YOUNG,1341,1341.0,1940,0.0
83,WEAgent2,OLD_HIGH_INCOME,243,243.0,0,0.0
83,WFAgent7,YOUNG_LOW_INCOME,1526,1526.0,1886,0.0
83,WFAgent8,MALE_HIGH_INCOME,795,795.0,0,0.0
83,WEAgent0,MALE_YOUNG_LOW_INCOME,367,367.0,0,0.0
83,WFAgent9,FEMALE_OLD,1684,1684.0,2411,0.0
83,WFAgent0,MALE_OLD_LOW_INCOME,718,718.0,1786,0.0
83,WFAgent1,OLD_HIGH_INCOME,486,486.0,835,407.0
83,WFAgent2,FEMALE_YOUNG_HIGH_INCOME,51,51.0,246,0.0
83,WFAgent3,MALE_OLD_LOW_INCOME,1077,1077.0,0,0.0
83,WFAgent4,MALE_HIGH_INCOME,530,530.0,896,396.0
83,WFAgent5,OLD_HIGH_INCOME,729,729.0,0,0.0
84,WEAgent1,MALE_OLD,1041,1041.0,1075,292.0
84,WFAgent6,FEMALE_YOUNG_HIGH_INCOME,153,153.0,0,0.0
84,WEAgent2,YOUNG_LOW_INCOME,1526,1526.0,893,893.0
84,WFAgent7,MALE_YOUNG,941,941.0,906,906.0
84,WFAgent8,FEMALE_OLD_HIGH_INCOME,162,162.0,0,0.0
84,WEAgent0,MALE_YOUNG,941,941.0,0,0.0
84,WFAgent9,MALE_OLD_HIGH_INCOME,323,323.0,248,248.0
84,WFAgent0,MALE_YOUNG_HIGH_INCOME,103,103.0,463,0.0
84,WFAgent1,MALE_YOUNG,1411,1411.0,0,0.0
84,WFAgent2,YOUNG_HIGH_INCOME,154,154.0,277,0.0
84,WFAgent3,MALE_OLD,1041,1041.0,1041,1040.9999999999998
84,WFAgent4,OLD_HIGH_INCOME,243,243.0,0,0.0
84,WFAgent5,OLD_HIGH_INCOME,486,486.0,638,259.0
85,WEAgent1,FEMALE_OLD,1684,1684.0,0,0.0
85,WFAgent6,FEMALE_OLD_HIGH_INCOME,162,162.0,0,0.0
85,WEAgent2,MALE_LOW_INCOME,2178,2178.0,2662,902.0
85,WFAgent7,MALE_HIGH_INCOME,795,795.0,533,0.0
85,WFAgent8,OLD_LOW_INCOME,2517,2517.0,0,0.0
85,WEAgent0,MALE_OLD_LOW_INCOME,1077,1077.0,0,0.0
85,WFAgent9,YOUNG_LOW_INCOME,1526,1526.0,921,921.0
85,WFAgent0,FEMALE_LOW_INCOME,1752,1752.0,1950,0.0
85,WFAgent1,FEMALE_LOW_INCOME,2628,2628.0,0,0.0
85,WFAgent2,OLD_HIGH_INCOME,243,243.0,400,0.0
85,WFAgent3,OLD_HIGH_INCOME,729,729.0,0,0.0
85,WFAgent4,OLD_HIGH_INCOME,486,486.0,858,0.0
85,WFAgent5,FEMALE_OLD_LOW_INCOME,480,480.0,2430,0.0
86,WEAgent1,FEMALE_YOUNG_HIGH_INCOME,153,153.0,0,0.0
86,WFAgent6,FEMALE_YOUNG,447,447.0,447,447.0
86,WEAgent2,YOUNG_LOW_INCOME,2289,2289.0,1281,1281.0
86,WFAgent7,MALE_YOUNG_LOW_INCOME,367,367.0,367,367.0
86,WFAgent8,YOUNG_HIGH_INCOME,309,309.0,0,0.0
86,WEAgent0,FEMALE_OLD_LOW_INCOME,480,480.0,2368,0.0
86,WFAgent9,MALE_YOUNG,1411,1411.0,719,719.0
86,WFAgent0,YOUNG_LOW_INCOME,763,763.0,485,485.0
86,WFAgent1,YOUNG_HIGH_INCOME,463,463.0,760,0.0
86,WFAgent2,FEMALE_HIGH_INCOME,397,397.0,295,110.0
86,WFAgent3,FEMALE_OLD,561,561.0,0,0.0
86,WFAgent4,FEMALE_HIGH_INCOME,132,132.0,132,132.0
86,WFAgent5,FEMALE_YOUNG,1341,1341.0,535,535.0
87,WEAgent1,FEMALE_OLD_LOW_INCOME,960,960.0,0,0.0
87,WFAgent6,FEMALE_YOUNG_LOW_INCOME,396,396.0,396,396.0
87,WEAgent2,FEMALE_OLD,1684,1684.0,1611,1200.0
87,WFAgent7,OLD_LOW_INCOME,839,839.0,0,0.0
87,WFAgent8,YOUNG_HIGH_INCOME,463,463.0,292,0.0
87,WEAgent0,MALE_YOUNG,941,941.0,1461,911.0
87,WFAgent9,MALE_YOUNG_LOW_INCOME,367,367.0,0,0.0
87,WFAgent0,YOUNG_LOW_INCOME,763,763.0,0,0.0
87,WFAgent1,MALE_HIGH_INCOME,795,795.0,796,0.0
87,WFAgent2,MALE_YOUNG_HIGH_INCOME,206,206.0,0,0.0
87,WFAgent3,FEMALE_LOW_INCOME,2628,2628.0,2839,1630.0
87,WFAgent4,MALE_OLD_LOW_INCOME,1077,1077.0,1733,0.0
87,WFAgent5,MALE_LOW_INCOME,2178,2178.0,872,872.0
88,WEAgent1,OLD_HIGH_INCOME,486,486.0,0,0.0
88,WFAgent6,FEMALE_YOUNG_HIGH_INCOME,153,153.0,0,0.0
88,WEAgent2,FEMALE_OLD,561,561.0,0,0.0
88,WFAgent7,YOUNG_HIGH_INCOME,309,309.0,0,0.0
88,WFAgent8,FEMALE_YOUNG_HIGH_INCOME,51,51.0,0,0.0
88,WEAgent0,MALE_YOUNG_LOW_INCOME,734,734.0,1831,0.0
88,WFAgent9,MALE_YOUNG_HIGH_INCOME,310,310.0,488,0.0
88,WFAgent0,MALE_OLD_HIGH_INCOME,323,323.0,833,0.0
88,WFAgent1,OLD_LOW_INCOME,839,839.0,839,839.0
88,WFAgent2,FEMALE_HIGH_INCOME,265,265.0,0,0.0
88,WFAgent3,FEMALE_OLD_LOW_INCOME,1440,1440.0,1578,840.0
88,WFAgent4,FEMALE_YOUNG,447,447.0,1997,0.0
88,WFAgent5,MALE_OLD,1561,1561.0,1801,0.0
89,WEAgent1,OLD_LOW_INCOME,1678,1678.0,2999,1159.0
89,WFAgent6,FEMALE_OLD_LOW_INCOME,480,480.0,0,0.0
89,WEAgent2,MALE_YOUNG_LOW_INCOME,367,367.0,1794,0.0
89,WFAgent7,FEMALE_YOUNG_LOW_INCOME,1188,1188.0,1066,0.0
89,WFAgent8,YOUNG_HIGH_INCOME,154,154.0,0,0.0
89,WEAgent0,FEMALE_YOUNG_HIGH_INCOME,102,102.0,0,0.0
89,WFAgent9,FEMALE_LOW_INCOME,2628,2628.0,2169,1206.0
89,WFAgent0,YOUNG_HIGH_INCOME,309,309.0,775,0.0
89,WFAgent1,FEMALE_OLD,1684,1684.0,0,0.0
89,WFAgent2,FEMALE_HIGH_INCOME,132,132.0,0,0.0
89,WFAgent3,FEMALE_OLD_LOW_INCOME,1440,1440.0,0,0.0
89,WFAgent4,MALE_YOUNG_LOW_INCOME,367,367.0,0,0.0
89,WFAgent5,MALE_OLD_LOW_INCOME,359,359.0,0,0.0
90,WEAgent1,MALE_HIGH_INCOME,530,530.0,729,153.99999999999997
90,WFAgent6,MALE_HIGH_INCOME,530,530.0,0,0.0
90,WEAgent2,MALE_OLD_HIGH_INCOME,161,161.0,161,160.99999999999997
90,WFAgent7,FEMALE_YOUNG,1341,1341.0,0,0.0
90,WFAgent8,MALE_OLD,520,520.0,520,520.0
90,WEAgent0,OLD_LOW_INCOME,839,839.0,839,839.0
90,WFAgent9,MALE_OLD_LOW_INCOME,1077,1077.0,1300,685.0
90,WFAgent0,FEMALE_YOUNG,447,447.0,581,447.0
90,WFAgent1,FEMALE_LOW_INCOME,876,876.0,0,0.0
90,WFAgent2,FEMALE_OLD,1123,1123.0,1935,743.0
90,WFAgent3,MALE_OLD_HIGH_INCOME,484,484.0,484,483.99999999999994
90,WFAgent4,FEMALE_YOUNG,1341,1341.0,1514,497.0
90,WFAgent5,MALE_LOW_INCOME,726,726.0,1812,0.0
91,WEAgent1,FEMALE_OLD,1123,1123.0,2267,971.0
91,WFAgent6,YOUNG_LOW_INCOME,1526,1526.0,0,0.0
91,WEAgent2,MALE_HIGH_INCOME,530,530.0,1342,0.0
91,WFAgent7,FEMALE_OLD_LOW_INCOME,480,480.0,480,480.0
91,WFAgent8,FEMALE_HIGH_INCOME,132,132.0,205,46.0
91,WEAgent0,MALE_YOUNG,1411,1411.0,0,0.0
91,WFAgent9,MALE_OLD_LOW_INCOME,359,359.0,1821,0.0
91,WFAgent0,FEMALE_YOUNG,1341,1341.0,0,0.0
91,WFAgent1,FEMALE_YOUNG_LOW_INCOME,792,792.0,0,0.0
91,WFAgent2,FEMALE_YOUNG_HIGH_INCOME,51,51.0,51,51.0
91,WFAgent3,YOUNG_LOW_INCOME,1526,1526.0,0,0.0
91,WFAgent4,FEMALE_HIGH_INCOME,132,132.0,0,0.0
91,WFAgent5,FEMALE_OLD_HIGH_INCOME,81,81.0,0,0.0
92,WEAgent1,FEMALE_YOUNG_LOW_INCOME,1188,1188.0,986,986.0
92,WFAgent6,FEMALE_HIGH_INCOME,265,265.0,265,265.0
92,WEAgent2,YOUNG_HIGH_INCOME,463,463.0,638,110.0
92,WFAgent7,MALE_YOUNG_HIGH_INCOME,206,206.0,0,0.0
92,WFAgent8,FEMALE_OLD_HIGH_INCOME,162,162.0,148,148.0
92,WEAgent0,FEMALE_YOUNG_HIGH_INCOME,102,102.0,0,0.0
92,WFAgent9,FEMALE_YOUNG_LOW_INCOME,1188,1188.0,899,899.0
92,WFAgent0,YOUNG_LOW_INCOME,763,763.0,0,0.0
92,WFAgent1,MALE_OLD_LOW_INCOME,1077,1077.0,1831,0.0
92,WFAgent2,FEMALE_OLD_HIGH_INCOME,162,162.0,0,0.0
92,WFAgent3,FEMALE_OLD_LOW_INCOME,1440,1440.0,2400,0.0
92,WFAgent4,MALE_YOUNG_LOW_INCOME,734,734.0,1853,0.0
92,WFAgent5,FEMALE_OLD_HIGH_INCOME,244,244.0,125,125.0
93,WEAgent1,MALE_HIGH_INCOME,265,265.0,265,265.0
93,WFAgent6,MALE_YOUNG_HIGH_INCOME,206,206.0,170,170.0
93,WEAgent2,FEMALE_YOUNG,894,894.0,894,894.0
93,WFAgent7,MALE_LOW_INCOME,2178,2178.0,909,909.0
93,WFAgent8,MALE_OLD_LOW_INCOME,1077,1077.0,853,853.0
93,WEAgent0,YOUNG_LOW_INCOME,2289,2289.0,1921,1523.0
93,WFAgent9,MALE_YOUNG_LOW_INCOME,367,367.0,367,367.0
93,WFAgent0,YOUNG_HIGH_INCOME,463,463.0,323,275.0
93,WFAgent1,FEMALE_OLD_LOW_INCOME,960,960.0,0,0.0
93,WFAgent2,FEMALE_OLD_LOW_INCOME,1440,1440.0,2401,0.0
93,WFAgent3,OLD_HIGH_INCOME,486,486.0,1163,96.0
93,WFAgent4,FEMALE_YOUNG,447,447.0,0,0.0
93,WFAgent5,MALE_YOUNG_LOW_INCOME,734,734.0,734,734.0
94,WEAgent1,MALE_HIGH_INCOME,795,795.0,807,0.0
94,WFAgent6,FEMALE_OLD,1123,1123.0,2421,0.0
94,WEAgent2,MALE_OLD_HIGH_INCOME,161,161.0,0,0.0
94,WFAgent7,FEMALE_YOUNG,894,894.0,1113,876.0
94,WFAgent8,FEMALE_YOUNG,894,894.0,894,894.0
94,WEAgent0,FEMALE_HIGH_INCOME,397,397.0,0,0.0
94,WFAgent9,FEMALE_HIGH_INCOME,132,132.0,132,132.0
94,WFAgent0,MALE_LOW_INCOME,726,726.0,726,726.0
94,WFAgent1,MALE_YOUNG,941,941.0,1120,783.0
94,WFAgent2,FEMALE_HIGH_INCOME,397,397.0,511,120.0
94,WFAgent3,MALE_OLD,520,520.0,1774,0.0
94,WFAgent4,MALE_YOUNG,470,470.0,0,0.0
94,WFAgent5,MALE_YOUNG_HIGH_INCOME,103,103.0,502,0.0
95,WEAgent1,FEMALE_YOUNG,894,894.0,2310,0.0
95,WFAgent6,MALE_OLD_HIGH_INCOME,323,323.0,0,0.0
95,WEAgent2,FEMALE_OLD_HIGH_INCOME,81,81.0,0,0.0
95,WFAgent7,FEMALE_OLD,1684,1684.0,2399,0.0
95,WFAgent8,MALE_LOW_INCOME,2178,2178.0,3601,0.0
95,WEAgent0,MALE_LOW_INCOME,726,726.0,0,0.0
95,WFAgent9,MALE_YOUNG_LOW_INCOME,734,734.0,0,0.0
95,WFAgent0,FEMALE_OLD,561,561.0,0,0.0
95,WFAgent1,MALE_YOUNG_HIGH_INCOME,103,103.0,360,101.0
95,WFAgent2,OLD_HIGH_INCOME,486,486.0,857,0.0
95,WFAgent3,MALE_YOUNG_HIGH_INCOME,103,103.0,103,103.0
95,WFAgent4,MALE_OLD,520,520.0,0,0.0
95,WFAgent5,YOUNG_HIGH_INCOME,463,463.0,0,0.0
96,WEAgent1,MALE_LOW_INCOME,2178,2178.0,0,0.0
96,WFAgent6,MALE_OLD_HIGH_INCOME,323,323.0,813,0.0
96,WEAgent2,OLD_LOW_INCOME,2517,2517.0,4140,0.0
96,WFAgent7,MALE_YOUNG_LOW_INCOME,367,367.0,0,0.0
96,WFAgent8,FEMALE_YOUNG_LOW_INCOME,396,396.0,0,0.0
96,WEAgent0,FEMALE_HIGH_INCOME,132,132.0,267,0.0
96,WFAgent9,FEMALE_YOUNG_LOW_INCOME,1188,1188.0,1983,0.0
96,WFAgent0,FEMALE_OLD_LOW_INCOME,960,960.0,0,0.0
96,WFAgent1,OLD_LOW_INCOME,839,839.0,0,0.0
96,WFAgent2,MALE_YOUNG,941,941.0,0,0.0
96,WFAgent3,FEMALE_OLD,1123,1123.0,0,0.0
96,WFAgent4,FEMALE_OLD_HIGH_INCOME,162,162.0,0,0.0
96,WFAgent5,MALE_HIGH_INCOME,265,265.0,495,0.0
97,WEAgent1,FEMALE_YOUNG_HIGH_INCOME,51,51.0,0,0.0
97,WFAgent6,OLD_HIGH_INCOME,729,729.0,794,0.0
97,WEAgent2,FEMALE_HIGH_INCOME,397,397.0,0,0.0
97,WFAgent7,FEMALE_OLD,1123,1123.0,1123,1123.0
97,WFAgent8,FEMALE_OLD,1123,1123.0,1243,1080.0
97,WEAgent0,FEMALE_YOUNG_HIGH_INCOME,102,102.0,0,0.0
97,WFAgent9,FEMALE_HIGH_INCOME,132,132.0,244,0.0
97,WFAgent0,FEMALE_LOW_INCOME,1752,1752.0,1974,0.0
97,WFAgent1,YOUNG_HIGH_INCOME,154,154.0,0,0.0
97,WFAgent2,OLD_HIGH_INCOME,486,486.0,0,0.0
97,WFAgent3,MALE_OLD,1561,1561.0,1797,0.0
97,WFAgent4,YOUNG_HIGH_INCOME,309,309.0,506,0.0
97,WFAgent5,MALE_YOUNG_LOW_INCOME,734,734.0,1900,0.0
98,WEAgent1,FEMALE_YOUNG,447,447.0,0,0.0
98,WFAgent6,FEMALE_OLD_HIGH_INCOME,81,81.0,400,0.0
98,WEAgent2,MALE_HIGH_INCOME,795,795.0,795,795.0
98,WFAgent7,FEMALE_OLD_LOW_INCOME,960,960.0,2361,0.0
98,WFAgent8,OLD_LOW_INCOME,1678,1678.0,901,0.0
98,WEAgent0,FEMALE_YOUNG_LOW_INCOME,1188,1188.0,0,0.0
98,WFAgent9,YOUNG_HIGH_INCOME,309,309.0,297,297.0
98,WFAgent0,OLD_HIGH_INCOME,486,486.0,7,0.0
98,WFAgent1,YOUNG_LOW_INCOME,1526,1526.0,1987,0.0
98,WFAgent2,MALE_OLD,1041,1041.0,908,0.0
98,WFAgent3,YOUNG_LOW_INCOME,2289,2289.0,0,0.0
98,WFAgent4,YOUNG_HIGH_INCOME,309,309.0,549,277.0
98,WFAgent5,FEMALE_LOW_INCOME,1752,1752.0,0,0.0
99,WEAgent1,OLD_HIGH_INCOME,243,243.0,0,0.0
99,WFAgent6,MALE_OLD,1041,1041.0,1816,0.0
99,WEAgent2,YOUNG_HIGH_INCOME,463,463.0,466,343.0
99,WFAgent7,MALE_LOW_INCOME,2178,2178.0,0,0.0
99,WFAgent8,OLD_LOW_INCOME,839,839.0,0,0.0
99,WEAgent0,YOUNG_HIGH_INCOME,154,154.0,0,0.0
99,WFAgent9,MALE_OLD_HIGH_INCOME,484,484.0,0,0.0
99,WFAgent0,MALE_LOW_INCOME,2178,2178.0,1834,0.0
99,WFAgent1,FEMALE_YOUNG_LOW_INCOME,396,396.0,0,0.0
99,WFAgent2,YOUNG_HIGH_INCOME,309,309.0,309,309.0
99,WFAgent3,FEMALE_OLD_LOW_INCOME,960,960.0,0,0.0
99,WFAgent4,OLD_HIGH_INCOME,729,729.0,1244,0.0
99,WFAgent5,FEMALE_LOW_INCOME,1752,1752.0,4331,0.0

