0,WEAgent1,MALE_OLD_HIGH_INCOME,404,808.0,0,0.0
0,WEAgent2,OLD_HIGH_INCOME,607,1215.0,0,0.0
0,WEAgent0,MALE_HIGH_INCOME,662,1325.0,0,0.0
0,WEAgent5,MALE_OLD,1301,2603.0,2501,1592.0
0,WEAgent6,FEMALE_YOUNG_HIGH_INCOME,128,256.0,0,0.0
0,SIAgent7,MALE_OLD_HIGH_INCOME,404,808.0,0,0.0
0,WEAgent3,FEMALE_YOUNG_HIGH_INCOME,128,256.0,0,0.0
0,WEAgent4,FEMALE_LOW_INCOME,2190,4381.0,1624,3248.741552511405
0,SIAgent5,FEMALE_YOUNG,1118,2236.0,0,0.0
0,SIAgent6,YOUNG_HIGH_INCOME,386,773.0,547,700.2976190476127
0,SIAgent3,FEMALE_LOW_INCOME,2190,4381.0,1602,3204.731506849305
0,SIAgent4,MALE_YOUNG_LOW_INCOME,918,1836.0,677,0.0
0,SIAgent1,MALE_YOUNG,1176,2353.0,1176,2352.0
0,SIAgent2,FEMALE_HIGH_INCOME,331,663.0,673,550.7124352331602
0,SIAgent0,FEMALE_OLD_LOW_INCOME,1200,2401.0,1200,2400.547945205472
1,WEAgent1,OLD_LOW_INCOME,2098,4196.0,3270,0.0
1,WEAgent2,FEMALE_OLD_HIGH_INCOME,203,407.0,203,406.3344316309707
1,WEAgent0,MALE_HIGH_INCOME,662,1325.0,356,712.5377643504517
1,WEAgent5,MALE_YOUNG_HIGH_INCOME,258,517.0,0,0.0
1,WEAgent6,OLD_HIGH_INCOME,607,1215.0,0,0.0
1,SIAgent7,FEMALE_YOUNG_HIGH_INCOME,128,256.0,71,142.0
1,WEAgent3,MALE_LOW_INCOME,1815,3631.0,0,0.0
1,WEAgent4,FEMALE_YOUNG,1118,2236.0,1118,2236.0
1,SIAgent5,YOUNG_LOW_INCOME,1908,3816.0,1239,548.0
1,SIAgent6,MALE_LOW_INCOME,1815,3631.0,1815,3630.0
1,SIAgent3,FEMALE_YOUNG,1118,2236.0,376,752.0
1,SIAgent4,MALE_OLD_HIGH_INCOME,404,808.0,0,0.0
1,SIAgent1,MALE_HIGH_INCOME,662,1325.0,354,708.5347432024155
1,SIAgent2,FEMALE_YOUNG,1118,2236.0,398,796.0
1,SIAgent0,OLD_HIGH_INCOME,607,1215.0,699,1214.9169184289908
2,WEAgent1,YOUNG_LOW_INCOME,1908,3816.0,984,1968.0
2,WEAgent2,MALE_YOUNG_LOW_INCOME,918,1836.0,0,0.0
2,WEAgent0,MALE_OLD_HIGH_INCOME,404,808.0,0,0.0
2,WEAgent5,MALE_YOUNG_LOW_INCOME,918,1836.0,0,0.0
2,WEAgent6,FEMALE_YOUNG_LOW_INCOME,990,1980.0,0,0.0
2,SIAgent7,FEMALE_OLD_HIGH_INCOME,203,407.0,203,406.3344316309707
2,WEAgent3,FEMALE_OLD,1404,2808.0,2515,0.0
2,WEAgent4,FEMALE_HIGH_INCOME,331,663.0,0,0.0
2,SIAgent5,YOUNG_HIGH_INCOME,386,773.0,589,772.5830815709942
2,SIAgent6,OLD_HIGH_INCOME,607,1215.0,607,1214.7975830815622
2,SIAgent3,MALE_OLD_HIGH_INCOME,404,808.0,0,0.0
2,SIAgent4,MALE_OLD_HIGH_INCOME,404,808.0,0,0.0
2,SIAgent1,MALE_YOUNG,1176,2353.0,1176,2352.0
2,SIAgent2,MALE_HIGH_INCOME,662,1325.0,440,632.0
2,SIAgent0,YOUNG_LOW_INCOME,1908,3816.0,1634,1878.0
3,WEAgent1,YOUNG_HIGH_INCOME,386,773.0,0,0.0
3,WEAgent2,MALE_OLD_HIGH_INCOME,404,808.0,0,0.0
3,WEAgent0,MALE_LOW_INCOME,1815,3631.0,563,1126.3101928374767
3,WEAgent5,MALE_YOUNG_LOW_INCOME,918,1836.0,0,0.0
3,WEAgent6,FEMALE_OLD_LOW_INCOME,1200,2401.0,578,1156.0
3,SIAgent7,FEMALE_OLD_LOW_INCOME,1200,2401.0,1200,2400.0
3,WEAgent3,MALE_LOW_INCOME,1815,3631.0,617,1234.3399449035946
3,WEAgent4,FEMALE_OLD_HIGH_INCOME,203,407.0,0,0.0
3,SIAgent5,MALE_OLD,1301,2603.0,1301,2602.716804407755
3,SIAgent6,MALE_HIGH_INCOME,662,1325.0,515,224.09393088519028
3,SIAgent3,FEMALE_OLD_HIGH_INCOME,203,407.0,203,406.3344316309707
3,SIAgent4,OLD_HIGH_INCOME,607,1215.0,607,1214.8187311178153
3,SIAgent1,FEMALE_OLD,1404,2808.0,726,1182.0
3,SIAgent2,MALE_YOUNG_HIGH_INCOME,258,517.0,258,516.3897280966794
3,SIAgent0,MALE_YOUNG,1176,2353.0,1176,2352.6479338843337
4,WEAgent1,FEMALE_OLD_LOW_INCOME,1200,2401.0,0,0.0
4,WEAgent2,MALE_YOUNG_HIGH_INCOME,258,517.0,258,516.9999999999999
4,WEAgent0,FEMALE_OLD_HIGH_INCOME,203,407.0,0,0.0
4,WEAgent5,MALE_YOUNG_LOW_INCOME,918,1836.0,0,0.0
4,WEAgent6,MALE_YOUNG_HIGH_INCOME,258,517.0,279,482.9341085271316
4,SIAgent7,YOUNG_LOW_INCOME,1908,3816.0,1505,3010.0
4,WEAgent3,MALE_OLD_LOW_INCOME,897,1795.0,886,1772.9877369007665
4,WEAgent4,FEMALE_YOUNG,1118,2236.0,0,0.0
4,SIAgent5,MALE_OLD_LOW_INCOME,897,1795.0,876,1752.9765886287494
4,SIAgent6,FEMALE_YOUNG,1118,2236.0,943,1410.0
4,SIAgent3,FEMALE_OLD_HIGH_INCOME,203,407.0,203,406.9999999999988
4,SIAgent4,YOUNG_LOW_INCOME,1908,3816.0,1607,3214.0
4,SIAgent1,FEMALE_OLD_HIGH_INCOME,203,407.0,203,406.92118226600877
4,SIAgent2,FEMALE_OLD,1404,2808.0,1253,0.0
4,SIAgent0,FEMALE_OLD_LOW_INCOME,1200,2401.0,1200,2400.0
5,WEAgent1,FEMALE_OLD,1404,2808.0,770,1540.0
5,WEAgent2,YOUNG_LOW_INCOME,1908,3816.0,967,1934.0
5,WEAgent0,YOUNG_LOW_INCOME,1908,3816.0,977,1954.0
5,WEAgent5,MALE_YOUNG_LOW_INCOME,918,1836.0,0,0.0
5,WEAgent6,OLD_HIGH_INCOME,607,1215.0,0,0.0
5,SIAgent7,FEMALE_OLD,1404,2808.0,742,1484.0
5,WEAgent3,FEMALE_YOUNG_HIGH_INCOME,128,256.0,226,0.0
5,WEAgent4,YOUNG_HIGH_INCOME,386,773.0,0,0.0
5,SIAgent5,MALE_HIGH_INCOME,662,1325.0,662,1324.5318789314479
5,SIAgent6,MALE_YOUNG,1176,2353.0,1260,2352.0
5,SIAgent3,MALE_YOUNG_LOW_INCOME,918,1836.0,656,0.0
5,SIAgent4,FEMALE_OLD,1404,2808.0,725,1450.0
5,SIAgent1,MALE_OLD,1301,2603.0,1116,2232.8578016910305
5,SIAgent2,OLD_LOW_INCOME,2098,4196.0,595,1190.0
5,SIAgent0,MALE_OLD,1301,2603.0,1107,2214.8508839354595
6,WEAgent1,FEMALE_HIGH_INCOME,331,663.0,0,0.0
6,WEAgent2,FEMALE_OLD_HIGH_INCOME,203,407.0,0,0.0
6,WEAgent0,FEMALE_HIGH_INCOME,331,663.0,0,0.0
6,WEAgent5,MALE_YOUNG_LOW_INCOME,918,1836.0,0,0.0
6,WEAgent6,FEMALE_HIGH_INCOME,331,663.0,0,0.0
6,SIAgent7,MALE_YOUNG_LOW_INCOME,918,1836.0,898,1734.0
6,WEAgent3,MALE_OLD_LOW_INCOME,897,1795.0,936,1792.9988851727837
6,WEAgent4,FEMALE_YOUNG,1118,2236.0,1028,1970.0
6,SIAgent5,YOUNG_HIGH_INCOME,386,773.0,728,452.0
6,SIAgent6,FEMALE_OLD_LOW_INCOME,1200,2401.0,1200,2400.0
6,SIAgent3,FEMALE_OLD,1404,2808.0,703,1406.0
6,SIAgent4,FEMALE_OLD_HIGH_INCOME,203,407.0,203,406.0
6,SIAgent1,MALE_OLD_LOW_INCOME,897,1795.0,897,1794.9999999999854
6,SIAgent2,FEMALE_OLD,1404,2808.0,691,1382.0
6,SIAgent0,YOUNG_LOW_INCOME,1908,3816.0,1908,3816.0
7,WEAgent1,FEMALE_HIGH_INCOME,331,663.0,0,0.0
7,WEAgent2,OLD_LOW_INCOME,2098,4196.0,0,0.0
7,WEAgent0,MALE_YOUNG_HIGH_INCOME,258,517.0,0,0.0
7,WEAgent5,FEMALE_OLD_HIGH_INCOME,203,407.0,0,0.0
7,WEAgent6,FEMALE_YOUNG_HIGH_INCOME,128,256.0,0,0.0
7,SIAgent7,FEMALE_YOUNG_LOW_INCOME,990,1980.0,640,1280.0
7,WEAgent3,MALE_YOUNG,1176,2353.0,1415,1770.0
7,WEAgent4,MALE_YOUNG_LOW_INCOME,918,1836.0,907,1814.0
7,SIAgent5,OLD_LOW_INCOME,2098,4196.0,1094,2188.0
7,SIAgent6,OLD_HIGH_INCOME,607,1215.0,607,1214.3251345119263
7,SIAgent3,OLD_LOW_INCOME,2098,4196.0,1054,2108.0
7,SIAgent4,FEMALE_YOUNG,1118,2236.0,771,1542.0
7,SIAgent1,FEMALE_YOUNG,1118,2236.0,775,1550.0
7,SIAgent2,FEMALE_OLD,1404,2808.0,1008,1588.0
7,SIAgent0,MALE_OLD,1301,2603.0,1509,2602.0
8,WEAgent1,FEMALE_OLD_HIGH_INCOME,203,407.0,0,0.0
8,WEAgent2,MALE_HIGH_INCOME,662,1325.0,428,424.0
8,WEAgent0,FEMALE_OLD,1404,2808.0,1385,0.0
8,WEAgent5,MALE_YOUNG,1176,2353.0,0,0.0
8,WEAgent6,MALE_LOW_INCOME,1815,3631.0,892,1784.491460055121
8,SIAgent7,MALE_LOW_INCOME,1815,3631.0,797,1594.439118457321
8,WEAgent3,FEMALE_OLD_LOW_INCOME,1200,2401.0,0,0.0
8,WEAgent4,OLD_HIGH_INCOME,607,1215.0,179,358.0
8,SIAgent5,FEMALE_YOUNG,1118,2236.0,614,1228.0
8,SIAgent6,MALE_YOUNG_HIGH_INCOME,258,517.0,258,516.2193877550983
8,SIAgent3,MALE_YOUNG,1176,2353.0,1176,2352.607713498656
8,SIAgent4,MALE_OLD_LOW_INCOME,897,1795.0,897,1794.4942148760579
8,SIAgent1,OLD_HIGH_INCOME,607,1215.0,607,1214.0
8,SIAgent2,FEMALE_YOUNG,1118,2236.0,577,1154.0
8,SIAgent0,FEMALE_LOW_INCOME,2190,4381.0,2190,4380.0
9,WEAgent1,MALE_YOUNG,1176,2353.0,923,1846.7848639456022
9,WEAgent2,FEMALE_OLD_HIGH_INCOME,203,407.0,0,0.0
9,WEAgent0,FEMALE_YOUNG_LOW_INCOME,990,1980.0,0,0.0
9,WEAgent5,MALE_OLD_HIGH_INCOME,404,808.0,0,0.0
9,WEAgent6,YOUNG_HIGH_INCOME,386,773.0,0,0.0
9,SIAgent7,FEMALE_OLD,1404,2808.0,985,1162.0
9,WEAgent3,MALE_OLD,1301,2603.0,0,0.0
9,WEAgent4,OLD_HIGH_INCOME,607,1215.0,418,0.0
9,SIAgent5,FEMALE_YOUNG,1118,2236.0,1107,2202.0
9,SIAgent6,MALE_OLD,1301,2603.0,1301,2602.0
9,SIAgent3,MALE_YOUNG_LOW_INCOME,918,1836.0,0,0.0
9,SIAgent4,OLD_LOW_INCOME,2098,4196.0,1503,1216.0
9,SIAgent1,MALE_YOUNG,1176,2353.0,1445,1842.78316326533
9,SIAgent2,FEMALE_YOUNG,1118,2236.0,1118,2236.0
9,SIAgent0,FEMALE_OLD_LOW_INCOME,1200,2401.0,1200,2400.0
10,WEAgent1,FEMALE_LOW_INCOME,2190,4381.0,1546,1478.3374429223697
10,WEAgent2,MALE_OLD,1301,2603.0,903,1744.9721293199425
10,WEAgent0,MALE_OLD_LOW_INCOME,897,1795.0,897,1794.9999999999854
10,WEAgent5,YOUNG_LOW_INCOME,1908,3816.0,0,0.0
10,WEAgent6,FEMALE_OLD_HIGH_INCOME,203,407.0,0,0.0
10,SIAgent7,FEMALE_LOW_INCOME,2190,4381.0,2190,4380.393150684926
10,WEAgent3,FEMALE_YOUNG,1118,2236.0,0,0.0
10,WEAgent4,FEMALE_YOUNG,1118,2236.0,0,0.0
10,SIAgent5,OLD_HIGH_INCOME,607,1215.0,416,832.6853377265296
10,SIAgent6,OLD_HIGH_INCOME,607,1215.0,388,776.6392092257046
10,SIAgent3,MALE_YOUNG_LOW_INCOME,918,1836.0,1840,0.0
10,SIAgent4,FEMALE_HIGH_INCOME,331,663.0,314,628.948640483389
10,SIAgent1,FEMALE_HIGH_INCOME,331,663.0,310,620.9365558912439
10,SIAgent2,FEMALE_YOUNG_LOW_INCOME,990,1980.0,685,0.0
10,SIAgent0,MALE_HIGH_INCOME,662,1325.0,511,0.0
11,WEAgent1,MALE_LOW_INCOME,1815,3631.0,1386,2772.763636363681
11,WEAgent2,FEMALE_OLD_LOW_INCOME,1200,2401.0,1199,2398.999166666681
11,WEAgent0,MALE_HIGH_INCOME,662,1325.0,651,832.0
11,WEAgent5,MALE_OLD_HIGH_INCOME,404,808.0,0,0.0
11,WEAgent6,MALE_OLD,1301,2603.0,0,0.0
11,SIAgent7,FEMALE_YOUNG_HIGH_INCOME,128,256.0,128,244.0
11,WEAgent3,MALE_OLD_HIGH_INCOME,404,808.0,404,808.0
11,WEAgent4,MALE_YOUNG_HIGH_INCOME,258,517.0,0,0.0
11,SIAgent5,MALE_YOUNG_HIGH_INCOME,258,517.0,258,516.0
11,SIAgent6,FEMALE_YOUNG_HIGH_INCOME,128,256.0,128,256.0
11,SIAgent3,FEMALE_OLD_LOW_INCOME,1200,2401.0,1192,2338.974166666676
11,SIAgent4,MALE_OLD_LOW_INCOME,897,1795.0,897,1794.4942148760579
11,SIAgent1,MALE_YOUNG_LOW_INCOME,918,1836.0,0,0.0
11,SIAgent2,MALE_LOW_INCOME,1815,3631.0,1377,2754.758677685995
11,SIAgent0,MALE_YOUNG_LOW_INCOME,918,1836.0,0,0.0
12,WEAgent1,MALE_HIGH_INCOME,662,1325.0,661,1323.0889621087485
12,WEAgent2,MALE_YOUNG_HIGH_INCOME,258,517.0,0,0.0
12,WEAgent0,MALE_OLD,1301,2603.0,0,0.0
12,WEAgent5,MALE_LOW_INCOME,1815,3631.0,3545,3630.0
12,WEAgent6,FEMALE_YOUNG,1118,2236.0,0,0.0
12,SIAgent7,OLD_HIGH_INCOME,607,1215.0,132,264.2174629324541
12,WEAgent3,MALE_OLD_LOW_INCOME,897,1795.0,0,0.0
12,WEAgent4,FEMALE_YOUNG_HIGH_INCOME,128,256.0,0,0.0
12,SIAgent5,FEMALE_YOUNG_LOW_INCOME,990,1980.0,0,0.0
12,SIAgent6,FEMALE_LOW_INCOME,2190,4381.0,4369,3850.0
12,SIAgent3,OLD_HIGH_INCOME,607,1215.0,121,242.19934102141633
12,SIAgent4,OLD_HIGH_INCOME,607,1215.0,126,252.20757825370623
12,SIAgent1,YOUNG_LOW_INCOME,1908,3816.0,48,0.0
12,SIAgent2,YOUNG_HIGH_INCOME,386,773.0,611,579.335106382981
12,SIAgent0,FEMALE_HIGH_INCOME,331,663.0,331,662.669810757058
13,WEAgent1,MALE_HIGH_INCOME,662,1325.0,0,0.0
13,WEAgent2,FEMALE_YOUNG_HIGH_INCOME,128,256.0,50,100.0
13,WEAgent0,MALE_OLD_HIGH_INCOME,404,808.0,0,0.0
13,WEAgent5,YOUNG_LOW_INCOME,1908,3816.0,0,0.0
13,WEAgent6,MALE_OLD,1301,2603.0,861,1722.6617986164802
13,SIAgent7,MALE_OLD,1301,2603.0,1060,1764.6779400461508
13,WEAgent3,FEMALE_OLD,1404,2808.0,1403,2806.6406392693975
13,WEAgent4,MALE_OLD_HIGH_INCOME,404,808.0,0,0.0
13,SIAgent5,FEMALE_HIGH_INCOME,331,663.0,331,662.337726523889
13,SIAgent6,FEMALE_LOW_INCOME,2190,4381.0,3013,3900.0
13,SIAgent3,OLD_HIGH_INCOME,607,1215.0,731,1214.4665641814167
13,SIAgent4,MALE_YOUNG_LOW_INCOME,918,1836.0,918,1836.0
13,SIAgent1,YOUNG_LOW_INCOME,1908,3816.0,959,1872.0
13,SIAgent2,FEMALE_YOUNG_HIGH_INCOME,128,256.0,57,114.0
13,SIAgent0,FEMALE_YOUNG,1118,2236.0,48,96.0
14,WEAgent1,MALE_OLD,1301,2603.0,1142,1762.982162764758
14,WEAgent2,FEMALE_LOW_INCOME,2190,4381.0,4384,4086.0
14,WEAgent0,FEMALE_YOUNG_HIGH_INCOME,128,256.0,50,100.0
14,WEAgent5,YOUNG_LOW_INCOME,1908,3816.0,0,0.0
14,WEAgent6,FEMALE_YOUNG_HIGH_INCOME,128,256.0,35,70.0
14,SIAgent7,FEMALE_YOUNG_HIGH_INCOME,128,256.0,47,94.0
14,WEAgent3,MALE_YOUNG_HIGH_INCOME,258,517.0,0,0.0
14,WEAgent4,OLD_HIGH_INCOME,607,1215.0,0,0.0
14,SIAgent5,MALE_YOUNG,1176,2353.0,1255,2352.0
14,SIAgent6,OLD_HIGH_INCOME,607,1215.0,875,1214.3383500557434
14,SIAgent3,YOUNG_HIGH_INCOME,386,773.0,386,772.215136054417
14,SIAgent4,FEMALE_YOUNG_LOW_INCOME,990,1980.0,0,0.0
14,SIAgent1,MALE_OLD_LOW_INCOME,897,1795.0,897,1794.9999999999854
14,SIAgent2,MALE_YOUNG_LOW_INCOME,918,1836.0,610,0.0
14,SIAgent0,FEMALE_YOUNG_LOW_INCOME,990,1980.0,0,0.0
15,WEAgent1,MALE_YOUNG_HIGH_INCOME,258,517.0,0,0.0
15,WEAgent2,FEMALE_YOUNG_LOW_INCOME,990,1980.0,0,0.0
15,WEAgent0,MALE_OLD,1301,2603.0,0,0.0
15,WEAgent5,FEMALE_HIGH_INCOME,331,663.0,0,0.0
15,WEAgent6,FEMALE_OLD_HIGH_INCOME,203,407.0,0,0.0
15,SIAgent7,MALE_OLD_HIGH_INCOME,404,808.0,441,0.0
15,WEAgent3,FEMALE_LOW_INCOME,2190,4381.0,2964,4380.0
15,WEAgent4,FEMALE_HIGH_INCOME,331,663.0,0,0.0
15,SIAgent5,FEMALE_OLD,1404,2808.0,460,116.0
15,SIAgent6,FEMALE_YOUNG,1118,2236.0,1166,2235.4091942494506
15,SIAgent3,FEMALE_YOUNG_HIGH_INCOME,128,256.0,96,192.0
15,SIAgent4,OLD_LOW_INCOME,2098,4196.0,993,192.0
15,SIAgent1,MALE_OLD,1301,2603.0,1301,2602.0
15,SIAgent2,MALE_YOUNG,1176,2353.0,2350,0.0
15,SIAgent0,FEMALE_YOUNG_HIGH_INCOME,128,256.0,101,202.0
16,WEAgent1,FEMALE_HIGH_INCOME,331,663.0,549,662.0
16,WEAgent2,FEMALE_YOUNG_HIGH_INCOME,128,256.0,0,0.0
16,WEAgent0,MALE_LOW_INCOME,1815,3631.0,0,0.0
16,WEAgent5,FEMALE_YOUNG_HIGH_INCOME,128,256.0,0,0.0
16,WEAgent6,MALE_OLD_HIGH_INCOME,404,808.0,126,0.0
16,SIAgent7,FEMALE_LOW_INCOME,2190,4381.0,2225,4364.97031963469
16,WEAgent3,FEMALE_OLD_LOW_INCOME,1200,2401.0,0,0.0
16,WEAgent4,MALE_OLD_LOW_INCOME,897,1795.0,0,0.0
16,SIAgent5,FEMALE_LOW_INCOME,2190,4381.0,2190,4380.999999999986
16,SIAgent6,MALE_YOUNG_HIGH_INCOME,258,517.0,497,0.0
16,SIAgent3,MALE_OLD_LOW_INCOME,897,1795.0,897,1794.6894696387726
16,SIAgent4,MALE_LOW_INCOME,1815,3631.0,1051,2102.5790633609126
16,SIAgent1,FEMALE_OLD,1404,2808.0,74,0.0
16,SIAgent2,MALE_OLD,1301,2603.0,1301,2602.323966942173
16,SIAgent0,MALE_LOW_INCOME,1815,3631.0,1033,2066.56914600554
17,WEAgent1,FEMALE_OLD_HIGH_INCOME,203,407.0,0,0.0
17,WEAgent2,FEMALE_YOUNG,1118,2236.0,1928,0.0
17,WEAgent0,FEMALE_OLD,1404,2808.0,109,218.0
17,WEAgent5,FEMALE_OLD_LOW_INCOME,1200,2401.0,0,0.0
17,WEAgent6,FEMALE_HIGH_INCOME,331,663.0,0,0.0
17,SIAgent7,FEMALE_OLD_HIGH_INCOME,203,407.0,203,406.0
17,WEAgent3,MALE_YOUNG,1176,2353.0,1164,1798.7644557823348
17,WEAgent4,MALE_LOW_INCOME,1815,3631.0,906,1812.7704081632878
17,SIAgent5,MALE_OLD_LOW_INCOME,897,1795.0,897,1794.6894696387726
17,SIAgent6,FEMALE_OLD,1404,2808.0,101,202.0
17,SIAgent3,FEMALE_OLD_LOW_INCOME,1200,2401.0,1199,2398.999166666681
17,SIAgent4,MALE_OLD,1301,2603.0,1365,1844.5049134974195
17,SIAgent1,FEMALE_OLD_LOW_INCOME,1200,2401.0,1200,2400.9233333333323
17,SIAgent2,MALE_HIGH_INCOME,662,1325.0,662,1324.5315521289378
17,SIAgent0,FEMALE_YOUNG_HIGH_INCOME,128,256.0,266,0.0
18,WEAgent1,FEMALE_OLD,1404,2808.0,627,1254.0
18,WEAgent2,YOUNG_LOW_INCOME,1908,3816.0,629,1258.0
18,WEAgent0,FEMALE_OLD_HIGH_INCOME,203,407.0,0,0.0
18,WEAgent5,FEMALE_OLD_HIGH_INCOME,203,407.0,0,0.0
18,WEAgent6,MALE_YOUNG,1176,2353.0,0,0.0
18,SIAgent7,YOUNG_LOW_INCOME,1908,3816.0,709,1326.0
18,WEAgent3,MALE_OLD,1301,2603.0,1301,2602.716804407755
18,WEAgent4,MALE_YOUNG_LOW_INCOME,918,1836.0,0,0.0
18,SIAgent5,FEMALE_OLD,1404,2808.0,812,1258.0
18,SIAgent6,MALE_LOW_INCOME,1815,3631.0,2281,3630.0
18,SIAgent3,FEMALE_YOUNG,1118,2236.0,821,1390.0
18,SIAgent4,FEMALE_HIGH_INCOME,331,663.0,331,662.0
18,SIAgent1,MALE_OLD_HIGH_INCOME,404,808.0,114,0.0
18,SIAgent2,FEMALE_OLD_LOW_INCOME,1200,2401.0,1200,2400.0
18,SIAgent0,MALE_HIGH_INCOME,662,1325.0,1068,1324.432744043059
19,WEAgent1,MALE_YOUNG,1176,2353.0,0,0.0
19,WEAgent2,YOUNG_HIGH_INCOME,386,773.0,0,0.0
19,WEAgent0,YOUNG_LOW_INCOME,1908,3816.0,1968,3644.0
19,WEAgent5,MALE_LOW_INCOME,1815,3631.0,0,0.0
19,WEAgent6,YOUNG_HIGH_INCOME,386,773.0,0,0.0
19,SIAgent7,MALE_HIGH_INCOME,662,1325.0,773,1324.0
19,WEAgent3,FEMALE_OLD_LOW_INCOME,1200,2401.0,1178,2328.9700000000084
19,WEAgent4,YOUNG_HIGH_INCOME,386,773.0,0,0.0
19,SIAgent5,FEMALE_YOUNG_HIGH_INCOME,128,256.0,51,102.0
19,SIAgent6,FEMALE_YOUNG_LOW_INCOME,990,1980.0,990,1980.0
19,SIAgent3,YOUNG_HIGH_INCOME,386,773.0,386,772.3851963746201
19,SIAgent4,FEMALE_OLD_LOW_INCOME,1200,2401.0,1199,2398.999166666681
19,SIAgent1,MALE_OLD_HIGH_INCOME,404,808.0,138,0.0
19,SIAgent2,FEMALE_YOUNG_HIGH_INCOME,128,256.0,74,148.0
19,SIAgent0,MALE_YOUNG_LOW_INCOME,918,1836.0,918,1836.0
20,WEAgent1,YOUNG_LOW_INCOME,1908,3816.0,1275,2550.0
20,WEAgent2,MALE_OLD_HIGH_INCOME,404,808.0,0,0.0
20,WEAgent0,FEMALE_OLD_LOW_INCOME,1200,2401.0,761,1522.6341666666665
20,WEAgent5,MALE_OLD,1301,2603.0,2598,1646.0
20,WEAgent6,FEMALE_OLD,1404,2808.0,1037,1592.6633333333311
20,SIAgent7,MALE_OLD_HIGH_INCOME,404,808.0,0,0.0
20,WEAgent3,OLD_HIGH_INCOME,607,1215.0,0,0.0
20,WEAgent4,YOUNG_LOW_INCOME,1908,3816.0,0,0.0
20,SIAgent5,FEMALE_YOUNG_HIGH_INCOME,128,256.0,0,0.0
20,SIAgent6,FEMALE_HIGH_INCOME,331,663.0,331,661.8755219326703
20,SIAgent3,FEMALE_OLD_LOW_INCOME,1200,2401.0,808,1616.6733333333304
20,SIAgent4,YOUNG_HIGH_INCOME,386,773.0,403,450.0612244897959
20,SIAgent1,MALE_YOUNG,1176,2353.0,1176,2352.0
20,SIAgent2,MALE_YOUNG_HIGH_INCOME,258,517.0,258,516.6683937823831
20,SIAgent0,YOUNG_LOW_INCOME,1908,3816.0,1353,2706.0
21,WEAgent1,MALE_YOUNG_LOW_INCOME,918,1836.0,941,1824.0
21,WEAgent2,MALE_YOUNG_LOW_INCOME,918,1836.0,918,1836.0
21,WEAgent0,FEMALE_HIGH_INCOME,331,663.0,0,0.0
21,WEAgent5,MALE_OLD_HIGH_INCOME,404,808.0,442,724.0
21,WEAgent6,FEMALE_YOUNG_LOW_INCOME,990,1980.0,962,1908.0
21,SIAgent7,OLD_LOW_INCOME,2098,4196.0,2049,2290.0
21,WEAgent3,FEMALE_OLD_LOW_INCOME,1200,2401.0,0,0.0
21,WEAgent4,MALE_OLD_LOW_INCOME,897,1795.0,0,0.0
21,SIAgent5,MALE_OLD_LOW_INCOME,897,1795.0,897,1794.0
21,SIAgent6,FEMALE_OLD,1404,2808.0,1401,2402.0
21,SIAgent3,YOUNG_HIGH_INCOME,386,773.0,386,772.9999999999994
21,SIAgent4,FEMALE_YOUNG_LOW_INCOME,990,1980.0,990,1980.0
21,SIAgent1,YOUNG_HIGH_INCOME,386,773.0,407,712.9222797927456
21,SIAgent2,MALE_OLD_HIGH_INCOME,404,808.0,404,808.0
21,SIAgent0,FEMALE_OLD_HIGH_INCOME,203,407.0,203,406.0
22,WEAgent1,MALE_YOUNG_LOW_INCOME,918,1836.0,0,0.0
22,WEAgent2,FEMALE_LOW_INCOME,2190,4381.0,2190,4380.698333333406
22,WEAgent0,YOUNG_LOW_INCOME,1908,3816.0,0,0.0
22,WEAgent5,MALE_YOUNG_LOW_INCOME,918,1836.0,0,0.0
22,WEAgent6,FEMALE_YOUNG,1118,2236.0,0,0.0
22,SIAgent7,FEMALE_YOUNG_LOW_INCOME,990,1980.0,188,376.0
22,WEAgent3,YOUNG_HIGH_INCOME,386,773.0,0,0.0
22,WEAgent4,MALE_YOUNG_HIGH_INCOME,258,517.0,0,0.0
22,SIAgent5,FEMALE_YOUNG_LOW_INCOME,990,1980.0,207,414.0
22,SIAgent6,YOUNG_HIGH_INCOME,386,773.0,386,772.4169184290012
22,SIAgent3,MALE_LOW_INCOME,1815,3631.0,2432,1290.0
22,SIAgent4,FEMALE_OLD_LOW_INCOME,1200,2401.0,1548,1646.6858333333296
22,SIAgent1,MALE_HIGH_INCOME,662,1325.0,1118,192.0816326530612
22,SIAgent2,MALE_YOUNG,1176,2353.0,1176,2352.6479338843337
22,SIAgent0,FEMALE_YOUNG,1118,2236.0,339,430.0
23,WEAgent1,OLD_HIGH_INCOME,607,1215.0,0,0.0
23,WEAgent2,MALE_OLD_LOW_INCOME,897,1795.0,0,0.0
23,WEAgent0,FEMALE_OLD_HIGH_INCOME,203,407.0,397,0.0
23,WEAgent5,MALE_OLD_LOW_INCOME,897,1795.0,0,0.0
23,WEAgent6,MALE_OLD_LOW_INCOME,897,1795.0,0,0.0
23,SIAgent7,MALE_YOUNG_HIGH_INCOME,258,517.0,489,0.0
23,WEAgent3,MALE_HIGH_INCOME,662,1325.0,0,0.0
23,WEAgent4,YOUNG_LOW_INCOME,1908,3816.0,648,1296.0
23,SIAgent5,FEMALE_YOUNG_LOW_INCOME,990,1980.0,641,1282.0
23,SIAgent6,FEMALE_OLD_LOW_INCOME,1200,2401.0,1300,2362.984166666678
23,SIAgent3,MALE_OLD_LOW_INCOME,897,1795.0,897,1794.6894696387726
23,SIAgent4,FEMALE_OLD_LOW_INCOME,1200,2401.0,1199,2398.999166666681
23,SIAgent1,MALE_YOUNG_LOW_INCOME,918,1836.0,918,1836.0
23,SIAgent2,YOUNG_LOW_INCOME,1908,3816.0,1609,3144.0
23,SIAgent0,MALE_OLD,1301,2603.0,1655,0.0
24,WEAgent1,MALE_YOUNG_LOW_INCOME,918,1836.0,606,1212.0
24,WEAgent2,MALE_HIGH_INCOME,662,1325.0,484,0.0
24,WEAgent0,OLD_LOW_INCOME,2098,4196.0,2736,1886.7858333333227
24,WEAgent5,MALE_YOUNG_LOW_INCOME,918,1836.0,596,1192.0
24,WEAgent6,FEMALE_LOW_INCOME,2190,4381.0,2190,4380.544166666719
24,SIAgent7,OLD_HIGH_INCOME,607,1215.0,400,800.658978583201
24,WEAgent3,MALE_YOUNG_LOW_INCOME,918,1836.0,0,0.0
24,WEAgent4,FEMALE_YOUNG,1118,2236.0,0,0.0
24,SIAgent5,FEMALE_HIGH_INCOME,331,663.0,231,462.69788519637757
24,SIAgent6,FEMALE_HIGH_INCOME,331,663.0,205,410.61933534743423
24,SIAgent3,FEMALE_HIGH_INCOME,331,663.0,199,398.60120845921654
24,SIAgent4,FEMALE_OLD_LOW_INCOME,1200,2401.0,908,1816.756666666658
24,SIAgent1,YOUNG_LOW_INCOME,1908,3816.0,1077,1236.0
24,SIAgent2,OLD_HIGH_INCOME,607,1215.0,368,736.6062602965438
24,SIAgent0,MALE_OLD_HIGH_INCOME,404,808.0,0,0.0
25,WEAgent1,MALE_OLD,1301,2603.0,1712,1819.013377926406
25,WEAgent2,MALE_HIGH_INCOME,662,1325.0,0,0.0
25,WEAgent0,FEMALE_YOUNG,1118,2236.0,0,0.0
25,WEAgent5,MALE_YOUNG,1176,2353.0,0,0.0
25,WEAgent6,MALE_HIGH_INCOME,662,1325.0,0,0.0
25,SIAgent7,MALE_YOUNG_HIGH_INCOME,258,517.0,258,516.2193877550983
25,WEAgent3,FEMALE_HIGH_INCOME,331,663.0,640,494.0
25,WEAgent4,MALE_OLD_LOW_INCOME,897,1795.0,877,1754.977703455951
25,SIAgent5,FEMALE_YOUNG,1118,2236.0,0,0.0
25,SIAgent6,MALE_YOUNG,1176,2353.0,1069,2138.9090136054683
25,SIAgent3,YOUNG_LOW_INCOME,1908,3816.0,0,0.0
25,SIAgent4,FEMALE_LOW_INCOME,2190,4381.0,1551,3102.7082191780723
25,SIAgent1,FEMALE_OLD_LOW_INCOME,1200,2401.0,1200,2400.547945205472
25,SIAgent2,MALE_YOUNG,1176,2353.0,1046,2092.8894557823423
25,SIAgent0,FEMALE_LOW_INCOME,2190,4381.0,1647,3294.75205479451
26,WEAgent1,FEMALE_OLD_LOW_INCOME,1200,2401.0,0,0.0
26,WEAgent2,YOUNG_LOW_INCOME,1908,3816.0,0,0.0
26,WEAgent0,MALE_OLD,1301,2603.0,0,0.0
26,WEAgent5,FEMALE_LOW_INCOME,2190,4381.0,2149,3554.3590772316456
26,WEAgent6,OLD_LOW_INCOME,2098,4196.0,3015,3343.1253761283465
26,SIAgent7,FEMALE_OLD,1404,2808.0,95,190.0
26,WEAgent3,FEMALE_OLD,1404,2808.0,0,0.0
26,WEAgent4,YOUNG_HIGH_INCOME,386,773.0,0,0.0
26,SIAgent5,OLD_HIGH_INCOME,607,1215.0,607,1214.6148036253699
26,SIAgent6,MALE_HIGH_INCOME,662,1325.0,922,658.2797619047561
26,SIAgent3,MALE_YOUNG_LOW_INCOME,918,1836.0,683,0.0
26,SIAgent4,MALE_YOUNG,1176,2353.0,1176,2352.0
26,SIAgent1,FEMALE_YOUNG_LOW_INCOME,990,1980.0,1034,1978.9849437200803
26,SIAgent2,FEMALE_OLD,1404,2808.0,100,200.0
26,SIAgent0,FEMALE_YOUNG_HIGH_INCOME,128,256.0,219,0.0
27,WEAgent1,YOUNG_LOW_INCOME,1908,3816.0,0,0.0
27,WEAgent2,MALE_HIGH_INCOME,662,1325.0,0,0.0
27,WEAgent0,FEMALE_LOW_INCOME,2190,4381.0,3912,4380.0
27,WEAgent5,MALE_YOUNG,1176,2353.0,613,1226.521258503399
27,WEAgent6,YOUNG_HIGH_INCOME,386,773.0,0,0.0
27,SIAgent7,FEMALE_OLD_HIGH_INCOME,203,407.0,203,406.61329305136167
27,WEAgent3,MALE_HIGH_INCOME,662,1325.0,807,0.0
27,WEAgent4,MALE_YOUNG,1176,2353.0,629,1258.5348639455772
27,SIAgent5,MALE_YOUNG,1176,2353.0,590,1180.5017006802677
27,SIAgent6,FEMALE_HIGH_INCOME,331,663.0,204,408.61631419939795
27,SIAgent3,YOUNG_HIGH_INCOME,386,773.0,123,246.31865284974074
27,SIAgent4,OLD_LOW_INCOME,2098,4196.0,2049,0.0
27,SIAgent1,YOUNG_HIGH_INCOME,386,773.0,128,256.3316062176164
27,SIAgent2,MALE_YOUNG_HIGH_INCOME,258,517.0,258,516.6683937823831
27,SIAgent0,FEMALE_HIGH_INCOME,331,663.0,221,442.66767371601475
28,WEAgent1,YOUNG_HIGH_INCOME,386,773.0,0,0.0
28,WEAgent2,MALE_OLD_LOW_INCOME,897,1795.0,0,0.0
28,WEAgent0,FEMALE_YOUNG_LOW_INCOME,990,1980.0,1981,0.0
28,WEAgent5,MALE_YOUNG,1176,2353.0,1175,2350.999149659875
28,WEAgent6,MALE_OLD,1301,2603.0,1128,1352.5196003074773
28,SIAgent7,FEMALE_OLD,1404,2808.0,2454,0.0
28,WEAgent3,YOUNG_HIGH_INCOME,386,773.0,0,0.0
28,WEAgent4,MALE_HIGH_INCOME,662,1325.0,0,0.0
28,SIAgent5,FEMALE_YOUNG_HIGH_INCOME,128,256.0,24,48.0
28,SIAgent6,MALE_OLD,1301,2603.0,1301,2602.5157571099085
28,SIAgent3,FEMALE_OLD_HIGH_INCOME,203,407.0,203,406.61329305136167
28,SIAgent4,FEMALE_HIGH_INCOME,331,663.0,331,662.0
28,SIAgent1,MALE_YOUNG,1176,2353.0,1204,1460.6207482993273
28,SIAgent2,FEMALE_YOUNG_HIGH_INCOME,128,256.0,19,38.0
28,SIAgent0,MALE_OLD_HIGH_INCOME,404,808.0,180,0.0
29,WEAgent1,FEMALE_OLD_LOW_INCOME,1200,2401.0,0,0.0
29,WEAgent2,FEMALE_YOUNG_HIGH_INCOME,128,256.0,0,0.0
29,WEAgent0,YOUNG_HIGH_INCOME,386,773.0,247,494.6398963730566
29,WEAgent5,FEMALE_YOUNG_LOW_INCOME,990,1980.0,0,0.0
29,WEAgent6,FEMALE_LOW_INCOME,2190,4381.0,4014,4380.0
29,SIAgent7,OLD_HIGH_INCOME,607,1215.0,607,1214.3220599538936
29,WEAgent3,FEMALE_OLD,1404,2808.0,0,0.0
29,WEAgent4,MALE_LOW_INCOME,1815,3631.0,1523,1818.0
29,SIAgent5,YOUNG_HIGH_INCOME,386,773.0,259,518.6709844559582
29,SIAgent6,YOUNG_HIGH_INCOME,386,773.0,259,518.6709844559582
29,SIAgent3,MALE_OLD,1301,2603.0,1301,2602.0
29,SIAgent4,MALE_YOUNG_LOW_INCOME,918,1836.0,918,1836.0
29,SIAgent1,MALE_OLD_HIGH_INCOME,404,808.0,135,270.0
29,SIAgent2,MALE_OLD_HIGH_INCOME,404,808.0,133,266.0
29,SIAgent0,FEMALE_OLD,1404,2808.0,419,0.0
30,WEAgent1,OLD_HIGH_INCOME,607,1215.0,0,0.0
30,WEAgent2,MALE_HIGH_INCOME,662,1325.0,522,0.0
30,WEAgent0,FEMALE_LOW_INCOME,2190,4381.0,2190,4380.684166666735
30,WEAgent5,MALE_OLD,1301,2603.0,0,0.0
30,WEAgent6,FEMALE_YOUNG_LOW_INCOME,990,1980.0,0,0.0
30,SIAgent7,OLD_LOW_INCOME,2098,4196.0,1248,0.0
30,WEAgent3,FEMALE_YOUNG,1118,2236.0,0,0.0
30,WEAgent4,MALE_LOW_INCOME,1815,3631.0,0,0.0
30,SIAgent5,OLD_HIGH_INCOME,607,1215.0,606,1212.9983525535565
30,SIAgent6,FEMALE_YOUNG_HIGH_INCOME,128,256.0,234,0.0
30,SIAgent3,YOUNG_LOW_INCOME,1908,3816.0,1589,0.0
30,SIAgent4,FEMALE_OLD_LOW_INCOME,1200,2401.0,1200,2400.686666666663
30,SIAgent1,MALE_LOW_INCOME,1815,3631.0,1815,3630.0
30,SIAgent2,OLD_HIGH_INCOME,607,1215.0,596,1192.980230642518
30,SIAgent0,MALE_OLD_HIGH_INCOME,404,808.0,0,0.0
31,WEAgent1,FEMALE_OLD_HIGH_INCOME,203,407.0,0,0.0
31,WEAgent2,YOUNG_HIGH_INCOME,386,773.0,756,500.0
31,WEAgent0,FEMALE_OLD_HIGH_INCOME,203,407.0,0,0.0
31,WEAgent5,MALE_OLD_LOW_INCOME,897,1795.0,0,0.0
31,WEAgent6,FEMALE_OLD,1404,2808.0,1639,2807.1691666667157
31,SIAgent7,FEMALE_LOW_INCOME,2190,4381.0,1961,3922.0
31,WEAgent3,MALE_OLD_LOW_INCOME,897,1795.0,0,0.0
31,WEAgent4,FEMALE_OLD_LOW_INCOME,1200,2401.0,0,0.0
31,SIAgent5,FEMALE_OLD_LOW_INCOME,1200,2401.0,974,1948.4447488584412
31,SIAgent6,MALE_OLD_LOW_INCOME,897,1795.0,897,1794.6894696387726
31,SIAgent3,MALE_OLD,1301,2603.0,1758,1616.0
31,SIAgent4,MALE_YOUNG_LOW_INCOME,918,1836.0,1845,0.0
31,SIAgent1,MALE_OLD_HIGH_INCOME,404,808.0,0,0.0
31,SIAgent2,FEMALE_YOUNG_HIGH_INCOME,128,256.0,0,0.0
31,SIAgent0,FEMALE_YOUNG,1118,2236.0,0,0.0
32,WEAgent1,YOUNG_HIGH_INCOME,386,773.0,0,0.0
32,WEAgent2,MALE_OLD,1301,2603.0,1805,1756.9788182831528
32,WEAgent0,MALE_OLD_HIGH_INCOME,404,808.0,0,0.0
32,WEAgent5,OLD_HIGH_INCOME,607,1215.0,0,0.0
32,WEAgent6,FEMALE_YOUNG_LOW_INCOME,990,1980.0,0,0.0
32,SIAgent7,FEMALE_OLD,1404,2808.0,180,0.0
32,WEAgent3,FEMALE_LOW_INCOME,2190,4381.0,1203,2406.5493150684856
32,WEAgent4,FEMALE_LOW_INCOME,2190,4381.0,1164,2328.531506849308
32,SIAgent5,MALE_YOUNG,1176,2353.0,1146,2278.968537414982
32,SIAgent6,MALE_OLD_LOW_INCOME,897,1795.0,897,1794.9999999999854
32,SIAgent3,FEMALE_YOUNG_LOW_INCOME,990,1980.0,658,1316.0
32,SIAgent4,FEMALE_YOUNG_LOW_INCOME,990,1980.0,658,1316.0
32,SIAgent1,FEMALE_YOUNG_LOW_INCOME,990,1980.0,667,1334.0
32,SIAgent2,FEMALE_OLD_HIGH_INCOME,203,407.0,203,406.0
32,SIAgent0,MALE_YOUNG,1176,2353.0,1175,2350.999149659875
33,WEAgent1,MALE_LOW_INCOME,1815,3631.0,902,1804.4969696969947
33,WEAgent2,MALE_LOW_INCOME,1815,3631.0,888,1776.4892561983715
33,WEAgent0,FEMALE_OLD_HIGH_INCOME,203,407.0,0,0.0
33,WEAgent5,FEMALE_OLD,1404,2808.0,1341,2682.0
33,WEAgent6,MALE_YOUNG,1176,2353.0,0,0.0
33,SIAgent7,FEMALE_HIGH_INCOME,331,663.0,331,662.0
33,WEAgent3,MALE_OLD_LOW_INCOME,897,1795.0,0,0.0
33,WEAgent4,FEMALE_YOUNG,1118,2236.0,1922,0.0
33,SIAgent5,MALE_YOUNG_HIGH_INCOME,258,517.0,258,516.3897280966794
33,SIAgent6,FEMALE_YOUNG_HIGH_INCOME,128,256.0,59,118.0
33,SIAgent3,MALE_HIGH_INCOME,662,1325.0,883,1324.0
33,SIAgent4,FEMALE_OLD,1404,2808.0,1340,2680.0
33,SIAgent1,MALE_OLD_LOW_INCOME,897,1795.0,1808,0.0
33,SIAgent2,FEMALE_YOUNG_HIGH_INCOME,128,256.0,73,146.0
33,SIAgent0,MALE_OLD_HIGH_INCOME,404,808.0,119,0.0
34,WEAgent1,FEMALE_OLD,1404,2808.0,618,1236.0
34,WEAgent2,MALE_YOUNG,1176,2353.0,0,0.0
34,WEAgent0,MALE_LOW_INCOME,1815,3631.0,622,1244.0
34,WEAgent5,OLD_LOW_INCOME,2098,4196.0,2098,794.0
34,WEAgent6,FEMALE_YOUNG_LOW_INCOME,990,1980.0,0,0.0
34,SIAgent7,FEMALE_OLD,1404,2808.0,664,1328.0
34,WEAgent3,OLD_HIGH_INCOME,607,1215.0,79,158.0
34,WEAgent4,FEMALE_YOUNG_HIGH_INCOME,128,256.0,220,0.0
34,SIAgent5,MALE_YOUNG_HIGH_INCOME,258,517.0,258,516.9999999999999
34,SIAgent6,FEMALE_LOW_INCOME,2190,4381.0,2190,4380.0
34,SIAgent3,MALE_OLD_HIGH_INCOME,404,808.0,80,160.0
34,SIAgent4,MALE_HIGH_INCOME,662,1325.0,662,1324.0
34,SIAgent1,YOUNG_LOW_INCOME,1908,3816.0,1154,2308.0
34,SIAgent2,YOUNG_LOW_INCOME,1908,3816.0,1105,2210.0
34,SIAgent0,MALE_YOUNG_HIGH_INCOME,258,517.0,250,498.9651162790696
35,WEAgent1,FEMALE_OLD_LOW_INCOME,1200,2401.0,0,0.0
35,WEAgent2,MALE_OLD_HIGH_INCOME,404,808.0,0,0.0
35,WEAgent0,OLD_HIGH_INCOME,607,1215.0,437,874.7199341021484
35,WEAgent5,MALE_LOW_INCOME,1815,3631.0,0,0.0
35,WEAgent6,FEMALE_OLD_LOW_INCOME,1200,2401.0,1199,2398.999166666681
35,SIAgent7,OLD_HIGH_INCOME,607,1215.0,775,742.611202635918
35,WEAgent3,FEMALE_OLD_LOW_INCOME,1200,2401.0,1200,2400.947500000004
35,WEAgent4,YOUNG_HIGH_INCOME,386,773.0,304,608.787564766839
35,SIAgent5,MALE_YOUNG,1176,2353.0,889,1778.7559523809734
35,SIAgent6,YOUNG_HIGH_INCOME,386,773.0,270,540.6994818652846
35,SIAgent3,OLD_LOW_INCOME,2098,4196.0,1804,0.0
35,SIAgent4,MALE_YOUNG_HIGH_INCOME,258,517.0,258,516.6683937823831
35,SIAgent1,FEMALE_YOUNG_LOW_INCOME,990,1980.0,1949,0.0
35,SIAgent2,MALE_YOUNG,1176,2353.0,915,1830.778061224513
35,SIAgent0,FEMALE_YOUNG_HIGH_INCOME,128,256.0,0,0.0
36,WEAgent1,MALE_YOUNG_HIGH_INCOME,258,517.0,0,0.0
36,WEAgent2,YOUNG_HIGH_INCOME,386,773.0,0,0.0
36,WEAgent0,OLD_HIGH_INCOME,607,1215.0,0,0.0
36,WEAgent5,FEMALE_OLD,1404,2808.0,0,0.0
36,WEAgent6,FEMALE_OLD,1404,2808.0,1455,2806.402283105017
36,SIAgent7,MALE_OLD,1301,2603.0,1292,2584.9930822444203
36,WEAgent3,FEMALE_LOW_INCOME,2190,4381.0,2190,4380.367123287666
36,WEAgent4,MALE_YOUNG,1176,2353.0,1540,2352.0
36,SIAgent5,OLD_LOW_INCOME,2098,4196.0,231,0.0
36,SIAgent6,YOUNG_LOW_INCOME,1908,3816.0,315,630.0
36,SIAgent3,YOUNG_LOW_INCOME,1908,3816.0,297,594.0
36,SIAgent4,FEMALE_HIGH_INCOME,331,663.0,560,661.6297588996237
36,SIAgent1,YOUNG_LOW_INCOME,1908,3816.0,274,548.0
36,SIAgent2,YOUNG_LOW_INCOME,1908,3816.0,317,634.0
36,SIAgent0,MALE_OLD,1301,2603.0,1280,2560.9838585703255
37,WEAgent1,FEMALE_OLD_HIGH_INCOME,203,407.0,0,0.0
37,WEAgent2,FEMALE_YOUNG_LOW_INCOME,990,1980.0,990,1980.0
37,WEAgent0,OLD_LOW_INCOME,2098,4196.0,1033,2066.0
37,WEAgent5,FEMALE_OLD,1404,2808.0,0,0.0
37,WEAgent6,MALE_YOUNG_LOW_INCOME,918,1836.0,748,0.0
37,SIAgent7,FEMALE_YOUNG_HIGH_INCOME,128,256.0,128,256.0
37,WEAgent3,OLD_HIGH_INCOME,607,1215.0,0,0.0
37,WEAgent4,FEMALE_YOUNG,1118,2236.0,1084,2120.0
37,SIAgent5,FEMALE_OLD_HIGH_INCOME,203,407.0,203,406.3344316309707
37,SIAgent6,MALE_YOUNG,1176,2353.0,1473,2352.0
37,SIAgent3,OLD_HIGH_INCOME,607,1215.0,554,1108.9126853377386
37,SIAgent4,OLD_LOW_INCOME,2098,4196.0,1067,2134.0
37,SIAgent1,MALE_OLD,1301,2603.0,1301,2602.0
37,SIAgent2,OLD_HIGH_INCOME,607,1215.0,493,986.8121911037985
37,SIAgent0,FEMALE_OLD,1404,2808.0,741,1482.0
38,WEAgent1,FEMALE_HIGH_INCOME,331,663.0,0,0.0
38,WEAgent2,FEMALE_LOW_INCOME,2190,4381.0,3963,4380.0
38,WEAgent0,MALE_YOUNG_LOW_INCOME,918,1836.0,1868,0.0
38,WEAgent5,FEMALE_YOUNG_LOW_INCOME,990,1980.0,0,0.0
38,WEAgent6,YOUNG_HIGH_INCOME,386,773.0,0,0.0
38,SIAgent7,OLD_LOW_INCOME,2098,4196.0,128,256.0
38,WEAgent3,FEMALE_YOUNG_HIGH_INCOME,128,256.0,0,0.0
38,WEAgent4,YOUNG_HIGH_INCOME,386,773.0,182,364.4715025906733
38,SIAgent5,YOUNG_HIGH_INCOME,386,773.0,261,522.6761658031085
38,SIAgent6,MALE_OLD_LOW_INCOME,897,1795.0,646,1292.7201783723542
38,SIAgent3,MALE_OLD_LOW_INCOME,897,1795.0,546,1092.6086956521824
38,SIAgent4,FEMALE_OLD,1404,2808.0,522,250.0
38,SIAgent1,MALE_OLD,1301,2603.0,773,0.0
38,SIAgent2,YOUNG_HIGH_INCOME,386,773.0,287,574.7435233160618
38,SIAgent0,MALE_OLD_LOW_INCOME,897,1795.0,566,1132.6309921962168
39,WEAgent1,FEMALE_OLD_HIGH_INCOME,203,407.0,0,0.0
39,WEAgent2,OLD_LOW_INCOME,2098,4196.0,2081,2360.0
39,WEAgent0,OLD_HIGH_INCOME,607,1215.0,410,780.0
39,WEAgent5,MALE_LOW_INCOME,1815,3631.0,0,0.0
39,WEAgent6,MALE_YOUNG,1176,2353.0,0,0.0
39,SIAgent7,MALE_OLD_HIGH_INCOME,404,808.0,404,808.0
39,WEAgent3,FEMALE_OLD_HIGH_INCOME,203,407.0,0,0.0
39,WEAgent4,FEMALE_OLD,1404,2808.0,1674,2484.0
39,SIAgent5,FEMALE_YOUNG,1118,2236.0,1978,0.0
39,SIAgent6,MALE_YOUNG_HIGH_INCOME,258,517.0,237,474.9160340603284
39,SIAgent3,YOUNG_HIGH_INCOME,386,773.0,144,288.37305699481846
39,SIAgent4,MALE_YOUNG_LOW_INCOME,918,1836.0,870,0.0
39,SIAgent1,MALE_YOUNG_HIGH_INCOME,258,517.0,258,516.9999999999999
39,SIAgent2,YOUNG_HIGH_INCOME,386,773.0,129,258.33419689119154
39,SIAgent0,MALE_LOW_INCOME,1815,3631.0,1815,3630.0
40,WEAgent1,MALE_YOUNG_LOW_INCOME,918,1836.0,586,0.0
40,WEAgent2,FEMALE_OLD_HIGH_INCOME,203,407.0,0,0.0
40,WEAgent0,MALE_OLD_HIGH_INCOME,404,808.0,818,0.0
40,WEAgent5,FEMALE_OLD_HIGH_INCOME,203,407.0,0,0.0
40,WEAgent6,YOUNG_LOW_INCOME,1908,3816.0,0,0.0
40,SIAgent7,FEMALE_YOUNG_HIGH_INCOME,128,256.0,16,0.0
40,WEAgent3,OLD_LOW_INCOME,2098,4196.0,3663,4195.747500000167
40,WEAgent4,FEMALE_OLD_HIGH_INCOME,203,407.0,0,0.0
40,SIAgent5,FEMALE_HIGH_INCOME,331,663.0,331,662.8338368580103
40,SIAgent6,MALE_YOUNG_HIGH_INCOME,258,517.0,258,516.2193877550983
40,SIAgent3,FEMALE_HIGH_INCOME,331,663.0,330,660.9969788519695
40,SIAgent4,FEMALE_LOW_INCOME,2190,4381.0,2016,0.0
40,SIAgent1,MALE_YOUNG,1176,2353.0,1275,2352.0
40,SIAgent2,FEMALE_OLD,1404,2808.0,20,0.0
40,SIAgent0,FEMALE_OLD_LOW_INCOME,1200,2401.0,337,674.1538812785368
41,WEAgent1,FEMALE_OLD_HIGH_INCOME,203,407.0,0,0.0
41,WEAgent2,FEMALE_LOW_INCOME,2190,4381.0,2615,4380.0
41,WEAgent0,MALE_OLD_HIGH_INCOME,404,808.0,152,0.0
41,WEAgent5,MALE_OLD_LOW_INCOME,897,1795.0,0,0.0
41,WEAgent6,MALE_YOUNG_LOW_INCOME,918,1836.0,1223,1232.0
41,SIAgent7,MALE_HIGH_INCOME,662,1325.0,718,1324.0
41,WEAgent3,MALE_OLD,1301,2603.0,0,0.0
41,WEAgent4,FEMALE_YOUNG,1118,2236.0,0,0.0
41,SIAgent5,FEMALE_OLD,1404,2808.0,254,508.0
41,SIAgent6,OLD_LOW_INCOME,2098,4196.0,650,1300.0
41,SIAgent3,YOUNG_LOW_INCOME,1908,3816.0,1966,3815.781116075548
41,SIAgent4,OLD_LOW_INCOME,2098,4196.0,632,1264.0
41,SIAgent1,YOUNG_HIGH_INCOME,386,773.0,571,772.5830815709942
41,SIAgent2,OLD_LOW_INCOME,2098,4196.0,646,1292.0
41,SIAgent0,FEMALE_OLD,1404,2808.0,244,488.0
42,WEAgent1,OLD_HIGH_INCOME,607,1215.0,46,92.0
42,WEAgent2,YOUNG_HIGH_INCOME,386,773.0,0,0.0
42,WEAgent0,FEMALE_LOW_INCOME,2190,4381.0,2818,1674.0
42,WEAgent5,OLD_LOW_INCOME,2098,4196.0,2592,1618.0
42,WEAgent6,FEMALE_OLD,1404,2808.0,805,1610.0
42,SIAgent7,FEMALE_OLD_HIGH_INCOME,203,407.0,203,406.9999999999988
42,WEAgent3,MALE_OLD,1301,2603.0,0,0.0
42,WEAgent4,FEMALE_YOUNG_LOW_INCOME,990,1980.0,0,0.0
42,SIAgent5,YOUNG_HIGH_INCOME,386,773.0,386,772.5830815709942
42,SIAgent6,MALE_YOUNG_LOW_INCOME,918,1836.0,1869,0.0
42,SIAgent3,MALE_HIGH_INCOME,662,1325.0,737,1324.0
42,SIAgent4,FEMALE_HIGH_INCOME,331,663.0,132,264.3987915407856
42,SIAgent1,MALE_OLD_HIGH_INCOME,404,808.0,37,74.0
42,SIAgent2,FEMALE_HIGH_INCOME,331,663.0,130,260.39274924471306
42,SIAgent0,FEMALE_OLD_HIGH_INCOME,203,407.0,203,406.9733305552654
43,WEAgent1,OLD_HIGH_INCOME,607,1215.0,138,276.0
43,WEAgent2,YOUNG_HIGH_INCOME,386,773.0,280,0.0
43,WEAgent0,MALE_OLD,1301,2603.0,0,0.0
43,WEAgent5,MALE_YOUNG_LOW_INCOME,918,1836.0,0,0.0
43,WEAgent6,FEMALE_YOUNG,1118,2236.0,1093,1938.0
43,SIAgent7,FEMALE_OLD_LOW_INCOME,1200,2401.0,1200,2400.0
43,WEAgent3,OLD_HIGH_INCOME,607,1215.0,152,304.0
43,WEAgent4,MALE_OLD,1301,2603.0,0,0.0
43,SIAgent5,OLD_HIGH_INCOME,607,1215.0,607,1214.0
43,SIAgent6,YOUNG_HIGH_INCOME,386,773.0,386,772.0
43,SIAgent3,YOUNG_LOW_INCOME,1908,3816.0,2835,1950.0
43,SIAgent4,MALE_OLD_HIGH_INCOME,404,808.0,139,278.0
43,SIAgent1,MALE_OLD_LOW_INCOME,897,1795.0,897,1794.0
43,SIAgent2,FEMALE_OLD,1404,2808.0,802,1188.0
43,SIAgent0,OLD_LOW_INCOME,2098,4196.0,1471,1228.0
44,WEAgent1,FEMALE_OLD_HIGH_INCOME,203,407.0,0,0.0
44,WEAgent2,FEMALE_OLD_LOW_INCOME,1200,2401.0,0,0.0
44,WEAgent0,OLD_HIGH_INCOME,607,1215.0,0,0.0
44,WEAgent5,FEMALE_HIGH_INCOME,331,663.0,0,0.0
44,WEAgent6,FEMALE_OLD,1404,2808.0,1016,1758.401369863008
44,SIAgent7,MALE_LOW_INCOME,1815,3631.0,3595,3609.8608730491223
44,WEAgent3,OLD_LOW_INCOME,2098,4196.0,946,1892.4319634703136
44,WEAgent4,MALE_OLD_HIGH_INCOME,404,808.0,0,0.0
44,SIAgent5,FEMALE_OLD_HIGH_INCOME,203,407.0,203,406.3344316309707
44,SIAgent6,MALE_HIGH_INCOME,662,1325.0,261,522.3942598187336
44,SIAgent3,MALE_HIGH_INCOME,662,1325.0,242,484.36555891238925
44,SIAgent4,MALE_HIGH_INCOME,662,1325.0,257,514.3882175226613
44,SIAgent1,FEMALE_YOUNG_LOW_INCOME,990,1980.0,422,0.0
44,SIAgent2,OLD_HIGH_INCOME,607,1215.0,607,1214.7144756352466
44,SIAgent0,FEMALE_LOW_INCOME,2190,4381.0,2190,4380.289954337895
45,WEAgent1,MALE_OLD_LOW_INCOME,897,1795.0,0,0.0
45,WEAgent2,MALE_YOUNG_HIGH_INCOME,258,517.0,0,0.0
45,WEAgent0,OLD_LOW_INCOME,2098,4196.0,1491,2560.0
45,WEAgent5,MALE_OLD,1301,2603.0,0,0.0
45,WEAgent6,FEMALE_YOUNG,1118,2236.0,974,1948.0
45,SIAgent7,MALE_YOUNG_LOW_INCOME,918,1836.0,105,210.0
45,WEAgent3,FEMALE_YOUNG_HIGH_INCOME,128,256.0,0,0.0
45,WEAgent4,FEMALE_OLD_LOW_INCOME,1200,2401.0,0,0.0
45,SIAgent5,MALE_HIGH_INCOME,662,1325.0,1084,1232.4734819369899
45,SIAgent6,FEMALE_YOUNG,1118,2236.0,1262,1974.0
45,SIAgent3,FEMALE_OLD,1404,2808.0,1613,2432.0
45,SIAgent4,MALE_LOW_INCOME,1815,3631.0,1815,3630.0
45,SIAgent1,MALE_OLD,1301,2603.0,1301,2602.716804407755
45,SIAgent2,MALE_YOUNG_HIGH_INCOME,258,517.0,258,516.3897280966794
45,SIAgent0,MALE_YOUNG_LOW_INCOME,918,1836.0,97,194.0
46,WEAgent1,FEMALE_YOUNG_LOW_INCOME,990,1980.0,0,0.0
46,WEAgent2,FEMALE_OLD,1404,2808.0,775,2182.748244734223
46,WEAgent0,FEMALE_YOUNG_LOW_INCOME,990,1980.0,0,0.0
46,WEAgent5,FEMALE_OLD,1404,2808.0,821,2312.3049147442466
46,WEAgent6,YOUNG_LOW_INCOME,1908,3816.0,0,0.0
46,SIAgent7,YOUNG_LOW_INCOME,1908,3816.0,3799,3814.426492102642
46,WEAgent3,OLD_LOW_INCOME,2098,4196.0,0,0.0
46,WEAgent4,FEMALE_LOW_INCOME,2190,4381.0,771,2112.3370110331234
46,SIAgent5,OLD_LOW_INCOME,2098,4196.0,860,0.0
46,SIAgent6,MALE_OLD_HIGH_INCOME,404,808.0,220,440.0
46,SIAgent3,FEMALE_HIGH_INCOME,331,663.0,559,662.0
46,SIAgent4,FEMALE_OLD,1404,2808.0,85,0.0
46,SIAgent1,MALE_OLD_HIGH_INCOME,404,808.0,194,388.0
46,SIAgent2,FEMALE_OLD_LOW_INCOME,1200,2401.0,0,0.0
46,SIAgent0,MALE_OLD,1301,2603.0,1301,2602.0
47,WEAgent1,OLD_HIGH_INCOME,607,1215.0,0,0.0
47,WEAgent2,MALE_HIGH_INCOME,662,1325.0,0,0.0
47,WEAgent0,MALE_OLD_HIGH_INCOME,404,808.0,0,0.0
47,WEAgent5,FEMALE_OLD_HIGH_INCOME,203,407.0,0,0.0
47,WEAgent6,MALE_LOW_INCOME,1815,3631.0,0,0.0
47,SIAgent7,YOUNG_LOW_INCOME,1908,3816.0,1584,3168.0
47,WEAgent3,FEMALE_YOUNG_HIGH_INCOME,128,256.0,0,0.0
47,WEAgent4,MALE_OLD,1301,2603.0,1938,0.0
47,SIAgent5,YOUNG_LOW_INCOME,1908,3816.0,1605,3210.0
47,SIAgent6,MALE_HIGH_INCOME,662,1325.0,851,1324.5088393543633
47,SIAgent3,MALE_YOUNG_HIGH_INCOME,258,517.0,258,516.3897280966794
47,SIAgent4,FEMALE_OLD_HIGH_INCOME,203,407.0,201,402.99014778325005
47,SIAgent1,FEMALE_OLD_HIGH_INCOME,203,407.0,191,382.9408866995063
47,SIAgent2,FEMALE_HIGH_INCOME,331,663.0,229,458.0
47,SIAgent0,FEMALE_YOUNG,1118,2236.0,666,1332.0
48,WEAgent1,OLD_LOW_INCOME,2098,4196.0,3008,2314.964166666674
48,WEAgent2,OLD_HIGH_INCOME,607,1215.0,163,146.0
48,WEAgent0,MALE_YOUNG_HIGH_INCOME,258,517.0,0,0.0
48,WEAgent5,FEMALE_OLD_HIGH_INCOME,203,407.0,0,0.0
48,WEAgent6,MALE_YOUNG_HIGH_INCOME,258,517.0,0,0.0
48,SIAgent7,MALE_OLD_HIGH_INCOME,404,808.0,72,144.0
48,WEAgent3,FEMALE_YOUNG_LOW_INCOME,990,1980.0,472,944.0
48,WEAgent4,MALE_OLD_HIGH_INCOME,404,808.0,0,0.0
48,SIAgent5,FEMALE_OLD_HIGH_INCOME,203,407.0,203,406.61329305136167
48,SIAgent6,FEMALE_OLD_LOW_INCOME,1200,2401.0,1195,2390.995833333347
48,SIAgent3,FEMALE_YOUNG_LOW_INCOME,990,1980.0,510,1020.0
48,SIAgent4,MALE_HIGH_INCOME,662,1325.0,1053,1324.0
48,SIAgent1,YOUNG_LOW_INCOME,1908,3816.0,2324,1008.0
48,SIAgent2,FEMALE_HIGH_INCOME,331,663.0,331,662.0
48,SIAgent0,FEMALE_YOUNG,1118,2236.0,589,1066.0
49,WEAgent1,MALE_HIGH_INCOME,662,1325.0,0,0.0
49,WEAgent2,FEMALE_OLD,1404,2808.0,997,2807.9999999999886
49,WEAgent0,FEMALE_LOW_INCOME,2190,4381.0,3388,2717.873620862581
49,WEAgent5,OLD_HIGH_INCOME,607,1215.0,0,0.0
49,WEAgent6,MALE_HIGH_INCOME,662,1325.0,0,0.0
49,SIAgent7,FEMALE_OLD_HIGH_INCOME,203,407.0,217,390.9605911330038
49,WEAgent3,YOUNG_HIGH_INCOME,386,773.0,386,772.7170542635657
49,WEAgent4,FEMALE_HIGH_INCOME,331,663.0,0,0.0
49,SIAgent5,MALE_OLD_LOW_INCOME,897,1795.0,897,1794.6894696387726
49,SIAgent6,FEMALE_OLD_HIGH_INCOME,203,407.0,203,406.9999999999988
49,SIAgent3,MALE_OLD,1301,2603.0,873,1746.6710222905776
49,SIAgent4,FEMALE_YOUNG_HIGH_INCOME,128,256.0,27,54.0
49,SIAgent1,MALE_OLD,1301,2603.0,851,1702.654112221399
49,SIAgent2,FEMALE_YOUNG_HIGH_INCOME,128,256.0,25,50.0
49,SIAgent0,MALE_YOUNG_HIGH_INCOME,258,517.0,315,356.68992248062006
50,WEAgent1,FEMALE_LOW_INCOME,2190,4381.0,1599,3198.389954337894
50,WEAgent2,FEMALE_YOUNG,1118,2236.0,0,0.0
50,WEAgent0,FEMALE_OLD_HIGH_INCOME,203,407.0,0,0.0
50,WEAgent5,FEMALE_HIGH_INCOME,331,663.0,242,484.7311178247767
50,WEAgent6,MALE_OLD_HIGH_INCOME,404,808.0,0,0.0
50,SIAgent7,FEMALE_HIGH_INCOME,331,663.0,230,460.6948640483413
50,WEAgent3,YOUNG_HIGH_INCOME,386,773.0,0,0.0
50,WEAgent4,MALE_YOUNG,1176,2353.0,605,1210.0
50,SIAgent5,YOUNG_HIGH_INCOME,386,773.0,386,772.5830815709942
50,SIAgent6,MALE_YOUNG_LOW_INCOME,918,1836.0,584,1168.0
50,SIAgent3,FEMALE_LOW_INCOME,2190,4381.0,2190,4380.355251141547
50,SIAgent4,OLD_LOW_INCOME,2098,4196.0,1786,0.0
50,SIAgent1,YOUNG_LOW_INCOME,1908,3816.0,1295,1300.0
50,SIAgent2,MALE_HIGH_INCOME,662,1325.0,875,184.0
50,SIAgent0,FEMALE_HIGH_INCOME,331,663.0,208,416.6283987915431
51,WEAgent1,OLD_HIGH_INCOME,607,1215.0,0,0.0
51,WEAgent2,FEMALE_YOUNG,1118,2236.0,0,0.0
51,WEAgent0,FEMALE_YOUNG_LOW_INCOME,990,1980.0,0,0.0
51,WEAgent5,MALE_YOUNG_LOW_INCOME,918,1836.0,1804,0.0
51,WEAgent6,FEMALE_OLD_LOW_INCOME,1200,2401.0,1199,2398.999166666681
51,SIAgent7,YOUNG_HIGH_INCOME,386,773.0,420,714.9248704663207
51,WEAgent3,FEMALE_YOUNG_LOW_INCOME,990,1980.0,0,0.0
51,WEAgent4,MALE_OLD,1301,2603.0,0,0.0
51,SIAgent5,MALE_OLD,1301,2603.0,161,322.1237509607988
51,SIAgent6,MALE_OLD_LOW_INCOME,897,1795.0,896,1792.9988851727837
51,SIAgent3,FEMALE_OLD_LOW_INCOME,1200,2401.0,1200,2400.989828767133
51,SIAgent4,FEMALE_LOW_INCOME,2190,4381.0,2046,0.0
51,SIAgent1,YOUNG_HIGH_INCOME,386,773.0,386,772.9999999999994
51,SIAgent2,MALE_HIGH_INCOME,662,1325.0,662,1324.5088393543635
51,SIAgent0,MALE_OLD_LOW_INCOME,897,1795.0,849,1698.946488294303
52,WEAgent1,FEMALE_OLD_LOW_INCOME,1200,2401.0,0,0.0
52,WEAgent2,MALE_YOUNG_HIGH_INCOME,258,517.0,455,0.0
52,WEAgent0,OLD_LOW_INCOME,2098,4196.0,0,0.0
52,WEAgent5,MALE_YOUNG_LOW_INCOME,918,1836.0,0,0.0
52,WEAgent6,MALE_LOW_INCOME,1815,3631.0,1800,0.0
52,SIAgent7,FEMALE_YOUNG,1118,2236.0,1104,2208.0
52,WEAgent3,FEMALE_YOUNG,1118,2236.0,1095,2190.0
52,WEAgent4,FEMALE_YOUNG_LOW_INCOME,990,1980.0,0,0.0
52,SIAgent5,OLD_LOW_INCOME,2098,4196.0,1186,2372.0
52,SIAgent6,MALE_OLD_LOW_INCOME,897,1795.0,897,1794.6894696387726
52,SIAgent3,OLD_LOW_INCOME,2098,4196.0,1174,2348.0
52,SIAgent4,MALE_OLD,1301,2603.0,1218,1906.0
52,SIAgent1,FEMALE_OLD_HIGH_INCOME,203,407.0,203,406.3344316309707
52,SIAgent2,OLD_HIGH_INCOME,607,1215.0,703,1214.4665641814167
52,SIAgent0,FEMALE_YOUNG_HIGH_INCOME,128,256.0,75,150.0
53,WEAgent1,FEMALE_YOUNG_HIGH_INCOME,128,256.0,0,0.0
53,WEAgent2,FEMALE_OLD,1404,2808.0,1270,2540.0
53,WEAgent0,MALE_HIGH_INCOME,662,1325.0,0,0.0
53,WEAgent5,MALE_YOUNG,1176,2353.0,0,0.0
53,WEAgent6,FEMALE_OLD_HIGH_INCOME,203,407.0,0,0.0
53,SIAgent7,MALE_HIGH_INCOME,662,1325.0,662,1324.5088393543635
53,WEAgent3,FEMALE_OLD,1404,2808.0,0,0.0
53,WEAgent4,MALE_YOUNG_HIGH_INCOME,258,517.0,258,516.6683937823831
53,SIAgent5,YOUNG_LOW_INCOME,1908,3816.0,2863,1806.0
53,SIAgent6,FEMALE_OLD,1404,2808.0,1255,2510.0
53,SIAgent3,FEMALE_HIGH_INCOME,331,663.0,331,662.5284974093261
53,SIAgent4,YOUNG_HIGH_INCOME,386,773.0,266,284.21450151057513
53,SIAgent1,MALE_OLD,1301,2603.0,1993,0.0
53,SIAgent2,MALE_YOUNG_LOW_INCOME,918,1836.0,899,1798.0
53,SIAgent0,FEMALE_OLD_HIGH_INCOME,203,407.0,203,406.61329305136167
54,WEAgent1,FEMALE_YOUNG_LOW_INCOME,990,1980.0,676,1352.0
54,WEAgent2,MALE_YOUNG_LOW_INCOME,918,1836.0,0,0.0
54,WEAgent0,FEMALE_OLD_HIGH_INCOME,203,407.0,0,0.0
54,WEAgent5,MALE_OLD_LOW_INCOME,897,1795.0,0,0.0
54,WEAgent6,FEMALE_HIGH_INCOME,331,663.0,414,0.0
54,SIAgent7,OLD_LOW_INCOME,2098,4196.0,1796,0.0
54,WEAgent3,FEMALE_YOUNG,1118,2236.0,0,0.0
54,WEAgent4,MALE_OLD,1301,2603.0,0,0.0
54,SIAgent5,FEMALE_YOUNG,1118,2236.0,815,1356.0
54,SIAgent6,YOUNG_LOW_INCOME,1908,3816.0,975,1950.0
54,SIAgent3,YOUNG_HIGH_INCOME,386,773.0,386,772.2057823129205
54,SIAgent4,FEMALE_OLD_LOW_INCOME,1200,2401.0,1199,2398.999166666681
54,SIAgent1,MALE_YOUNG_LOW_INCOME,918,1836.0,317,634.0
54,SIAgent2,MALE_YOUNG,1176,2353.0,1265,2352.0
54,SIAgent0,FEMALE_OLD_LOW_INCOME,1200,2401.0,1200,2400.9883333333455
55,WEAgent1,MALE_YOUNG,1176,2353.0,897,1794.7627551020626
55,WEAgent2,YOUNG_HIGH_INCOME,386,773.0,0,0.0
55,WEAgent0,FEMALE_OLD_LOW_INCOME,1200,2401.0,0,0.0
55,WEAgent5,FEMALE_HIGH_INCOME,331,663.0,0,0.0
55,WEAgent6,MALE_YOUNG,1176,2353.0,889,1778.7559523809734
55,SIAgent7,FEMALE_YOUNG_LOW_INCOME,990,1980.0,627,1254.0
55,WEAgent3,MALE_YOUNG,1176,2353.0,0,0.0
55,WEAgent4,FEMALE_OLD_LOW_INCOME,1200,2401.0,0,0.0
55,SIAgent5,FEMALE_YOUNG_HIGH_INCOME,128,256.0,128,256.0
55,SIAgent6,FEMALE_YOUNG_LOW_INCOME,990,1980.0,667,1334.0
55,SIAgent3,FEMALE_OLD,1404,2808.0,1650,0.0
55,SIAgent4,MALE_OLD,1301,2603.0,1949,0.0
55,SIAgent1,FEMALE_YOUNG,1118,2236.0,800,1534.0
55,SIAgent2,MALE_HIGH_INCOME,662,1325.0,1094,1324.5088393543635
55,SIAgent0,FEMALE_OLD_LOW_INCOME,1200,2401.0,1200,2400.0
56,WEAgent1,FEMALE_LOW_INCOME,2190,4381.0,736,1472.336073059356
56,WEAgent2,FEMALE_YOUNG,1118,2236.0,0,0.0
56,WEAgent0,OLD_LOW_INCOME,2098,4196.0,0,0.0
56,WEAgent5,MALE_OLD_HIGH_INCOME,404,808.0,0,0.0
56,WEAgent6,MALE_HIGH_INCOME,662,1325.0,0,0.0
56,SIAgent7,MALE_YOUNG_HIGH_INCOME,258,517.0,258,516.2193877550983
56,WEAgent3,MALE_OLD,1301,2603.0,1316,1324.5088393543635
56,WEAgent4,YOUNG_LOW_INCOME,1908,3816.0,0,0.0
56,SIAgent5,FEMALE_YOUNG,1118,2236.0,247,0.0
56,SIAgent6,FEMALE_OLD_HIGH_INCOME,203,407.0,398,0.0
56,SIAgent3,YOUNG_LOW_INCOME,1908,3816.0,719,0.0
56,SIAgent4,FEMALE_LOW_INCOME,2190,4381.0,1812,3624.8273972602624
56,SIAgent1,MALE_OLD,1301,2603.0,1301,2602.9999999999914
56,SIAgent2,MALE_YOUNG,1176,2353.0,1260,2352.0
56,SIAgent0,FEMALE_LOW_INCOME,2190,4381.0,1748,3496.7981735159706
57,WEAgent1,OLD_HIGH_INCOME,607,1215.0,0,0.0
57,WEAgent2,FEMALE_YOUNG_HIGH_INCOME,128,256.0,0,0.0
57,WEAgent0,FEMALE_HIGH_INCOME,331,663.0,205,0.0
57,WEAgent5,FEMALE_HIGH_INCOME,331,663.0,0,0.0
57,WEAgent6,MALE_YOUNG_LOW_INCOME,918,1836.0,0,0.0
57,SIAgent7,MALE_YOUNG_LOW_INCOME,918,1836.0,0,0.0
57,WEAgent3,FEMALE_YOUNG_LOW_INCOME,990,1980.0,990,1980.0
57,WEAgent4,FEMALE_YOUNG,1118,2236.0,993,1970.0
57,SIAgent5,MALE_YOUNG,1176,2353.0,900,1800.765306122471
57,SIAgent6,YOUNG_HIGH_INCOME,386,773.0,330,660.1666666666629
57,SIAgent3,MALE_YOUNG_HIGH_INCOME,258,517.0,258,516.6683937823831
57,SIAgent4,MALE_YOUNG,1176,2353.0,944,1888.802721088461
57,SIAgent1,MALE_YOUNG_LOW_INCOME,918,1836.0,0,0.0
57,SIAgent2,MALE_OLD,1301,2603.0,2616,0.0
57,SIAgent0,FEMALE_HIGH_INCOME,331,663.0,331,662.3290155440412
58,WEAgent1,FEMALE_YOUNG_HIGH_INCOME,128,256.0,0,0.0
58,WEAgent2,FEMALE_HIGH_INCOME,331,663.0,0,0.0
58,WEAgent0,FEMALE_YOUNG_HIGH_INCOME,128,256.0,128,256.0
58,WEAgent5,FEMALE_LOW_INCOME,2190,4381.0,2190,4380.501666666715
58,WEAgent6,OLD_LOW_INCOME,2098,4196.0,1331,1736.723333333327
58,SIAgent7,FEMALE_OLD_HIGH_INCOME,203,407.0,203,406.3344316309707
58,WEAgent3,YOUNG_HIGH_INCOME,386,773.0,0,0.0
58,WEAgent4,YOUNG_HIGH_INCOME,386,773.0,0,0.0
58,SIAgent5,YOUNG_LOW_INCOME,1908,3816.0,739,664.0
58,SIAgent6,OLD_HIGH_INCOME,607,1215.0,709,1214.4665641814167
58,SIAgent3,FEMALE_YOUNG_HIGH_INCOME,128,256.0,159,212.0
58,SIAgent4,MALE_YOUNG_LOW_INCOME,918,1836.0,355,710.0
58,SIAgent1,FEMALE_OLD_LOW_INCOME,1200,2401.0,856,1712.7133333333277
58,SIAgent2,MALE_OLD,1301,2603.0,1329,2601.8169902506456
58,SIAgent0,MALE_YOUNG,1176,2353.0,1465,2352.0
59,WEAgent1,MALE_YOUNG,1176,2353.0,952,1904.8095238095502
59,WEAgent2,MALE_HIGH_INCOME,662,1325.0,0,0.0
59,WEAgent0,FEMALE_OLD,1404,2808.0,997,2807.9999999999886
59,WEAgent5,FEMALE_LOW_INCOME,2190,4381.0,2354,3615.638916750232
59,WEAgent6,MALE_OLD,1301,2603.0,0,0.0
59,SIAgent7,OLD_LOW_INCOME,2098,4196.0,0,0.0
59,WEAgent3,MALE_YOUNG_HIGH_INCOME,258,517.0,0,0.0
59,WEAgent4,MALE_YOUNG_LOW_INCOME,918,1836.0,0,0.0
59,SIAgent5,MALE_OLD,1301,2603.0,404,0.0
59,SIAgent6,MALE_OLD_LOW_INCOME,897,1795.0,892,1784.9944258639769
59,SIAgent3,FEMALE_HIGH_INCOME,331,663.0,620,0.0
59,SIAgent4,MALE_OLD_LOW_INCOME,897,1795.0,872,1744.9721293199425
59,SIAgent1,MALE_HIGH_INCOME,662,1325.0,662,1324.529101110097
59,SIAgent2,MALE_YOUNG,1176,2353.0,1213,1864.7925170068274
59,SIAgent0,FEMALE_YOUNG_LOW_INCOME,990,1980.0,1034,1978.9849437200803
60,WEAgent1,MALE_OLD_HIGH_INCOME,404,808.0,392,784.0
60,WEAgent2,FEMALE_YOUNG_HIGH_INCOME,128,256.0,0,0.0
60,WEAgent0,FEMALE_HIGH_INCOME,331,663.0,0,0.0
60,WEAgent5,YOUNG_LOW_INCOME,1908,3816.0,0,0.0
60,WEAgent6,FEMALE_OLD_HIGH_INCOME,203,407.0,0,0.0
60,SIAgent7,FEMALE_OLD,1404,2808.0,516,184.0
60,WEAgent3,MALE_OLD_HIGH_INCOME,404,808.0,0,0.0
60,WEAgent4,MALE_OLD,1301,2603.0,0,0.0
60,SIAgent5,MALE_YOUNG_LOW_INCOME,918,1836.0,918,1836.0
60,SIAgent6,OLD_LOW_INCOME,2098,4196.0,1900,200.0
60,SIAgent3,MALE_YOUNG_LOW_INCOME,918,1836.0,937,1794.0
60,SIAgent4,FEMALE_YOUNG_HIGH_INCOME,128,256.0,0,0.0
60,SIAgent1,FEMALE_LOW_INCOME,2190,4381.0,4027,4380.0
60,SIAgent2,MALE_OLD_HIGH_INCOME,404,808.0,381,762.0
60,SIAgent0,YOUNG_HIGH_INCOME,386,773.0,795,486.0
61,WEAgent1,FEMALE_YOUNG_LOW_INCOME,990,1980.0,988,1976.0
61,WEAgent2,FEMALE_YOUNG,1118,2236.0,1140,2058.0
61,WEAgent0,MALE_HIGH_INCOME,662,1325.0,357,714.5392749244697
61,WEAgent5,MALE_OLD_LOW_INCOME,897,1795.0,0,0.0
61,WEAgent6,MALE_OLD_LOW_INCOME,897,1795.0,0,0.0
61,SIAgent7,YOUNG_HIGH_INCOME,386,773.0,386,772.4093655589104
61,WEAgent3,MALE_YOUNG_HIGH_INCOME,258,517.0,0,0.0
61,WEAgent4,YOUNG_HIGH_INCOME,386,773.0,0,0.0
61,SIAgent5,MALE_YOUNG_LOW_INCOME,918,1836.0,344,0.0
61,SIAgent6,MALE_LOW_INCOME,1815,3631.0,1815,3630.0
61,SIAgent3,MALE_HIGH_INCOME,662,1325.0,703,1008.6979468524489
61,SIAgent4,OLD_LOW_INCOME,2098,4196.0,328,0.0
61,SIAgent1,MALE_YOUNG,1176,2353.0,1176,2352.6479338843337
61,SIAgent2,FEMALE_OLD_LOW_INCOME,1200,2401.0,1199,2398.999166666681
61,SIAgent0,FEMALE_OLD_LOW_INCOME,1200,2401.0,1159,2318.9516666666714
62,WEAgent1,FEMALE_OLD_HIGH_INCOME,203,407.0,0,0.0
62,WEAgent2,FEMALE_YOUNG_LOW_INCOME,990,1980.0,0,0.0
62,WEAgent0,MALE_OLD,1301,2603.0,0,0.0
62,WEAgent5,FEMALE_OLD_LOW_INCOME,1200,2401.0,0,0.0
62,WEAgent6,MALE_YOUNG_LOW_INCOME,918,1836.0,0,0.0
62,SIAgent7,FEMALE_OLD_HIGH_INCOME,203,407.0,203,406.61329305136167
62,WEAgent3,OLD_LOW_INCOME,2098,4196.0,876,1752.3999999999944
62,WEAgent4,FEMALE_OLD,1404,2808.0,1000,1828.4173515981677
62,SIAgent5,OLD_LOW_INCOME,2098,4196.0,0,0.0
62,SIAgent6,MALE_OLD_LOW_INCOME,897,1795.0,882,1764.9539567152135
62,SIAgent3,FEMALE_YOUNG,1118,2236.0,472,0.0
62,SIAgent4,MALE_OLD_LOW_INCOME,897,1795.0,897,1794.9999999999854
62,SIAgent1,FEMALE_LOW_INCOME,2190,4381.0,2190,4380.289954337895
62,SIAgent2,MALE_LOW_INCOME,1815,3631.0,1858,0.0
62,SIAgent0,FEMALE_HIGH_INCOME,331,663.0,331,661.8512324279455
63,WEAgent1,MALE_OLD_HIGH_INCOME,404,808.0,431,746.0
63,WEAgent2,FEMALE_LOW_INCOME,2190,4381.0,1215,2430.5547945205403
63,WEAgent0,FEMALE_YOUNG_HIGH_INCOME,128,256.0,0,0.0
63,WEAgent5,YOUNG_HIGH_INCOME,386,773.0,0,0.0
63,WEAgent6,FEMALE_YOUNG_LOW_INCOME,990,1980.0,0,0.0
63,SIAgent7,FEMALE_OLD,1404,2808.0,0,0.0
63,WEAgent3,FEMALE_YOUNG_HIGH_INCOME,128,256.0,0,0.0
63,WEAgent4,MALE_OLD_HIGH_INCOME,404,808.0,404,808.0
63,SIAgent5,FEMALE_HIGH_INCOME,331,663.0,425,368.0
63,SIAgent6,MALE_YOUNG_HIGH_INCOME,258,517.0,258,516.2193877550983
63,SIAgent3,FEMALE_LOW_INCOME,2190,4381.0,3226,2458.561187214604
63,SIAgent4,MALE_OLD_LOW_INCOME,897,1795.0,886,1772.9877369007665
63,SIAgent1,MALE_YOUNG,1176,2353.0,2063,0.0
63,SIAgent2,MALE_OLD_LOW_INCOME,897,1795.0,889,1778.9910813823717
63,SIAgent0,FEMALE_OLD_HIGH_INCOME,203,407.0,203,406.61329305136167
64,WEAgent1,MALE_OLD_HIGH_INCOME,404,808.0,0,0.0
64,WEAgent2,FEMALE_OLD_LOW_INCOME,1200,2401.0,0,0.0
64,WEAgent0,OLD_HIGH_INCOME,607,1215.0,0,0.0
64,WEAgent5,OLD_HIGH_INCOME,607,1215.0,0,0.0
64,WEAgent6,MALE_OLD,1301,2603.0,0,0.0
64,SIAgent7,MALE_OLD_LOW_INCOME,897,1795.0,600,1200.6688963210752
64,WEAgent3,FEMALE_OLD_LOW_INCOME,1200,2401.0,0,0.0
64,WEAgent4,OLD_LOW_INCOME,2098,4196.0,1239,2478.0
64,SIAgent5,FEMALE_OLD,1404,2808.0,1611,2416.0
64,SIAgent6,MALE_OLD,1301,2603.0,431,862.331283627987
64,SIAgent3,FEMALE_YOUNG,1118,2236.0,1258,2024.0
64,SIAgent4,MALE_OLD,1301,2603.0,372,744.2859338970077
64,SIAgent1,MALE_OLD_LOW_INCOME,897,1795.0,570,1140.6354515050236
64,SIAgent2,FEMALE_YOUNG_LOW_INCOME,990,1980.0,955,1910.0
64,SIAgent0,MALE_OLD_LOW_INCOME,897,1795.0,587,1174.6544035674528
65,WEAgent1,FEMALE_OLD,1404,2808.0,0,0.0
65,WEAgent2,YOUNG_LOW_INCOME,1908,3816.0,696,1392.0
65,WEAgent0,FEMALE_OLD,1404,2808.0,0,0.0
65,WEAgent5,MALE_HIGH_INCOME,662,1325.0,497,788.0
65,WEAgent6,OLD_HIGH_INCOME,607,1215.0,388,776.0
65,SIAgent7,MALE_YOUNG,1176,2353.0,1176,2352.0
65,WEAgent3,FEMALE_YOUNG_HIGH_INCOME,128,256.0,24,48.0
65,WEAgent4,MALE_LOW_INCOME,1815,3631.0,0,0.0
65,SIAgent5,FEMALE_YOUNG_HIGH_INCOME,128,256.0,12,24.0
65,SIAgent6,YOUNG_LOW_INCOME,1908,3816.0,1338,1296.0
65,SIAgent3,OLD_LOW_INCOME,2098,4196.0,4180,0.0
65,SIAgent4,MALE_YOUNG_HIGH_INCOME,258,517.0,258,516.6683937823831
65,SIAgent1,YOUNG_HIGH_INCOME,386,773.0,386,772.060374149658
65,SIAgent2,FEMALE_YOUNG_LOW_INCOME,990,1980.0,650,1300.0
65,SIAgent0,FEMALE_YOUNG_HIGH_INCOME,128,256.0,24,48.0
66,WEAgent1,OLD_LOW_INCOME,2098,4196.0,0,0.0
66,WEAgent2,MALE_YOUNG_HIGH_INCOME,258,517.0,240,480.9302325581394
66,WEAgent0,FEMALE_OLD,1404,2808.0,0,0.0
66,WEAgent5,FEMALE_HIGH_INCOME,331,663.0,0,0.0
66,WEAgent6,FEMALE_OLD,1404,2808.0,0,0.0
66,SIAgent7,OLD_HIGH_INCOME,607,1215.0,607,1214.4258262874862
66,WEAgent3,YOUNG_HIGH_INCOME,386,773.0,343,686.9224806201548
66,WEAgent4,OLD_LOW_INCOME,2098,4196.0,0,0.0
66,SIAgent5,FEMALE_OLD,1404,2808.0,152,0.0
66,SIAgent6,FEMALE_HIGH_INCOME,331,663.0,331,662.5845274127455
66,SIAgent3,MALE_OLD_LOW_INCOME,897,1795.0,897,1794.6894696387726
66,SIAgent4,MALE_OLD,1301,2603.0,1207,0.0
66,SIAgent1,FEMALE_OLD_LOW_INCOME,1200,2401.0,1200,2400.547945205472
66,SIAgent2,FEMALE_LOW_INCOME,2190,4381.0,3211,2494.0
66,SIAgent0,FEMALE_YOUNG_HIGH_INCOME,128,256.0,0,0.0
67,WEAgent1,MALE_OLD_HIGH_INCOME,404,808.0,0,0.0
67,WEAgent2,MALE_YOUNG,1176,2353.0,0,0.0
67,WEAgent0,FEMALE_YOUNG_HIGH_INCOME,128,256.0,0,0.0
67,WEAgent5,MALE_OLD_HIGH_INCOME,404,808.0,0,0.0
67,WEAgent6,MALE_HIGH_INCOME,662,1325.0,126,252.0
67,SIAgent7,FEMALE_HIGH_INCOME,331,663.0,331,662.6622649401213
67,WEAgent3,MALE_OLD_LOW_INCOME,897,1795.0,0,0.0
67,WEAgent4,FEMALE_YOUNG,1118,2236.0,1992,0.0
67,SIAgent5,MALE_LOW_INCOME,1815,3631.0,3638,3630.0
67,SIAgent6,YOUNG_HIGH_INCOME,386,773.0,383,544.0
67,SIAgent3,OLD_LOW_INCOME,2098,4196.0,1196,2342.0
67,SIAgent4,MALE_YOUNG_HIGH_INCOME,258,517.0,258,516.6683937823831
67,SIAgent1,OLD_HIGH_INCOME,607,1215.0,607,1214.0
67,SIAgent2,MALE_OLD_HIGH_INCOME,404,808.0,123,246.0
67,SIAgent0,FEMALE_OLD,1404,2808.0,1326,2410.0
68,WEAgent1,MALE_OLD_HIGH_INCOME,404,808.0,0,0.0
68,WEAgent2,MALE_LOW_INCOME,1815,3631.0,1815,3630.0
68,WEAgent0,FEMALE_YOUNG,1118,2236.0,0,0.0
68,WEAgent5,FEMALE_OLD_HIGH_INCOME,203,407.0,445,0.0
68,WEAgent6,FEMALE_LOW_INCOME,2190,4381.0,1502,1650.3767123287619
68,SIAgent7,FEMALE_LOW_INCOME,2190,4381.0,2190,4380.375342465748
68,WEAgent3,YOUNG_HIGH_INCOME,386,773.0,0,0.0
68,WEAgent4,MALE_OLD_LOW_INCOME,897,1795.0,0,0.0
68,SIAgent5,MALE_OLD_LOW_INCOME,897,1795.0,897,1794.6894696387726
68,SIAgent6,YOUNG_LOW_INCOME,1908,3816.0,199,398.0
68,SIAgent3,MALE_OLD_HIGH_INCOME,404,808.0,0,0.0
68,SIAgent4,FEMALE_YOUNG_LOW_INCOME,990,1980.0,210,420.0
68,SIAgent1,YOUNG_LOW_INCOME,1908,3816.0,174,348.0
68,SIAgent2,MALE_HIGH_INCOME,662,1325.0,1048,1324.5088393543635
68,SIAgent0,MALE_OLD,1301,2603.0,1131,398.0
69,WEAgent1,FEMALE_YOUNG_HIGH_INCOME,128,256.0,0,0.0
69,WEAgent2,MALE_OLD_LOW_INCOME,897,1795.0,879,1758.9799331103545
69,WEAgent0,YOUNG_LOW_INCOME,1908,3816.0,702,1404.0
69,WEAgent5,FEMALE_YOUNG,1118,2236.0,0,0.0
69,WEAgent6,OLD_HIGH_INCOME,607,1215.0,149,0.0
69,SIAgent7,MALE_OLD_HIGH_INCOME,404,808.0,0,0.0
69,WEAgent3,FEMALE_YOUNG_LOW_INCOME,990,1980.0,667,1334.0
69,WEAgent4,FEMALE_YOUNG,1118,2236.0,0,0.0
69,SIAgent5,MALE_OLD_LOW_INCOME,897,1795.0,891,1782.9933110367751
69,SIAgent6,OLD_HIGH_INCOME,607,1215.0,607,1214.8247734138877
69,SIAgent3,MALE_HIGH_INCOME,662,1325.0,741,506.0
69,SIAgent4,FEMALE_YOUNG,1118,2236.0,801,1348.0
69,SIAgent1,FEMALE_HIGH_INCOME,331,663.0,331,662.3294892915992
69,SIAgent2,MALE_YOUNG_LOW_INCOME,918,1836.0,41,82.0
69,SIAgent0,MALE_LOW_INCOME,1815,3631.0,1815,3630.0
70,WEAgent1,YOUNG_LOW_INCOME,1908,3816.0,683,1366.0
70,WEAgent2,FEMALE_YOUNG,1118,2236.0,0,0.0
70,WEAgent0,OLD_HIGH_INCOME,607,1215.0,0,0.0
70,WEAgent5,FEMALE_HIGH_INCOME,331,663.0,327,654.9879154078607
70,WEAgent6,MALE_OLD_HIGH_INCOME,404,808.0,0,0.0
70,SIAgent7,MALE_HIGH_INCOME,662,1325.0,627,1254.9471299093525
70,WEAgent3,MALE_OLD,1301,2603.0,0,0.0
70,WEAgent4,MALE_OLD,1301,2603.0,0,0.0
70,SIAgent5,FEMALE_OLD,1404,2808.0,784,1568.0
70,SIAgent6,FEMALE_HIGH_INCOME,331,663.0,319,638.9637462235704
70,SIAgent3,OLD_LOW_INCOME,2098,4196.0,1721,3442.0
70,SIAgent4,OLD_LOW_INCOME,2098,4196.0,1659,3318.0
70,SIAgent1,FEMALE_YOUNG_LOW_INCOME,990,1980.0,673,1346.0
70,SIAgent2,YOUNG_LOW_INCOME,1908,3816.0,2548,1330.0
70,SIAgent0,MALE_HIGH_INCOME,662,1325.0,659,1318.9954682779312
71,WEAgent1,FEMALE_HIGH_INCOME,331,663.0,331,662.0
71,WEAgent2,FEMALE_OLD_LOW_INCOME,1200,2401.0,0,0.0
71,WEAgent0,FEMALE_OLD_LOW_INCOME,1200,2401.0,0,0.0
71,WEAgent5,FEMALE_OLD_LOW_INCOME,1200,2401.0,0,0.0
71,WEAgent6,FEMALE_OLD_HIGH_INCOME,203,407.0,0,0.0
71,SIAgent7,FEMALE_OLD_LOW_INCOME,1200,2401.0,1200,2400.547945205472
71,WEAgent3,FEMALE_LOW_INCOME,2190,4381.0,1591,3182.7264840182547
71,WEAgent4,FEMALE_LOW_INCOME,2190,4381.0,1654,3308.755251141542
71,SIAgent5,MALE_OLD,1301,2603.0,1629,1658.0
71,SIAgent6,YOUNG_HIGH_INCOME,386,773.0,748,520.0
71,SIAgent3,MALE_OLD_LOW_INCOME,897,1795.0,897,1794.6894696387726
71,SIAgent4,YOUNG_LOW_INCOME,1908,3816.0,1855,0.0
71,SIAgent1,FEMALE_YOUNG_HIGH_INCOME,128,256.0,0,0.0
71,SIAgent2,MALE_OLD_HIGH_INCOME,404,808.0,0,0.0
71,SIAgent0,FEMALE_OLD,1404,2808.0,95,0.0
72,WEAgent1,MALE_YOUNG_LOW_INCOME,918,1836.0,0,0.0
72,WEAgent2,MALE_YOUNG_LOW_INCOME,918,1836.0,0,0.0
72,WEAgent0,FEMALE_YOUNG_LOW_INCOME,990,1980.0,1982,0.0
72,WEAgent5,MALE_OLD,1301,2603.0,0,0.0
72,WEAgent6,MALE_YOUNG,1176,2353.0,0,0.0
72,SIAgent7,YOUNG_HIGH_INCOME,386,773.0,549,0.0
72,WEAgent3,MALE_LOW_INCOME,1815,3631.0,0,0.0
72,WEAgent4,MALE_LOW_INCOME,1815,3631.0,0,0.0
72,SIAgent5,FEMALE_OLD_LOW_INCOME,1200,2401.0,1200,2400.0
72,SIAgent6,MALE_YOUNG_LOW_INCOME,918,1836.0,1833,0.0
72,SIAgent3,MALE_YOUNG_HIGH_INCOME,258,517.0,258,516.6683937823831
72,SIAgent4,OLD_LOW_INCOME,2098,4196.0,1234,0.0
72,SIAgent1,MALE_OLD,1301,2603.0,1645,1750.0
72,SIAgent2,FEMALE_OLD_HIGH_INCOME,203,407.0,402,0.0
72,SIAgent0,MALE_OLD_LOW_INCOME,897,1795.0,897,1794.6894696387726
73,WEAgent1,FEMALE_YOUNG_HIGH_INCOME,128,256.0,255,0.0
73,WEAgent2,MALE_HIGH_INCOME,662,1325.0,525,0.0
73,WEAgent0,FEMALE_OLD_LOW_INCOME,1200,2401.0,0,0.0
73,WEAgent5,MALE_YOUNG,1176,2353.0,0,0.0
73,WEAgent6,MALE_YOUNG,1176,2353.0,0,0.0
73,SIAgent7,OLD_HIGH_INCOME,607,1215.0,607,1214.400461183718
73,WEAgent3,FEMALE_YOUNG_LOW_INCOME,990,1980.0,0,0.0
73,WEAgent4,FEMALE_HIGH_INCOME,331,663.0,0,0.0
73,SIAgent5,FEMALE_OLD,1404,2808.0,1310,2402.0
73,SIAgent6,FEMALE_OLD_HIGH_INCOME,203,407.0,203,406.3344316309707
73,SIAgent3,OLD_LOW_INCOME,2098,4196.0,1729,2390.0
73,SIAgent4,MALE_OLD,1301,2603.0,1301,2602.0
73,SIAgent1,YOUNG_LOW_INCOME,1908,3816.0,1904,3738.0
73,SIAgent2,MALE_YOUNG_HIGH_INCOME,258,517.0,258,516.0
73,SIAgent0,YOUNG_LOW_INCOME,1908,3816.0,1908,3816.0
74,WEAgent1,YOUNG_LOW_INCOME,1908,3816.0,0,0.0
74,WEAgent2,OLD_LOW_INCOME,2098,4196.0,2651,4194.957534246562
74,WEAgent0,MALE_HIGH_INCOME,662,1325.0,0,0.0
74,WEAgent5,YOUNG_HIGH_INCOME,386,773.0,0,0.0
74,WEAgent6,OLD_HIGH_INCOME,607,1215.0,0,0.0
74,SIAgent7,FEMALE_LOW_INCOME,2190,4381.0,2190,4380.0
74,WEAgent3,FEMALE_YOUNG_LOW_INCOME,990,1980.0,0,0.0
74,WEAgent4,MALE_HIGH_INCOME,662,1325.0,0,0.0
74,SIAgent5,FEMALE_HIGH_INCOME,331,663.0,331,662.0
74,SIAgent6,FEMALE_YOUNG,1118,2236.0,147,128.0
74,SIAgent3,MALE_OLD_LOW_INCOME,897,1795.0,963,1793.2808140298444
74,SIAgent4,MALE_HIGH_INCOME,662,1325.0,1089,1324.0
74,SIAgent1,FEMALE_OLD,1404,2808.0,302,0.0
74,SIAgent2,FEMALE_YOUNG_HIGH_INCOME,128,256.0,69,138.0
74,SIAgent0,MALE_OLD_HIGH_INCOME,404,808.0,138,0.0
75,WEAgent1,FEMALE_YOUNG_LOW_INCOME,990,1980.0,990,1980.0
75,WEAgent2,MALE_OLD_LOW_INCOME,897,1795.0,0,0.0
75,WEAgent0,FEMALE_OLD_LOW_INCOME,1200,2401.0,794,1588.6616666666646
75,WEAgent5,FEMALE_OLD_HIGH_INCOME,203,407.0,203,406.9999999999988
75,WEAgent6,MALE_YOUNG,1176,2353.0,1192,1860.7908163265552
75,SIAgent7,MALE_OLD_LOW_INCOME,897,1795.0,897,1794.6894696387726
75,WEAgent3,MALE_LOW_INCOME,1815,3631.0,925,1850.7865646258745
75,WEAgent4,FEMALE_YOUNG,1118,2236.0,1268,1964.0
75,SIAgent5,MALE_OLD,1301,2603.0,627,1254.4819369715792
75,SIAgent6,MALE_HIGH_INCOME,662,1325.0,662,1324.5311436257984
75,SIAgent3,FEMALE_OLD_LOW_INCOME,1200,2401.0,805,1610.6708333333306
75,SIAgent4,FEMALE_OLD_LOW_INCOME,1200,2401.0,774,1548.644999999999
75,SIAgent1,MALE_OLD,1301,2603.0,654,1308.5026902382986
75,SIAgent2,FEMALE_OLD_HIGH_INCOME,203,407.0,209,342.84236453201873
75,SIAgent0,MALE_OLD_HIGH_INCOME,404,808.0,0,0.0
76,WEAgent1,MALE_YOUNG_HIGH_INCOME,258,517.0,258,516.6683937823831
76,WEAgent2,OLD_HIGH_INCOME,607,1215.0,0,0.0
76,WEAgent0,FEMALE_OLD_HIGH_INCOME,203,407.0,0,0.0
76,WEAgent5,MALE_HIGH_INCOME,662,1325.0,0,0.0
76,WEAgent6,MALE_OLD,1301,2603.0,856,1712.6579554189395
76,SIAgent7,MALE_YOUNG_LOW_INCOME,918,1836.0,945,1780.0
76,WEAgent3,MALE_LOW_INCOME,1815,3631.0,0,0.0
76,WEAgent4,YOUNG_LOW_INCOME,1908,3816.0,1908,3816.0
76,SIAgent5,YOUNG_HIGH_INCOME,386,773.0,514,322.2432024169198
76,SIAgent6,FEMALE_OLD_LOW_INCOME,1200,2401.0,2447,0.0
76,SIAgent3,FEMALE_OLD_HIGH_INCOME,203,407.0,203,406.9999999999988
76,SIAgent4,MALE_HIGH_INCOME,662,1325.0,662,1324.5088393543635
76,SIAgent1,FEMALE_YOUNG_LOW_INCOME,990,1980.0,955,1754.0
76,SIAgent2,MALE_OLD,1301,2603.0,1038,1794.6894696387726
76,SIAgent0,FEMALE_OLD_HIGH_INCOME,203,407.0,214,406.9999999999988
77,WEAgent1,MALE_OLD,1301,2603.0,0,0.0
77,WEAgent2,MALE_LOW_INCOME,1815,3631.0,0,0.0
77,WEAgent0,FEMALE_OLD_LOW_INCOME,1200,2401.0,0,0.0
77,WEAgent5,MALE_YOUNG,1176,2353.0,0,0.0
77,WEAgent6,FEMALE_YOUNG_LOW_INCOME,990,1980.0,656,1312.0
77,SIAgent7,MALE_OLD_LOW_INCOME,897,1795.0,897,1794.6894696387726
77,WEAgent3,MALE_LOW_INCOME,1815,3631.0,0,0.0
77,WEAgent4,FEMALE_YOUNG_LOW_INCOME,990,1980.0,654,1308.0
77,SIAgent5,MALE_YOUNG_HIGH_INCOME,258,517.0,557,0.0
77,SIAgent6,FEMALE_OLD,1404,2808.0,1588,2324.0
77,SIAgent3,MALE_YOUNG_LOW_INCOME,918,1836.0,1793,0.0
77,SIAgent4,FEMALE_YOUNG,1118,2236.0,802,1604.0
77,SIAgent1,OLD_LOW_INCOME,2098,4196.0,1196,2392.0
77,SIAgent2,FEMALE_YOUNG_HIGH_INCOME,128,256.0,119,238.0
77,SIAgent0,MALE_OLD,1301,2603.0,1738,1964.0
78,WEAgent1,FEMALE_YOUNG_LOW_INCOME,990,1980.0,0,0.0
78,WEAgent2,FEMALE_HIGH_INCOME,331,663.0,0,0.0
78,WEAgent0,MALE_LOW_INCOME,1815,3631.0,0,0.0
78,WEAgent5,FEMALE_HIGH_INCOME,331,663.0,0,0.0
78,WEAgent6,FEMALE_HIGH_INCOME,331,663.0,0,0.0
78,SIAgent7,FEMALE_YOUNG_LOW_INCOME,990,1980.0,990,1980.0
78,WEAgent3,MALE_YOUNG_LOW_INCOME,918,1836.0,0,0.0
78,WEAgent4,FEMALE_OLD_HIGH_INCOME,203,407.0,0,0.0
78,SIAgent5,FEMALE_OLD_HIGH_INCOME,203,407.0,203,406.3344316309707
78,SIAgent6,OLD_HIGH_INCOME,607,1215.0,476,952.7841845140118
78,SIAgent3,OLD_HIGH_INCOME,607,1215.0,484,968.7973640856761
78,SIAgent4,YOUNG_LOW_INCOME,1908,3816.0,1674,3278.0
78,SIAgent1,MALE_YOUNG_LOW_INCOME,918,1836.0,574,1148.0
78,SIAgent2,FEMALE_YOUNG_HIGH_INCOME,128,256.0,268,0.0
78,SIAgent0,MALE_YOUNG_LOW_INCOME,918,1836.0,601,1202.0
79,WEAgent1,MALE_YOUNG_LOW_INCOME,918,1836.0,1805,0.0
79,WEAgent2,FEMALE_OLD_LOW_INCOME,1200,2401.0,0,0.0
79,WEAgent0,FEMALE_HIGH_INCOME,331,663.0,0,0.0
79,WEAgent5,FEMALE_YOUNG_LOW_INCOME,990,1980.0,0,0.0
79,WEAgent6,FEMALE_OLD,1404,2808.0,1403,2806.6406392693975
79,SIAgent7,OLD_HIGH_INCOME,607,1215.0,406,812.6688632619492
79,WEAgent3,MALE_OLD_LOW_INCOME,897,1795.0,0,0.0
79,WEAgent4,YOUNG_HIGH_INCOME,386,773.0,0,0.0
79,SIAgent5,MALE_HIGH_INCOME,662,1325.0,278,556.4199395770411
79,SIAgent6,FEMALE_LOW_INCOME,2190,4381.0,3009,1876.0
79,SIAgent3,MALE_OLD_HIGH_INCOME,404,808.0,0,0.0
79,SIAgent4,OLD_HIGH_INCOME,607,1215.0,448,896.7380560131868
79,SIAgent1,FEMALE_HIGH_INCOME,331,663.0,572,662.5453047775965
79,SIAgent2,OLD_LOW_INCOME,2098,4196.0,1764,0.0
79,SIAgent0,MALE_HIGH_INCOME,662,1325.0,276,552.4169184290049
80,WEAgent1,MALE_YOUNG,1176,2353.0,0,0.0
80,WEAgent2,MALE_OLD,1301,2603.0,1059,1694.9442586398995
80,WEAgent0,FEMALE_OLD_HIGH_INCOME,203,407.0,203,406.3344316309707
80,WEAgent5,MALE_YOUNG_LOW_INCOME,918,1836.0,0,0.0
80,WEAgent6,YOUNG_LOW_INCOME,1908,3816.0,366,732.0
80,SIAgent7,FEMALE_YOUNG_LOW_INCOME,990,1980.0,388,776.0
80,WEAgent3,MALE_YOUNG,1176,2353.0,0,0.0
80,WEAgent4,OLD_HIGH_INCOME,607,1215.0,0,0.0
80,SIAgent5,MALE_OLD_LOW_INCOME,897,1795.0,861,1722.9598662207236
80,SIAgent6,FEMALE_YOUNG,1118,2236.0,529,1058.0
80,SIAgent3,YOUNG_LOW_INCOME,1908,3816.0,490,770.0
80,SIAgent4,FEMALE_YOUNG,1118,2236.0,558,1116.0
80,SIAgent1,FEMALE_OLD_LOW_INCOME,1200,2401.0,2429,0.0
80,SIAgent2,OLD_HIGH_INCOME,607,1215.0,710,1214.3383500557434
80,SIAgent0,MALE_LOW_INCOME,1815,3631.0,1815,3630.0
81,WEAgent1,MALE_YOUNG_HIGH_INCOME,258,517.0,0,0.0
81,WEAgent2,FEMALE_HIGH_INCOME,331,663.0,0,0.0
81,WEAgent0,MALE_YOUNG,1176,2353.0,0,0.0
81,WEAgent5,FEMALE_OLD_HIGH_INCOME,203,407.0,0,0.0
81,WEAgent6,FEMALE_OLD,1404,2808.0,1132,2264.0
81,SIAgent7,MALE_OLD_LOW_INCOME,897,1795.0,852,1652.9208472686635
81,WEAgent3,FEMALE_OLD,1404,2808.0,1557,2282.0
81,WEAgent4,FEMALE_HIGH_INCOME,331,663.0,0,0.0
81,SIAgent5,MALE_OLD_HIGH_INCOME,404,808.0,25,50.0
81,SIAgent6,MALE_HIGH_INCOME,662,1325.0,662,1324.9999999999854
81,SIAgent3,MALE_LOW_INCOME,1815,3631.0,1815,3630.0
81,SIAgent4,YOUNG_LOW_INCOME,1908,3816.0,2079,0.0
81,SIAgent1,MALE_HIGH_INCOME,662,1325.0,664,1324.993957703913
81,SIAgent2,MALE_OLD_HIGH_INCOME,404,808.0,26,52.0
81,SIAgent0,MALE_OLD_LOW_INCOME,897,1795.0,897,1794.9999999999854
82,WEAgent1,MALE_YOUNG_LOW_INCOME,918,1836.0,0,0.0
82,WEAgent2,OLD_LOW_INCOME,2098,4196.0,2384,1204.0
82,WEAgent0,MALE_YOUNG_HIGH_INCOME,258,517.0,258,516.9999999999999
82,WEAgent5,FEMALE_HIGH_INCOME,331,663.0,0,0.0
82,WEAgent6,OLD_HIGH_INCOME,607,1215.0,823,0.0
82,SIAgent7,FEMALE_HIGH_INCOME,331,663.0,331,662.0
82,WEAgent3,MALE_YOUNG,1176,2353.0,0,0.0
82,WEAgent4,MALE_OLD_HIGH_INCOME,404,808.0,0,0.0
82,SIAgent5,YOUNG_LOW_INCOME,1908,3816.0,1236,2472.0
82,SIAgent6,MALE_YOUNG_HIGH_INCOME,258,517.0,266,468.9069767441859
82,SIAgent3,YOUNG_LOW_INCOME,1908,3816.0,1237,2474.0
82,SIAgent4,FEMALE_OLD_LOW_INCOME,1200,2401.0,1200,2400.0
82,SIAgent1,FEMALE_OLD,1404,2808.0,870,1384.0
82,SIAgent2,YOUNG_LOW_INCOME,1908,3816.0,1284,2568.0
82,SIAgent0,FEMALE_YOUNG_HIGH_INCOME,128,256.0,111,0.0
83,WEAgent1,YOUNG_LOW_INCOME,1908,3816.0,0,0.0
83,WEAgent2,FEMALE_LOW_INCOME,2190,4381.0,2185,4370.997716894964
83,WEAgent0,FEMALE_HIGH_INCOME,331,663.0,212,424.6404833836882
83,WEAgent5,FEMALE_OLD,1404,2808.0,0,0.0
83,WEAgent6,FEMALE_OLD,1404,2808.0,0,0.0
83,SIAgent7,FEMALE_OLD_HIGH_INCOME,203,407.0,203,406.61329305136167
83,WEAgent3,FEMALE_YOUNG_LOW_INCOME,990,1980.0,0,0.0
83,WEAgent4,MALE_LOW_INCOME,1815,3631.0,1451,1930.0
83,SIAgent5,FEMALE_YOUNG_LOW_INCOME,990,1980.0,0,0.0
83,SIAgent6,FEMALE_LOW_INCOME,2190,4381.0,2156,4312.984474885831
83,SIAgent3,FEMALE_OLD,1404,2808.0,0,0.0
83,SIAgent4,MALE_YOUNG_LOW_INCOME,918,1836.0,887,1774.0
83,SIAgent1,FEMALE_HIGH_INCOME,331,663.0,224,448.6767371601236
83,SIAgent2,MALE_OLD,1301,2603.0,1925,2602.0
83,SIAgent0,FEMALE_YOUNG_LOW_INCOME,990,1980.0,0,0.0
84,WEAgent1,FEMALE_LOW_INCOME,2190,4381.0,1507,2777.0190571715048
84,WEAgent2,FEMALE_OLD,1404,2808.0,997,2807.9999999999886
84,WEAgent0,YOUNG_HIGH_INCOME,386,773.0,0,0.0
84,WEAgent5,MALE_OLD_HIGH_INCOME,404,808.0,404,808.0
84,WEAgent6,FEMALE_OLD_LOW_INCOME,1200,2401.0,0,0.0
84,SIAgent7,YOUNG_LOW_INCOME,1908,3816.0,1993,3814.426492102642
84,WEAgent3,MALE_OLD_HIGH_INCOME,404,808.0,0,0.0
84,WEAgent4,YOUNG_HIGH_INCOME,386,773.0,0,0.0
84,SIAgent5,MALE_YOUNG,1176,2353.0,1120,2240.9523809524
84,SIAgent6,MALE_YOUNG,1176,2353.0,1115,2230.9481292517203
84,SIAgent3,MALE_OLD_HIGH_INCOME,404,808.0,393,704.0
84,SIAgent4,FEMALE_YOUNG_HIGH_INCOME,128,256.0,235,0.0
84,SIAgent1,FEMALE_OLD_HIGH_INCOME,203,407.0,203,406.9999999999988
84,SIAgent2,FEMALE_OLD_HIGH_INCOME,203,407.0,215,396.9753694581269
84,SIAgent0,MALE_OLD_LOW_INCOME,897,1795.0,1818,0.0
85,WEAgent1,FEMALE_YOUNG,1118,2236.0,0,0.0
85,WEAgent2,YOUNG_HIGH_INCOME,386,773.0,0,0.0
85,WEAgent0,FEMALE_YOUNG_LOW_INCOME,990,1980.0,0,0.0
85,WEAgent5,YOUNG_LOW_INCOME,1908,3816.0,0,0.0
85,WEAgent6,MALE_OLD_LOW_INCOME,897,1795.0,897,1794.9999999999854
85,SIAgent7,MALE_YOUNG,1176,2353.0,1160,2320.9863945578363
85,WEAgent3,FEMALE_LOW_INCOME,2190,4381.0,2190,4380.684166666733
85,WEAgent4,MALE_OLD_LOW_INCOME,897,1795.0,917,1734.966555183934
85,SIAgent5,MALE_OLD_HIGH_INCOME,404,808.0,0,0.0
85,SIAgent6,OLD_HIGH_INCOME,607,1215.0,606,1212.9983525535565
85,SIAgent3,OLD_HIGH_INCOME,607,1215.0,595,1170.9126853377386
85,SIAgent4,FEMALE_OLD_LOW_INCOME,1200,2401.0,1579,1660.6916666666625
85,SIAgent1,MALE_YOUNG,1176,2353.0,1158,2316.9846938775645
85,SIAgent2,YOUNG_LOW_INCOME,1908,3816.0,630,0.0
85,SIAgent0,MALE_YOUNG_LOW_INCOME,918,1836.0,0,0.0
86,WEAgent1,MALE_YOUNG_LOW_INCOME,918,1836.0,0,0.0
86,WEAgent2,YOUNG_LOW_INCOME,1908,3816.0,580,1160.0
86,WEAgent0,FEMALE_YOUNG,1118,2236.0,0,0.0
86,WEAgent5,YOUNG_LOW_INCOME,1908,3816.0,0,0.0
86,WEAgent6,MALE_YOUNG_HIGH_INCOME,258,517.0,0,0.0
86,SIAgent7,FEMALE_HIGH_INCOME,331,663.0,232,464.70090634441385
86,WEAgent3,FEMALE_YOUNG,1118,2236.0,0,0.0
86,WEAgent4,MALE_OLD_LOW_INCOME,897,1795.0,1827,0.0
86,SIAgent5,FEMALE_HIGH_INCOME,331,663.0,232,464.70090634441385
86,SIAgent6,MALE_HIGH_INCOME,662,1325.0,740,1324.0
86,SIAgent3,FEMALE_YOUNG,1118,2236.0,650,1300.0
86,SIAgent4,YOUNG_HIGH_INCOME,386,773.0,386,772.5830815709942
86,SIAgent1,FEMALE_HIGH_INCOME,331,663.0,224,448.6767371601236
86,SIAgent2,YOUNG_LOW_INCOME,1908,3816.0,2505,1306.0
86,SIAgent0,MALE_OLD_HIGH_INCOME,404,808.0,96,0.0
87,WEAgent1,OLD_LOW_INCOME,2098,4196.0,842,1684.0
87,WEAgent2,MALE_HIGH_INCOME,662,1325.0,463,780.0
87,WEAgent0,FEMALE_OLD_HIGH_INCOME,203,407.0,141,282.6945812807874
87,WEAgent5,OLD_LOW_INCOME,2098,4196.0,840,1680.0
87,WEAgent6,FEMALE_OLD,1404,2808.0,0,0.0
87,SIAgent7,MALE_YOUNG_HIGH_INCOME,258,517.0,258,516.6683937823831
87,WEAgent3,FEMALE_OLD_HIGH_INCOME,203,407.0,112,224.55172413793048
87,WEAgent4,FEMALE_YOUNG_LOW_INCOME,990,1980.0,990,1980.0
87,SIAgent5,MALE_OLD_LOW_INCOME,897,1795.0,897,1794.0
87,SIAgent6,FEMALE_OLD_HIGH_INCOME,203,407.0,136,272.66995073891553
87,SIAgent3,YOUNG_LOW_INCOME,1908,3816.0,2822,1942.0
87,SIAgent4,OLD_LOW_INCOME,2098,4196.0,1679,1654.0
87,SIAgent1,YOUNG_HIGH_INCOME,386,773.0,386,772.0
87,SIAgent2,MALE_OLD_HIGH_INCOME,404,808.0,397,794.0
87,SIAgent0,FEMALE_YOUNG_HIGH_INCOME,128,256.0,37,0.0
88,WEAgent1,MALE_YOUNG_LOW_INCOME,918,1836.0,0,0.0
88,WEAgent2,FEMALE_OLD_HIGH_INCOME,203,407.0,203,406.9999999999988
88,WEAgent0,MALE_YOUNG_LOW_INCOME,918,1836.0,893,1786.0
88,WEAgent5,MALE_YOUNG,1176,2353.0,903,1806.0
88,WEAgent6,FEMALE_OLD_LOW_INCOME,1200,2401.0,1200,2400.0
88,SIAgent7,MALE_OLD_HIGH_INCOME,404,808.0,149,298.0
88,WEAgent3,MALE_YOUNG_LOW_INCOME,918,1836.0,0,0.0
88,WEAgent4,MALE_OLD,1301,2603.0,0,0.0
88,SIAgent5,FEMALE_OLD_HIGH_INCOME,203,407.0,199,362.8916256157625
88,SIAgent6,YOUNG_HIGH_INCOME,386,773.0,378,756.9792746113984
88,SIAgent3,YOUNG_HIGH_INCOME,386,773.0,374,748.9689119170979
88,SIAgent4,MALE_OLD_HIGH_INCOME,404,808.0,161,322.0
88,SIAgent1,MALE_OLD_HIGH_INCOME,404,808.0,131,262.0
88,SIAgent2,MALE_OLD,1301,2603.0,1301,2602.0
88,SIAgent0,OLD_LOW_INCOME,2098,4196.0,2121,0.0
89,WEAgent1,FEMALE_OLD,1404,2808.0,1320,2807.9999999999886
89,WEAgent2,MALE_YOUNG_LOW_INCOME,918,1836.0,0,0.0
89,WEAgent0,YOUNG_HIGH_INCOME,386,773.0,0,0.0
89,WEAgent5,YOUNG_HIGH_INCOME,386,773.0,0,0.0
89,WEAgent6,FEMALE_HIGH_INCOME,331,663.0,0,0.0
89,SIAgent7,MALE_HIGH_INCOME,662,1325.0,437,874.6601208459165
89,WEAgent3,MALE_OLD,1301,2603.0,0,0.0
89,WEAgent4,OLD_LOW_INCOME,2098,4196.0,3146,2408.0641925777422
89,SIAgent5,FEMALE_YOUNG_HIGH_INCOME,128,256.0,37,0.0
89,SIAgent6,YOUNG_LOW_INCOME,1908,3816.0,2324,642.0
89,SIAgent3,MALE_YOUNG_HIGH_INCOME,258,517.0,258,516.6683937823831
89,SIAgent4,MALE_YOUNG,1176,2353.0,1176,2352.0
89,SIAgent1,MALE_YOUNG_LOW_INCOME,918,1836.0,356,712.0
89,SIAgent2,MALE_HIGH_INCOME,662,1325.0,449,898.6782477341335
89,SIAgent0,YOUNG_HIGH_INCOME,386,773.0,386,772.2779456193331
90,WEAgent1,MALE_LOW_INCOME,1815,3631.0,941,1882.518457300302
90,WEAgent2,FEMALE_HIGH_INCOME,331,663.0,324,648.8972809667722
90,WEAgent0,MALE_LOW_INCOME,1815,3631.0,887,1774.4887052341842
90,WEAgent5,MALE_HIGH_INCOME,662,1325.0,1087,1324.5088393543635
90,WEAgent6,YOUNG_LOW_INCOME,1908,3816.0,0,0.0
90,SIAgent7,MALE_OLD,1301,2603.0,1978,0.0
90,WEAgent3,MALE_YOUNG,1176,2353.0,0,0.0
90,WEAgent4,MALE_YOUNG,1176,2353.0,0,0.0
90,SIAgent5,FEMALE_LOW_INCOME,2190,4381.0,2190,4380.999999999986
90,SIAgent6,FEMALE_OLD,1404,2808.0,0,0.0
90,SIAgent3,FEMALE_OLD,1404,2808.0,0,0.0
90,SIAgent4,FEMALE_YOUNG,1118,2236.0,0,0.0
90,SIAgent1,FEMALE_YOUNG_LOW_INCOME,990,1980.0,0,0.0
90,SIAgent2,FEMALE_HIGH_INCOME,331,663.0,330,660.9969788519695
90,SIAgent0,FEMALE_LOW_INCOME,2190,4381.0,2188,4376.950228310489
91,WEAgent1,OLD_HIGH_INCOME,607,1215.0,606,1212.9983525535565
91,WEAgent2,MALE_LOW_INCOME,1815,3631.0,1078,480.0
91,WEAgent0,MALE_YOUNG_LOW_INCOME,918,1836.0,0,0.0
91,WEAgent5,OLD_HIGH_INCOME,607,1215.0,0,0.0
91,WEAgent6,FEMALE_HIGH_INCOME,331,663.0,0,0.0
91,SIAgent7,MALE_YOUNG,1176,2353.0,1176,2352.0
91,WEAgent3,MALE_OLD_HIGH_INCOME,404,808.0,0,0.0
91,WEAgent4,OLD_HIGH_INCOME,607,1215.0,591,1166.9390444810672
91,SIAgent5,MALE_YOUNG_LOW_INCOME,918,1836.0,225,450.0
91,SIAgent6,MALE_OLD_HIGH_INCOME,404,808.0,0,0.0
91,SIAgent3,MALE_OLD_LOW_INCOME,897,1795.0,897,1794.0
91,SIAgent4,YOUNG_LOW_INCOME,1908,3816.0,225,450.0
91,SIAgent1,MALE_YOUNG_HIGH_INCOME,258,517.0,258,516.6683937823831
91,SIAgent2,YOUNG_HIGH_INCOME,386,773.0,535,132.05612244897958
91,SIAgent0,FEMALE_LOW_INCOME,2190,4381.0,4409,3990.0
92,WEAgent1,FEMALE_OLD,1404,2808.0,0,0.0
92,WEAgent2,OLD_LOW_INCOME,2098,4196.0,803,1606.0
92,WEAgent0,FEMALE_YOUNG_LOW_INCOME,990,1980.0,0,0.0
92,WEAgent5,OLD_LOW_INCOME,2098,4196.0,803,1606.0
92,WEAgent6,YOUNG_LOW_INCOME,1908,3816.0,651,1302.0
92,SIAgent7,YOUNG_LOW_INCOME,1908,3816.0,701,1402.0
92,WEAgent3,MALE_OLD_LOW_INCOME,897,1795.0,0,0.0
92,WEAgent4,FEMALE_YOUNG,1118,2236.0,0,0.0
92,SIAgent5,MALE_YOUNG,1176,2353.0,1529,2352.6479338843337
92,SIAgent6,FEMALE_YOUNG_HIGH_INCOME,128,256.0,85,170.0
92,SIAgent3,FEMALE_YOUNG,1118,2236.0,748,1496.0
92,SIAgent4,MALE_LOW_INCOME,1815,3631.0,1031,1178.0
92,SIAgent1,FEMALE_YOUNG_HIGH_INCOME,128,256.0,88,176.0
92,SIAgent2,FEMALE_OLD,1404,2808.0,1243,1662.0
92,SIAgent0,MALE_OLD,1301,2603.0,1972,2602.716804407755
93,WEAgent1,MALE_OLD_HIGH_INCOME,404,808.0,0,0.0
93,WEAgent2,FEMALE_LOW_INCOME,2190,4381.0,0,0.0
93,WEAgent0,MALE_OLD,1301,2603.0,0,0.0
93,WEAgent5,MALE_OLD,1301,2603.0,0,0.0
93,WEAgent6,OLD_HIGH_INCOME,607,1215.0,0,0.0
93,SIAgent7,FEMALE_LOW_INCOME,2190,4381.0,1523,3046.6954337899447
93,WEAgent3,MALE_OLD,1301,2603.0,889,1778.6833205227076
93,WEAgent4,YOUNG_LOW_INCOME,1908,3816.0,0,0.0
93,SIAgent5,FEMALE_YOUNG_HIGH_INCOME,128,256.0,250,0.0
93,SIAgent6,MALE_OLD,1301,2603.0,1329,1794.6894696387726
93,SIAgent3,FEMALE_OLD_LOW_INCOME,1200,2401.0,1200,2400.547945205472
93,SIAgent4,MALE_HIGH_INCOME,662,1325.0,662,1324.528120702561
93,SIAgent1,MALE_YOUNG,1176,2353.0,2163,0.0
93,SIAgent2,FEMALE_YOUNG_LOW_INCOME,990,1980.0,0,0.0
93,SIAgent0,FEMALE_LOW_INCOME,2190,4381.0,1607,3214.7337899543277
94,WEAgent1,MALE_OLD_HIGH_INCOME,404,808.0,0,0.0
94,WEAgent2,OLD_LOW_INCOME,2098,4196.0,0,0.0
94,WEAgent0,YOUNG_HIGH_INCOME,386,773.0,229,0.0
94,WEAgent5,MALE_YOUNG_HIGH_INCOME,258,517.0,0,0.0
94,WEAgent6,YOUNG_LOW_INCOME,1908,3816.0,968,1936.0
94,SIAgent7,MALE_LOW_INCOME,1815,3631.0,1294,2588.712947658443
94,WEAgent3,FEMALE_OLD,1404,2808.0,0,0.0
94,WEAgent4,FEMALE_YOUNG,1118,2236.0,1050,2100.0
94,SIAgent5,FEMALE_OLD_LOW_INCOME,1200,2401.0,1167,2334.972500000009
94,SIAgent6,YOUNG_HIGH_INCOME,386,773.0,386,772.2270408163215
94,SIAgent3,FEMALE_YOUNG_HIGH_INCOME,128,256.0,68,136.0
94,SIAgent4,MALE_LOW_INCOME,1815,3631.0,1281,2562.7057851240074
94,SIAgent1,MALE_YOUNG,1176,2353.0,1176,2352.6148760330916
94,SIAgent2,FEMALE_OLD_LOW_INCOME,1200,2401.0,1198,2396.9983333333475
94,SIAgent0,OLD_HIGH_INCOME,607,1215.0,1183,692.0
95,WEAgent1,MALE_YOUNG_HIGH_INCOME,258,517.0,0,0.0
95,WEAgent2,FEMALE_YOUNG_LOW_INCOME,990,1980.0,990,1980.0
95,WEAgent0,MALE_YOUNG_HIGH_INCOME,258,517.0,0,0.0
95,WEAgent5,MALE_OLD_HIGH_INCOME,404,808.0,404,0.0
95,WEAgent6,OLD_LOW_INCOME,2098,4196.0,436,790.0
95,SIAgent7,FEMALE_OLD_LOW_INCOME,1200,2401.0,1200,2400.0
95,WEAgent3,MALE_YOUNG_LOW_INCOME,918,1836.0,0,0.0
95,WEAgent4,FEMALE_YOUNG,1118,2236.0,1073,2084.0
95,SIAgent5,MALE_LOW_INCOME,1815,3631.0,2399,3630.0
95,SIAgent6,FEMALE_YOUNG_HIGH_INCOME,128,256.0,64,128.0
95,SIAgent3,FEMALE_OLD,1404,2808.0,491,982.0
95,SIAgent4,MALE_HIGH_INCOME,662,1325.0,662,1324.2142857142858
95,SIAgent1,FEMALE_OLD,1404,2808.0,476,952.0
95,SIAgent2,MALE_YOUNG,1176,2353.0,1261,2352.6479338843337
95,SIAgent0,FEMALE_HIGH_INCOME,331,663.0,331,662.0
96,WEAgent1,OLD_LOW_INCOME,2098,4196.0,0,0.0
96,WEAgent2,FEMALE_HIGH_INCOME,331,663.0,270,310.4614094377286
96,WEAgent0,OLD_LOW_INCOME,2098,4196.0,0,0.0
96,WEAgent5,FEMALE_HIGH_INCOME,331,663.0,331,662.9276802905338
96,WEAgent6,FEMALE_YOUNG_LOW_INCOME,990,1980.0,0,0.0
96,SIAgent7,YOUNG_HIGH_INCOME,386,773.0,386,772.5694864048314
96,WEAgent3,OLD_LOW_INCOME,2098,4196.0,0,0.0
96,WEAgent4,FEMALE_LOW_INCOME,2190,4381.0,2386,0.0
96,SIAgent5,OLD_HIGH_INCOME,607,1215.0,607,1214.9169184289908
96,SIAgent6,FEMALE_YOUNG_HIGH_INCOME,128,256.0,71,0.0
96,SIAgent3,MALE_OLD_HIGH_INCOME,404,808.0,0,0.0
96,SIAgent4,MALE_HIGH_INCOME,662,1325.0,193,386.29154078550033
96,SIAgent1,FEMALE_YOUNG_LOW_INCOME,990,1980.0,1979,1472.1373087308439
96,SIAgent2,MALE_OLD_LOW_INCOME,897,1795.0,1764,0.0
96,SIAgent0,MALE_HIGH_INCOME,662,1325.0,192,384.2900302114822
97,WEAgent1,MALE_HIGH_INCOME,662,1325.0,653,1275.750000000005
97,WEAgent2,MALE_OLD,1301,2603.0,0,0.0
97,WEAgent0,OLD_LOW_INCOME,2098,4196.0,2363,0.0
97,WEAgent5,OLD_HIGH_INCOME,607,1215.0,383,1208.9250000000045
97,WEAgent6,MALE_OLD_LOW_INCOME,897,1795.0,0,0.0
97,SIAgent7,MALE_LOW_INCOME,1815,3631.0,858,1716.0
97,WEAgent3,FEMALE_HIGH_INCOME,331,663.0,0,0.0
97,WEAgent4,YOUNG_HIGH_INCOME,386,773.0,0,0.0
97,SIAgent5,FEMALE_YOUNG,1118,2236.0,1082,2164.0
97,SIAgent6,MALE_OLD_LOW_INCOME,897,1795.0,897,1794.4942148760579
97,SIAgent3,MALE_YOUNG_HIGH_INCOME,258,517.0,258,516.2193877550983
97,SIAgent4,MALE_YOUNG,1176,2353.0,1060,2120.901360544245
97,SIAgent1,MALE_YOUNG,1176,2353.0,1059,2118.900510204109
97,SIAgent2,FEMALE_YOUNG,1118,2236.0,1113,2226.0
97,SIAgent0,FEMALE_YOUNG_HIGH_INCOME,128,256.0,87,174.0
98,WEAgent1,MALE_YOUNG_HIGH_INCOME,258,517.0,0,0.0
98,WEAgent2,FEMALE_YOUNG,1118,2236.0,0,0.0
98,WEAgent0,OLD_HIGH_INCOME,607,1215.0,402,804.6622734761171
98,WEAgent5,MALE_OLD,1301,2603.0,0,0.0
98,WEAgent6,FEMALE_LOW_INCOME,2190,4381.0,3227,2505.0433333333567
98,SIAgent7,FEMALE_YOUNG_HIGH_INCOME,128,256.0,127,0.0
98,WEAgent3,MALE_YOUNG_HIGH_INCOME,258,517.0,0,0.0
98,WEAgent4,FEMALE_OLD_LOW_INCOME,1200,2401.0,1199,2398.999166666681
98,SIAgent5,MALE_YOUNG,1176,2353.0,1276,2352.0
98,SIAgent6,MALE_OLD_LOW_INCOME,897,1795.0,897,1794.6894696387726
98,SIAgent3,OLD_HIGH_INCOME,607,1215.0,822,806.6639209225751
98,SIAgent4,YOUNG_HIGH_INCOME,386,773.0,386,772.2040816326485
98,SIAgent1,MALE_YOUNG_LOW_INCOME,918,1836.0,656,0.0
98,SIAgent2,OLD_LOW_INCOME,2098,4196.0,0,0.0
98,SIAgent0,MALE_OLD,1301,2603.0,824,1648.0
99,WEAgent1,MALE_HIGH_INCOME,662,1325.0,1328,0.0
99,WEAgent2,MALE_YOUNG_LOW_INCOME,918,1836.0,0,0.0
99,WEAgent0,FEMALE_LOW_INCOME,2190,4381.0,2190,4380.377625570771
99,WEAgent5,YOUNG_HIGH_INCOME,386,773.0,0,0.0
99,WEAgent6,YOUNG_HIGH_INCOME,386,773.0,0,0.0
99,SIAgent7,FEMALE_HIGH_INCOME,331,663.0,531,662.0
99,WEAgent3,OLD_LOW_INCOME,2098,4196.0,1635,3270.387671232871
99,WEAgent4,YOUNG_LOW_INCOME,1908,3816.0,0,0.0
99,SIAgent5,MALE_OLD_LOW_INCOME,897,1795.0,603,1206.6722408026803
99,SIAgent6,MALE_YOUNG_LOW_INCOME,918,1836.0,0,0.0
99,SIAgent3,MALE_OLD_LOW_INCOME,897,1795.0,576,1152.642140468234
99,SIAgent4,MALE_LOW_INCOME,1815,3631.0,1805,3610.0
99,SIAgent1,FEMALE_OLD,1404,2808.0,79,0.0
99,SIAgent2,MALE_OLD_LOW_INCOME,897,1795.0,609,1218.6789297658906
99,SIAgent0,YOUNG_LOW_INCOME,1908,3816.0,604,0.0

