0,SIAgent7,MALE_YOUNG_HIGH_INCOME,49,517.0,525,0.0
0,SIAgent8,MALE_OLD,250,2603.0,270,2601.0028653295185
0,SIAgent5,FEMALE_YOUNG,215,2236.0,2213,0.0
0,SIAgent6,MALE_OLD_LOW_INCOME,172,1795.0,172,1790.8640000000037
0,SIAgent3,MALE_OLD_HIGH_INCOME,77,808.0,77,806.4513766233779
0,SIAgent4,MALE_YOUNG_LOW_INCOME,176,1836.0,176,1831.106017191981
0,SIAgent1,MALE_OLD_HIGH_INCOME,77,808.0,76,797.5064935064945
0,SIAgent2,FEMALE_HIGH_INCOME,63,663.0,169,655.1999999999992
0,SIAgent0,MALE_LOW_INCOME,349,3631.0,1440,3620.59598853869
0,WFAgent0,MALE_YOUNG,226,2353.0,0,0.0
0,WFAgent1,FEMALE_LOW_INCOME,421,4381.0,2364,0.0
0,WFAgent2,FEMALE_OLD,270,2808.0,308,0.0
0,WFAgent3,OLD_LOW_INCOME,403,4196.0,952,3911.9083094555963
1,SIAgent7,MALE_OLD_HIGH_INCOME,77,808.0,77,801.7240000000005
1,SIAgent8,MALE_YOUNG_LOW_INCOME,176,1836.0,1758,0.0
1,SIAgent5,FEMALE_YOUNG_HIGH_INCOME,24,256.0,260,234.66666666666657
1,SIAgent6,OLD_LOW_INCOME,403,4196.0,403,4195.999999999968
1,SIAgent3,MALE_YOUNG_HIGH_INCOME,49,517.0,571,0.0
1,SIAgent4,FEMALE_YOUNG_HIGH_INCOME,24,256.0,24,255.9999999999999
1,SIAgent1,OLD_LOW_INCOME,403,4196.0,403,4195.999999999968
1,SIAgent2,OLD_LOW_INCOME,403,4196.0,412,4195.999999999968
1,SIAgent0,FEMALE_YOUNG_LOW_INCOME,190,1980.0,1971,0.0
1,WFAgent0,FEMALE_HIGH_INCOME,63,663.0,403,0.0
1,WFAgent1,MALE_OLD_HIGH_INCOME,77,808.0,733,0.0
1,WFAgent2,FEMALE_OLD_LOW_INCOME,230,2401.0,1774,2144.8535980148913
1,WFAgent3,MALE_OLD,250,2603.0,0,0.0
2,SIAgent7,FEMALE_HIGH_INCOME,63,663.0,73,657.4615384615392
2,SIAgent8,FEMALE_YOUNG_HIGH_INCOME,24,256.0,24,252.5714285714285
2,SIAgent5,MALE_OLD,250,2603.0,250,2602.999999999994
2,SIAgent6,MALE_YOUNG_HIGH_INCOME,49,517.0,480,506.44897959183635
2,SIAgent3,OLD_LOW_INCOME,403,4196.0,698,4191.200000000022
2,SIAgent4,FEMALE_YOUNG_LOW_INCOME,190,1980.0,1794,1719.473684210528
2,SIAgent1,FEMALE_OLD,270,2808.0,1841,0.0
2,SIAgent2,MALE_OLD,250,2603.0,264,2602.99696277915
2,SIAgent0,FEMALE_OLD_HIGH_INCOME,39,407.0,39,405.59999999999974
2,WFAgent0,FEMALE_YOUNG_LOW_INCOME,190,1980.0,189,1969.578947368423
2,WFAgent1,MALE_YOUNG_HIGH_INCOME,49,517.0,49,516.9999999999997
2,WFAgent2,FEMALE_OLD_LOW_INCOME,230,2401.0,230,2400.510044233458
2,WFAgent3,FEMALE_OLD_LOW_INCOME,230,2401.0,230,2400.999999999998
3,SIAgent7,YOUNG_HIGH_INCOME,74,773.0,74,772.9999999999995
3,SIAgent8,YOUNG_LOW_INCOME,366,3816.0,768,3810.61061946902
3,SIAgent5,YOUNG_HIGH_INCOME,74,773.0,75,772.5178187036588
3,SIAgent6,MALE_YOUNG,226,2353.0,1777,0.0
3,SIAgent3,FEMALE_HIGH_INCOME,63,663.0,196,658.0945945945942
3,SIAgent4,MALE_OLD_HIGH_INCOME,77,808.0,76,797.5064935064945
3,SIAgent1,MALE_OLD_HIGH_INCOME,77,808.0,639,682.0779220779228
3,SIAgent2,MALE_YOUNG_HIGH_INCOME,49,517.0,49,511.85135135135107
3,SIAgent0,MALE_OLD_HIGH_INCOME,77,808.0,76,797.5064935064945
3,WFAgent0,FEMALE_YOUNG_LOW_INCOME,190,1980.0,1579,0.0
3,WFAgent1,MALE_OLD,250,2603.0,1807,0.0
3,WFAgent2,FEMALE_OLD_LOW_INCOME,230,2401.0,2450,0.0
3,WFAgent3,FEMALE_HIGH_INCOME,63,663.0,258,0.0
4,SIAgent7,FEMALE_HIGH_INCOME,63,663.0,111,659.6412466843504
4,SIAgent8,OLD_LOW_INCOME,403,4196.0,676,4193.6888361045
4,SIAgent5,OLD_HIGH_INCOME,116,1215.0,116,1207.7920000000017
4,SIAgent6,FEMALE_OLD_HIGH_INCOME,39,407.0,326,0.0
4,SIAgent3,FEMALE_OLD_LOW_INCOME,230,2401.0,230,2400.999999999998
4,SIAgent4,YOUNG_LOW_INCOME,366,3816.0,366,3810.806082317653
4,SIAgent1,MALE_OLD,250,2603.0,300,2602.994640198505
4,SIAgent2,FEMALE_LOW_INCOME,421,4381.0,3209,0.0
4,SIAgent0,FEMALE_OLD_LOW_INCOME,230,2401.0,230,2400.918340705575
4,WFAgent0,FEMALE_OLD,270,2808.0,0,0.0
4,WFAgent1,MALE_HIGH_INCOME,127,1325.0,502,0.0
4,WFAgent2,MALE_OLD_LOW_INCOME,172,1795.0,172,1790.8640000000037
4,WFAgent3,YOUNG_LOW_INCOME,366,3816.0,1765,1146.8852459016375
5,SIAgent7,MALE_OLD_HIGH_INCOME,77,808.0,77,806.5086206896564
5,SIAgent8,MALE_HIGH_INCOME,127,1325.0,1121,542.5196850393703
5,SIAgent5,MALE_OLD_LOW_INCOME,172,1795.0,172,1794.9999999999955
5,SIAgent6,MALE_LOW_INCOME,349,3631.0,2818,1664.6418338108917
5,SIAgent3,FEMALE_YOUNG_LOW_INCOME,190,1980.0,1993,0.0
5,SIAgent4,OLD_LOW_INCOME,403,4196.0,403,4193.6888361045
5,SIAgent1,MALE_OLD_LOW_INCOME,172,1795.0,172,1794.9999999999955
5,SIAgent2,OLD_HIGH_INCOME,116,1215.0,220,1210.2362204724402
5,SIAgent0,MALE_OLD_LOW_INCOME,172,1795.0,172,1794.5194742453486
5,WFAgent0,FEMALE_LOW_INCOME,421,4381.0,0,0.0
5,WFAgent1,MALE_YOUNG_HIGH_INCOME,49,517.0,49,511.2204724409451
5,WFAgent2,MALE_YOUNG_LOW_INCOME,176,1836.0,176,1831.106017191981
5,WFAgent3,FEMALE_LOW_INCOME,421,4381.0,2085,0.0
6,SIAgent7,FEMALE_LOW_INCOME,421,4381.0,440,4380.857957244632
6,SIAgent8,FEMALE_LOW_INCOME,421,4381.0,421,4380.9999999999945
6,SIAgent5,MALE_OLD,250,2603.0,364,2601.0028653295185
6,SIAgent6,FEMALE_OLD_LOW_INCOME,230,2401.0,230,2393.4204275534357
6,SIAgent3,MALE_YOUNG,226,2353.0,226,2351.3065902578846
6,SIAgent4,MALE_LOW_INCOME,349,3631.0,348,3620.59598853869
6,SIAgent1,YOUNG_HIGH_INCOME,74,773.0,82,771.6216216216208
6,SIAgent2,MALE_LOW_INCOME,349,3631.0,2829,3568.5759312320997
6,SIAgent0,FEMALE_YOUNG,215,2236.0,1677,0.0
6,WFAgent0,FEMALE_HIGH_INCOME,63,663.0,423,0.0
6,WFAgent1,FEMALE_YOUNG_HIGH_INCOME,24,256.0,24,250.70270270270262
6,WFAgent2,FEMALE_OLD_HIGH_INCOME,39,407.0,0,0.0
6,WFAgent3,MALE_YOUNG_HIGH_INCOME,49,517.0,49,511.85135135135107
7,SIAgent7,FEMALE_HIGH_INCOME,63,663.0,63,658.5362068965519
7,SIAgent8,MALE_OLD_HIGH_INCOME,77,808.0,76,797.5064935064945
7,SIAgent5,MALE_OLD,250,2603.0,2324,0.0
7,SIAgent6,FEMALE_YOUNG_LOW_INCOME,190,1980.0,190,1977.1733966745778
7,SIAgent3,FEMALE_YOUNG,215,2236.0,1555,0.0
7,SIAgent4,OLD_HIGH_INCOME,116,1215.0,115,1204.5258620689667
7,SIAgent1,MALE_OLD_HIGH_INCOME,77,808.0,77,807.7869458128092
7,SIAgent2,OLD_HIGH_INCOME,116,1215.0,116,1214.813586206898
7,SIAgent0,FEMALE_LOW_INCOME,421,4381.0,1164,4378.400000000015
7,WFAgent0,MALE_LOW_INCOME,349,3631.0,0,0.0
7,WFAgent1,MALE_YOUNG,226,2353.0,0,0.0
7,WFAgent2,MALE_YOUNG_HIGH_INCOME,49,517.0,535,0.0
7,WFAgent3,MALE_LOW_INCOME,349,3631.0,1802,0.0
8,SIAgent7,OLD_HIGH_INCOME,116,1215.0,115,1204.5258620689667
8,SIAgent8,MALE_LOW_INCOME,349,3631.0,448,3620.59598853869
8,SIAgent5,OLD_LOW_INCOME,403,4196.0,919,4192.816618911184
8,SIAgent6,FEMALE_YOUNG,215,2236.0,1988,2017.6000000000072
8,SIAgent3,OLD_HIGH_INCOME,116,1215.0,196,1213.852785145891
8,SIAgent4,FEMALE_OLD_HIGH_INCOME,39,407.0,259,0.0
8,SIAgent1,MALE_LOW_INCOME,349,3631.0,348,3620.59598853869
8,SIAgent2,YOUNG_HIGH_INCOME,74,773.0,253,769.599999999999
8,SIAgent0,OLD_HIGH_INCOME,116,1215.0,115,1204.5258620689667
8,WFAgent0,FEMALE_YOUNG_LOW_INCOME,190,1980.0,190,1976.0000000000068
8,WFAgent1,YOUNG_LOW_INCOME,366,3816.0,366,3807.8681948424155
8,WFAgent2,MALE_LOW_INCOME,349,3631.0,1090,3214.839541547285
8,WFAgent3,MALE_HIGH_INCOME,127,1325.0,368,0.0
9,SIAgent7,FEMALE_LOW_INCOME,421,4381.0,421,4379.771021377675
9,SIAgent8,FEMALE_YOUNG_LOW_INCOME,190,1980.0,189,1969.578947368423
9,SIAgent5,MALE_YOUNG_LOW_INCOME,176,1836.0,175,1825.5681818181843
9,SIAgent6,FEMALE_YOUNG,215,2236.0,214,2225.600000000009
9,SIAgent3,FEMALE_OLD_LOW_INCOME,230,2401.0,230,2393.4204275534357
9,SIAgent4,FEMALE_OLD,270,2808.0,1925,0.0
9,SIAgent1,MALE_YOUNG_LOW_INCOME,176,1836.0,1467,1815.136363636366
9,SIAgent2,MALE_YOUNG_LOW_INCOME,176,1836.0,175,1825.5681818181843
9,SIAgent0,FEMALE_YOUNG,215,2236.0,1374,1768.000000000005
9,WFAgent0,FEMALE_LOW_INCOME,421,4381.0,421,4380.036579572438
9,WFAgent1,FEMALE_YOUNG_LOW_INCOME,190,1980.0,190,1979.6875859482443
9,WFAgent2,MALE_OLD_LOW_INCOME,172,1795.0,1877,0.0
9,WFAgent3,MALE_LOW_INCOME,349,3631.0,0,0.0
10,SIAgent7,MALE_YOUNG_LOW_INCOME,176,1836.0,176,1832.424778761059
10,SIAgent8,MALE_HIGH_INCOME,127,1325.0,362,1322.2610619469008
10,SIAgent5,OLD_HIGH_INCOME,116,1215.0,116,1214.83573174043
10,SIAgent6,YOUNG_HIGH_INCOME,74,773.0,103,772.9871249201954
10,SIAgent3,MALE_YOUNG,226,2353.0,1855,0.0
10,SIAgent4,FEMALE_OLD_HIGH_INCOME,39,407.0,211,0.0
10,SIAgent1,OLD_LOW_INCOME,403,4196.0,4076,0.0
10,SIAgent2,MALE_OLD_LOW_INCOME,172,1795.0,172,1790.848635235736
10,SIAgent0,OLD_HIGH_INCOME,116,1215.0,115,1204.5258620689667
10,WFAgent0,OLD_HIGH_INCOME,116,1215.0,116,1211.7495579133529
10,WFAgent1,FEMALE_YOUNG_HIGH_INCOME,24,256.0,24,250.70270270270262
10,WFAgent2,MALE_YOUNG_HIGH_INCOME,49,517.0,49,511.85135135135107
10,WFAgent3,FEMALE_YOUNG_LOW_INCOME,190,1980.0,2044,0.0
11,SIAgent7,MALE_HIGH_INCOME,127,1325.0,262,1322.3240000000021
11,SIAgent8,FEMALE_YOUNG_LOW_INCOME,190,1980.0,190,1977.1733966745778
11,SIAgent5,OLD_HIGH_INCOME,116,1215.0,136,1214.0965245723598
11,SIAgent6,YOUNG_HIGH_INCOME,74,773.0,74,772.2661204511602
11,SIAgent3,MALE_OLD,250,2603.0,2168,0.0
11,SIAgent4,OLD_HIGH_INCOME,116,1215.0,115,1204.5258620689667
11,SIAgent1,FEMALE_LOW_INCOME,421,4381.0,4222,0.0
11,SIAgent2,MALE_YOUNG_LOW_INCOME,176,1836.0,176,1832.424778761059
11,SIAgent0,MALE_OLD_LOW_INCOME,172,1795.0,172,1790.8640000000037
11,WFAgent0,MALE_LOW_INCOME,349,3631.0,0,0.0
11,WFAgent1,MALE_YOUNG,226,2353.0,311,0.0
11,WFAgent2,FEMALE_YOUNG_HIGH_INCOME,24,256.0,233,198.47297297297294
11,WFAgent3,MALE_YOUNG_LOW_INCOME,176,1836.0,1638,0.0
12,SIAgent7,YOUNG_LOW_INCOME,366,3816.0,575,3806.400000000023
12,SIAgent8,MALE_OLD_HIGH_INCOME,77,808.0,742,776.5194805194815
12,SIAgent5,MALE_OLD_HIGH_INCOME,77,808.0,76,797.5064935064945
12,SIAgent6,MALE_OLD_LOW_INCOME,172,1795.0,172,1790.848635235736
12,SIAgent3,OLD_LOW_INCOME,403,4196.0,3996,0.0
12,SIAgent4,FEMALE_YOUNG,215,2236.0,232,2225.600000000009
12,SIAgent1,MALE_YOUNG_HIGH_INCOME,49,517.0,515,0.0
12,SIAgent2,MALE_YOUNG_LOW_INCOME,176,1836.0,176,1835.0163934426187
12,SIAgent0,FEMALE_YOUNG,215,2236.0,214,2225.600000000009
12,WFAgent0,MALE_YOUNG,226,2353.0,1511,0.0
12,WFAgent1,FEMALE_YOUNG,215,2236.0,1288,2225.600000000009
12,WFAgent2,FEMALE_LOW_INCOME,421,4381.0,0,0.0
12,WFAgent3,MALE_OLD_HIGH_INCOME,77,808.0,0,0.0
13,SIAgent7,YOUNG_HIGH_INCOME,74,773.0,74,770.4513274336274
13,SIAgent8,MALE_YOUNG,226,2353.0,227,2351.3065902578846
13,SIAgent5,FEMALE_YOUNG,215,2236.0,2103,0.0
13,SIAgent6,MALE_LOW_INCOME,349,3631.0,3237,1779.0859598853906
13,SIAgent3,FEMALE_YOUNG_HIGH_INCOME,24,256.0,24,255.9999999999999
13,SIAgent4,FEMALE_OLD_HIGH_INCOME,39,407.0,181,0.0
13,SIAgent1,FEMALE_YOUNG_HIGH_INCOME,24,256.0,24,255.77927927927917
13,SIAgent2,OLD_HIGH_INCOME,116,1215.0,564,1204.5258620689667
13,SIAgent0,FEMALE_OLD_LOW_INCOME,230,2401.0,230,2400.999999999998
13,WFAgent0,OLD_HIGH_INCOME,116,1215.0,116,1214.3881520778098
13,WFAgent1,FEMALE_OLD_LOW_INCOME,230,2401.0,2195,2223.534782608691
13,WFAgent2,FEMALE_HIGH_INCOME,63,663.0,63,655.1999999999992
13,WFAgent3,MALE_OLD_LOW_INCOME,172,1795.0,172,1789.4899713467087
14,SIAgent7,FEMALE_YOUNG_LOW_INCOME,190,1980.0,190,1976.0000000000068
14,SIAgent8,FEMALE_OLD,270,2808.0,1957,717.5999999999991
14,SIAgent5,MALE_LOW_INCOME,349,3631.0,2708,0.0
14,SIAgent6,FEMALE_YOUNG,215,2236.0,1657,1996.800000000007
14,SIAgent3,OLD_LOW_INCOME,403,4196.0,403,4195.999999999968
14,SIAgent4,MALE_YOUNG,226,2353.0,351,2351.3065902578846
14,SIAgent1,YOUNG_LOW_INCOME,366,3816.0,366,3812.50116441544
14,SIAgent2,MALE_OLD,250,2603.0,381,2602.9776674937907
14,SIAgent0,OLD_LOW_INCOME,403,4196.0,403,4195.794002004986
14,WFAgent0,FEMALE_OLD_LOW_INCOME,230,2401.0,230,2394.739454094291
14,WFAgent1,FEMALE_YOUNG_HIGH_INCOME,24,256.0,24,249.60000000000008
14,WFAgent2,FEMALE_HIGH_INCOME,63,663.0,63,655.1999999999992
14,WFAgent3,FEMALE_YOUNG_LOW_INCOME,190,1980.0,190,1976.0000000000068
15,SIAgent7,MALE_OLD_HIGH_INCOME,77,808.0,77,803.346456692914
15,SIAgent8,FEMALE_OLD_HIGH_INCOME,39,407.0,334,323.5128205128206
15,SIAgent5,MALE_OLD_LOW_INCOME,172,1795.0,172,1790.848635235736
15,SIAgent6,MALE_YOUNG_LOW_INCOME,176,1836.0,1800,0.0
15,SIAgent3,OLD_LOW_INCOME,403,4196.0,4086,0.0
15,SIAgent4,FEMALE_YOUNG,215,2236.0,781,2225.600000000009
15,SIAgent1,FEMALE_OLD_HIGH_INCOME,39,407.0,38,396.5641025641028
15,SIAgent2,FEMALE_YOUNG_HIGH_INCOME,24,256.0,24,249.60000000000008
15,SIAgent0,MALE_HIGH_INCOME,127,1325.0,1258,0.0
15,WFAgent0,FEMALE_HIGH_INCOME,63,663.0,177,488.79999999999956
15,WFAgent1,MALE_OLD,250,2603.0,0,0.0
15,WFAgent2,FEMALE_YOUNG,215,2236.0,214,2225.600000000009
15,WFAgent3,MALE_LOW_INCOME,349,3631.0,0,0.0
16,SIAgent7,MALE_LOW_INCOME,349,3631.0,3067,0.0
16,SIAgent8,MALE_YOUNG_LOW_INCOME,176,1836.0,176,1835.416058869499
16,SIAgent5,MALE_YOUNG_LOW_INCOME,176,1836.0,175,1825.5681818181843
16,SIAgent6,FEMALE_OLD,270,2808.0,2234,0.0
16,SIAgent3,FEMALE_LOW_INCOME,421,4381.0,421,4379.400475059389
16,SIAgent4,OLD_LOW_INCOME,403,4196.0,403,4193.962004166455
16,SIAgent1,MALE_HIGH_INCOME,127,1325.0,127,1324.9999999999982
16,SIAgent2,FEMALE_YOUNG,215,2236.0,1750,0.0
16,SIAgent0,MALE_HIGH_INCOME,127,1325.0,1227,1137.2047244094488
16,WFAgent0,MALE_YOUNG,226,2353.0,0,0.0
16,WFAgent1,FEMALE_YOUNG_LOW_INCOME,190,1980.0,190,1977.1733966745778
16,WFAgent2,MALE_OLD,250,2603.0,0,0.0
16,WFAgent3,FEMALE_OLD_LOW_INCOME,230,2401.0,230,2394.4469742961064
17,SIAgent7,FEMALE_YOUNG,215,2236.0,673,2225.600000000009
17,SIAgent8,OLD_HIGH_INCOME,116,1215.0,1022,0.0
17,SIAgent5,MALE_OLD_HIGH_INCOME,77,808.0,76,797.5064935064945
17,SIAgent6,MALE_YOUNG,226,2353.0,373,2352.9999999999964
17,SIAgent3,OLD_LOW_INCOME,403,4196.0,4244,0.0
17,SIAgent4,FEMALE_YOUNG_LOW_INCOME,190,1980.0,190,1976.0000000000068
17,SIAgent1,FEMALE_YOUNG,215,2236.0,214,2225.600000000009
17,SIAgent2,FEMALE_YOUNG_HIGH_INCOME,24,256.0,24,249.60000000000008
17,SIAgent0,MALE_OLD_HIGH_INCOME,77,808.0,77,807.4770488132575
17,WFAgent0,YOUNG_LOW_INCOME,366,3816.0,1615,2134.358407079643
17,WFAgent1,FEMALE_LOW_INCOME,421,4381.0,0,0.0
17,WFAgent2,OLD_HIGH_INCOME,116,1215.0,0,0.0
17,WFAgent3,YOUNG_HIGH_INCOME,74,773.0,161,499.19999999999953
18,SIAgent7,OLD_LOW_INCOME,403,4196.0,414,4195.773697270436
18,SIAgent8,MALE_YOUNG,226,2353.0,2059,0.0
18,SIAgent5,MALE_OLD_HIGH_INCOME,77,808.0,77,801.7240000000005
18,SIAgent6,OLD_LOW_INCOME,403,4196.0,403,4195.999999999968
18,SIAgent3,FEMALE_OLD,270,2808.0,1757,0.0
18,SIAgent4,YOUNG_LOW_INCOME,366,3816.0,366,3814.5763589300827
18,SIAgent1,FEMALE_OLD_LOW_INCOME,230,2401.0,230,2400.999999999998
18,SIAgent2,FEMALE_YOUNG_LOW_INCOME,190,1980.0,1677,0.0
18,SIAgent0,MALE_OLD,250,2603.0,408,2602.999999999994
18,WFAgent0,FEMALE_YOUNG_LOW_INCOME,190,1980.0,0,0.0
18,WFAgent1,FEMALE_OLD_LOW_INCOME,230,2401.0,230,2400.210626820572
18,WFAgent2,MALE_OLD,250,2603.0,250,2602.997588089324
18,WFAgent3,MALE_YOUNG_LOW_INCOME,176,1836.0,176,1834.1181633541241
19,SIAgent7,FEMALE_YOUNG_LOW_INCOME,190,1980.0,189,1969.578947368423
19,SIAgent8,FEMALE_YOUNG_LOW_INCOME,190,1980.0,1232,1917.4736842105283
19,SIAgent5,MALE_OLD,250,2603.0,2577,0.0
19,SIAgent6,FEMALE_LOW_INCOME,421,4381.0,421,4378.400000000015
19,SIAgent3,YOUNG_LOW_INCOME,366,3816.0,366,3815.9999999999886
19,SIAgent4,YOUNG_LOW_INCOME,366,3816.0,366,3815.974921163335
19,SIAgent1,YOUNG_LOW_INCOME,366,3816.0,366,3815.9999999999886
19,SIAgent2,FEMALE_OLD,270,2808.0,2320,0.0
19,SIAgent0,MALE_YOUNG,226,2353.0,1649,1301.4380530973433
19,WFAgent0,OLD_LOW_INCOME,403,4196.0,0,0.0
19,WFAgent1,MALE_YOUNG_HIGH_INCOME,49,517.0,49,510.1637168141589
19,WFAgent2,MALE_OLD_HIGH_INCOME,77,808.0,77,801.7240000000005
19,WFAgent3,MALE_HIGH_INCOME,127,1325.0,127,1322.2610619469008
20,SIAgent7,FEMALE_HIGH_INCOME,63,663.0,134,662.9999999999998
20,SIAgent8,OLD_HIGH_INCOME,116,1215.0,116,1210.2362204724402
20,SIAgent5,MALE_LOW_INCOME,349,3631.0,3160,0.0
20,SIAgent6,MALE_OLD_LOW_INCOME,172,1795.0,172,1790.848635235736
20,SIAgent3,MALE_OLD_HIGH_INCOME,77,808.0,77,806.5086206896564
20,SIAgent4,MALE_HIGH_INCOME,127,1325.0,360,1324.9999999999982
20,SIAgent1,OLD_LOW_INCOME,403,4196.0,403,4195.77857472961
20,SIAgent2,OLD_LOW_INCOME,403,4196.0,403,4195.999999999968
20,SIAgent0,FEMALE_OLD,270,2808.0,1831,145.60000000000002
20,WFAgent0,FEMALE_HIGH_INCOME,63,663.0,63,662.0065681444997
20,WFAgent1,FEMALE_OLD_LOW_INCOME,230,2401.0,230,2394.739454094291
20,WFAgent2,OLD_HIGH_INCOME,116,1215.0,231,1209.9716535433079
20,WFAgent3,OLD_HIGH_INCOME,116,1215.0,116,1206.4
21,SIAgent7,FEMALE_LOW_INCOME,421,4381.0,1006,4378.400000000015
21,SIAgent8,FEMALE_OLD_HIGH_INCOME,39,407.0,424,0.0
21,SIAgent5,MALE_OLD_LOW_INCOME,172,1795.0,1749,0.0
21,SIAgent6,MALE_YOUNG_HIGH_INCOME,49,517.0,49,516.9999999999997
21,SIAgent3,FEMALE_OLD_LOW_INCOME,230,2401.0,230,2400.999999999998
21,SIAgent4,FEMALE_OLD_LOW_INCOME,230,2401.0,230,2400.472725395017
21,SIAgent1,YOUNG_LOW_INCOME,366,3816.0,700,3814.1052631578605
21,SIAgent2,FEMALE_YOUNG,215,2236.0,428,2225.600000000009
21,SIAgent0,FEMALE_YOUNG_LOW_INCOME,190,1980.0,190,1977.1733966745778
21,WFAgent0,OLD_LOW_INCOME,403,4196.0,0,0.0
21,WFAgent1,FEMALE_OLD_LOW_INCOME,230,2401.0,230,2400.999999999998
21,WFAgent2,MALE_YOUNG_HIGH_INCOME,49,517.0,467,411.48979591836707
21,WFAgent3,FEMALE_YOUNG,215,2236.0,733,1872.000000000006
22,SIAgent7,FEMALE_OLD_LOW_INCOME,230,2401.0,230,2400.999999999998
22,SIAgent8,MALE_OLD_LOW_INCOME,172,1795.0,172,1790.848635235736
22,SIAgent5,FEMALE_OLD_LOW_INCOME,230,2401.0,230,2400.863901175959
22,SIAgent6,FEMALE_YOUNG,215,2236.0,2116,0.0
22,SIAgent3,MALE_YOUNG_LOW_INCOME,176,1836.0,175,1825.5681818181843
22,SIAgent4,OLD_LOW_INCOME,403,4196.0,3572,0.0
22,SIAgent1,FEMALE_YOUNG_HIGH_INCOME,24,256.0,24,250.70270270270262
22,SIAgent2,MALE_YOUNG_HIGH_INCOME,49,517.0,49,511.85135135135107
22,SIAgent0,YOUNG_HIGH_INCOME,74,773.0,210,769.599999999999
22,WFAgent0,MALE_YOUNG_LOW_INCOME,176,1836.0,1645,1710.8181818181836
22,WFAgent1,MALE_OLD_HIGH_INCOME,77,808.0,833,0.0
22,WFAgent2,OLD_HIGH_INCOME,116,1215.0,426,0.0
22,WFAgent3,OLD_LOW_INCOME,403,4196.0,0,0.0
23,SIAgent7,MALE_OLD_LOW_INCOME,172,1795.0,172,1790.8640000000037
23,SIAgent8,YOUNG_LOW_INCOME,366,3816.0,366,3810.6857599003015
23,SIAgent5,FEMALE_OLD_LOW_INCOME,230,2401.0,230,2400.0443147784695
23,SIAgent6,FEMALE_OLD_LOW_INCOME,230,2401.0,230,2400.999999999998
23,SIAgent3,MALE_OLD,250,2603.0,2393,0.0
23,SIAgent4,FEMALE_LOW_INCOME,421,4381.0,421,4380.9999999999945
23,SIAgent1,FEMALE_LOW_INCOME,421,4381.0,3281,3975.159144893096
23,SIAgent2,FEMALE_HIGH_INCOME,63,663.0,717,0.0
23,SIAgent0,MALE_YOUNG_HIGH_INCOME,49,517.0,462,358.7346938775508
23,WFAgent0,MALE_YOUNG_HIGH_INCOME,49,517.0,49,516.9999999999997
23,WFAgent1,MALE_YOUNG_LOW_INCOME,176,1836.0,1679,1063.475409836064
23,WFAgent2,MALE_HIGH_INCOME,127,1325.0,0,0.0
23,WFAgent3,FEMALE_OLD,270,2808.0,0,0.0
24,SIAgent7,FEMALE_LOW_INCOME,421,4381.0,3347,4380.9999999999945
24,SIAgent8,YOUNG_HIGH_INCOME,74,773.0,809,302.93243243243234
24,SIAgent5,MALE_OLD_HIGH_INCOME,77,808.0,77,806.5086206896564
24,SIAgent6,OLD_LOW_INCOME,403,4196.0,403,4195.881511870111
24,SIAgent3,OLD_HIGH_INCOME,116,1215.0,1039,0.0
24,SIAgent4,MALE_LOW_INCOME,349,3631.0,348,3620.59598853869
24,SIAgent1,MALE_LOW_INCOME,349,3631.0,2899,3433.3237822349647
24,SIAgent2,OLD_LOW_INCOME,403,4196.0,403,4195.999999999968
24,SIAgent0,FEMALE_LOW_INCOME,421,4381.0,421,4380.9999999999945
24,WFAgent0,MALE_YOUNG,226,2353.0,0,0.0
24,WFAgent1,FEMALE_LOW_INCOME,421,4381.0,0,0.0
24,WFAgent2,FEMALE_OLD_LOW_INCOME,230,2401.0,230,2394.527262868159
24,WFAgent3,FEMALE_YOUNG_HIGH_INCOME,24,256.0,24,250.70270270270262
25,SIAgent7,YOUNG_HIGH_INCOME,74,773.0,74,772.9356246009786
25,SIAgent8,OLD_LOW_INCOME,403,4196.0,1189,4192.816618911184
25,SIAgent5,MALE_LOW_INCOME,349,3631.0,3024,0.0
25,SIAgent6,MALE_HIGH_INCOME,127,1325.0,1102,0.0
25,SIAgent3,FEMALE_HIGH_INCOME,63,663.0,221,658.361518661518
25,SIAgent4,FEMALE_YOUNG,215,2236.0,1905,0.0
25,SIAgent1,MALE_OLD_HIGH_INCOME,77,808.0,77,803.346456692914
25,SIAgent2,YOUNG_HIGH_INCOME,74,773.0,74,772.9999999999995
25,SIAgent0,FEMALE_YOUNG_LOW_INCOME,190,1980.0,190,1976.0000000000068
25,WFAgent0,MALE_YOUNG,226,2353.0,0,0.0
25,WFAgent1,MALE_OLD_LOW_INCOME,172,1795.0,172,1790.848635235736
25,WFAgent2,MALE_OLD,250,2603.0,0,0.0
25,WFAgent3,FEMALE_YOUNG_HIGH_INCOME,24,256.0,24,252.5714285714285
26,SIAgent7,FEMALE_OLD_LOW_INCOME,230,2401.0,230,2400.999999999998
26,SIAgent8,OLD_LOW_INCOME,403,4196.0,403,4195.999999999968
26,SIAgent5,OLD_LOW_INCOME,403,4196.0,406,4195.892803970186
26,SIAgent6,FEMALE_YOUNG,215,2236.0,2122,0.0
26,SIAgent3,MALE_OLD,250,2603.0,448,2602.990531017363
26,SIAgent4,FEMALE_OLD,270,2808.0,269,2797.600000000014
26,SIAgent1,FEMALE_OLD,270,2808.0,1545,2444.000000000011
26,SIAgent2,YOUNG_HIGH_INCOME,74,773.0,74,771.1621621621614
26,SIAgent0,MALE_YOUNG,226,2353.0,2317,0.0
26,WFAgent0,FEMALE_HIGH_INCOME,63,663.0,63,655.1999999999992
26,WFAgent1,FEMALE_OLD_LOW_INCOME,230,2401.0,230,2400.6733628223046
26,WFAgent2,MALE_YOUNG_HIGH_INCOME,49,517.0,49,511.33472853384313
26,WFAgent3,MALE_OLD_LOW_INCOME,172,1795.0,172,1790.8640000000037
27,SIAgent7,FEMALE_OLD_LOW_INCOME,230,2401.0,230,2394.739454094291
27,SIAgent8,MALE_LOW_INCOME,349,3631.0,348,3620.59598853869
27,SIAgent5,OLD_LOW_INCOME,403,4196.0,1278,4192.816618911184
27,SIAgent6,MALE_HIGH_INCOME,127,1325.0,1177,499.77599999999956
27,SIAgent3,MALE_OLD,250,2603.0,250,2602.9902630272886
27,SIAgent4,FEMALE_YOUNG_LOW_INCOME,190,1980.0,2000,0.0
27,SIAgent1,MALE_YOUNG_LOW_INCOME,176,1836.0,176,1831.106017191981
27,SIAgent2,MALE_LOW_INCOME,349,3631.0,375,3620.59598853869
27,SIAgent0,OLD_HIGH_INCOME,116,1215.0,116,1214.1375916372526
27,WFAgent0,MALE_OLD_HIGH_INCOME,77,808.0,77,806.5086206896564
27,WFAgent1,MALE_LOW_INCOME,349,3631.0,1065,2861.1031518624704
27,WFAgent2,MALE_OLD_LOW_INCOME,172,1795.0,172,1790.8640000000037
27,WFAgent3,OLD_HIGH_INCOME,116,1215.0,383,408.49137931034466
28,SIAgent7,MALE_OLD_HIGH_INCOME,77,808.0,77,803.346456692914
28,SIAgent8,FEMALE_OLD_LOW_INCOME,230,2401.0,2394,0.0
28,SIAgent5,FEMALE_YOUNG_LOW_INCOME,190,1980.0,190,1976.0000000000068
28,SIAgent6,FEMALE_YOUNG,215,2236.0,214,2225.600000000009
28,SIAgent3,FEMALE_OLD_HIGH_INCOME,39,407.0,401,333.94871794871807
28,SIAgent4,MALE_HIGH_INCOME,127,1325.0,474,1324.9999999999982
28,SIAgent1,FEMALE_OLD_HIGH_INCOME,39,407.0,38,396.5641025641028
28,SIAgent2,FEMALE_YOUNG,215,2236.0,1576,2069.6000000000076
28,SIAgent0,YOUNG_HIGH_INCOME,74,773.0,74,771.3858267716537
28,WFAgent0,MALE_OLD,250,2603.0,1772,0.0
28,WFAgent1,MALE_HIGH_INCOME,127,1325.0,350,1178.9370078740153
28,WFAgent2,YOUNG_LOW_INCOME,366,3816.0,1846,0.0
28,WFAgent3,FEMALE_YOUNG_LOW_INCOME,190,1980.0,190,1976.0000000000068
29,SIAgent7,FEMALE_YOUNG,215,2236.0,2104,0.0
29,SIAgent8,FEMALE_YOUNG_HIGH_INCOME,24,256.0,24,255.9999999999999
29,SIAgent5,MALE_OLD,250,2603.0,2597,0.0
29,SIAgent6,FEMALE_YOUNG_HIGH_INCOME,24,256.0,24,255.19999999999993
29,SIAgent3,MALE_OLD_HIGH_INCOME,77,808.0,77,801.7240000000005
29,SIAgent4,FEMALE_HIGH_INCOME,63,663.0,63,655.1999999999992
29,SIAgent1,FEMALE_OLD_LOW_INCOME,230,2401.0,230,2392.0000000000105
29,SIAgent2,FEMALE_YOUNG_HIGH_INCOME,24,256.0,24,255.9999999999999
29,SIAgent0,FEMALE_OLD,270,2808.0,2372,2028.0000000000073
29,WFAgent0,FEMALE_OLD,270,2808.0,162,1684.8000000000043
29,WFAgent1,FEMALE_OLD,270,2808.0,0,0.0
29,WFAgent2,YOUNG_LOW_INCOME,366,3816.0,1839,0.0
29,WFAgent3,MALE_HIGH_INCOME,127,1325.0,484,0.0
30,SIAgent7,MALE_OLD_LOW_INCOME,172,1795.0,1814,0.0
30,SIAgent8,MALE_YOUNG,226,2353.0,420,2352.9999999999964
30,SIAgent5,FEMALE_YOUNG_HIGH_INCOME,24,256.0,24,255.9999999999999
30,SIAgent6,FEMALE_LOW_INCOME,421,4381.0,630,4379.857482185269
30,SIAgent3,MALE_OLD_HIGH_INCOME,77,808.0,752,0.0
30,SIAgent4,FEMALE_YOUNG_HIGH_INCOME,24,256.0,24,255.73333333333323
30,SIAgent1,FEMALE_YOUNG_LOW_INCOME,190,1980.0,189,1969.578947368423
30,SIAgent2,FEMALE_YOUNG,215,2236.0,1613,0.0
30,SIAgent0,FEMALE_YOUNG_LOW_INCOME,190,1980.0,190,1979.6875859482443
30,WFAgent0,MALE_YOUNG,226,2353.0,226,2352.9999999999964
30,WFAgent1,FEMALE_OLD_LOW_INCOME,230,2401.0,230,2393.4204275534357
30,WFAgent2,FEMALE_YOUNG,215,2236.0,0,0.0
30,WFAgent3,MALE_YOUNG,226,2353.0,1333,2300.9424778761027
31,SIAgent7,FEMALE_LOW_INCOME,421,4381.0,585,4380.9999999999945
31,SIAgent8,FEMALE_OLD_HIGH_INCOME,39,407.0,38,396.5641025641028
31,SIAgent5,FEMALE_OLD_HIGH_INCOME,39,407.0,336,365.25641025641045
31,SIAgent6,MALE_OLD_HIGH_INCOME,77,808.0,852,0.0
31,SIAgent3,FEMALE_YOUNG_HIGH_INCOME,24,256.0,228,170.66666666666663
31,SIAgent4,MALE_YOUNG,226,2353.0,2326,0.0
31,SIAgent1,FEMALE_YOUNG_HIGH_INCOME,24,256.0,24,255.9999999999999
31,SIAgent2,FEMALE_YOUNG_HIGH_INCOME,24,256.0,24,255.9999999999999
31,SIAgent0,FEMALE_OLD_LOW_INCOME,230,2401.0,230,2393.4204275534357
31,WFAgent0,FEMALE_YOUNG_LOW_INCOME,190,1980.0,190,1977.1733966745778
31,WFAgent1,OLD_HIGH_INCOME,116,1215.0,0,0.0
31,WFAgent2,FEMALE_OLD_HIGH_INCOME,39,407.0,38,396.5641025641028
31,WFAgent3,FEMALE_LOW_INCOME,421,4381.0,1881,2133.2660332541495
32,SIAgent7,FEMALE_HIGH_INCOME,63,663.0,63,658.8681318681323
32,SIAgent8,MALE_OLD_LOW_INCOME,172,1795.0,1768,0.0
32,SIAgent5,MALE_OLD_HIGH_INCOME,77,808.0,710,703.0649350649359
32,SIAgent6,FEMALE_OLD_HIGH_INCOME,39,407.0,317,281.7692307692308
32,SIAgent3,MALE_YOUNG_LOW_INCOME,176,1836.0,176,1835.0163934426187
32,SIAgent4,MALE_YOUNG_HIGH_INCOME,49,517.0,509,0.0
32,SIAgent1,MALE_OLD_HIGH_INCOME,77,808.0,76,797.5064935064945
32,SIAgent2,YOUNG_LOW_INCOME,366,3816.0,3618,0.0
32,SIAgent0,FEMALE_OLD_HIGH_INCOME,39,407.0,38,396.5641025641028
32,WFAgent0,OLD_LOW_INCOME,403,4196.0,0,0.0
32,WFAgent1,MALE_HIGH_INCOME,127,1325.0,0,0.0
32,WFAgent2,FEMALE_OLD,270,2808.0,0,0.0
32,WFAgent3,FEMALE_YOUNG_HIGH_INCOME,24,256.0,264,115.76190476190474
33,SIAgent7,FEMALE_OLD_HIGH_INCOME,39,407.0,38,396.5641025641028
33,SIAgent8,MALE_OLD_LOW_INCOME,172,1795.0,1596,1701.0755813953447
33,SIAgent5,YOUNG_LOW_INCOME,366,3816.0,501,3806.400000000023
33,SIAgent6,MALE_YOUNG_LOW_INCOME,176,1836.0,176,1835.0163934426187
33,SIAgent3,MALE_YOUNG_HIGH_INCOME,49,517.0,503,0.0
33,SIAgent4,FEMALE_HIGH_INCOME,63,663.0,63,656.7076923076926
33,SIAgent1,FEMALE_OLD_HIGH_INCOME,39,407.0,321,375.6923076923079
33,SIAgent2,FEMALE_OLD_HIGH_INCOME,39,407.0,38,396.5641025641028
33,SIAgent0,FEMALE_YOUNG,215,2236.0,308,2225.600000000009
33,WFAgent0,FEMALE_YOUNG,215,2236.0,1222,1965.6000000000067
33,WFAgent1,MALE_OLD_LOW_INCOME,172,1795.0,172,1794.9999999999955
33,WFAgent2,OLD_LOW_INCOME,403,4196.0,0,0.0
33,WFAgent3,FEMALE_YOUNG_LOW_INCOME,190,1980.0,190,1976.0000000000068
34,SIAgent7,FEMALE_YOUNG,215,2236.0,1764,1944.8000000000065
34,SIAgent8,FEMALE_YOUNG,215,2236.0,214,2225.600000000009
34,SIAgent5,FEMALE_YOUNG_HIGH_INCOME,24,256.0,24,250.70270270270262
34,SIAgent6,OLD_HIGH_INCOME,116,1215.0,167,1207.7920000000017
34,SIAgent3,FEMALE_YOUNG_LOW_INCOME,190,1980.0,190,1976.0000000000068
34,SIAgent4,FEMALE_OLD_LOW_INCOME,230,2401.0,2450,0.0
34,SIAgent1,MALE_OLD,250,2603.0,2436,0.0
34,SIAgent2,MALE_YOUNG_LOW_INCOME,176,1836.0,176,1832.424778761059
34,SIAgent0,YOUNG_HIGH_INCOME,74,773.0,74,771.9891891891884
34,WFAgent0,FEMALE_OLD,270,2808.0,394,0.0
34,WFAgent1,MALE_YOUNG_HIGH_INCOME,49,517.0,429,470.0675675675673
34,WFAgent2,YOUNG_LOW_INCOME,366,3816.0,1682,0.0
34,WFAgent3,MALE_YOUNG,226,2353.0,0,0.0
35,SIAgent7,MALE_YOUNG,226,2353.0,1942,0.0
35,SIAgent8,MALE_YOUNG_LOW_INCOME,176,1836.0,176,1835.0163934426187
35,SIAgent5,YOUNG_LOW_INCOME,366,3816.0,366,3807.6309734513384
35,SIAgent6,MALE_HIGH_INCOME,127,1325.0,324,1323.188418925509
35,SIAgent3,FEMALE_YOUNG,215,2236.0,1913,218.40000000000006
35,SIAgent4,FEMALE_OLD_HIGH_INCOME,39,407.0,346,396.5641025641028
35,SIAgent1,MALE_OLD_LOW_INCOME,172,1795.0,172,1794.9999999999955
35,SIAgent2,MALE_OLD_HIGH_INCOME,77,808.0,77,803.346456692914
35,SIAgent0,FEMALE_OLD_HIGH_INCOME,39,407.0,38,396.5641025641028
35,WFAgent0,FEMALE_YOUNG_HIGH_INCOME,24,256.0,24,249.60000000000008
35,WFAgent1,MALE_YOUNG_HIGH_INCOME,49,517.0,49,511.2204724409451
35,WFAgent2,MALE_OLD_LOW_INCOME,172,1795.0,1607,1732.3837209302283
35,WFAgent3,OLD_LOW_INCOME,403,4196.0,0,0.0
36,SIAgent7,YOUNG_HIGH_INCOME,74,773.0,74,772.0729942540971
36,SIAgent8,FEMALE_YOUNG_HIGH_INCOME,24,256.0,24,250.70270270270262
36,SIAgent5,FEMALE_OLD_LOW_INCOME,230,2401.0,230,2400.999999999998
36,SIAgent6,MALE_LOW_INCOME,349,3631.0,2997,0.0
36,SIAgent3,FEMALE_OLD_LOW_INCOME,230,2401.0,230,2400.5644837630734
36,SIAgent4,MALE_YOUNG,226,2353.0,226,2351.3065902578846
36,SIAgent1,MALE_HIGH_INCOME,127,1325.0,1230,0.0
36,SIAgent2,OLD_LOW_INCOME,403,4196.0,403,4192.724355300868
36,SIAgent0,FEMALE_OLD,270,2808.0,2169,1185.6
36,WFAgent0,FEMALE_HIGH_INCOME,63,663.0,200,31.33783783783784
36,WFAgent1,FEMALE_YOUNG,215,2236.0,1985,0.0
36,WFAgent2,OLD_HIGH_INCOME,116,1215.0,116,1206.4
36,WFAgent3,OLD_HIGH_INCOME,116,1215.0,116,1206.4
37,SIAgent7,FEMALE_HIGH_INCOME,63,663.0,63,662.9999999999998
37,SIAgent8,MALE_OLD_LOW_INCOME,172,1795.0,172,1794.8077896981367
37,SIAgent5,YOUNG_LOW_INCOME,366,3816.0,366,3809.624818699672
37,SIAgent6,MALE_LOW_INCOME,349,3631.0,2968,0.0
37,SIAgent3,FEMALE_OLD_HIGH_INCOME,39,407.0,39,405.59999999999974
37,SIAgent4,FEMALE_OLD,270,2808.0,2159,0.0
37,SIAgent1,MALE_YOUNG,226,2353.0,351,2351.3065902578846
37,SIAgent2,FEMALE_LOW_INCOME,421,4381.0,557,4378.400000000015
37,SIAgent0,FEMALE_HIGH_INCOME,63,663.0,81,662.9999999999998
37,WFAgent0,OLD_HIGH_INCOME,116,1215.0,770,0.0
37,WFAgent1,FEMALE_HIGH_INCOME,63,663.0,63,662.9999999999998
37,WFAgent2,FEMALE_HIGH_INCOME,63,663.0,63,662.2087912087912
37,WFAgent3,MALE_OLD_LOW_INCOME,172,1795.0,172,1794.9999999999955
38,SIAgent7,MALE_YOUNG_HIGH_INCOME,49,517.0,49,511.85135135135107
38,SIAgent8,FEMALE_YOUNG,215,2236.0,214,2225.600000000009
38,SIAgent5,YOUNG_HIGH_INCOME,74,773.0,222,769.599999999999
38,SIAgent6,YOUNG_LOW_INCOME,366,3816.0,366,3815.9999999999886
38,SIAgent3,MALE_LOW_INCOME,349,3631.0,3071,0.0
38,SIAgent4,FEMALE_YOUNG_HIGH_INCOME,24,256.0,24,250.70270270270262
38,SIAgent1,OLD_HIGH_INCOME,116,1215.0,1187,0.0
38,SIAgent2,YOUNG_LOW_INCOME,366,3816.0,366,3815.620442482023
38,SIAgent0,FEMALE_YOUNG,215,2236.0,217,2225.600000000009
38,WFAgent0,MALE_OLD_LOW_INCOME,172,1795.0,172,1789.4899713467087
38,WFAgent1,FEMALE_YOUNG,215,2236.0,0,0.0
38,WFAgent2,OLD_LOW_INCOME,403,4196.0,2428,0.0
38,WFAgent3,FEMALE_YOUNG,215,2236.0,1227,2017.6000000000072
39,SIAgent7,YOUNG_HIGH_INCOME,74,773.0,773,0.0
39,SIAgent8,FEMALE_LOW_INCOME,421,4381.0,3577,2122.859857482178
39,SIAgent5,FEMALE_OLD_LOW_INCOME,230,2401.0,230,2393.4204275534357
39,SIAgent6,MALE_YOUNG_LOW_INCOME,176,1836.0,1872,0.0
39,SIAgent3,OLD_HIGH_INCOME,116,1215.0,115,1204.5258620689667
39,SIAgent4,FEMALE_YOUNG_LOW_INCOME,190,1980.0,189,1969.578947368423
39,SIAgent1,FEMALE_OLD_HIGH_INCOME,39,407.0,237,0.0
39,SIAgent2,MALE_OLD_HIGH_INCOME,77,808.0,77,807.8063143752812
39,SIAgent0,MALE_OLD_HIGH_INCOME,77,808.0,76,797.5064935064945
39,WFAgent0,MALE_OLD_HIGH_INCOME,77,808.0,629,576.0775862068966
39,WFAgent1,FEMALE_YOUNG_LOW_INCOME,190,1980.0,190,1979.821477684712
39,WFAgent2,OLD_HIGH_INCOME,116,1215.0,116,1212.5526083112304
39,WFAgent3,FEMALE_YOUNG_LOW_INCOME,190,1980.0,190,1977.1733966745778
40,SIAgent7,YOUNG_HIGH_INCOME,74,773.0,643,0.0
40,SIAgent8,MALE_YOUNG_HIGH_INCOME,49,517.0,49,516.789851075565
40,SIAgent5,FEMALE_OLD_HIGH_INCOME,39,407.0,39,405.59999999999974
40,SIAgent6,FEMALE_HIGH_INCOME,63,663.0,63,659.3350419384903
40,SIAgent3,MALE_YOUNG_HIGH_INCOME,49,517.0,49,516.9999999999997
40,SIAgent4,FEMALE_OLD,270,2808.0,2067,2787.200000000014
40,SIAgent1,OLD_LOW_INCOME,403,4196.0,403,4192.510173697279
40,SIAgent2,YOUNG_LOW_INCOME,366,3816.0,3842,0.0
40,SIAgent0,OLD_HIGH_INCOME,116,1215.0,441,1210.5641025641046
40,WFAgent0,FEMALE_OLD,270,2808.0,269,2797.600000000014
40,WFAgent1,OLD_HIGH_INCOME,116,1215.0,478,0.0
40,WFAgent2,MALE_LOW_INCOME,349,3631.0,0,0.0
40,WFAgent3,MALE_OLD_LOW_INCOME,172,1795.0,1657,999.5434243176198
41,SIAgent7,FEMALE_OLD_LOW_INCOME,230,2401.0,2456,0.0
41,SIAgent8,FEMALE_OLD_HIGH_INCOME,39,407.0,38,396.5641025641028
41,SIAgent5,YOUNG_LOW_INCOME,366,3816.0,366,3814.8507333908283
41,SIAgent6,MALE_YOUNG_HIGH_INCOME,49,517.0,49,511.85135135135107
41,SIAgent3,YOUNG_HIGH_INCOME,74,773.0,666,637.2027027027024
41,SIAgent4,FEMALE_YOUNG_LOW_INCOME,190,1980.0,1737,0.0
41,SIAgent1,YOUNG_HIGH_INCOME,74,773.0,74,772.9999999999995
41,SIAgent2,MALE_OLD,250,2603.0,2359,0.0
41,SIAgent0,MALE_HIGH_INCOME,127,1325.0,127,1322.3240000000021
41,WFAgent0,YOUNG_LOW_INCOME,366,3816.0,1668,1251.1475409836044
41,WFAgent1,FEMALE_YOUNG_HIGH_INCOME,24,256.0,24,255.9999999999999
41,WFAgent2,FEMALE_HIGH_INCOME,63,663.0,412,354.820512820513
41,WFAgent3,FEMALE_YOUNG_HIGH_INCOME,24,256.0,24,255.55855855855845
42,SIAgent7,FEMALE_YOUNG_LOW_INCOME,190,1980.0,1585,1907.0526315789493
42,SIAgent8,FEMALE_YOUNG_HIGH_INCOME,24,256.0,214,191.99999999999994
42,SIAgent5,MALE_OLD_LOW_INCOME,172,1795.0,172,1794.9999999999955
42,SIAgent6,FEMALE_OLD,270,2808.0,2579,0.0
42,SIAgent3,FEMALE_YOUNG_LOW_INCOME,190,1980.0,189,1969.578947368423
42,SIAgent4,MALE_LOW_INCOME,349,3631.0,3145,0.0
42,SIAgent1,FEMALE_OLD_LOW_INCOME,230,2401.0,230,2392.0000000000105
42,SIAgent2,MALE_OLD_LOW_INCOME,172,1795.0,172,1794.903894849066
42,SIAgent0,MALE_YOUNG_HIGH_INCOME,49,517.0,504,327.08163265306104
42,WFAgent0,MALE_OLD_LOW_INCOME,172,1795.0,172,1794.9999999999955
42,WFAgent1,FEMALE_YOUNG_LOW_INCOME,190,1980.0,189,1969.578947368423
42,WFAgent2,MALE_YOUNG_HIGH_INCOME,49,517.0,49,516.9999999999997
42,WFAgent3,FEMALE_YOUNG_HIGH_INCOME,24,256.0,24,255.9999999999999
43,SIAgent7,FEMALE_LOW_INCOME,421,4381.0,3812,0.0
43,SIAgent8,YOUNG_HIGH_INCOME,74,773.0,104,772.8454990423493
43,SIAgent5,MALE_HIGH_INCOME,127,1325.0,1064,0.0
43,SIAgent6,FEMALE_OLD_LOW_INCOME,230,2401.0,230,2393.4204275534357
43,SIAgent3,FEMALE_HIGH_INCOME,63,663.0,63,662.8442728442726
43,SIAgent4,FEMALE_HIGH_INCOME,63,663.0,63,662.9999999999998
43,SIAgent1,MALE_OLD_HIGH_INCOME,77,808.0,77,803.346456692914
43,SIAgent2,YOUNG_LOW_INCOME,366,3816.0,366,3808.6603325415526
43,SIAgent0,MALE_YOUNG_LOW_INCOME,176,1836.0,1560,1721.1046944858413
43,WFAgent0,MALE_YOUNG_HIGH_INCOME,49,517.0,49,511.85135135135107
43,WFAgent1,FEMALE_HIGH_INCOME,63,663.0,349,484.0952380952379
43,WFAgent2,MALE_YOUNG_LOW_INCOME,176,1836.0,175,1825.5681818181843
43,WFAgent3,YOUNG_HIGH_INCOME,74,773.0,74,772.9999999999995
44,SIAgent7,FEMALE_YOUNG,215,2236.0,1273,0.0
44,SIAgent8,FEMALE_OLD_LOW_INCOME,230,2401.0,230,2400.999999999998
44,SIAgent5,MALE_OLD_HIGH_INCOME,77,808.0,784,0.0
44,SIAgent6,FEMALE_YOUNG_HIGH_INCOME,24,256.0,24,252.5714285714285
44,SIAgent3,FEMALE_HIGH_INCOME,63,663.0,251,657.7999999999992
44,SIAgent4,FEMALE_LOW_INCOME,421,4381.0,421,4380.9999999999945
44,SIAgent1,FEMALE_LOW_INCOME,421,4381.0,453,4380.740617577173
44,SIAgent2,MALE_YOUNG,226,2353.0,2436,0.0
44,SIAgent0,FEMALE_OLD_LOW_INCOME,230,2401.0,230,2400.9340906743755
44,WFAgent0,MALE_HIGH_INCOME,127,1325.0,0,0.0
44,WFAgent1,FEMALE_YOUNG_LOW_INCOME,190,1980.0,190,1977.1733966745778
44,WFAgent2,FEMALE_YOUNG_LOW_INCOME,190,1980.0,190,1977.1733966745778
44,WFAgent3,FEMALE_YOUNG_HIGH_INCOME,24,256.0,24,252.5714285714285
45,SIAgent7,FEMALE_OLD_HIGH_INCOME,39,407.0,342,0.0
45,SIAgent8,FEMALE_HIGH_INCOME,63,663.0,63,662.9999999999998
45,SIAgent5,MALE_LOW_INCOME,349,3631.0,2806,0.0
45,SIAgent6,MALE_YOUNG_LOW_INCOME,176,1836.0,176,1831.106017191981
45,SIAgent3,FEMALE_HIGH_INCOME,63,663.0,75,662.2087912087912
45,SIAgent4,OLD_LOW_INCOME,403,4196.0,403,4195.999999999968
45,SIAgent1,MALE_OLD,250,2603.0,442,2602.9776674937907
45,SIAgent2,OLD_LOW_INCOME,403,4196.0,414,4195.952604748024
45,SIAgent0,MALE_OLD_LOW_INCOME,172,1795.0,172,1790.8640000000037
45,WFAgent0,MALE_HIGH_INCOME,127,1325.0,515,0.0
45,WFAgent1,FEMALE_OLD_LOW_INCOME,230,2401.0,230,2394.739454094291
45,WFAgent2,FEMALE_YOUNG,215,2236.0,0,0.0
45,WFAgent3,FEMALE_YOUNG_LOW_INCOME,190,1980.0,1958,0.0
46,SIAgent7,MALE_YOUNG,226,2353.0,1500,0.0
46,SIAgent8,MALE_OLD_HIGH_INCOME,77,808.0,77,803.346456692914
46,SIAgent5,MALE_HIGH_INCOME,127,1325.0,235,1322.2610619469008
46,SIAgent6,MALE_YOUNG_LOW_INCOME,176,1836.0,175,1825.5681818181843
46,SIAgent3,MALE_YOUNG_LOW_INCOME,176,1836.0,175,1825.5681818181843
46,SIAgent4,MALE_OLD_LOW_INCOME,172,1795.0,172,1794.9999999999955
46,SIAgent1,MALE_YOUNG_LOW_INCOME,176,1836.0,176,1835.979686242963
46,SIAgent2,FEMALE_YOUNG_LOW_INCOME,190,1980.0,1991,0.0
46,SIAgent0,MALE_OLD_LOW_INCOME,172,1795.0,1625,1763.6918604651119
46,WFAgent0,OLD_HIGH_INCOME,116,1215.0,0,0.0
46,WFAgent1,FEMALE_YOUNG_HIGH_INCOME,24,256.0,283,0.0
46,WFAgent2,OLD_HIGH_INCOME,116,1215.0,401,0.0
46,WFAgent3,MALE_YOUNG_LOW_INCOME,176,1836.0,175,1825.5681818181843
47,SIAgent7,MALE_YOUNG_LOW_INCOME,176,1836.0,1863,0.0
47,SIAgent8,FEMALE_LOW_INCOME,421,4381.0,421,4380.9999999999945
47,SIAgent5,MALE_YOUNG_HIGH_INCOME,49,517.0,499,0.0
47,SIAgent6,FEMALE_LOW_INCOME,421,4381.0,421,4380.9999999999945
47,SIAgent3,FEMALE_OLD_HIGH_INCOME,39,407.0,444,0.0
47,SIAgent4,FEMALE_LOW_INCOME,421,4381.0,2424,4276.9382422802755
47,SIAgent1,FEMALE_LOW_INCOME,421,4381.0,421,4380.9999999999945
47,SIAgent2,OLD_LOW_INCOME,403,4196.0,873,4194.9275740733065
47,SIAgent0,MALE_OLD_HIGH_INCOME,77,808.0,76,797.5064935064945
47,WFAgent0,FEMALE_YOUNG,215,2236.0,0,0.0
47,WFAgent1,MALE_OLD_HIGH_INCOME,77,808.0,76,797.5064935064945
47,WFAgent2,MALE_OLD_HIGH_INCOME,77,808.0,633,776.5194805194815
47,WFAgent3,FEMALE_OLD_LOW_INCOME,230,2401.0,230,2394.739454094291
48,SIAgent7,FEMALE_YOUNG_HIGH_INCOME,24,256.0,24,255.9999999999999
48,SIAgent8,FEMALE_YOUNG_LOW_INCOME,190,1980.0,190,1976.0000000000068
48,SIAgent5,OLD_HIGH_INCOME,116,1215.0,1270,0.0
48,SIAgent6,OLD_LOW_INCOME,403,4196.0,440,4195.999999999968
48,SIAgent3,YOUNG_HIGH_INCOME,74,773.0,74,772.9999999999995
48,SIAgent4,FEMALE_YOUNG,215,2236.0,2016,0.0
48,SIAgent1,OLD_LOW_INCOME,403,4196.0,403,4195.999999999968
48,SIAgent2,YOUNG_HIGH_INCOME,74,773.0,74,772.9999999999995
48,SIAgent0,MALE_YOUNG,226,2353.0,2174,0.0
48,WFAgent0,MALE_OLD_LOW_INCOME,172,1795.0,172,1790.848635235736
48,WFAgent1,FEMALE_YOUNG_HIGH_INCOME,24,256.0,24,255.55855855855845
48,WFAgent2,FEMALE_OLD,270,2808.0,0,0.0
48,WFAgent3,MALE_OLD_LOW_INCOME,172,1795.0,1360,1603.4342431761822
49,SIAgent7,FEMALE_YOUNG_LOW_INCOME,190,1980.0,190,1979.851231403927
49,SIAgent8,FEMALE_LOW_INCOME,421,4381.0,3271,0.0
49,SIAgent5,FEMALE_OLD_HIGH_INCOME,39,407.0,302,292.20512820512823
49,SIAgent6,FEMALE_YOUNG_LOW_INCOME,190,1980.0,189,1969.578947368423
49,SIAgent3,FEMALE_YOUNG_HIGH_INCOME,24,256.0,24,255.9999999999999
49,SIAgent4,OLD_LOW_INCOME,403,4196.0,716,4193.6888361045
49,SIAgent1,YOUNG_LOW_INCOME,366,3816.0,704,3814.1052631578605
49,SIAgent2,FEMALE_HIGH_INCOME,63,663.0,63,657.4615384615392
49,SIAgent0,FEMALE_YOUNG_HIGH_INCOME,24,256.0,24,255.9999999999999
49,WFAgent0,FEMALE_YOUNG_HIGH_INCOME,24,256.0,177,0.0
49,WFAgent1,FEMALE_YOUNG_HIGH_INCOME,24,256.0,24,255.42857142857133
49,WFAgent2,MALE_LOW_INCOME,349,3631.0,1453,0.0
49,WFAgent3,FEMALE_OLD_HIGH_INCOME,39,407.0,38,396.5641025641028
50,SIAgent7,MALE_OLD_LOW_INCOME,172,1795.0,172,1794.5431162790667
50,SIAgent8,FEMALE_YOUNG,215,2236.0,251,2225.600000000009
50,SIAgent5,FEMALE_OLD,270,2808.0,2706,0.0
50,SIAgent6,YOUNG_LOW_INCOME,366,3816.0,366,3814.7782571181797
50,SIAgent3,YOUNG_HIGH_INCOME,74,773.0,251,769.599999999999
50,SIAgent4,MALE_OLD,250,2603.0,616,2602.999999999994
50,SIAgent1,FEMALE_OLD_HIGH_INCOME,39,407.0,38,396.5641025641028
50,SIAgent2,MALE_OLD_LOW_INCOME,172,1795.0,172,1794.9999999999955
50,SIAgent0,FEMALE_YOUNG_LOW_INCOME,190,1980.0,190,1976.0000000000068
50,WFAgent0,FEMALE_YOUNG_LOW_INCOME,190,1980.0,1312,1934.4000000000065
50,WFAgent1,FEMALE_HIGH_INCOME,63,663.0,63,656.6358974358973
50,WFAgent2,MALE_YOUNG_LOW_INCOME,176,1836.0,1758,1344.9836065573745
50,WFAgent3,MALE_OLD,250,2603.0,1198,2457.231999999997
51,SIAgent7,MALE_LOW_INCOME,349,3631.0,3443,0.0
51,SIAgent8,MALE_YOUNG,226,2353.0,288,2351.3065902578846
51,SIAgent5,FEMALE_HIGH_INCOME,63,663.0,63,660.0693760262728
51,SIAgent6,FEMALE_OLD,270,2808.0,269,2797.600000000014
51,SIAgent3,FEMALE_YOUNG_HIGH_INCOME,24,256.0,24,252.5714285714285
51,SIAgent4,MALE_OLD_HIGH_INCOME,77,808.0,77,806.5086206896564
51,SIAgent1,FEMALE_OLD,270,2808.0,1910,2433.600000000011
51,SIAgent2,FEMALE_OLD_LOW_INCOME,230,2401.0,230,2392.0000000000105
51,SIAgent0,OLD_HIGH_INCOME,116,1215.0,738,1214.9258620689668
51,WFAgent0,OLD_HIGH_INCOME,116,1215.0,115,1204.5258620689667
51,WFAgent1,OLD_HIGH_INCOME,116,1215.0,115,1204.5258620689667
51,WFAgent2,FEMALE_YOUNG,215,2236.0,2024,0.0
51,WFAgent3,FEMALE_YOUNG_HIGH_INCOME,24,256.0,228,31.57142857142857
52,SIAgent7,MALE_LOW_INCOME,349,3631.0,2886,0.0
52,SIAgent8,MALE_YOUNG,226,2353.0,226,2352.775211096176
52,SIAgent5,MALE_YOUNG_HIGH_INCOME,49,517.0,49,515.1128073276554
52,SIAgent6,MALE_YOUNG,226,2353.0,226,2352.9999999999964
52,SIAgent3,FEMALE_LOW_INCOME,421,4381.0,4185,0.0
52,SIAgent4,MALE_OLD_HIGH_INCOME,77,808.0,77,803.346456692914
52,SIAgent1,MALE_HIGH_INCOME,127,1325.0,1123,1124.4424778761047
52,SIAgent2,FEMALE_OLD_HIGH_INCOME,39,407.0,380,0.0
52,SIAgent0,YOUNG_LOW_INCOME,366,3816.0,366,3810.826136053878
52,WFAgent0,MALE_YOUNG_HIGH_INCOME,49,517.0,49,516.9999999999997
52,WFAgent1,MALE_YOUNG_LOW_INCOME,176,1836.0,176,1834.162338604378
52,WFAgent2,MALE_OLD,250,2603.0,0,0.0
52,WFAgent3,FEMALE_HIGH_INCOME,63,663.0,257,0.0
53,SIAgent7,FEMALE_YOUNG,215,2236.0,2019,0.0
53,SIAgent8,FEMALE_YOUNG_LOW_INCOME,190,1980.0,190,1976.0000000000068
53,SIAgent5,MALE_HIGH_INCOME,127,1325.0,366,1324.9999999999982
53,SIAgent6,MALE_YOUNG_LOW_INCOME,176,1836.0,176,1832.424778761059
53,SIAgent3,MALE_OLD_HIGH_INCOME,77,808.0,76,797.5064935064945
53,SIAgent4,OLD_LOW_INCOME,403,4196.0,3982,0.0
53,SIAgent1,FEMALE_OLD_LOW_INCOME,230,2401.0,230,2394.739454094291
53,SIAgent2,MALE_YOUNG,226,2353.0,1885,0.0
53,SIAgent0,FEMALE_YOUNG_HIGH_INCOME,24,256.0,24,249.60000000000008
53,WFAgent0,MALE_OLD_HIGH_INCOME,77,808.0,77,806.7912874527057
53,WFAgent1,MALE_LOW_INCOME,349,3631.0,0,0.0
53,WFAgent2,FEMALE_LOW_INCOME,421,4381.0,0,0.0
53,WFAgent3,MALE_HIGH_INCOME,127,1325.0,127,1324.8706013518208
54,SIAgent7,MALE_YOUNG,226,2353.0,226,2352.9999999999964
54,SIAgent8,MALE_YOUNG_HIGH_INCOME,49,517.0,49,511.85135135135107
54,SIAgent5,MALE_OLD,250,2603.0,2313,0.0
54,SIAgent6,YOUNG_HIGH_INCOME,74,773.0,664,678.9864864864861
54,SIAgent3,MALE_OLD_HIGH_INCOME,77,808.0,77,801.7240000000005
54,SIAgent4,FEMALE_YOUNG_HIGH_INCOME,24,256.0,24,250.70270270270262
54,SIAgent1,MALE_OLD_LOW_INCOME,172,1795.0,172,1790.8640000000037
54,SIAgent2,FEMALE_LOW_INCOME,421,4381.0,3863,4079.2209026128103
54,SIAgent0,YOUNG_LOW_INCOME,366,3816.0,366,3809.6461333109005
54,WFAgent0,MALE_YOUNG,226,2353.0,1379,2300.9424778761027
54,WFAgent1,MALE_YOUNG_HIGH_INCOME,49,517.0,49,511.85135135135107
54,WFAgent2,YOUNG_LOW_INCOME,366,3816.0,366,3808.6603325415526
54,WFAgent3,MALE_YOUNG_HIGH_INCOME,49,517.0,49,511.85135135135107
55,SIAgent7,OLD_LOW_INCOME,403,4196.0,860,4191.200000000022
55,SIAgent8,FEMALE_YOUNG_LOW_INCOME,190,1980.0,1763,1969.578947368423
55,SIAgent5,MALE_YOUNG_HIGH_INCOME,49,517.0,49,514.8985107556533
55,SIAgent6,YOUNG_HIGH_INCOME,74,773.0,92,772.4077463290067
55,SIAgent3,FEMALE_OLD_LOW_INCOME,230,2401.0,230,2394.739454094291
55,SIAgent4,MALE_HIGH_INCOME,127,1325.0,1215,0.0
55,SIAgent1,FEMALE_YOUNG_LOW_INCOME,190,1980.0,189,1969.578947368423
55,SIAgent2,FEMALE_OLD,270,2808.0,2167,415.9999999999997
55,SIAgent0,MALE_YOUNG_HIGH_INCOME,49,517.0,49,516.9999999999997
55,WFAgent0,YOUNG_LOW_INCOME,366,3816.0,1842,0.0
55,WFAgent1,FEMALE_OLD_HIGH_INCOME,39,407.0,39,405.59999999999974
55,WFAgent2,FEMALE_YOUNG_HIGH_INCOME,24,256.0,24,250.70270270270262
55,WFAgent3,FEMALE_LOW_INCOME,421,4381.0,0,0.0
56,SIAgent7,FEMALE_YOUNG_LOW_INCOME,190,1980.0,1563,1907.0526315789493
56,SIAgent8,FEMALE_YOUNG_LOW_INCOME,190,1980.0,189,1969.578947368423
56,SIAgent5,FEMALE_OLD,270,2808.0,393,2797.600000000014
56,SIAgent6,YOUNG_LOW_INCOME,366,3816.0,366,3814.6798964624404
56,SIAgent3,FEMALE_OLD,270,2808.0,269,2797.600000000014
56,SIAgent4,FEMALE_OLD_LOW_INCOME,230,2401.0,230,2392.0000000000105
56,SIAgent1,MALE_HIGH_INCOME,127,1325.0,613,1324.9999999999982
56,SIAgent2,FEMALE_HIGH_INCOME,63,663.0,124,662.9999999999998
56,SIAgent0,MALE_YOUNG_HIGH_INCOME,49,517.0,49,511.2204724409451
56,WFAgent0,FEMALE_HIGH_INCOME,63,663.0,63,662.0095238095234
56,WFAgent1,MALE_HIGH_INCOME,127,1325.0,335,1304.133858267715
56,WFAgent2,YOUNG_LOW_INCOME,366,3816.0,1758,1417.9672131147513
56,WFAgent3,OLD_HIGH_INCOME,116,1215.0,251,197.60000000000005
57,SIAgent7,MALE_YOUNG_HIGH_INCOME,49,517.0,49,511.85135135135107
57,SIAgent8,FEMALE_LOW_INCOME,421,4381.0,421,4378.400000000015
57,SIAgent5,MALE_OLD_HIGH_INCOME,77,808.0,790,0.0
57,SIAgent6,FEMALE_HIGH_INCOME,63,663.0,63,656.5783783783778
57,SIAgent3,OLD_LOW_INCOME,403,4196.0,403,4195.999999999968
57,SIAgent4,YOUNG_HIGH_INCOME,74,773.0,182,769.599999999999
57,SIAgent1,FEMALE_OLD,270,2808.0,2097,1986.400000000007
57,SIAgent2,OLD_LOW_INCOME,403,4196.0,412,4195.885302039897
57,SIAgent0,FEMALE_YOUNG,215,2236.0,269,2225.600000000009
57,WFAgent0,FEMALE_YOUNG,215,2236.0,1150,2215.200000000009
57,WFAgent1,MALE_OLD_HIGH_INCOME,77,808.0,0,0.0
57,WFAgent2,FEMALE_YOUNG,215,2236.0,214,2225.600000000009
57,WFAgent3,FEMALE_OLD,270,2808.0,203,2111.200000000008
58,SIAgent7,MALE_OLD_LOW_INCOME,172,1795.0,172,1790.8640000000037
58,SIAgent8,MALE_YOUNG_LOW_INCOME,176,1836.0,176,1831.106017191981
58,SIAgent5,MALE_OLD,250,2603.0,434,2601.0028653295185
58,SIAgent6,MALE_LOW_INCOME,349,3631.0,348,3620.59598853869
58,SIAgent3,MALE_YOUNG_HIGH_INCOME,49,517.0,49,510.1637168141589
58,SIAgent4,MALE_LOW_INCOME,349,3631.0,366,3620.59598853869
58,SIAgent1,FEMALE_OLD_LOW_INCOME,230,2401.0,230,2392.0000000000105
58,SIAgent2,FEMALE_YOUNG,215,2236.0,2277,0.0
58,SIAgent0,FEMALE_OLD,270,2808.0,2532,332.7999999999999
58,WFAgent0,MALE_YOUNG,226,2353.0,0,0.0
58,WFAgent1,MALE_HIGH_INCOME,127,1325.0,472,0.0
58,WFAgent2,FEMALE_OLD_HIGH_INCOME,39,407.0,39,405.59999999999974
58,WFAgent3,MALE_LOW_INCOME,349,3631.0,1240,2164.0343839541592
59,SIAgent7,MALE_HIGH_INCOME,127,1325.0,297,1322.2610619469008
59,SIAgent8,MALE_YOUNG,226,2353.0,226,2352.9999999999964
59,SIAgent5,MALE_OLD_HIGH_INCOME,77,808.0,77,803.346456692914
59,SIAgent6,FEMALE_LOW_INCOME,421,4381.0,1320,4380.9999999999945
59,SIAgent3,MALE_YOUNG,226,2353.0,227,2352.940056292311
59,SIAgent4,OLD_LOW_INCOME,403,4196.0,403,4193.327396225384
59,SIAgent1,FEMALE_OLD,270,2808.0,1675,405.59999999999974
59,SIAgent2,MALE_YOUNG_HIGH_INCOME,49,517.0,49,511.2204724409451
59,SIAgent0,MALE_LOW_INCOME,349,3631.0,2888,0.0
59,WFAgent0,FEMALE_LOW_INCOME,421,4381.0,421,4380.827078384772
59,WFAgent1,MALE_YOUNG_LOW_INCOME,176,1836.0,176,1832.424778761059
59,WFAgent2,FEMALE_OLD_HIGH_INCOME,39,407.0,39,405.59999999999974
59,WFAgent3,FEMALE_HIGH_INCOME,63,663.0,228,0.0
60,SIAgent7,OLD_HIGH_INCOME,116,1215.0,134,1204.5258620689667
60,SIAgent8,YOUNG_HIGH_INCOME,74,773.0,74,770.1637168141583
60,SIAgent5,FEMALE_YOUNG_LOW_INCOME,190,1980.0,190,1976.0000000000068
60,SIAgent6,MALE_YOUNG,226,2353.0,348,2352.9999999999964
60,SIAgent3,MALE_YOUNG_LOW_INCOME,176,1836.0,176,1832.424778761059
60,SIAgent4,OLD_HIGH_INCOME,116,1215.0,115,1204.5258620689667
60,SIAgent1,OLD_LOW_INCOME,403,4196.0,3702,2467.622828784116
60,SIAgent2,FEMALE_YOUNG,215,2236.0,1818,2194.4000000000087
60,SIAgent0,FEMALE_OLD_LOW_INCOME,230,2401.0,230,2394.739454094291
60,WFAgent0,OLD_HIGH_INCOME,116,1215.0,356,335.1724137931033
60,WFAgent1,FEMALE_YOUNG,215,2236.0,214,2225.600000000009
60,WFAgent2,FEMALE_OLD_LOW_INCOME,230,2401.0,230,2394.739454094291
60,WFAgent3,YOUNG_LOW_INCOME,366,3816.0,1425,2269.7079646017664
61,SIAgent7,FEMALE_HIGH_INCOME,63,663.0,63,655.1999999999992
61,SIAgent8,MALE_YOUNG,226,2353.0,226,2352.9999999999964
61,SIAgent5,FEMALE_OLD,270,2808.0,376,2797.600000000014
61,SIAgent6,MALE_YOUNG_HIGH_INCOME,49,517.0,49,511.2204724409451
61,SIAgent3,MALE_HIGH_INCOME,127,1325.0,440,1322.2610619469008
61,SIAgent4,FEMALE_YOUNG,215,2236.0,2059,0.0
61,SIAgent1,MALE_YOUNG,226,2353.0,226,2352.9999999999964
61,SIAgent2,MALE_YOUNG,226,2353.0,226,2352.9999999999964
61,SIAgent0,FEMALE_LOW_INCOME,421,4381.0,421,4378.400000000015
61,WFAgent0,MALE_OLD,250,2603.0,1816,0.0
61,WFAgent1,MALE_HIGH_INCOME,127,1325.0,306,156.1725663716814
61,WFAgent2,MALE_YOUNG,226,2353.0,1195,2228.0619469026515
61,WFAgent3,FEMALE_LOW_INCOME,421,4381.0,1828,2943.2000000000153
62,SIAgent7,FEMALE_YOUNG_HIGH_INCOME,24,256.0,24,255.9999999999999
62,SIAgent8,MALE_OLD_HIGH_INCOME,77,808.0,77,806.5086206896564
62,SIAgent5,FEMALE_OLD_LOW_INCOME,230,2401.0,2358,0.0
62,SIAgent6,MALE_YOUNG_LOW_INCOME,176,1836.0,176,1832.424778761059
62,SIAgent3,FEMALE_HIGH_INCOME,63,663.0,63,662.7768472906403
62,SIAgent4,FEMALE_YOUNG,215,2236.0,2144,0.0
62,SIAgent1,FEMALE_YOUNG_HIGH_INCOME,24,256.0,24,255.2857142857142
62,SIAgent2,OLD_HIGH_INCOME,116,1215.0,1032,0.0
62,SIAgent0,FEMALE_HIGH_INCOME,63,663.0,63,662.9999999999998
62,WFAgent0,MALE_LOW_INCOME,349,3631.0,0,0.0
62,WFAgent1,MALE_YOUNG,226,2353.0,515,0.0
62,WFAgent2,MALE_LOW_INCOME,349,3631.0,1498,0.0
62,WFAgent3,MALE_YOUNG_LOW_INCOME,176,1836.0,176,1831.106017191981
63,SIAgent7,FEMALE_OLD_HIGH_INCOME,39,407.0,38,396.5641025641028
63,SIAgent8,YOUNG_LOW_INCOME,366,3816.0,366,3808.5513274336367
63,SIAgent5,MALE_YOUNG,226,2353.0,226,2352.9999999999964
63,SIAgent6,MALE_OLD,250,2603.0,2355,0.0
63,SIAgent3,FEMALE_YOUNG,215,2236.0,2018,145.60000000000002
63,SIAgent4,MALE_HIGH_INCOME,127,1325.0,127,1322.2992212389386
63,SIAgent1,MALE_YOUNG,226,2353.0,236,2352.9999999999964
63,SIAgent2,MALE_OLD_LOW_INCOME,172,1795.0,172,1790.8640000000037
63,SIAgent0,FEMALE_OLD_LOW_INCOME,230,2401.0,2409,0.0
63,WFAgent0,FEMALE_OLD_LOW_INCOME,230,2401.0,0,0.0
63,WFAgent1,FEMALE_YOUNG_HIGH_INCOME,24,256.0,24,249.60000000000008
63,WFAgent2,FEMALE_OLD_HIGH_INCOME,39,407.0,373,344.38461538461553
63,WFAgent3,MALE_YOUNG,226,2353.0,1295,1436.787610619467
64,SIAgent7,MALE_YOUNG_HIGH_INCOME,49,517.0,528,0.0
64,SIAgent8,FEMALE_YOUNG_LOW_INCOME,190,1980.0,1619,0.0
64,SIAgent5,FEMALE_OLD_LOW_INCOME,230,2401.0,230,2400.755022116728
64,SIAgent6,FEMALE_OLD,270,2808.0,1891,0.0
64,SIAgent3,OLD_LOW_INCOME,403,4196.0,948,4191.200000000022
64,SIAgent4,MALE_OLD_HIGH_INCOME,77,808.0,76,797.5064935064945
64,SIAgent1,YOUNG_LOW_INCOME,366,3816.0,739,3814.1052631578605
64,SIAgent2,MALE_OLD_LOW_INCOME,172,1795.0,172,1790.848635235736
64,SIAgent0,MALE_OLD_HIGH_INCOME,77,808.0,735,650.5974025974033
64,WFAgent0,MALE_OLD,250,2603.0,0,0.0
64,WFAgent1,FEMALE_OLD_LOW_INCOME,230,2401.0,230,2400.999999999998
64,WFAgent2,FEMALE_HIGH_INCOME,63,663.0,231,0.0
64,WFAgent3,OLD_LOW_INCOME,403,4196.0,1131,0.0
65,SIAgent7,OLD_HIGH_INCOME,116,1215.0,116,1210.507571168989
65,SIAgent8,OLD_LOW_INCOME,403,4196.0,420,4193.6888361045
65,SIAgent5,MALE_YOUNG_LOW_INCOME,176,1836.0,176,1831.106017191981
65,SIAgent6,MALE_OLD_HIGH_INCOME,77,808.0,77,807.8644200626971
65,SIAgent3,FEMALE_OLD_HIGH_INCOME,39,407.0,296,0.0
65,SIAgent4,MALE_HIGH_INCOME,127,1325.0,1080,406.88976377952764
65,SIAgent1,MALE_OLD_HIGH_INCOME,77,808.0,76,797.5064935064945
65,SIAgent2,MALE_OLD,250,2603.0,250,2602.9776674937907
65,SIAgent0,FEMALE_LOW_INCOME,421,4381.0,4064,0.0
65,WFAgent0,MALE_LOW_INCOME,349,3631.0,1223,3433.3237822349647
65,WFAgent1,YOUNG_LOW_INCOME,366,3816.0,366,3807.8681948424155
65,WFAgent2,MALE_YOUNG_HIGH_INCOME,49,517.0,49,511.2204724409451
65,WFAgent3,MALE_LOW_INCOME,349,3631.0,0,0.0
66,SIAgent7,FEMALE_OLD,270,2808.0,269,2797.600000000014
66,SIAgent8,MALE_YOUNG_HIGH_INCOME,49,517.0,49,516.9999999999997
66,SIAgent5,MALE_OLD_LOW_INCOME,172,1795.0,172,1794.1030185913214
66,SIAgent6,MALE_HIGH_INCOME,127,1325.0,1084,0.0
66,SIAgent3,YOUNG_HIGH_INCOME,74,773.0,146,772.0472440944887
66,SIAgent4,MALE_YOUNG_HIGH_INCOME,49,517.0,49,516.5797021511304
66,SIAgent1,OLD_LOW_INCOME,403,4196.0,403,4191.200000000022
66,SIAgent2,MALE_LOW_INCOME,349,3631.0,3219,2028.7822349570245
66,SIAgent0,MALE_OLD_LOW_INCOME,172,1795.0,172,1794.9999999999955
66,WFAgent0,FEMALE_OLD,270,2808.0,2175,2496.0000000000114
66,WFAgent1,FEMALE_OLD,270,2808.0,0,0.0
66,WFAgent2,FEMALE_YOUNG_LOW_INCOME,190,1980.0,1906,0.0
66,WFAgent3,MALE_YOUNG_LOW_INCOME,176,1836.0,176,1831.106017191981
67,SIAgent7,MALE_OLD_HIGH_INCOME,77,808.0,77,807.3352080989886
67,SIAgent8,FEMALE_YOUNG_LOW_INCOME,190,1980.0,1574,0.0
67,SIAgent5,YOUNG_LOW_INCOME,366,3816.0,534,3814.1052631578605
67,SIAgent6,MALE_HIGH_INCOME,127,1325.0,1016,0.0
67,SIAgent3,YOUNG_HIGH_INCOME,74,773.0,84,772.9999999999995
67,SIAgent4,MALE_OLD_HIGH_INCOME,77,808.0,76,797.5064935064945
67,SIAgent1,MALE_OLD_LOW_INCOME,172,1795.0,1843,0.0
67,SIAgent2,MALE_YOUNG_LOW_INCOME,176,1836.0,176,1835.0163934426187
67,SIAgent0,YOUNG_HIGH_INCOME,74,773.0,74,772.9999999999995
67,WFAgent0,FEMALE_OLD_HIGH_INCOME,39,407.0,401,0.0
67,WFAgent1,YOUNG_HIGH_INCOME,74,773.0,74,772.9098744413702
67,WFAgent2,FEMALE_OLD,270,2808.0,0,0.0
67,WFAgent3,FEMALE_YOUNG_HIGH_INCOME,24,256.0,24,250.70270270270262
68,SIAgent7,YOUNG_HIGH_INCOME,74,773.0,74,772.0472440944887
68,SIAgent8,FEMALE_HIGH_INCOME,63,663.0,642,355.162162162162
68,SIAgent5,MALE_OLD_HIGH_INCOME,77,808.0,77,803.346456692914
68,SIAgent6,FEMALE_YOUNG_LOW_INCOME,190,1980.0,190,1977.1733966745778
68,SIAgent3,MALE_OLD_LOW_INCOME,172,1795.0,172,1790.8640000000037
68,SIAgent4,MALE_HIGH_INCOME,127,1325.0,162,1324.8735748031486
68,SIAgent1,MALE_HIGH_INCOME,127,1325.0,127,1324.9999999999982
68,SIAgent2,FEMALE_LOW_INCOME,421,4381.0,4082,0.0
68,SIAgent0,MALE_OLD,250,2603.0,2234,0.0
68,WFAgent0,MALE_YOUNG_LOW_INCOME,176,1836.0,1836,0.0
68,WFAgent1,YOUNG_HIGH_INCOME,74,773.0,0,0.0
68,WFAgent2,MALE_OLD_HIGH_INCOME,77,808.0,77,803.346456692914
68,WFAgent3,FEMALE_OLD_HIGH_INCOME,39,407.0,0,0.0
69,SIAgent7,FEMALE_YOUNG_HIGH_INCOME,24,256.0,263,0.0
69,SIAgent8,MALE_OLD,250,2603.0,250,2602.999106699746
69,SIAgent5,FEMALE_LOW_INCOME,421,4381.0,3283,4245.71971496436
69,SIAgent6,MALE_OLD_HIGH_INCOME,77,808.0,77,807.5924675324686
69,SIAgent3,FEMALE_LOW_INCOME,421,4381.0,421,4380.9999999999945
69,SIAgent4,OLD_LOW_INCOME,403,4196.0,424,4193.6888361045
69,SIAgent1,MALE_OLD_HIGH_INCOME,77,808.0,76,797.5064935064945
69,SIAgent2,FEMALE_OLD_LOW_INCOME,230,2401.0,230,2394.739454094291
69,SIAgent0,FEMALE_OLD_HIGH_INCOME,39,407.0,410,0.0
69,WFAgent0,YOUNG_HIGH_INCOME,74,773.0,554,0.0
69,WFAgent1,OLD_HIGH_INCOME,116,1215.0,609,218.65200000000007
69,WFAgent2,MALE_OLD,250,2603.0,250,2602.999999999994
69,WFAgent3,YOUNG_LOW_INCOME,366,3816.0,1851,0.0
70,SIAgent7,MALE_OLD,250,2603.0,395,2601.0028653295185
70,SIAgent8,FEMALE_OLD,270,2808.0,2663,0.0
70,SIAgent5,OLD_HIGH_INCOME,116,1215.0,116,1212.629089301505
70,SIAgent6,MALE_LOW_INCOME,349,3631.0,2309,0.0
70,SIAgent3,MALE_YOUNG_LOW_INCOME,176,1836.0,176,1835.994411326381
70,SIAgent4,YOUNG_LOW_INCOME,366,3816.0,1136,3807.8681948424155
70,SIAgent1,MALE_OLD_LOW_INCOME,172,1795.0,172,1794.9999999999955
70,SIAgent2,MALE_YOUNG_LOW_INCOME,176,1836.0,175,1825.5681818181843
70,SIAgent0,FEMALE_OLD_HIGH_INCOME,39,407.0,39,405.59999999999974
70,WFAgent0,FEMALE_LOW_INCOME,421,4381.0,1237,0.0
70,WFAgent1,MALE_OLD_LOW_INCOME,172,1795.0,172,1794.086232558138
70,WFAgent2,MALE_YOUNG,226,2353.0,497,0.0
70,WFAgent3,MALE_OLD_HIGH_INCOME,77,808.0,77,805.2658620689664
71,SIAgent7,FEMALE_YOUNG_HIGH_INCOME,24,256.0,24,252.5714285714285
71,SIAgent8,FEMALE_OLD,270,2808.0,982,2797.600000000014
71,SIAgent5,MALE_OLD,250,2603.0,2182,0.0
71,SIAgent6,MALE_OLD_LOW_INCOME,172,1795.0,172,1794.9999999999955
71,SIAgent3,FEMALE_YOUNG_LOW_INCOME,190,1980.0,189,1969.578947368423
71,SIAgent4,FEMALE_HIGH_INCOME,63,663.0,114,662.9999999999998
71,SIAgent1,MALE_OLD_LOW_INCOME,172,1795.0,172,1794.9519069767398
71,SIAgent2,FEMALE_OLD,270,2808.0,269,2797.600000000014
71,SIAgent0,OLD_HIGH_INCOME,116,1215.0,116,1207.7920000000017
71,WFAgent0,FEMALE_YOUNG_LOW_INCOME,190,1980.0,1877,1927.8947368421072
71,WFAgent1,FEMALE_HIGH_INCOME,63,663.0,63,660.6476190476185
71,WFAgent2,FEMALE_LOW_INCOME,421,4381.0,0,0.0
71,WFAgent3,OLD_HIGH_INCOME,116,1215.0,234,384.7999999999998
72,SIAgent7,MALE_YOUNG_LOW_INCOME,176,1836.0,1893,0.0
72,SIAgent8,FEMALE_YOUNG_LOW_INCOME,190,1980.0,190,1979.4947368421092
72,SIAgent5,MALE_OLD_LOW_INCOME,172,1795.0,1821,0.0
72,SIAgent6,YOUNG_HIGH_INCOME,74,773.0,239,769.599999999999
72,SIAgent3,OLD_HIGH_INCOME,116,1215.0,569,1204.5258620689667
72,SIAgent4,FEMALE_YOUNG_LOW_INCOME,190,1980.0,189,1969.578947368423
72,SIAgent1,FEMALE_YOUNG,215,2236.0,214,2225.600000000009
72,SIAgent2,FEMALE_YOUNG_LOW_INCOME,190,1980.0,189,1969.578947368423
72,SIAgent0,FEMALE_YOUNG,215,2236.0,1332,2194.4000000000087
72,WFAgent0,MALE_YOUNG,226,2353.0,0,0.0
72,WFAgent1,FEMALE_YOUNG,215,2236.0,0,0.0
72,WFAgent2,OLD_HIGH_INCOME,116,1215.0,296,1099.7844827586225
72,WFAgent3,FEMALE_OLD_LOW_INCOME,230,2401.0,2385,0.0
73,SIAgent7,FEMALE_YOUNG_LOW_INCOME,190,1980.0,1774,0.0
73,SIAgent8,MALE_OLD,250,2603.0,432,2602.4168366762233
73,SIAgent5,YOUNG_HIGH_INCOME,74,773.0,121,770.4513274336274
73,SIAgent6,MALE_YOUNG,226,2353.0,226,2352.9925070365357
73,SIAgent3,MALE_YOUNG,226,2353.0,226,2352.9999999999964
73,SIAgent4,YOUNG_LOW_INCOME,366,3816.0,366,3812.300652072638
73,SIAgent1,MALE_YOUNG,226,2353.0,226,2352.9999999999964
73,SIAgent2,MALE_LOW_INCOME,349,3631.0,2189,3620.59598853869
73,SIAgent0,MALE_LOW_INCOME,349,3631.0,348,3620.59598853869
73,WFAgent0,MALE_HIGH_INCOME,127,1325.0,358,416.4601769911502
73,WFAgent1,MALE_OLD_LOW_INCOME,172,1795.0,172,1790.8640000000037
73,WFAgent2,OLD_HIGH_INCOME,116,1215.0,404,0.0
73,WFAgent3,MALE_OLD,250,2603.0,651,0.0
74,SIAgent7,MALE_OLD,250,2603.0,250,2602.999999999994
74,SIAgent8,MALE_YOUNG,226,2353.0,1976,1749.1327433628292
74,SIAgent5,FEMALE_OLD_HIGH_INCOME,39,407.0,38,396.5641025641028
74,SIAgent6,YOUNG_HIGH_INCOME,74,773.0,74,772.9999999999995
74,SIAgent3,MALE_OLD_HIGH_INCOME,77,808.0,77,801.7240000000005
74,SIAgent4,FEMALE_OLD_LOW_INCOME,230,2401.0,2457,0.0
74,SIAgent1,MALE_OLD,250,2603.0,2164,2248.9920000000006
74,SIAgent2,YOUNG_HIGH_INCOME,74,773.0,76,772.6555847883276
74,SIAgent0,MALE_OLD_LOW_INCOME,172,1795.0,172,1790.8640000000037
74,WFAgent0,FEMALE_YOUNG,215,2236.0,1961,0.0
74,WFAgent1,FEMALE_HIGH_INCOME,63,663.0,351,480.0512820512825
74,WFAgent2,FEMALE_YOUNG_HIGH_INCOME,24,256.0,24,250.70270270270262
74,WFAgent3,MALE_YOUNG_LOW_INCOME,176,1836.0,176,1832.424778761059
75,SIAgent7,MALE_OLD,250,2603.0,2066,2071.988000000004
75,SIAgent8,FEMALE_YOUNG_HIGH_INCOME,24,256.0,24,249.60000000000008
75,SIAgent5,MALE_HIGH_INCOME,127,1325.0,324,1322.3240000000021
75,SIAgent6,FEMALE_LOW_INCOME,421,4381.0,421,4379.196674584333
75,SIAgent3,FEMALE_OLD,270,2808.0,2197,2631.2000000000126
75,SIAgent4,MALE_OLD_HIGH_INCOME,77,808.0,77,807.1539012168943
75,SIAgent1,FEMALE_OLD,270,2808.0,269,2797.600000000014
75,SIAgent2,MALE_OLD_HIGH_INCOME,77,808.0,76,797.5064935064945
75,SIAgent0,MALE_OLD_HIGH_INCOME,77,808.0,76,797.5064935064945
75,WFAgent0,MALE_OLD_LOW_INCOME,172,1795.0,172,1790.8640000000037
75,WFAgent1,FEMALE_YOUNG,215,2236.0,0,0.0
75,WFAgent2,FEMALE_YOUNG_LOW_INCOME,190,1980.0,1880,1363.2090261282624
75,WFAgent3,YOUNG_HIGH_INCOME,74,773.0,231,0.0
76,SIAgent7,MALE_OLD,250,2603.0,2463,0.0
76,SIAgent8,FEMALE_OLD_LOW_INCOME,230,2401.0,2389,0.0
76,SIAgent5,MALE_YOUNG,226,2353.0,2139,1374.3185840707945
76,SIAgent6,YOUNG_HIGH_INCOME,74,773.0,74,770.9679502511352
76,SIAgent3,OLD_HIGH_INCOME,116,1215.0,116,1209.9668275862082
76,SIAgent4,FEMALE_OLD_HIGH_INCOME,39,407.0,269,0.0
76,SIAgent1,MALE_OLD_HIGH_INCOME,77,808.0,77,806.5086206896564
76,SIAgent2,FEMALE_YOUNG_LOW_INCOME,190,1980.0,1950,0.0
76,SIAgent0,MALE_YOUNG_HIGH_INCOME,49,517.0,49,511.85135135135107
76,WFAgent0,FEMALE_YOUNG_HIGH_INCOME,24,256.0,24,250.70270270270262
76,WFAgent1,OLD_HIGH_INCOME,116,1215.0,116,1212.323165340408
76,WFAgent2,MALE_HIGH_INCOME,127,1325.0,127,1322.2610619469008
76,WFAgent3,FEMALE_HIGH_INCOME,63,663.0,207,135.79729729729732
77,SIAgent7,MALE_YOUNG_HIGH_INCOME,49,517.0,508,0.0
77,SIAgent8,FEMALE_OLD,270,2808.0,2481,0.0
77,SIAgent5,FEMALE_LOW_INCOME,421,4381.0,421,4378.400000000015
77,SIAgent6,FEMALE_YOUNG,215,2236.0,2020,0.0
77,SIAgent3,MALE_YOUNG_LOW_INCOME,176,1836.0,175,1825.5681818181843
77,SIAgent4,MALE_OLD,250,2603.0,2589,0.0
77,SIAgent1,FEMALE_OLD_HIGH_INCOME,39,407.0,39,406.5692307692305
77,SIAgent2,MALE_OLD_HIGH_INCOME,77,808.0,77,801.7240000000005
77,SIAgent0,MALE_YOUNG_LOW_INCOME,176,1836.0,176,1835.7775462360012
77,WFAgent0,FEMALE_OLD_HIGH_INCOME,39,407.0,38,396.5641025641028
77,WFAgent1,YOUNG_LOW_INCOME,366,3816.0,1476,0.0
77,WFAgent2,MALE_HIGH_INCOME,127,1325.0,0,0.0
77,WFAgent3,MALE_LOW_INCOME,349,3631.0,0,0.0
78,SIAgent7,YOUNG_HIGH_INCOME,74,773.0,74,772.9999999999995
78,SIAgent8,MALE_OLD_HIGH_INCOME,77,808.0,77,803.346456692914
78,SIAgent5,MALE_HIGH_INCOME,127,1325.0,480,1322.2610619469008
78,SIAgent6,MALE_OLD_LOW_INCOME,172,1795.0,1778,0.0
78,SIAgent3,YOUNG_LOW_INCOME,366,3816.0,366,3808.0262295082116
78,SIAgent4,MALE_YOUNG,226,2353.0,1483,0.0
78,SIAgent1,MALE_YOUNG_HIGH_INCOME,49,517.0,49,511.85135135135107
78,SIAgent2,YOUNG_HIGH_INCOME,74,773.0,74,772.9871249201954
78,SIAgent0,MALE_YOUNG_LOW_INCOME,176,1836.0,176,1835.0163934426187
78,WFAgent0,FEMALE_YOUNG_LOW_INCOME,190,1980.0,1678,0.0
78,WFAgent1,FEMALE_YOUNG,215,2236.0,0,0.0
78,WFAgent2,YOUNG_LOW_INCOME,366,3816.0,366,3811.4352241404263
78,WFAgent3,FEMALE_YOUNG_HIGH_INCOME,24,256.0,204,250.70270270270262
79,SIAgent7,MALE_OLD_LOW_INCOME,172,1795.0,172,1794.1824186046492
79,SIAgent8,OLD_LOW_INCOME,403,4196.0,481,4195.999999999968
79,SIAgent5,MALE_OLD,250,2603.0,471,2602.9776674937907
79,SIAgent6,MALE_OLD_HIGH_INCOME,77,808.0,77,801.7240000000005
79,SIAgent3,YOUNG_HIGH_INCOME,74,773.0,764,0.0
79,SIAgent4,MALE_OLD_LOW_INCOME,172,1795.0,172,1794.9999999999955
79,SIAgent1,MALE_LOW_INCOME,349,3631.0,2033,0.0
79,SIAgent2,MALE_YOUNG_LOW_INCOME,176,1836.0,176,1832.424778761059
79,SIAgent0,OLD_LOW_INCOME,403,4196.0,403,4195.999999999968
79,WFAgent0,OLD_LOW_INCOME,403,4196.0,403,4192.8798125804415
79,WFAgent1,MALE_YOUNG,226,2353.0,0,0.0
79,WFAgent2,YOUNG_LOW_INCOME,366,3816.0,366,3807.8681948424155
79,WFAgent3,FEMALE_YOUNG_LOW_INCOME,190,1980.0,2035,0.0
80,SIAgent7,YOUNG_LOW_INCOME,366,3816.0,759,3810.61061946902
80,SIAgent8,MALE_HIGH_INCOME,127,1325.0,127,1322.2610619469008
80,SIAgent5,MALE_OLD_HIGH_INCOME,77,808.0,76,797.5064935064945
80,SIAgent6,MALE_YOUNG,226,2353.0,1881,0.0
80,SIAgent3,FEMALE_YOUNG_HIGH_INCOME,24,256.0,249,0.0
80,SIAgent4,OLD_LOW_INCOME,403,4196.0,403,4195.999999999968
80,SIAgent1,MALE_OLD_HIGH_INCOME,77,808.0,77,807.6319973130334
80,SIAgent2,OLD_LOW_INCOME,403,4196.0,482,4195.999999999968
80,SIAgent0,OLD_HIGH_INCOME,116,1215.0,1150,344.29133858267716
80,WFAgent0,FEMALE_OLD_HIGH_INCOME,39,407.0,0,0.0
80,WFAgent1,MALE_LOW_INCOME,349,3631.0,0,0.0
80,WFAgent2,YOUNG_LOW_INCOME,366,3816.0,1535,0.0
80,WFAgent3,OLD_LOW_INCOME,403,4196.0,1519,1957.4392059553395
81,SIAgent7,MALE_YOUNG_LOW_INCOME,176,1836.0,175,1825.5681818181843
81,SIAgent8,YOUNG_LOW_INCOME,366,3816.0,366,3808.6603325415526
81,SIAgent5,MALE_YOUNG_LOW_INCOME,176,1836.0,176,1835.8938152011929
81,SIAgent6,MALE_YOUNG,226,2353.0,226,2352.9925070365357
81,SIAgent3,FEMALE_YOUNG,215,2236.0,1435,0.0
81,SIAgent4,MALE_YOUNG,226,2353.0,226,2352.9999999999964
81,SIAgent1,MALE_LOW_INCOME,349,3631.0,2728,0.0
81,SIAgent2,OLD_LOW_INCOME,403,4196.0,403,4193.290602944276
81,SIAgent0,FEMALE_LOW_INCOME,421,4381.0,1132,4378.400000000015
81,WFAgent0,MALE_YOUNG_LOW_INCOME,176,1836.0,176,1832.424778761059
81,WFAgent1,MALE_OLD_HIGH_INCOME,77,808.0,754,0.0
81,WFAgent2,MALE_LOW_INCOME,349,3631.0,0,0.0
81,WFAgent3,MALE_YOUNG_HIGH_INCOME,49,517.0,49,510.1637168141589
82,SIAgent7,FEMALE_YOUNG_HIGH_INCOME,24,256.0,264,0.0
82,SIAgent8,YOUNG_LOW_INCOME,366,3816.0,366,3809.5981754356353
82,SIAgent5,MALE_OLD_LOW_INCOME,172,1795.0,172,1790.8640000000037
82,SIAgent6,MALE_YOUNG,226,2353.0,1837,2144.7699115044215
82,SIAgent3,FEMALE_OLD_HIGH_INCOME,39,407.0,392,0.0
82,SIAgent4,MALE_OLD_HIGH_INCOME,77,808.0,77,801.7240000000005
82,SIAgent1,FEMALE_LOW_INCOME,421,4381.0,4030,2487.0760095011788
82,SIAgent2,MALE_OLD,250,2603.0,2241,1176.5560000000016
82,SIAgent0,MALE_YOUNG_HIGH_INCOME,49,517.0,49,510.1637168141589
82,WFAgent0,OLD_HIGH_INCOME,116,1215.0,116,1207.7920000000017
82,WFAgent1,FEMALE_OLD_LOW_INCOME,230,2401.0,230,2393.4204275534357
82,WFAgent2,MALE_YOUNG,226,2353.0,226,2352.9999999999964
82,WFAgent3,MALE_LOW_INCOME,349,3631.0,0,0.0
83,SIAgent7,FEMALE_HIGH_INCOME,63,663.0,63,662.9999999999998
83,SIAgent8,MALE_YOUNG_HIGH_INCOME,49,517.0,49,510.1637168141589
83,SIAgent5,FEMALE_YOUNG,215,2236.0,1835,1986.400000000007
83,SIAgent6,FEMALE_HIGH_INCOME,63,663.0,64,662.9999999999998
83,SIAgent3,OLD_LOW_INCOME,403,4196.0,3763,4175.176178660017
83,SIAgent4,OLD_LOW_INCOME,403,4196.0,403,4195.999999999968
83,SIAgent1,YOUNG_LOW_INCOME,366,3816.0,366,3808.4362831858493
83,SIAgent2,MALE_YOUNG,226,2353.0,2146,0.0
83,SIAgent0,FEMALE_YOUNG_HIGH_INCOME,24,256.0,24,252.5714285714285
83,WFAgent0,FEMALE_YOUNG_LOW_INCOME,190,1980.0,190,1976.0000000000068
83,WFAgent1,MALE_OLD_HIGH_INCOME,77,808.0,76,797.5064935064945
83,WFAgent2,MALE_OLD_HIGH_INCOME,77,808.0,705,629.6103896103903
83,WFAgent3,MALE_OLD,250,2603.0,0,0.0
84,SIAgent7,MALE_OLD_LOW_INCOME,172,1795.0,172,1794.6379623752057
84,SIAgent8,MALE_OLD_LOW_INCOME,172,1795.0,172,1794.9999999999955
84,SIAgent5,FEMALE_OLD_HIGH_INCOME,39,407.0,39,405.59999999999974
84,SIAgent6,MALE_OLD_HIGH_INCOME,77,808.0,811,0.0
84,SIAgent3,MALE_YOUNG_LOW_INCOME,176,1836.0,175,1825.5681818181843
84,SIAgent4,FEMALE_OLD,270,2808.0,1963,0.0
84,SIAgent1,FEMALE_YOUNG_HIGH_INCOME,24,256.0,24,249.60000000000008
84,SIAgent2,OLD_LOW_INCOME,403,4196.0,663,4194.272952853599
84,SIAgent0,FEMALE_YOUNG,215,2236.0,2209,0.0
84,WFAgent0,YOUNG_LOW_INCOME,366,3816.0,0,0.0
84,WFAgent1,FEMALE_OLD_LOW_INCOME,230,2401.0,230,2394.739454094291
84,WFAgent2,FEMALE_OLD_LOW_INCOME,230,2401.0,230,2394.739454094291
84,WFAgent3,MALE_YOUNG_LOW_INCOME,176,1836.0,1624,1648.227272727274
85,SIAgent7,MALE_OLD_HIGH_INCOME,77,808.0,76,797.5064935064945
85,SIAgent8,YOUNG_LOW_INCOME,366,3816.0,366,3814.4106988783196
85,SIAgent5,MALE_YOUNG_LOW_INCOME,176,1836.0,176,1835.0163934426187
85,SIAgent6,MALE_YOUNG_HIGH_INCOME,49,517.0,49,511.85135135135107
85,SIAgent3,FEMALE_OLD_HIGH_INCOME,39,407.0,403,0.0
85,SIAgent4,MALE_OLD_HIGH_INCOME,77,808.0,77,807.4560793537181
85,SIAgent1,FEMALE_YOUNG_LOW_INCOME,190,1980.0,1661,0.0
85,SIAgent2,YOUNG_HIGH_INCOME,74,773.0,156,772.6394977654821
85,SIAgent0,MALE_HIGH_INCOME,127,1325.0,915,1137.2047244094488
85,WFAgent0,YOUNG_LOW_INCOME,366,3816.0,1613,531.7377049180332
85,WFAgent1,MALE_YOUNG_HIGH_INCOME,49,517.0,49,511.85135135135107
85,WFAgent2,OLD_HIGH_INCOME,116,1215.0,116,1210.2362204724402
85,WFAgent3,MALE_LOW_INCOME,349,3631.0,0,0.0
86,SIAgent7,FEMALE_LOW_INCOME,421,4381.0,421,4380.9999999999945
86,SIAgent8,FEMALE_LOW_INCOME,421,4381.0,500,4380.9999999999945
86,SIAgent5,FEMALE_YOUNG_HIGH_INCOME,24,256.0,228,0.0
86,SIAgent6,MALE_OLD_HIGH_INCOME,77,808.0,77,803.346456692914
86,SIAgent3,MALE_LOW_INCOME,349,3631.0,3340,1789.4899713467087
86,SIAgent4,FEMALE_OLD,270,2808.0,2222,0.0
86,SIAgent1,FEMALE_OLD_HIGH_INCOME,39,407.0,39,406.2102564102561
86,SIAgent2,MALE_HIGH_INCOME,127,1325.0,1136,1178.9370078740153
86,SIAgent0,MALE_HIGH_INCOME,127,1325.0,127,1324.9999999999982
86,WFAgent0,FEMALE_OLD_LOW_INCOME,230,2401.0,230,2393.1363420427533
86,WFAgent1,MALE_YOUNG_LOW_INCOME,176,1836.0,176,1831.106017191981
86,WFAgent2,FEMALE_OLD_HIGH_INCOME,39,407.0,38,396.5641025641028
86,WFAgent3,MALE_OLD,250,2603.0,0,0.0
87,SIAgent7,FEMALE_LOW_INCOME,421,4381.0,4205,0.0
87,SIAgent8,YOUNG_HIGH_INCOME,74,773.0,545,678.9864864864861
87,SIAgent5,MALE_OLD_HIGH_INCOME,77,808.0,817,0.0
87,SIAgent6,YOUNG_HIGH_INCOME,74,773.0,74,772.9999999999995
87,SIAgent3,FEMALE_YOUNG_LOW_INCOME,190,1980.0,190,1977.1733966745778
87,SIAgent4,MALE_LOW_INCOME,349,3631.0,3580,0.0
87,SIAgent1,FEMALE_OLD_HIGH_INCOME,39,407.0,417,0.0
87,SIAgent2,MALE_YOUNG_HIGH_INCOME,49,517.0,49,511.85135135135107
87,SIAgent0,YOUNG_HIGH_INCOME,74,773.0,74,772.9999999999995
87,WFAgent0,MALE_YOUNG,226,2353.0,0,0.0
87,WFAgent1,FEMALE_OLD,270,2808.0,0,0.0
87,WFAgent2,MALE_YOUNG_HIGH_INCOME,49,517.0,49,511.85135135135107
87,WFAgent3,FEMALE_YOUNG,215,2236.0,0,0.0
88,SIAgent7,FEMALE_YOUNG_LOW_INCOME,190,1980.0,190,1979.880985123142
88,SIAgent8,MALE_YOUNG,226,2353.0,2414,0.0
88,SIAgent5,FEMALE_YOUNG_HIGH_INCOME,24,256.0,179,223.99999999999991
88,SIAgent6,FEMALE_YOUNG_HIGH_INCOME,24,256.0,24,255.9999999999999
88,SIAgent3,FEMALE_YOUNG_LOW_INCOME,190,1980.0,189,1969.578947368423
88,SIAgent4,OLD_HIGH_INCOME,116,1215.0,212,1207.7920000000017
88,SIAgent1,MALE_OLD_HIGH_INCOME,77,808.0,77,806.5086206896564
88,SIAgent2,MALE_OLD,250,2603.0,2443,0.0
88,SIAgent0,FEMALE_LOW_INCOME,421,4381.0,3675,3028.197149643694
88,WFAgent0,FEMALE_OLD_LOW_INCOME,230,2401.0,230,2393.4204275534357
88,WFAgent1,FEMALE_YOUNG_HIGH_INCOME,24,256.0,24,255.9999999999999
88,WFAgent2,FEMALE_YOUNG_HIGH_INCOME,24,256.0,24,255.9999999999999
88,WFAgent3,FEMALE_OLD_HIGH_INCOME,39,407.0,319,0.0
89,SIAgent7,MALE_OLD,250,2603.0,367,2602.9776674937907
89,SIAgent8,YOUNG_LOW_INCOME,366,3816.0,755,3814.1052631578605
89,SIAgent5,OLD_LOW_INCOME,403,4196.0,599,4193.6888361045
89,SIAgent6,MALE_YOUNG_HIGH_INCOME,49,517.0,496,485.34693877550984
89,SIAgent3,FEMALE_LOW_INCOME,421,4381.0,3128,0.0
89,SIAgent4,FEMALE_HIGH_INCOME,63,663.0,638,0.0
89,SIAgent1,FEMALE_YOUNG_HIGH_INCOME,24,256.0,24,255.2857142857142
89,SIAgent2,FEMALE_OLD_LOW_INCOME,230,2401.0,230,2394.739454094291
89,SIAgent0,FEMALE_YOUNG_LOW_INCOME,190,1980.0,190,1977.1733966745778
89,WFAgent0,MALE_OLD,250,2603.0,704,0.0
89,WFAgent1,MALE_YOUNG_HIGH_INCOME,49,517.0,49,516.9999999999997
89,WFAgent2,FEMALE_YOUNG_HIGH_INCOME,24,256.0,24,255.9999999999999
89,WFAgent3,YOUNG_LOW_INCOME,366,3816.0,1468,0.0
90,SIAgent7,FEMALE_YOUNG,215,2236.0,1978,0.0
90,SIAgent8,MALE_YOUNG_HIGH_INCOME,49,517.0,49,516.9999999999997
90,SIAgent5,FEMALE_YOUNG_HIGH_INCOME,24,256.0,24,249.60000000000008
90,SIAgent6,MALE_OLD_HIGH_INCOME,77,808.0,77,803.346456692914
90,SIAgent3,FEMALE_OLD_HIGH_INCOME,39,407.0,405,0.0
90,SIAgent4,MALE_OLD,250,2603.0,250,2601.0028653295185
90,SIAgent1,YOUNG_LOW_INCOME,366,3816.0,366,3807.0819484240856
90,SIAgent2,MALE_HIGH_INCOME,127,1325.0,388,1323.946456692911
90,SIAgent0,MALE_LOW_INCOME,349,3631.0,3232,0.0
90,WFAgent0,FEMALE_OLD_LOW_INCOME,230,2401.0,2375,0.0
90,WFAgent1,FEMALE_LOW_INCOME,421,4381.0,0,0.0
90,WFAgent2,MALE_HIGH_INCOME,127,1325.0,360,699.0157480314965
90,WFAgent3,MALE_YOUNG_HIGH_INCOME,49,517.0,49,516.9999999999997
91,SIAgent7,FEMALE_YOUNG_LOW_INCOME,190,1980.0,1685,0.0
91,SIAgent8,MALE_YOUNG,226,2353.0,1753,2217.6504424778727
91,SIAgent5,YOUNG_LOW_INCOME,366,3816.0,366,3813.3795994410607
91,SIAgent6,FEMALE_OLD_HIGH_INCOME,39,407.0,38,396.5641025641028
91,SIAgent3,MALE_HIGH_INCOME,127,1325.0,244,1322.2610619469008
91,SIAgent4,FEMALE_OLD_HIGH_INCOME,39,407.0,325,323.5128205128206
91,SIAgent1,MALE_YOUNG_LOW_INCOME,176,1836.0,176,1835.0163934426187
91,SIAgent2,MALE_YOUNG,226,2353.0,226,2352.9999999999964
91,SIAgent0,MALE_OLD_HIGH_INCOME,77,808.0,77,803.346456692914
91,WFAgent0,FEMALE_YOUNG_HIGH_INCOME,24,256.0,247,0.0
91,WFAgent1,FEMALE_OLD_LOW_INCOME,230,2401.0,2389,0.0
91,WFAgent2,OLD_LOW_INCOME,403,4196.0,0,0.0
91,WFAgent3,MALE_OLD_LOW_INCOME,172,1795.0,1886,0.0
92,SIAgent7,YOUNG_HIGH_INCOME,74,773.0,74,772.2274952117476
92,SIAgent8,MALE_YOUNG,226,2353.0,1992,0.0
92,SIAgent5,MALE_YOUNG_LOW_INCOME,176,1836.0,176,1832.424778761059
92,SIAgent6,FEMALE_OLD_HIGH_INCOME,39,407.0,39,405.59999999999974
92,SIAgent3,FEMALE_YOUNG,215,2236.0,1922,0.0
92,SIAgent4,FEMALE_OLD_LOW_INCOME,230,2401.0,230,2393.4204275534357
92,SIAgent1,MALE_HIGH_INCOME,127,1325.0,221,1324.9999999999982
92,SIAgent2,FEMALE_OLD,270,2808.0,2357,0.0
92,SIAgent0,FEMALE_LOW_INCOME,421,4381.0,421,4378.400000000015
92,WFAgent0,FEMALE_YOUNG_HIGH_INCOME,24,256.0,24,250.05945945945953
92,WFAgent1,MALE_OLD_LOW_INCOME,172,1795.0,1755,0.0
92,WFAgent2,MALE_HIGH_INCOME,127,1325.0,127,1323.55504842868
92,WFAgent3,MALE_OLD_HIGH_INCOME,77,808.0,77,803.346456692914
93,SIAgent7,OLD_LOW_INCOME,403,4196.0,403,4191.200000000022
93,SIAgent8,FEMALE_YOUNG_LOW_INCOME,190,1980.0,1781,1646.5263157894753
93,SIAgent5,FEMALE_YOUNG_LOW_INCOME,190,1980.0,189,1969.578947368423
93,SIAgent6,FEMALE_OLD_HIGH_INCOME,39,407.0,38,396.5641025641028
93,SIAgent3,FEMALE_HIGH_INCOME,63,663.0,108,657.4615384615392
93,SIAgent4,MALE_HIGH_INCOME,127,1325.0,127,1322.9982677165362
93,SIAgent1,FEMALE_OLD,270,2808.0,2257,0.0
93,SIAgent2,MALE_YOUNG,226,2353.0,2218,0.0
93,SIAgent0,MALE_OLD,250,2603.0,2049,2321.8759999999993
93,WFAgent0,MALE_OLD,250,2603.0,250,2602.999999999994
93,WFAgent1,MALE_OLD_LOW_INCOME,172,1795.0,172,1790.8640000000037
93,WFAgent2,FEMALE_OLD_HIGH_INCOME,39,407.0,39,406.5692307692305
93,WFAgent3,MALE_HIGH_INCOME,127,1325.0,127,1323.015887394605
94,SIAgent7,MALE_OLD_LOW_INCOME,172,1795.0,172,1794.9999999999955
94,SIAgent8,MALE_OLD_LOW_INCOME,172,1795.0,172,1794.9999999999955
94,SIAgent5,YOUNG_LOW_INCOME,366,3816.0,366,3808.482300884963
94,SIAgent6,FEMALE_YOUNG,215,2236.0,1980,883.9999999999987
94,SIAgent3,FEMALE_YOUNG_HIGH_INCOME,24,256.0,24,249.60000000000008
94,SIAgent4,OLD_HIGH_INCOME,116,1215.0,116,1209.177952755905
94,SIAgent1,MALE_LOW_INCOME,349,3631.0,2834,0.0
94,SIAgent2,MALE_YOUNG,226,2353.0,226,2351.3065902578846
94,SIAgent0,MALE_HIGH_INCOME,127,1325.0,1253,1176.4999999999984
94,WFAgent0,FEMALE_HIGH_INCOME,63,663.0,63,655.1999999999992
94,WFAgent1,FEMALE_OLD,270,2808.0,0,0.0
94,WFAgent2,OLD_LOW_INCOME,403,4196.0,2408,0.0
94,WFAgent3,FEMALE_OLD_HIGH_INCOME,39,407.0,386,0.0
95,SIAgent7,MALE_HIGH_INCOME,127,1325.0,127,1322.3240000000021
95,SIAgent8,FEMALE_OLD,270,2808.0,2497,0.0
95,SIAgent5,MALE_YOUNG_HIGH_INCOME,49,517.0,49,511.85135135135107
95,SIAgent6,FEMALE_OLD_HIGH_INCOME,39,407.0,38,396.5641025641028
95,SIAgent3,FEMALE_OLD_HIGH_INCOME,39,407.0,39,406.605128205128
95,SIAgent4,YOUNG_LOW_INCOME,366,3816.0,3622,0.0
95,SIAgent1,OLD_HIGH_INCOME,116,1215.0,116,1210.332323844135
95,SIAgent2,MALE_YOUNG_LOW_INCOME,176,1836.0,176,1835.0163934426187
95,SIAgent0,MALE_OLD,250,2603.0,2373,0.0
95,WFAgent0,FEMALE_LOW_INCOME,421,4381.0,0,0.0
95,WFAgent1,YOUNG_HIGH_INCOME,74,773.0,474,730.3149606299218
95,WFAgent2,YOUNG_HIGH_INCOME,74,773.0,259,0.0
95,WFAgent3,FEMALE_OLD_LOW_INCOME,230,2401.0,230,2392.0000000000105
96,SIAgent7,YOUNG_HIGH_INCOME,74,773.0,74,772.1116194935097
96,SIAgent8,OLD_HIGH_INCOME,116,1215.0,116,1209.8393700787403
96,SIAgent5,MALE_YOUNG_LOW_INCOME,176,1836.0,176,1835.0163934426187
96,SIAgent6,FEMALE_HIGH_INCOME,63,663.0,63,659.165890027959
96,SIAgent3,FEMALE_OLD,270,2808.0,2780,0.0
96,SIAgent4,YOUNG_LOW_INCOME,366,3816.0,551,3806.400000000023
96,SIAgent1,FEMALE_YOUNG,215,2236.0,214,2225.600000000009
96,SIAgent2,FEMALE_YOUNG,215,2236.0,214,2225.600000000009
96,SIAgent0,MALE_HIGH_INCOME,127,1325.0,1142,0.0
96,WFAgent0,YOUNG_LOW_INCOME,366,3816.0,1558,0.0
96,WFAgent1,FEMALE_YOUNG,215,2236.0,1194,2090.400000000008
96,WFAgent2,YOUNG_HIGH_INCOME,74,773.0,110,83.2
96,WFAgent3,FEMALE_HIGH_INCOME,63,663.0,63,655.6135135135128
97,SIAgent7,FEMALE_LOW_INCOME,421,4381.0,953,4379.974821852725
97,SIAgent8,MALE_HIGH_INCOME,127,1325.0,127,1324.9999999999982
97,SIAgent5,OLD_HIGH_INCOME,116,1215.0,116,1208.3181102362198
97,SIAgent6,MALE_YOUNG_HIGH_INCOME,49,517.0,49,516.9999999999997
97,SIAgent3,FEMALE_OLD,270,2808.0,2065,0.0
97,SIAgent4,MALE_OLD_HIGH_INCOME,77,808.0,77,806.5086206896564
97,SIAgent1,MALE_HIGH_INCOME,127,1325.0,127,1324.9999999999982
97,SIAgent2,MALE_HIGH_INCOME,127,1325.0,851,1324.9999999999982
97,SIAgent0,MALE_YOUNG_HIGH_INCOME,49,517.0,49,515.5846054957415
97,WFAgent0,MALE_OLD,250,2603.0,1845,0.0
97,WFAgent1,FEMALE_OLD_LOW_INCOME,230,2401.0,230,2393.4204275534357
97,WFAgent2,YOUNG_LOW_INCOME,366,3816.0,0,0.0
97,WFAgent3,YOUNG_LOW_INCOME,366,3816.0,1812,0.0
98,SIAgent7,MALE_YOUNG_HIGH_INCOME,49,517.0,523,0.0
98,SIAgent8,FEMALE_HIGH_INCOME,63,663.0,67,659.8706896551729
98,SIAgent5,FEMALE_YOUNG_HIGH_INCOME,24,256.0,24,255.9999999999999
98,SIAgent6,MALE_OLD_HIGH_INCOME,77,808.0,77,807.6319973130334
98,SIAgent3,MALE_OLD_HIGH_INCOME,77,808.0,76,797.5064935064945
98,SIAgent4,OLD_HIGH_INCOME,116,1215.0,979,0.0
98,SIAgent1,YOUNG_LOW_INCOME,366,3816.0,3865,0.0
98,SIAgent2,MALE_OLD_LOW_INCOME,172,1795.0,1764,0.0
98,SIAgent0,FEMALE_YOUNG_HIGH_INCOME,24,256.0,24,255.42857142857133
98,WFAgent0,FEMALE_LOW_INCOME,421,4381.0,2385,0.0
98,WFAgent1,MALE_YOUNG_HIGH_INCOME,49,517.0,0,0.0
98,WFAgent2,MALE_LOW_INCOME,349,3631.0,0,0.0
98,WFAgent3,MALE_OLD,250,2603.0,0,0.0
99,SIAgent7,FEMALE_YOUNG,215,2236.0,214,2225.600000000009
99,SIAgent8,YOUNG_LOW_INCOME,366,3816.0,366,3807.118051575947
99,SIAgent5,MALE_LOW_INCOME,349,3631.0,3279,0.0
99,SIAgent6,FEMALE_OLD_HIGH_INCOME,39,407.0,38,396.5641025641028
99,SIAgent3,FEMALE_OLD,270,2808.0,2464,260.00000000000006
99,SIAgent4,MALE_OLD_HIGH_INCOME,77,808.0,713,787.012987012988
99,SIAgent1,YOUNG_HIGH_INCOME,74,773.0,224,769.599999999999
99,SIAgent2,FEMALE_YOUNG,215,2236.0,1584,2017.6000000000072
99,SIAgent0,OLD_LOW_INCOME,403,4196.0,403,4191.889971346721
99,WFAgent0,MALE_OLD_HIGH_INCOME,77,808.0,76,797.5064935064945
99,WFAgent1,FEMALE_OLD_HIGH_INCOME,39,407.0,39,405.59999999999974
99,WFAgent2,FEMALE_HIGH_INCOME,63,663.0,63,656.4923076923073
99,WFAgent3,FEMALE_YOUNG_LOW_INCOME,190,1980.0,190,1976.0000000000068

