0,WEAgent1,MALE_OLD_HIGH_INCOME,12,162.0,12,162.0
0,WEAgent2,MALE_OLD,37,521.0,126,81.0
0,WEAgent0,FEMALE_YOUNG_HIGH_INCOME,4,52.0,4,52.0
0,SIAgent9,MALE_OLD_LOW_INCOME,25,359.0,24,344.6400000000002
0,SIAgent7,FEMALE_YOUNG_HIGH_INCOME,4,52.0,2,26.0
0,SIAgent8,MALE_OLD_HIGH_INCOME,12,162.0,12,162.0
0,SIAgent5,MALE_YOUNG,33,471.0,33,470.9999999999998
0,SIAgent6,MALE_YOUNG,33,471.0,33,470.7508417508416
0,SIAgent3,YOUNG_LOW_INCOME,54,764.0,66,756.0
0,SIAgent4,MALE_OLD_LOW_INCOME,25,359.0,336,287.20000000000016
0,SIAgent1,OLD_HIGH_INCOME,17,243.0,18,241.40000000000003
0,SIAgent2,OLD_LOW_INCOME,59,840.0,59,834.6764705882346
0,SIAgent10,FEMALE_YOUNG_HIGH_INCOME,4,52.0,4,52.0
0,SIAgent0,FEMALE_OLD_LOW_INCOME,34,481.0,34,480.9999999999997
0,SIAgent11,FEMALE_HIGH_INCOME,10,133.0,67,130.0
0,SIAgent12,MALE_YOUNG_HIGH_INCOME,8,104.0,80,0.0
0,SIAgent13,FEMALE_YOUNG,32,448.0,235,438.90000000000026
0,SIAgent14,FEMALE_OLD_LOW_INCOME,34,481.0,369,311.235294117647
1,WEAgent1,YOUNG_LOW_INCOME,54,764.0,288,0.0
1,WEAgent2,MALE_OLD,37,521.0,37,519.8500000000003
1,WEAgent0,MALE_LOW_INCOME,51,727.0,218,590.1
1,SIAgent9,YOUNG_HIGH_INCOME,11,155.0,21,154.0
1,SIAgent7,FEMALE_OLD_HIGH_INCOME,6,82.0,6,82.0
1,SIAgent8,FEMALE_YOUNG_HIGH_INCOME,4,52.0,4,52.0
1,SIAgent5,MALE_LOW_INCOME,51,727.0,51,726.1185891774126
1,SIAgent6,FEMALE_OLD,40,562.0,39,547.9500000000002
1,SIAgent3,FEMALE_YOUNG,32,448.0,330,438.90000000000026
1,SIAgent4,MALE_LOW_INCOME,51,727.0,51,726.9999999999999
1,SIAgent1,FEMALE_HIGH_INCOME,10,133.0,33,130.0
1,SIAgent2,FEMALE_YOUNG_HIGH_INCOME,4,52.0,4,52.0
1,SIAgent10,FEMALE_YOUNG_HIGH_INCOME,4,52.0,2,26.0
1,SIAgent0,MALE_OLD,37,521.0,79,519.8500000000003
1,SIAgent11,OLD_LOW_INCOME,59,840.0,59,828.9499999999992
1,SIAgent12,FEMALE_OLD,40,562.0,39,547.9500000000002
1,SIAgent13,FEMALE_OLD_HIGH_INCOME,6,82.0,6,81.26666666666667
1,SIAgent14,FEMALE_OLD,40,562.0,75,559.7000000000002
2,WEAgent1,OLD_LOW_INCOME,59,840.0,59,830.7837837837832
2,WEAgent2,MALE_YOUNG,33,471.0,85,71.36363636363637
2,WEAgent0,OLD_HIGH_INCOME,17,243.0,17,229.76666666666677
2,SIAgent9,FEMALE_YOUNG_HIGH_INCOME,4,52.0,2,26.0
2,SIAgent7,FEMALE_YOUNG_LOW_INCOME,28,396.0,27,381.857142857143
2,SIAgent8,FEMALE_LOW_INCOME,61,877.0,86,872.3161592505843
2,SIAgent5,FEMALE_OLD_HIGH_INCOME,6,82.0,6,82.0
2,SIAgent6,FEMALE_YOUNG,32,448.0,131,438.90000000000026
2,SIAgent3,FEMALE_YOUNG_LOW_INCOME,28,396.0,28,395.71428571428584
2,SIAgent4,MALE_YOUNG,33,471.0,33,470.41176470588226
2,SIAgent1,FEMALE_YOUNG_LOW_INCOME,28,396.0,27,381.857142857143
2,SIAgent2,MALE_LOW_INCOME,51,727.0,85,726.1016949152543
2,SIAgent10,OLD_HIGH_INCOME,17,243.0,17,234.81981981981974
2,SIAgent0,FEMALE_YOUNG_HIGH_INCOME,4,52.0,0,0.0
2,SIAgent11,FEMALE_YOUNG_LOW_INCOME,28,396.0,27,381.857142857143
2,SIAgent12,MALE_OLD,37,521.0,410,0.0
2,SIAgent13,FEMALE_HIGH_INCOME,10,133.0,56,130.0
2,SIAgent14,FEMALE_LOW_INCOME,61,877.0,61,876.999999999999
3,WEAgent1,FEMALE_LOW_INCOME,61,877.0,62,868.0
3,WEAgent2,FEMALE_OLD_LOW_INCOME,34,481.0,34,480.9999999999997
3,WEAgent0,FEMALE_OLD,40,562.0,82,0.0
3,SIAgent9,MALE_LOW_INCOME,51,727.0,51,725.6256165667929
3,SIAgent7,MALE_LOW_INCOME,51,727.0,51,726.9999999999999
3,SIAgent8,FEMALE_YOUNG_HIGH_INCOME,4,52.0,29,0.0
3,SIAgent5,MALE_YOUNG_LOW_INCOME,26,368.0,295,0.0
3,SIAgent6,MALE_YOUNG,33,471.0,33,469.7557932263813
3,SIAgent3,MALE_OLD_HIGH_INCOME,12,162.0,91,0.0
3,SIAgent4,YOUNG_HIGH_INCOME,11,155.0,11,151.0
3,SIAgent1,FEMALE_OLD_LOW_INCOME,34,481.0,34,480.9999999999997
3,SIAgent2,MALE_YOUNG_HIGH_INCOME,8,104.0,98,0.0
3,SIAgent10,FEMALE_OLD_LOW_INCOME,34,481.0,405,480.9999999999997
3,SIAgent0,FEMALE_YOUNG,32,448.0,32,448.0
3,SIAgent11,FEMALE_YOUNG_LOW_INCOME,28,396.0,28,392.00000000000006
3,SIAgent12,FEMALE_YOUNG,32,448.0,43,446.0
3,SIAgent13,MALE_OLD,37,521.0,51,516.3513513513516
3,SIAgent14,MALE_OLD,37,521.0,36,506.91891891891925
4,WEAgent1,MALE_YOUNG_LOW_INCOME,26,368.0,26,367.8518518518519
4,WEAgent2,YOUNG_LOW_INCOME,54,764.0,173,579.8571428571431
4,WEAgent0,YOUNG_HIGH_INCOME,11,155.0,11,146.3
4,SIAgent9,MALE_OLD,37,521.0,36,506.91891891891925
4,SIAgent7,FEMALE_LOW_INCOME,61,877.0,61,876.999999999999
4,SIAgent8,FEMALE_OLD,40,562.0,93,560.3333333333335
4,SIAgent5,FEMALE_LOW_INCOME,61,877.0,61,876.999999999999
4,SIAgent6,FEMALE_HIGH_INCOME,10,133.0,10,133.0
4,SIAgent3,FEMALE_LOW_INCOME,61,877.0,61,876.999999999999
4,SIAgent4,MALE_OLD,37,521.0,36,506.91891891891925
4,SIAgent1,FEMALE_LOW_INCOME,61,877.0,61,876.4440497874914
4,SIAgent2,FEMALE_OLD_HIGH_INCOME,6,82.0,6,82.0
4,SIAgent10,MALE_OLD,37,521.0,57,515.1891891891894
4,SIAgent0,FEMALE_YOUNG_LOW_INCOME,28,396.0,27,381.857142857143
4,SIAgent11,FEMALE_OLD_HIGH_INCOME,6,82.0,6,80.89999999999999
4,SIAgent12,YOUNG_LOW_INCOME,54,764.0,196,763.7142857142856
4,SIAgent13,MALE_OLD_HIGH_INCOME,12,162.0,123,0.0
4,SIAgent14,FEMALE_HIGH_INCOME,10,133.0,62,119.69999999999999
5,WEAgent1,YOUNG_LOW_INCOME,54,764.0,352,0.0
5,WEAgent2,FEMALE_OLD_HIGH_INCOME,6,82.0,0,0.0
5,WEAgent0,FEMALE_OLD,40,562.0,42,66.5
5,SIAgent9,MALE_HIGH_INCOME,19,265.0,19,265.0
5,SIAgent7,FEMALE_HIGH_INCOME,10,133.0,10,133.0
5,SIAgent8,FEMALE_OLD_LOW_INCOME,34,481.0,34,477.7000000000003
5,SIAgent5,MALE_YOUNG,33,471.0,33,468.87409700722384
5,SIAgent6,FEMALE_LOW_INCOME,61,877.0,61,862.9705882352933
5,SIAgent3,FEMALE_HIGH_INCOME,10,133.0,25,133.0
5,SIAgent4,MALE_OLD_HIGH_INCOME,12,162.0,118,162.0
5,SIAgent1,MALE_OLD,37,521.0,36,506.91891891891925
5,SIAgent2,MALE_HIGH_INCOME,19,265.0,25,260.97368421052636
5,SIAgent10,MALE_OLD_HIGH_INCOME,12,162.0,12,162.0
5,SIAgent0,MALE_YOUNG_LOW_INCOME,26,368.0,341,0.0
5,SIAgent11,MALE_OLD,37,521.0,42,520.1977240398297
5,SIAgent12,FEMALE_OLD,40,562.0,196,558.6000000000001
5,SIAgent13,MALE_LOW_INCOME,51,727.0,51,719.2993762993767
5,SIAgent14,MALE_HIGH_INCOME,19,265.0,19,265.0
6,WEAgent1,YOUNG_HIGH_INCOME,11,155.0,49,52.0
6,WEAgent2,YOUNG_HIGH_INCOME,11,155.0,11,143.0
6,WEAgent0,MALE_HIGH_INCOME,19,265.0,97,0.0
6,SIAgent9,OLD_HIGH_INCOME,17,243.0,22,239.37837837837844
6,SIAgent7,YOUNG_LOW_INCOME,54,764.0,533,636.6666666666667
6,SIAgent8,MALE_OLD_HIGH_INCOME,12,162.0,12,156.0
6,SIAgent5,MALE_LOW_INCOME,51,727.0,51,721.2872872872872
6,SIAgent6,MALE_HIGH_INCOME,19,265.0,20,260.0
6,SIAgent3,FEMALE_LOW_INCOME,61,877.0,61,876.999999999999
6,SIAgent4,YOUNG_LOW_INCOME,54,764.0,53,749.851851851852
6,SIAgent1,MALE_OLD_LOW_INCOME,25,359.0,25,358.369411764706
6,SIAgent2,MALE_OLD_LOW_INCOME,25,359.0,24,344.6400000000002
6,SIAgent10,YOUNG_LOW_INCOME,54,764.0,53,749.851851851852
6,SIAgent0,FEMALE_LOW_INCOME,61,877.0,67,875.1687917425614
6,SIAgent11,MALE_OLD,37,521.0,41,520.4189189189192
6,SIAgent12,MALE_OLD,37,521.0,36,506.91891891891925
6,SIAgent13,MALE_YOUNG_HIGH_INCOME,8,104.0,88,0.0
6,SIAgent14,MALE_OLD,37,521.0,36,506.91891891891925
7,WEAgent1,MALE_OLD_LOW_INCOME,25,359.0,25,352.0270270270272
7,WEAgent2,MALE_YOUNG_HIGH_INCOME,8,104.0,78,104.0
7,WEAgent0,YOUNG_HIGH_INCOME,11,155.0,11,143.0
7,SIAgent9,MALE_OLD,37,521.0,81,513.0
7,SIAgent7,FEMALE_YOUNG_LOW_INCOME,28,396.0,27,381.857142857143
7,SIAgent8,FEMALE_HIGH_INCOME,10,133.0,88,0.0
7,SIAgent5,MALE_YOUNG_LOW_INCOME,26,368.0,26,367.8518518518519
7,SIAgent6,FEMALE_YOUNG,32,448.0,153,438.90000000000026
7,SIAgent3,OLD_LOW_INCOME,59,840.0,59,834.6764705882346
7,SIAgent4,FEMALE_YOUNG_LOW_INCOME,28,396.0,27,381.857142857143
7,SIAgent1,YOUNG_LOW_INCOME,54,764.0,60,763.9470899470897
7,SIAgent2,YOUNG_HIGH_INCOME,11,155.0,11,145.0
7,SIAgent10,FEMALE_YOUNG_LOW_INCOME,28,396.0,28,395.28571428571433
7,SIAgent0,FEMALE_OLD_LOW_INCOME,34,481.0,440,438.55882352941154
7,SIAgent11,YOUNG_LOW_INCOME,54,764.0,53,749.851851851852
7,SIAgent12,FEMALE_OLD_HIGH_INCOME,6,82.0,6,79.8
7,SIAgent13,FEMALE_OLD_LOW_INCOME,34,481.0,34,480.9999999999997
7,SIAgent14,MALE_OLD_HIGH_INCOME,12,162.0,103,0.0
8,WEAgent1,MALE_YOUNG_HIGH_INCOME,8,104.0,8,104.0
8,WEAgent2,MALE_LOW_INCOME,51,727.0,51,718.1351351351349
8,WEAgent0,FEMALE_YOUNG_HIGH_INCOME,4,52.0,34,26.0
8,SIAgent9,FEMALE_OLD,40,562.0,132,560.3333333333335
8,SIAgent7,OLD_LOW_INCOME,59,840.0,59,838.0149551345962
8,SIAgent8,FEMALE_LOW_INCOME,61,877.0,61,873.3095701186826
8,SIAgent5,MALE_YOUNG_HIGH_INCOME,8,104.0,99,91.0
8,SIAgent6,FEMALE_OLD_LOW_INCOME,34,481.0,34,480.5147058823528
8,SIAgent3,FEMALE_YOUNG_LOW_INCOME,28,396.0,27,381.857142857143
8,SIAgent4,FEMALE_OLD_LOW_INCOME,34,481.0,34,480.9999999999997
8,SIAgent1,MALE_YOUNG_LOW_INCOME,26,368.0,371,0.0
8,SIAgent2,FEMALE_HIGH_INCOME,10,133.0,10,130.0
8,SIAgent10,MALE_OLD,37,521.0,417,0.0
8,SIAgent0,FEMALE_YOUNG_LOW_INCOME,28,396.0,302,197.99999999999997
8,SIAgent11,OLD_LOW_INCOME,59,840.0,59,839.9999999999998
8,SIAgent12,FEMALE_LOW_INCOME,61,877.0,61,876.999999999999
8,SIAgent13,FEMALE_YOUNG_HIGH_INCOME,4,52.0,4,52.0
8,SIAgent14,FEMALE_OLD_HIGH_INCOME,6,82.0,43,0.0
9,WEAgent1,MALE_OLD,37,521.0,124,0.0
9,WEAgent2,MALE_HIGH_INCOME,19,265.0,64,0.0
9,WEAgent0,FEMALE_HIGH_INCOME,10,133.0,0,0.0
9,SIAgent9,MALE_YOUNG,33,471.0,47,469.69856459330117
9,SIAgent7,MALE_OLD_LOW_INCOME,25,359.0,24,344.6400000000002
9,SIAgent8,MALE_OLD_LOW_INCOME,25,359.0,24,344.6400000000002
9,SIAgent5,MALE_OLD_LOW_INCOME,25,359.0,314,244.12000000000012
9,SIAgent6,FEMALE_OLD,40,562.0,39,547.9500000000002
9,SIAgent3,FEMALE_YOUNG_HIGH_INCOME,4,52.0,4,52.0
9,SIAgent4,FEMALE_OLD_HIGH_INCOME,6,82.0,6,82.0
9,SIAgent1,FEMALE_YOUNG_HIGH_INCOME,4,52.0,45,13.0
9,SIAgent2,FEMALE_OLD,40,562.0,68,560.4666666666668
9,SIAgent10,FEMALE_OLD_HIGH_INCOME,6,82.0,64,54.666666666666664
9,SIAgent0,OLD_HIGH_INCOME,17,243.0,17,238.85000000000008
9,SIAgent11,FEMALE_YOUNG,32,448.0,71,440.0
9,SIAgent12,FEMALE_YOUNG,32,448.0,32,448.0
9,SIAgent13,MALE_OLD_LOW_INCOME,25,359.0,24,344.6400000000002
9,SIAgent14,MALE_YOUNG,33,471.0,33,470.9999999999998
10,WEAgent1,MALE_YOUNG_LOW_INCOME,26,368.0,26,367.99999999999994
10,WEAgent2,FEMALE_LOW_INCOME,61,877.0,376,0.0
10,WEAgent0,MALE_OLD,37,521.0,77,243.0
10,SIAgent9,MALE_OLD_HIGH_INCOME,12,162.0,12,162.0
10,SIAgent7,MALE_HIGH_INCOME,19,265.0,19,265.0
10,SIAgent8,MALE_OLD_HIGH_INCOME,12,162.0,12,162.0
10,SIAgent5,MALE_YOUNG,33,471.0,33,469.5918003565061
10,SIAgent6,YOUNG_HIGH_INCOME,11,155.0,11,146.94736842105263
10,SIAgent3,FEMALE_HIGH_INCOME,10,133.0,85,0.0
10,SIAgent4,OLD_LOW_INCOME,59,840.0,59,834.6764705882346
10,SIAgent1,FEMALE_OLD_LOW_INCOME,34,481.0,34,477.7000000000003
10,SIAgent2,MALE_HIGH_INCOME,19,265.0,19,265.0
10,SIAgent10,MALE_YOUNG_LOW_INCOME,26,368.0,260,0.0
10,SIAgent0,FEMALE_OLD,40,562.0,252,558.6000000000001
10,SIAgent11,MALE_LOW_INCOME,51,727.0,72,725.3831070889898
10,SIAgent12,OLD_HIGH_INCOME,17,243.0,17,237.6184210526316
10,SIAgent13,MALE_LOW_INCOME,51,727.0,51,726.9999999999999
10,SIAgent14,MALE_HIGH_INCOME,19,265.0,20,261.86842105263156
11,WEAgent1,FEMALE_OLD_LOW_INCOME,34,481.0,34,480.9999999999997
11,WEAgent2,MALE_OLD_LOW_INCOME,25,359.0,25,352.0270270270272
11,WEAgent0,YOUNG_HIGH_INCOME,11,155.0,100,0.0
11,SIAgent9,MALE_OLD_HIGH_INCOME,12,162.0,99,0.0
11,SIAgent7,OLD_LOW_INCOME,59,840.0,59,834.6764705882346
11,SIAgent8,FEMALE_LOW_INCOME,61,877.0,61,866.3026634382563
11,SIAgent5,MALE_OLD,37,521.0,75,515.1891891891894
11,SIAgent6,MALE_YOUNG_LOW_INCOME,26,368.0,394,0.0
11,SIAgent3,MALE_OLD_LOW_INCOME,25,359.0,25,357.7728813559325
11,SIAgent4,MALE_OLD_LOW_INCOME,25,359.0,24,344.6400000000002
11,SIAgent1,FEMALE_YOUNG,32,448.0,35,447.0
11,SIAgent2,FEMALE_YOUNG,32,448.0,32,448.0
11,SIAgent10,OLD_HIGH_INCOME,17,243.0,24,239.37837837837844
11,SIAgent0,FEMALE_OLD_LOW_INCOME,34,481.0,364,466.8529411764703
11,SIAgent11,FEMALE_YOUNG_HIGH_INCOME,4,52.0,39,0.0
11,SIAgent12,FEMALE_YOUNG_LOW_INCOME,28,396.0,28,392.0
11,SIAgent13,MALE_OLD,37,521.0,36,506.91891891891925
11,SIAgent14,FEMALE_YOUNG,32,448.0,32,448.0
12,WEAgent1,FEMALE_YOUNG_HIGH_INCOME,4,52.0,62,52.0
12,WEAgent2,FEMALE_OLD_HIGH_INCOME,6,82.0,0,0.0
12,WEAgent0,MALE_YOUNG_LOW_INCOME,26,368.0,26,367.99999999999994
12,SIAgent9,MALE_OLD_LOW_INCOME,25,359.0,25,355.9322033898307
12,SIAgent7,FEMALE_YOUNG_HIGH_INCOME,4,52.0,4,52.0
12,SIAgent8,OLD_LOW_INCOME,59,840.0,59,839.6254237288133
12,SIAgent5,OLD_LOW_INCOME,59,840.0,59,839.9999999999998
12,SIAgent6,MALE_YOUNG_LOW_INCOME,26,368.0,373,0.0
12,SIAgent3,OLD_HIGH_INCOME,17,243.0,17,242.54284578696337
12,SIAgent4,OLD_HIGH_INCOME,17,243.0,17,242.99999999999991
12,SIAgent1,MALE_HIGH_INCOME,19,265.0,71,256.5
12,SIAgent2,MALE_OLD,37,521.0,94,516.0526315789479
12,SIAgent10,MALE_OLD_HIGH_INCOME,12,162.0,87,0.0
12,SIAgent0,FEMALE_YOUNG_HIGH_INCOME,4,52.0,4,52.0
12,SIAgent11,FEMALE_YOUNG_LOW_INCOME,28,396.0,370,0.0
12,SIAgent12,FEMALE_OLD,40,562.0,398,351.25000000000017
12,SIAgent13,YOUNG_HIGH_INCOME,11,155.0,11,149.6315789473684
12,SIAgent14,FEMALE_OLD,40,562.0,39,547.9500000000002
13,WEAgent1,MALE_OLD_LOW_INCOME,25,359.0,25,357.3264864864867
13,WEAgent2,FEMALE_OLD_LOW_INCOME,34,481.0,34,480.9999999999997
13,WEAgent0,FEMALE_OLD_LOW_INCOME,34,481.0,34,480.9999999999997
13,SIAgent9,MALE_OLD_LOW_INCOME,25,359.0,24,344.6400000000002
13,SIAgent7,FEMALE_YOUNG_HIGH_INCOME,4,52.0,2,26.0
13,SIAgent8,MALE_YOUNG_HIGH_INCOME,8,104.0,8,104.0
13,SIAgent5,FEMALE_OLD_HIGH_INCOME,6,82.0,52,41.0
13,SIAgent6,OLD_HIGH_INCOME,17,243.0,17,239.2540540540541
13,SIAgent3,MALE_OLD,37,521.0,420,422.4324324324327
13,SIAgent4,FEMALE_YOUNG_HIGH_INCOME,4,52.0,2,26.0
13,SIAgent1,FEMALE_YOUNG,32,448.0,380,442.0
13,SIAgent2,FEMALE_OLD_LOW_INCOME,34,481.0,34,480.9999999999997
13,SIAgent10,FEMALE_OLD,40,562.0,39,547.9500000000002
13,SIAgent0,MALE_OLD,37,521.0,36,506.91891891891925
13,SIAgent11,MALE_YOUNG_HIGH_INCOME,8,104.0,63,104.0
13,SIAgent12,FEMALE_OLD_HIGH_INCOME,6,82.0,6,82.0
13,SIAgent13,FEMALE_OLD,40,562.0,88,558.5500000000002
13,SIAgent14,MALE_YOUNG,33,471.0,188,468.0
14,WEAgent1,FEMALE_YOUNG,32,448.0,31,252.0
14,WEAgent2,FEMALE_YOUNG_HIGH_INCOME,4,52.0,0,0.0
14,WEAgent0,OLD_HIGH_INCOME,17,243.0,64,162.0
14,SIAgent9,MALE_OLD_HIGH_INCOME,12,162.0,12,162.0
14,SIAgent7,MALE_OLD,37,521.0,39,517.5135135135138
14,SIAgent8,FEMALE_YOUNG,32,448.0,198,448.0
14,SIAgent5,MALE_YOUNG_HIGH_INCOME,8,104.0,94,0.0
14,SIAgent6,MALE_OLD,37,521.0,36,506.91891891891925
14,SIAgent3,YOUNG_HIGH_INCOME,11,155.0,11,145.0
14,SIAgent4,MALE_OLD,37,521.0,36,506.91891891891925
14,SIAgent1,YOUNG_LOW_INCOME,54,764.0,115,756.0
14,SIAgent2,OLD_HIGH_INCOME,17,243.0,17,236.4774774774774
14,SIAgent10,FEMALE_OLD_HIGH_INCOME,6,82.0,85,0.0
14,SIAgent0,FEMALE_OLD_LOW_INCOME,34,481.0,449,0.0
14,SIAgent11,MALE_OLD_HIGH_INCOME,12,162.0,12,162.0
14,SIAgent12,FEMALE_YOUNG,32,448.0,32,448.0
14,SIAgent13,OLD_LOW_INCOME,59,840.0,59,834.016693163751
14,SIAgent14,MALE_OLD_LOW_INCOME,25,359.0,25,355.9322033898307
15,WEAgent1,MALE_HIGH_INCOME,19,265.0,20,260.0
15,WEAgent2,MALE_YOUNG,33,471.0,55,260.0
15,WEAgent0,FEMALE_OLD,40,562.0,52,379.3500000000002
15,SIAgent9,FEMALE_YOUNG,32,448.0,32,448.0
15,SIAgent7,MALE_OLD,37,521.0,36,506.91891891891925
15,SIAgent8,MALE_LOW_INCOME,51,727.0,51,725.1838331160369
15,SIAgent5,FEMALE_OLD,40,562.0,281,547.9500000000002
15,SIAgent6,OLD_LOW_INCOME,59,840.0,59,834.5445151033379
15,SIAgent3,FEMALE_OLD_LOW_INCOME,34,481.0,34,477.7000000000003
15,SIAgent4,MALE_YOUNG,33,471.0,33,461.6274509803921
15,SIAgent1,MALE_OLD_HIGH_INCOME,12,162.0,98,0.0
15,SIAgent2,FEMALE_OLD,40,562.0,39,547.9500000000002
15,SIAgent10,MALE_YOUNG_LOW_INCOME,26,368.0,312,0.0
15,SIAgent0,FEMALE_YOUNG,32,448.0,436,434.0
15,SIAgent11,MALE_YOUNG_HIGH_INCOME,8,104.0,8,104.0
15,SIAgent12,OLD_HIGH_INCOME,17,243.0,17,242.99999999999991
15,SIAgent13,MALE_OLD,37,521.0,48,518.675675675676
15,SIAgent14,OLD_HIGH_INCOME,17,243.0,17,241.41550079491265
16,WEAgent1,MALE_OLD_LOW_INCOME,25,359.0,253,0.0
16,WEAgent2,FEMALE_OLD_LOW_INCOME,34,481.0,34,480.9999999999997
16,WEAgent0,FEMALE_OLD_LOW_INCOME,34,481.0,34,480.1264705882353
16,SIAgent9,MALE_OLD_LOW_INCOME,25,359.0,25,356.3725490196078
16,SIAgent7,FEMALE_YOUNG,32,448.0,416,364.0
16,SIAgent8,FEMALE_OLD_HIGH_INCOME,6,82.0,53,0.0
16,SIAgent5,MALE_OLD_HIGH_INCOME,12,162.0,127,0.0
16,SIAgent6,FEMALE_OLD,40,562.0,146,560.3333333333335
16,SIAgent3,FEMALE_YOUNG,32,448.0,32,448.0
16,SIAgent4,OLD_HIGH_INCOME,17,243.0,17,240.04566563467498
16,SIAgent1,MALE_YOUNG,33,471.0,33,470.9999999999998
16,SIAgent2,MALE_YOUNG,33,471.0,33,470.9999999999998
16,SIAgent10,MALE_HIGH_INCOME,19,265.0,19,256.5
16,SIAgent0,OLD_LOW_INCOME,59,840.0,59,834.6764705882346
16,SIAgent11,OLD_HIGH_INCOME,17,243.0,17,242.99999999999991
16,SIAgent12,MALE_YOUNG,33,471.0,37,467.181818181818
16,SIAgent13,MALE_LOW_INCOME,51,727.0,51,723.3045862412756
16,SIAgent14,MALE_YOUNG_HIGH_INCOME,8,104.0,68,0.0
17,WEAgent1,FEMALE_LOW_INCOME,61,877.0,62,868.0
17,WEAgent2,FEMALE_OLD_HIGH_INCOME,6,82.0,0,0.0
17,WEAgent0,MALE_YOUNG_HIGH_INCOME,8,104.0,57,78.0
17,SIAgent9,FEMALE_OLD,40,562.0,238,560.3333333333335
17,SIAgent7,MALE_OLD,37,521.0,59,518.0945945945948
17,SIAgent8,MALE_OLD_HIGH_INCOME,12,162.0,105,0.0
17,SIAgent5,FEMALE_HIGH_INCOME,10,133.0,14,132.1
17,SIAgent6,OLD_HIGH_INCOME,17,243.0,17,239.2851351351352
17,SIAgent3,FEMALE_OLD_HIGH_INCOME,6,82.0,6,79.8
17,SIAgent4,FEMALE_YOUNG_HIGH_INCOME,4,52.0,25,0.0
17,SIAgent1,MALE_YOUNG,33,471.0,182,468.0
17,SIAgent2,MALE_YOUNG_HIGH_INCOME,8,104.0,8,104.0
17,SIAgent10,FEMALE_OLD_LOW_INCOME,34,481.0,34,477.7000000000003
17,SIAgent0,FEMALE_YOUNG,32,448.0,32,448.0
17,SIAgent11,MALE_OLD_LOW_INCOME,25,359.0,25,352.0270270270272
17,SIAgent12,FEMALE_HIGH_INCOME,10,133.0,10,133.0
17,SIAgent13,MALE_OLD,37,521.0,36,506.91891891891925
17,SIAgent14,FEMALE_YOUNG,32,448.0,82,442.4000000000001
18,WEAgent1,MALE_YOUNG_LOW_INCOME,26,368.0,327,0.0
18,WEAgent2,FEMALE_YOUNG_LOW_INCOME,28,396.0,28,392.0
18,WEAgent0,MALE_HIGH_INCOME,19,265.0,82,104.0
18,SIAgent9,FEMALE_OLD_HIGH_INCOME,6,82.0,6,82.0
18,SIAgent7,OLD_HIGH_INCOME,17,243.0,17,242.99999999999991
18,SIAgent8,MALE_LOW_INCOME,51,727.0,51,724.0156453715779
18,SIAgent5,FEMALE_YOUNG_LOW_INCOME,28,396.0,28,392.00000000000006
18,SIAgent6,OLD_HIGH_INCOME,17,243.0,17,242.99999999999991
18,SIAgent3,FEMALE_OLD_HIGH_INCOME,6,82.0,6,82.0
18,SIAgent4,OLD_HIGH_INCOME,17,243.0,23,241.7450980392156
18,SIAgent1,FEMALE_LOW_INCOME,61,877.0,61,866.3970944309924
18,SIAgent2,FEMALE_YOUNG,32,448.0,361,434.0
18,SIAgent10,OLD_LOW_INCOME,59,840.0,740,0.0
18,SIAgent0,OLD_HIGH_INCOME,17,243.0,17,242.99999999999991
18,SIAgent11,MALE_YOUNG_HIGH_INCOME,8,104.0,8,104.0
18,SIAgent12,FEMALE_YOUNG,32,448.0,32,448.0
18,SIAgent13,MALE_YOUNG,33,471.0,33,459.1176470588235
18,SIAgent14,FEMALE_OLD_HIGH_INCOME,6,82.0,42,41.0
19,WEAgent1,OLD_HIGH_INCOME,17,243.0,25,0.0
19,WEAgent2,MALE_YOUNG,33,471.0,81,104.0
19,WEAgent0,OLD_LOW_INCOME,59,840.0,302,0.0
19,SIAgent9,MALE_YOUNG_HIGH_INCOME,8,104.0,8,104.0
19,SIAgent7,FEMALE_HIGH_INCOME,10,133.0,10,130.0
19,SIAgent8,FEMALE_YOUNG_LOW_INCOME,28,396.0,27,381.857142857143
19,SIAgent5,FEMALE_YOUNG_HIGH_INCOME,4,52.0,14,0.0
19,SIAgent6,FEMALE_YOUNG,32,448.0,150,438.90000000000026
19,SIAgent3,FEMALE_YOUNG_LOW_INCOME,28,396.0,28,394.71428571428567
19,SIAgent4,FEMALE_OLD,40,562.0,263,558.6000000000001
19,SIAgent1,OLD_LOW_INCOME,59,840.0,59,838.7367896311066
19,SIAgent2,OLD_HIGH_INCOME,17,243.0,17,237.5157894736842
19,SIAgent10,MALE_HIGH_INCOME,19,265.0,19,265.0
19,SIAgent0,MALE_HIGH_INCOME,19,265.0,19,260.36842105263156
19,SIAgent11,FEMALE_OLD_LOW_INCOME,34,481.0,34,477.7000000000003
19,SIAgent12,OLD_LOW_INCOME,59,840.0,59,839.9999999999998
19,SIAgent13,MALE_HIGH_INCOME,19,265.0,19,265.0
19,SIAgent14,MALE_OLD_HIGH_INCOME,12,162.0,126,0.0
20,WEAgent1,MALE_YOUNG_LOW_INCOME,26,368.0,26,367.99999999999994
20,WEAgent2,MALE_YOUNG_LOW_INCOME,26,368.0,26,367.99999999999994
20,WEAgent0,MALE_HIGH_INCOME,19,265.0,84,104.0
20,SIAgent9,FEMALE_LOW_INCOME,61,877.0,62,873.8481481481476
20,SIAgent7,YOUNG_HIGH_INCOME,11,155.0,11,149.0
20,SIAgent8,MALE_LOW_INCOME,51,727.0,71,725.1809954751135
20,SIAgent5,MALE_YOUNG_LOW_INCOME,26,368.0,26,367.99999999999994
20,SIAgent6,MALE_YOUNG,33,471.0,33,469.9483065953653
20,SIAgent3,MALE_OLD_LOW_INCOME,25,359.0,25,358.369411764706
20,SIAgent4,MALE_OLD_LOW_INCOME,25,359.0,24,344.6400000000002
20,SIAgent1,FEMALE_YOUNG,32,448.0,336,0.0
20,SIAgent2,MALE_YOUNG,33,471.0,33,470.9999999999998
20,SIAgent10,MALE_YOUNG_HIGH_INCOME,8,104.0,8,104.0
20,SIAgent0,MALE_YOUNG_LOW_INCOME,26,368.0,205,339.6923076923077
20,SIAgent11,MALE_LOW_INCOME,51,727.0,51,726.9999999999999
20,SIAgent12,OLD_HIGH_INCOME,17,243.0,61,238.85000000000008
20,SIAgent13,YOUNG_LOW_INCOME,54,764.0,54,756.0
20,SIAgent14,FEMALE_OLD,40,562.0,518,0.0
21,WEAgent1,MALE_HIGH_INCOME,19,265.0,19,265.0
21,WEAgent2,MALE_YOUNG,33,471.0,85,390.5263157894734
21,WEAgent0,MALE_OLD_LOW_INCOME,25,359.0,25,358.8949019607845
21,SIAgent9,MALE_YOUNG_LOW_INCOME,26,368.0,26,367.8518518518519
21,SIAgent7,YOUNG_LOW_INCOME,54,764.0,53,749.851851851852
21,SIAgent8,MALE_LOW_INCOME,51,727.0,64,721.846153846154
21,SIAgent5,MALE_YOUNG,33,471.0,33,467.64396284829695
21,SIAgent6,OLD_HIGH_INCOME,17,243.0,62,238.85000000000008
21,SIAgent3,FEMALE_YOUNG_LOW_INCOME,28,396.0,27,381.857142857143
21,SIAgent4,FEMALE_HIGH_INCOME,10,133.0,18,0.0
21,SIAgent1,FEMALE_YOUNG,32,448.0,32,448.0
21,SIAgent2,FEMALE_YOUNG_LOW_INCOME,28,396.0,28,395.28571428571433
21,SIAgent10,MALE_OLD_LOW_INCOME,25,359.0,24,344.6400000000002
21,SIAgent0,FEMALE_OLD,40,562.0,510,558.6000000000001
21,SIAgent11,FEMALE_YOUNG,32,448.0,51,447.3
21,SIAgent12,FEMALE_YOUNG_LOW_INCOME,28,396.0,27,381.857142857143
21,SIAgent13,YOUNG_LOW_INCOME,54,764.0,53,749.851851851852
21,SIAgent14,YOUNG_LOW_INCOME,54,764.0,57,763.978835978836
22,WEAgent1,YOUNG_LOW_INCOME,54,764.0,258,0.0
22,WEAgent2,FEMALE_OLD_HIGH_INCOME,6,82.0,0,0.0
22,WEAgent0,YOUNG_HIGH_INCOME,11,155.0,1,0.0
22,SIAgent9,MALE_OLD_LOW_INCOME,25,359.0,24,344.6400000000002
22,SIAgent7,MALE_YOUNG_HIGH_INCOME,8,104.0,75,65.0
22,SIAgent8,MALE_LOW_INCOME,51,727.0,94,721.5555555555557
22,SIAgent5,MALE_YOUNG_HIGH_INCOME,8,104.0,8,104.0
22,SIAgent6,OLD_LOW_INCOME,59,840.0,59,828.9499999999992
22,SIAgent3,OLD_HIGH_INCOME,17,243.0,58,238.85000000000008
22,SIAgent4,FEMALE_OLD,40,562.0,351,558.6000000000001
22,SIAgent1,FEMALE_YOUNG,32,448.0,305,438.90000000000026
22,SIAgent2,MALE_OLD_LOW_INCOME,25,359.0,25,358.2643137254903
22,SIAgent10,MALE_YOUNG,33,471.0,33,468.32976827094467
22,SIAgent0,MALE_YOUNG,33,471.0,33,470.9999999999998
22,SIAgent11,FEMALE_HIGH_INCOME,10,133.0,10,133.0
22,SIAgent12,FEMALE_HIGH_INCOME,10,133.0,10,133.0
22,SIAgent13,MALE_OLD_LOW_INCOME,25,359.0,24,344.6400000000002
22,SIAgent14,FEMALE_HIGH_INCOME,10,133.0,14,131.8
23,WEAgent1,YOUNG_HIGH_INCOME,11,155.0,98,78.0
23,WEAgent2,FEMALE_YOUNG,32,448.0,32,448.0
23,WEAgent0,MALE_OLD,37,521.0,106,67.5
23,SIAgent9,OLD_HIGH_INCOME,17,243.0,17,239.42501324854265
23,SIAgent7,FEMALE_YOUNG_HIGH_INCOME,4,52.0,3,39.0
23,SIAgent8,MALE_OLD_LOW_INCOME,25,359.0,25,352.0270270270272
23,SIAgent5,FEMALE_YOUNG_HIGH_INCOME,4,52.0,1,13.0
23,SIAgent6,FEMALE_YOUNG_LOW_INCOME,28,396.0,28,392.00000000000006
23,SIAgent3,MALE_OLD,37,521.0,138,513.0
23,SIAgent4,OLD_HIGH_INCOME,17,243.0,17,242.99999999999991
23,SIAgent1,MALE_YOUNG_HIGH_INCOME,8,104.0,8,104.0
23,SIAgent2,FEMALE_YOUNG,32,448.0,291,445.0
23,SIAgent10,MALE_YOUNG_LOW_INCOME,26,368.0,26,367.8518518518519
23,SIAgent0,YOUNG_LOW_INCOME,54,764.0,76,763.7142857142856
23,SIAgent11,FEMALE_OLD_HIGH_INCOME,6,82.0,66,0.0
23,SIAgent12,FEMALE_OLD_LOW_INCOME,34,481.0,499,0.0
23,SIAgent13,FEMALE_YOUNG_HIGH_INCOME,4,52.0,2,26.0
23,SIAgent14,MALE_OLD_HIGH_INCOME,12,162.0,12,162.0
24,WEAgent1,FEMALE_YOUNG_HIGH_INCOME,4,52.0,0,0.0
24,WEAgent2,MALE_YOUNG_LOW_INCOME,26,368.0,365,0.0
24,WEAgent0,YOUNG_LOW_INCOME,54,764.0,54,756.0
24,SIAgent9,FEMALE_OLD,40,562.0,39,547.9500000000002
24,SIAgent7,MALE_HIGH_INCOME,19,265.0,220,265.0
24,SIAgent8,FEMALE_LOW_INCOME,61,877.0,61,876.999999999999
24,SIAgent5,FEMALE_OLD,40,562.0,117,558.1666666666669
24,SIAgent6,OLD_HIGH_INCOME,17,243.0,17,240.43126934984522
24,SIAgent3,FEMALE_LOW_INCOME,61,877.0,61,873.5123295219717
24,SIAgent4,FEMALE_OLD_HIGH_INCOME,6,82.0,6,79.8
24,SIAgent1,MALE_YOUNG,33,471.0,33,465.4251012145747
24,SIAgent2,FEMALE_YOUNG,32,448.0,32,448.0
24,SIAgent10,FEMALE_YOUNG,32,448.0,49,444.50000000000006
24,SIAgent0,FEMALE_YOUNG_LOW_INCOME,28,396.0,28,392.00000000000006
24,SIAgent11,FEMALE_OLD_LOW_INCOME,34,481.0,34,477.7000000000003
24,SIAgent12,FEMALE_HIGH_INCOME,10,133.0,65,0.0
24,SIAgent13,MALE_HIGH_INCOME,19,265.0,19,265.0
24,SIAgent14,OLD_HIGH_INCOME,17,243.0,17,242.99999999999991
25,WEAgent1,OLD_LOW_INCOME,59,840.0,296,0.0
25,WEAgent2,OLD_HIGH_INCOME,17,243.0,54,204.99999999999997
25,WEAgent0,YOUNG_HIGH_INCOME,11,155.0,27,0.0
25,SIAgent9,OLD_LOW_INCOME,59,840.0,59,839.9999999999998
25,SIAgent7,MALE_YOUNG,33,471.0,33,468.77183600712993
25,SIAgent8,MALE_YOUNG_LOW_INCOME,26,368.0,26,367.99999999999994
25,SIAgent5,MALE_YOUNG_HIGH_INCOME,8,104.0,78,0.0
25,SIAgent6,MALE_YOUNG_LOW_INCOME,26,368.0,288,353.8461538461538
25,SIAgent3,YOUNG_HIGH_INCOME,11,155.0,11,143.9
25,SIAgent4,FEMALE_OLD_LOW_INCOME,34,481.0,414,0.0
25,SIAgent1,FEMALE_OLD_HIGH_INCOME,6,82.0,6,82.0
25,SIAgent2,FEMALE_OLD_HIGH_INCOME,6,82.0,6,82.0
25,SIAgent10,MALE_OLD_LOW_INCOME,25,359.0,25,356.3725490196078
25,SIAgent0,FEMALE_HIGH_INCOME,10,133.0,10,130.0
25,SIAgent11,OLD_LOW_INCOME,59,840.0,59,838.4661016949152
25,SIAgent12,MALE_LOW_INCOME,51,727.0,51,723.6818774445895
25,SIAgent13,OLD_HIGH_INCOME,17,243.0,49,232.3333333333333
25,SIAgent14,FEMALE_OLD_HIGH_INCOME,6,82.0,6,82.0
26,WEAgent1,FEMALE_OLD_HIGH_INCOME,6,82.0,0,0.0
26,WEAgent2,FEMALE_OLD_HIGH_INCOME,6,82.0,0,0.0
26,WEAgent0,FEMALE_OLD,40,562.0,32,0.0
26,SIAgent9,FEMALE_OLD_LOW_INCOME,34,481.0,34,480.9999999999997
26,SIAgent7,OLD_HIGH_INCOME,17,243.0,17,237.92631578947373
26,SIAgent8,FEMALE_LOW_INCOME,61,877.0,61,866.4243565599497
26,SIAgent5,MALE_YOUNG,33,471.0,33,466.71717171717177
26,SIAgent6,FEMALE_OLD_LOW_INCOME,34,481.0,34,480.5147058823528
26,SIAgent3,OLD_LOW_INCOME,59,840.0,119,834.6764705882346
26,SIAgent4,MALE_HIGH_INCOME,19,265.0,24,262.3157894736842
26,SIAgent1,MALE_OLD_LOW_INCOME,25,359.0,25,355.9322033898307
26,SIAgent2,YOUNG_HIGH_INCOME,11,155.0,11,153.73684210526315
26,SIAgent10,MALE_OLD_HIGH_INCOME,12,162.0,123,0.0
26,SIAgent0,FEMALE_OLD,40,562.0,151,553.5
26,SIAgent11,MALE_HIGH_INCOME,19,265.0,19,265.0
26,SIAgent12,YOUNG_LOW_INCOME,54,764.0,119,763.7142857142856
26,SIAgent13,FEMALE_YOUNG_LOW_INCOME,28,396.0,28,392.0
26,SIAgent14,FEMALE_YOUNG,32,448.0,310,0.0
27,WEAgent1,FEMALE_OLD,40,562.0,40,557.0166666666669
27,WEAgent2,FEMALE_LOW_INCOME,61,877.0,62,868.0
27,WEAgent0,OLD_LOW_INCOME,59,840.0,331,746.297297297297
27,SIAgent9,MALE_OLD_HIGH_INCOME,12,162.0,115,162.0
27,SIAgent7,FEMALE_OLD_HIGH_INCOME,6,82.0,12,0.0
27,SIAgent8,MALE_OLD_HIGH_INCOME,12,162.0,12,162.0
27,SIAgent5,MALE_LOW_INCOME,51,727.0,51,724.4328552803127
27,SIAgent6,MALE_HIGH_INCOME,19,265.0,22,262.7631578947369
27,SIAgent3,FEMALE_YOUNG,32,448.0,32,448.0
27,SIAgent4,OLD_LOW_INCOME,59,840.0,59,830.3000000000002
27,SIAgent1,MALE_YOUNG_LOW_INCOME,26,368.0,298,283.07692307692315
27,SIAgent2,FEMALE_YOUNG_LOW_INCOME,28,396.0,28,392.00000000000006
27,SIAgent10,FEMALE_OLD,40,562.0,341,547.9500000000002
27,SIAgent0,MALE_YOUNG_LOW_INCOME,26,368.0,26,367.99999999999994
27,SIAgent11,MALE_OLD,37,521.0,37,516.0526315789479
27,SIAgent12,FEMALE_YOUNG_HIGH_INCOME,4,52.0,29,0.0
27,SIAgent13,FEMALE_YOUNG,32,448.0,61,446.0
27,SIAgent14,MALE_HIGH_INCOME,19,265.0,19,265.0
28,WEAgent1,MALE_YOUNG_LOW_INCOME,26,368.0,26,367.99999999999994
28,WEAgent2,YOUNG_LOW_INCOME,54,764.0,255,0.0
28,WEAgent0,MALE_YOUNG,33,471.0,88,104.0
28,SIAgent9,OLD_HIGH_INCOME,17,243.0,17,233.35000000000002
28,SIAgent7,FEMALE_HIGH_INCOME,10,133.0,10,130.0
28,SIAgent8,FEMALE_YOUNG_HIGH_INCOME,4,52.0,43,0.0
28,SIAgent5,FEMALE_OLD,40,562.0,39,547.9500000000002
28,SIAgent6,MALE_YOUNG_LOW_INCOME,26,368.0,26,367.8518518518519
28,SIAgent3,FEMALE_OLD,40,562.0,418,435.55000000000024
28,SIAgent4,YOUNG_LOW_INCOME,54,764.0,53,749.851851851852
28,SIAgent1,YOUNG_HIGH_INCOME,11,155.0,11,143.0
28,SIAgent2,MALE_YOUNG_HIGH_INCOME,8,104.0,8,104.0
28,SIAgent10,FEMALE_LOW_INCOME,61,877.0,62,873.4555555555552
28,SIAgent0,MALE_OLD_HIGH_INCOME,12,162.0,174,0.0
28,SIAgent11,YOUNG_LOW_INCOME,54,764.0,55,763.6074074074073
28,SIAgent12,FEMALE_OLD,40,562.0,39,547.9500000000002
28,SIAgent13,MALE_OLD_LOW_INCOME,25,359.0,25,356.3725490196078
28,SIAgent14,MALE_LOW_INCOME,51,727.0,72,721.846153846154
29,WEAgent1,MALE_OLD,37,521.0,100,256.5
29,WEAgent2,MALE_YOUNG_LOW_INCOME,26,368.0,332,0.0
29,WEAgent0,FEMALE_YOUNG_HIGH_INCOME,4,52.0,0,0.0
29,SIAgent9,FEMALE_OLD,40,562.0,39,547.9500000000002
29,SIAgent7,FEMALE_YOUNG,32,448.0,32,448.0
29,SIAgent8,FEMALE_HIGH_INCOME,10,133.0,10,133.0
29,SIAgent5,FEMALE_YOUNG,32,448.0,44,446.6
29,SIAgent6,FEMALE_OLD,40,562.0,75,560.5000000000001
29,SIAgent3,FEMALE_LOW_INCOME,61,877.0,61,876.999999999999
29,SIAgent4,FEMALE_LOW_INCOME,61,877.0,61,873.9648023143675
29,SIAgent1,FEMALE_HIGH_INCOME,10,133.0,19,131.2
29,SIAgent2,MALE_OLD_HIGH_INCOME,12,162.0,12,162.0
29,SIAgent10,MALE_OLD_HIGH_INCOME,12,162.0,12,162.0
29,SIAgent0,FEMALE_OLD,40,562.0,39,547.9500000000002
29,SIAgent11,FEMALE_YOUNG_HIGH_INCOME,4,52.0,19,0.0
29,SIAgent12,FEMALE_OLD_LOW_INCOME,34,481.0,34,477.7000000000003
29,SIAgent13,MALE_LOW_INCOME,51,727.0,81,721.846153846154
29,SIAgent14,MALE_YOUNG_HIGH_INCOME,8,104.0,112,0.0
30,WEAgent1,MALE_LOW_INCOME,51,727.0,51,719.9825119236878
30,WEAgent2,FEMALE_OLD,40,562.0,77,0.0
30,WEAgent0,MALE_OLD_LOW_INCOME,25,359.0,25,353.6764705882352
30,SIAgent9,FEMALE_OLD_LOW_INCOME,34,481.0,408,0.0
30,SIAgent7,MALE_YOUNG,33,471.0,33,470.9999999999998
30,SIAgent8,OLD_HIGH_INCOME,17,243.0,17,236.47297297297303
30,SIAgent5,MALE_OLD_LOW_INCOME,25,359.0,24,344.6400000000002
30,SIAgent6,OLD_LOW_INCOME,59,840.0,59,834.6764705882346
30,SIAgent3,MALE_OLD_HIGH_INCOME,12,162.0,55,108.0
30,SIAgent4,FEMALE_YOUNG,32,448.0,443,0.0
30,SIAgent1,MALE_OLD,37,521.0,36,506.91891891891925
30,SIAgent2,MALE_YOUNG,33,471.0,33,470.9999999999998
30,SIAgent10,MALE_YOUNG,33,471.0,399,456.7272727272725
30,SIAgent0,FEMALE_LOW_INCOME,61,877.0,62,876.5423728813557
30,SIAgent11,MALE_OLD_HIGH_INCOME,12,162.0,12,162.0
30,SIAgent12,MALE_OLD_LOW_INCOME,25,359.0,25,357.1593220338985
30,SIAgent13,MALE_OLD,37,521.0,55,513.445945945946
30,SIAgent14,MALE_OLD,37,521.0,36,506.91891891891925
31,WEAgent1,FEMALE_YOUNG,32,448.0,37,0.0
31,WEAgent2,MALE_YOUNG_LOW_INCOME,26,368.0,26,367.99999999999994
31,WEAgent0,FEMALE_OLD_HIGH_INCOME,6,82.0,32,0.0
31,SIAgent9,FEMALE_YOUNG_LOW_INCOME,28,396.0,383,0.0
31,SIAgent7,OLD_HIGH_INCOME,17,243.0,17,239.31621621621628
31,SIAgent8,FEMALE_HIGH_INCOME,10,133.0,10,130.0
31,SIAgent5,MALE_YOUNG_LOW_INCOME,26,368.0,276,339.6923076923077
31,SIAgent6,MALE_OLD_LOW_INCOME,25,359.0,25,356.3725490196078
31,SIAgent3,MALE_OLD_HIGH_INCOME,12,162.0,89,0.0
31,SIAgent4,MALE_LOW_INCOME,51,727.0,51,721.2640332640328
31,SIAgent1,FEMALE_OLD_HIGH_INCOME,6,82.0,6,78.0
31,SIAgent2,MALE_YOUNG_LOW_INCOME,26,368.0,26,367.99999999999994
31,SIAgent10,MALE_HIGH_INCOME,19,265.0,19,265.0
31,SIAgent0,MALE_HIGH_INCOME,19,265.0,19,265.0
31,SIAgent11,MALE_YOUNG_HIGH_INCOME,8,104.0,65,0.0
31,SIAgent12,FEMALE_OLD,40,562.0,347,560.3333333333335
31,SIAgent13,YOUNG_HIGH_INCOME,11,155.0,11,153.42105263157896
31,SIAgent14,MALE_OLD,37,521.0,113,516.0526315789479
32,WEAgent1,FEMALE_YOUNG_HIGH_INCOME,4,52.0,0,0.0
32,WEAgent2,YOUNG_HIGH_INCOME,11,155.0,18,0.0
32,WEAgent0,FEMALE_YOUNG_HIGH_INCOME,4,52.0,0,0.0
32,SIAgent9,FEMALE_HIGH_INCOME,10,133.0,49,133.0
32,SIAgent7,MALE_OLD_HIGH_INCOME,12,162.0,12,162.0
32,SIAgent8,MALE_HIGH_INCOME,19,265.0,19,265.0
32,SIAgent5,FEMALE_YOUNG_LOW_INCOME,28,396.0,28,392.0
32,SIAgent6,YOUNG_LOW_INCOME,54,764.0,76,763.7142857142856
32,SIAgent3,MALE_OLD_HIGH_INCOME,12,162.0,91,67.5
32,SIAgent4,FEMALE_HIGH_INCOME,10,133.0,10,133.0
32,SIAgent1,FEMALE_YOUNG,32,448.0,230,438.90000000000026
32,SIAgent2,FEMALE_OLD_LOW_INCOME,34,481.0,426,0.0
32,SIAgent10,OLD_LOW_INCOME,59,840.0,59,833.3569157392678
32,SIAgent0,MALE_OLD,37,521.0,136,516.0526315789479
32,SIAgent11,OLD_HIGH_INCOME,17,243.0,17,231.56756756756766
32,SIAgent12,MALE_OLD_LOW_INCOME,25,359.0,25,355.9322033898307
32,SIAgent13,MALE_HIGH_INCOME,19,265.0,21,264.5526315789474
32,SIAgent14,MALE_YOUNG,33,471.0,33,465.4834307992204
33,WEAgent1,FEMALE_YOUNG_HIGH_INCOME,4,52.0,35,39.0
33,WEAgent2,FEMALE_OLD_HIGH_INCOME,6,82.0,0,0.0
33,WEAgent0,YOUNG_HIGH_INCOME,11,155.0,66,0.0
33,SIAgent9,MALE_OLD,37,521.0,99,516.0526315789479
33,SIAgent7,FEMALE_OLD_HIGH_INCOME,6,82.0,20,0.0
33,SIAgent8,MALE_YOUNG,33,471.0,33,466.57342657342633
33,SIAgent5,FEMALE_LOW_INCOME,61,877.0,101,871.0999999999991
33,SIAgent6,FEMALE_YOUNG_HIGH_INCOME,4,52.0,4,52.0
33,SIAgent3,MALE_OLD_HIGH_INCOME,12,162.0,122,0.0
33,SIAgent4,MALE_OLD_LOW_INCOME,25,359.0,25,352.0270270270272
33,SIAgent1,FEMALE_HIGH_INCOME,10,133.0,10,133.0
33,SIAgent2,FEMALE_HIGH_INCOME,10,133.0,10,133.0
33,SIAgent10,MALE_YOUNG_LOW_INCOME,26,368.0,323,0.0
33,SIAgent0,MALE_HIGH_INCOME,19,265.0,19,265.0
33,SIAgent11,MALE_HIGH_INCOME,19,265.0,19,264.5526315789474
33,SIAgent12,OLD_HIGH_INCOME,17,243.0,17,239.19189189189194
33,SIAgent13,FEMALE_OLD,40,562.0,325,560.3333333333335
33,SIAgent14,YOUNG_HIGH_INCOME,11,155.0,11,148.88947368421051
34,WEAgent1,FEMALE_OLD,40,562.0,67,82.0
34,WEAgent2,MALE_OLD_HIGH_INCOME,12,162.0,83,0.0
34,WEAgent0,MALE_OLD_LOW_INCOME,25,359.0,25,352.0270270270272
34,SIAgent9,FEMALE_YOUNG,32,448.0,32,448.0
34,SIAgent7,MALE_YOUNG,33,471.0,33,468.56656346749224
34,SIAgent8,MALE_HIGH_INCOME,19,265.0,56,256.5
34,SIAgent5,FEMALE_OLD_LOW_INCOME,34,481.0,395,466.8529411764703
34,SIAgent6,MALE_LOW_INCOME,51,727.0,51,726.9999999999999
34,SIAgent3,FEMALE_OLD_LOW_INCOME,34,481.0,34,480.9999999999997
34,SIAgent4,MALE_OLD,37,521.0,39,520.7325746799435
34,SIAgent1,MALE_OLD_LOW_INCOME,25,359.0,25,356.3725490196078
34,SIAgent2,MALE_LOW_INCOME,51,727.0,59,726.9999999999999
34,SIAgent10,FEMALE_YOUNG,32,448.0,80,443.0
34,SIAgent0,FEMALE_OLD_HIGH_INCOME,6,82.0,6,82.0
34,SIAgent11,MALE_OLD,37,521.0,36,506.91891891891925
34,SIAgent12,FEMALE_YOUNG_HIGH_INCOME,4,52.0,44,0.0
34,SIAgent13,FEMALE_OLD_HIGH_INCOME,6,82.0,6,82.0
34,SIAgent14,FEMALE_LOW_INCOME,61,877.0,62,872.8529411764702
35,WEAgent1,MALE_OLD_LOW_INCOME,25,359.0,25,348.6842105263156
35,WEAgent2,MALE_OLD,37,521.0,37,516.0526315789468
35,WEAgent0,OLD_LOW_INCOME,59,840.0,204,502.1052631578942
35,SIAgent9,OLD_LOW_INCOME,59,840.0,59,828.9499999999992
35,SIAgent7,OLD_HIGH_INCOME,17,243.0,17,237.9263157894737
35,SIAgent8,FEMALE_OLD_HIGH_INCOME,6,82.0,23,0.0
35,SIAgent5,MALE_HIGH_INCOME,19,265.0,62,260.0
35,SIAgent6,MALE_YOUNG_LOW_INCOME,26,368.0,26,367.99999999999994
35,SIAgent3,MALE_YOUNG,33,471.0,33,470.9999999999998
35,SIAgent4,MALE_YOUNG_HIGH_INCOME,8,104.0,70,0.0
35,SIAgent1,MALE_LOW_INCOME,51,727.0,51,723.4193855679922
35,SIAgent2,YOUNG_LOW_INCOME,54,764.0,627,0.0
35,SIAgent10,MALE_YOUNG_LOW_INCOME,26,368.0,26,367.982905982906
35,SIAgent0,MALE_OLD_LOW_INCOME,25,359.0,25,356.3725490196078
35,SIAgent11,MALE_YOUNG,33,471.0,33,470.26015573693587
35,SIAgent12,MALE_YOUNG,33,471.0,33,470.9999999999998
35,SIAgent13,MALE_LOW_INCOME,51,727.0,51,726.9999999999999
35,SIAgent14,FEMALE_OLD,40,562.0,249,560.3333333333335
36,WEAgent1,MALE_YOUNG_HIGH_INCOME,8,104.0,8,104.0
36,WEAgent2,MALE_YOUNG,33,471.0,43,390.0
36,WEAgent0,MALE_HIGH_INCOME,19,265.0,20,260.0
36,SIAgent9,FEMALE_OLD_HIGH_INCOME,6,82.0,76,0.0
36,SIAgent7,MALE_YOUNG_HIGH_INCOME,8,104.0,8,104.0
36,SIAgent8,YOUNG_LOW_INCOME,54,764.0,104,756.0
36,SIAgent5,OLD_LOW_INCOME,59,840.0,59,839.9999999999998
36,SIAgent6,YOUNG_HIGH_INCOME,11,155.0,11,144.0
36,SIAgent3,OLD_LOW_INCOME,59,840.0,59,839.9999999999998
36,SIAgent4,MALE_OLD_HIGH_INCOME,12,162.0,184,0.0
36,SIAgent1,MALE_YOUNG_HIGH_INCOME,8,104.0,8,104.0
36,SIAgent2,MALE_YOUNG_HIGH_INCOME,8,104.0,8,104.0
36,SIAgent10,OLD_LOW_INCOME,59,840.0,59,839.9999999999998
36,SIAgent0,FEMALE_YOUNG_HIGH_INCOME,4,52.0,12,0.0
36,SIAgent11,FEMALE_OLD_LOW_INCOME,34,481.0,34,480.9999999999997
36,SIAgent12,FEMALE_OLD_LOW_INCOME,34,481.0,281,438.55882352941154
36,SIAgent13,OLD_LOW_INCOME,59,840.0,60,839.1879361914256
36,SIAgent14,FEMALE_YOUNG,32,448.0,305,442.0
37,WEAgent1,MALE_HIGH_INCOME,19,265.0,94,39.0
37,WEAgent2,MALE_OLD_LOW_INCOME,25,359.0,296,0.0
37,WEAgent0,FEMALE_LOW_INCOME,61,877.0,330,0.0
37,SIAgent9,FEMALE_YOUNG_LOW_INCOME,28,396.0,28,393.4000000000002
37,SIAgent7,MALE_YOUNG_LOW_INCOME,26,368.0,26,367.99999999999994
37,SIAgent8,MALE_YOUNG_HIGH_INCOME,8,104.0,8,104.0
37,SIAgent5,OLD_LOW_INCOME,59,840.0,59,839.9999999999998
37,SIAgent6,FEMALE_OLD,40,562.0,39,547.9500000000002
37,SIAgent3,MALE_OLD_LOW_INCOME,25,359.0,25,356.3725490196078
37,SIAgent4,MALE_LOW_INCOME,51,727.0,51,723.9322033898304
37,SIAgent1,MALE_YOUNG_LOW_INCOME,26,368.0,26,367.99999999999994
37,SIAgent2,FEMALE_OLD,40,562.0,39,547.9500000000002
37,SIAgent10,MALE_OLD_HIGH_INCOME,12,162.0,161,0.0
37,SIAgent0,MALE_YOUNG,33,471.0,34,465.8431372549019
37,SIAgent11,FEMALE_LOW_INCOME,61,877.0,61,866.2082324455203
37,SIAgent12,FEMALE_OLD,40,562.0,379,505.8000000000003
37,SIAgent13,OLD_LOW_INCOME,59,840.0,59,839.4381355932201
37,SIAgent14,MALE_YOUNG_LOW_INCOME,26,368.0,229,339.6923076923077
38,WEAgent1,YOUNG_LOW_INCOME,54,764.0,54,758.8571428571429
38,WEAgent2,FEMALE_HIGH_INCOME,10,133.0,10,117.0
38,WEAgent0,FEMALE_YOUNG_HIGH_INCOME,4,52.0,4,52.0
38,SIAgent9,FEMALE_LOW_INCOME,61,877.0,61,862.9989106753809
38,SIAgent7,FEMALE_YOUNG_HIGH_INCOME,4,52.0,4,52.0
38,SIAgent8,MALE_YOUNG,33,471.0,33,470.9999999999998
38,SIAgent5,MALE_YOUNG_HIGH_INCOME,8,104.0,8,104.0
38,SIAgent6,OLD_HIGH_INCOME,17,243.0,39,238.85000000000008
38,SIAgent3,MALE_YOUNG_HIGH_INCOME,8,104.0,72,52.0
38,SIAgent4,FEMALE_OLD,40,562.0,228,560.3333333333335
38,SIAgent1,YOUNG_LOW_INCOME,54,764.0,54,763.7142857142856
38,SIAgent2,FEMALE_OLD_LOW_INCOME,34,481.0,34,477.7000000000003
38,SIAgent10,MALE_LOW_INCOME,51,727.0,640,113.1851851851852
38,SIAgent0,FEMALE_YOUNG_LOW_INCOME,28,396.0,27,381.857142857143
38,SIAgent11,FEMALE_YOUNG,32,448.0,144,442.0
38,SIAgent12,FEMALE_OLD_HIGH_INCOME,6,82.0,38,0.0
38,SIAgent13,MALE_YOUNG,33,471.0,33,470.9999999999998
38,SIAgent14,MALE_YOUNG,33,471.0,33,469.69162210338663
39,WEAgent1,MALE_OLD_HIGH_INCOME,12,162.0,138,0.0
39,WEAgent2,FEMALE_OLD_HIGH_INCOME,6,82.0,6,78.0
39,WEAgent0,FEMALE_OLD_HIGH_INCOME,6,82.0,11,65.0
39,SIAgent9,FEMALE_YOUNG,32,448.0,336,239.4000000000001
39,SIAgent7,MALE_YOUNG_LOW_INCOME,26,368.0,369,0.0
39,SIAgent8,YOUNG_HIGH_INCOME,11,155.0,11,155.0
39,SIAgent5,FEMALE_OLD_LOW_INCOME,34,481.0,34,477.7000000000003
39,SIAgent6,OLD_LOW_INCOME,59,840.0,175,834.6764705882346
39,SIAgent3,YOUNG_HIGH_INCOME,11,155.0,11,155.0
39,SIAgent4,FEMALE_YOUNG_LOW_INCOME,28,396.0,28,392.0
39,SIAgent1,FEMALE_HIGH_INCOME,10,133.0,10,130.0
39,SIAgent2,YOUNG_HIGH_INCOME,11,155.0,11,152.8181818181818
39,SIAgent10,FEMALE_LOW_INCOME,61,877.0,61,876.580716865795
39,SIAgent0,MALE_YOUNG_HIGH_INCOME,8,104.0,8,104.0
39,SIAgent11,MALE_YOUNG_HIGH_INCOME,8,104.0,77,104.0
39,SIAgent12,FEMALE_OLD,40,562.0,144,558.6000000000001
39,SIAgent13,FEMALE_LOW_INCOME,61,877.0,61,876.999999999999
39,SIAgent14,MALE_HIGH_INCOME,19,265.0,19,256.5
40,WEAgent1,MALE_HIGH_INCOME,19,265.0,70,169.0
40,WEAgent2,OLD_LOW_INCOME,59,840.0,59,834.6764705882346
40,WEAgent0,OLD_LOW_INCOME,59,840.0,236,721.4999999999994
40,SIAgent9,OLD_HIGH_INCOME,17,243.0,17,242.99999999999991
40,SIAgent7,OLD_HIGH_INCOME,17,243.0,17,242.99999999999991
40,SIAgent8,YOUNG_LOW_INCOME,54,764.0,757,0.0
40,SIAgent5,OLD_LOW_INCOME,59,840.0,59,839.9999999999998
40,SIAgent6,OLD_HIGH_INCOME,17,243.0,184,242.99999999999991
40,SIAgent3,MALE_HIGH_INCOME,19,265.0,20,260.0
40,SIAgent4,MALE_YOUNG_HIGH_INCOME,8,104.0,8,104.0
40,SIAgent1,FEMALE_OLD_LOW_INCOME,34,481.0,361,396.11764705882337
40,SIAgent2,FEMALE_OLD_LOW_INCOME,34,481.0,34,480.9999999999997
40,SIAgent10,FEMALE_YOUNG_HIGH_INCOME,4,52.0,43,0.0
40,SIAgent0,OLD_HIGH_INCOME,17,243.0,17,242.99999999999991
40,SIAgent11,OLD_HIGH_INCOME,17,243.0,17,242.99999999999991
40,SIAgent12,FEMALE_OLD_LOW_INCOME,34,481.0,34,480.9999999999997
40,SIAgent13,MALE_YOUNG_HIGH_INCOME,8,104.0,8,104.0
40,SIAgent14,OLD_LOW_INCOME,59,840.0,59,839.5488534396808
41,WEAgent1,MALE_YOUNG_LOW_INCOME,26,368.0,26,367.8518518518519
41,WEAgent2,FEMALE_YOUNG_HIGH_INCOME,4,52.0,39,26.0
41,WEAgent0,MALE_YOUNG_HIGH_INCOME,8,104.0,83,0.0
41,SIAgent9,OLD_LOW_INCOME,59,840.0,59,839.9999999999998
41,SIAgent7,FEMALE_HIGH_INCOME,10,133.0,10,130.0
41,SIAgent8,MALE_LOW_INCOME,51,727.0,51,726.9999999999999
41,SIAgent5,FEMALE_YOUNG_HIGH_INCOME,4,52.0,4,52.0
41,SIAgent6,FEMALE_OLD_HIGH_INCOME,6,82.0,27,82.0
41,SIAgent3,OLD_HIGH_INCOME,17,243.0,17,237.6184210526316
41,SIAgent4,FEMALE_LOW_INCOME,61,877.0,61,865.8895166352793
41,SIAgent1,MALE_LOW_INCOME,51,727.0,51,726.9999999999999
41,SIAgent2,MALE_LOW_INCOME,51,727.0,51,726.8461027174884
41,SIAgent10,YOUNG_LOW_INCOME,54,764.0,585,0.0
41,SIAgent0,MALE_YOUNG,33,471.0,33,469.18163054695555
41,SIAgent11,FEMALE_OLD,40,562.0,173,560.3333333333335
41,SIAgent12,OLD_LOW_INCOME,59,840.0,72,836.4415254237283
41,SIAgent13,MALE_HIGH_INCOME,19,265.0,49,260.0
41,SIAgent14,FEMALE_OLD_HIGH_INCOME,6,82.0,6,82.0
42,WEAgent1,YOUNG_HIGH_INCOME,11,155.0,76,0.0
42,WEAgent2,FEMALE_OLD_HIGH_INCOME,6,82.0,6,79.8
42,WEAgent0,FEMALE_YOUNG_HIGH_INCOME,4,52.0,0,0.0
42,SIAgent9,MALE_OLD_HIGH_INCOME,12,162.0,12,162.0
42,SIAgent7,MALE_YOUNG,33,471.0,80,469.3636363636361
42,SIAgent8,FEMALE_YOUNG_LOW_INCOME,28,396.0,28,394.57142857142856
42,SIAgent5,FEMALE_YOUNG_LOW_INCOME,28,396.0,27,381.857142857143
42,SIAgent6,FEMALE_OLD_LOW_INCOME,34,481.0,34,480.9999999999997
42,SIAgent3,MALE_HIGH_INCOME,19,265.0,19,256.5
42,SIAgent4,FEMALE_OLD_LOW_INCOME,34,481.0,426,480.9999999999997
42,SIAgent1,FEMALE_LOW_INCOME,61,877.0,62,876.9873949579826
42,SIAgent2,YOUNG_HIGH_INCOME,11,155.0,11,154.0
42,SIAgent10,MALE_YOUNG,33,471.0,33,470.9999999999998
42,SIAgent0,FEMALE_YOUNG,32,448.0,309,438.90000000000026
42,SIAgent11,FEMALE_HIGH_INCOME,10,133.0,89,78.0
42,SIAgent12,MALE_OLD_HIGH_INCOME,12,162.0,12,162.0
42,SIAgent13,MALE_OLD_HIGH_INCOME,12,162.0,116,135.0
42,SIAgent14,FEMALE_YOUNG_HIGH_INCOME,4,52.0,0,0.0
43,WEAgent1,FEMALE_OLD,40,562.0,42,558.6000000000001
43,WEAgent2,YOUNG_LOW_INCOME,54,764.0,54,756.0
43,WEAgent0,FEMALE_YOUNG,32,448.0,32,436.8000000000002
43,SIAgent9,OLD_HIGH_INCOME,17,243.0,17,242.99999999999991
43,SIAgent7,MALE_HIGH_INCOME,19,265.0,39,256.5
43,SIAgent8,MALE_OLD_HIGH_INCOME,12,162.0,97,0.0
43,SIAgent5,FEMALE_YOUNG_HIGH_INCOME,4,52.0,0,0.0
43,SIAgent6,FEMALE_OLD_LOW_INCOME,34,481.0,415,0.0
43,SIAgent3,OLD_HIGH_INCOME,17,243.0,17,241.30736618971918
43,SIAgent4,FEMALE_YOUNG,32,448.0,32,448.0
43,SIAgent1,FEMALE_OLD_HIGH_INCOME,6,82.0,6,81.0
43,SIAgent2,MALE_YOUNG,33,471.0,159,460.2631578947372
43,SIAgent10,FEMALE_YOUNG,32,448.0,172,448.0
43,SIAgent0,FEMALE_YOUNG_HIGH_INCOME,4,52.0,0,0.0
43,SIAgent11,FEMALE_HIGH_INCOME,10,133.0,10,133.0
43,SIAgent12,FEMALE_HIGH_INCOME,10,133.0,10,133.0
43,SIAgent13,FEMALE_LOW_INCOME,61,877.0,62,873.2941176470583
43,SIAgent14,MALE_OLD,37,521.0,165,516.0526315789479
44,WEAgent1,MALE_YOUNG_LOW_INCOME,26,368.0,274,0.0
44,WEAgent2,MALE_OLD,37,521.0,37,516.0526315789479
44,WEAgent0,YOUNG_HIGH_INCOME,11,155.0,47,91.0
44,SIAgent9,YOUNG_HIGH_INCOME,11,155.0,11,155.0
44,SIAgent7,FEMALE_YOUNG_HIGH_INCOME,4,52.0,4,52.0
44,SIAgent8,OLD_HIGH_INCOME,17,243.0,17,239.83942766295712
44,SIAgent5,MALE_YOUNG,33,471.0,33,469.42780748663085
44,SIAgent6,OLD_HIGH_INCOME,17,243.0,17,242.99999999999991
44,SIAgent3,MALE_YOUNG_HIGH_INCOME,8,104.0,8,104.0
44,SIAgent4,MALE_HIGH_INCOME,19,265.0,24,260.0
44,SIAgent1,YOUNG_HIGH_INCOME,11,155.0,11,154.7129186602871
44,SIAgent2,YOUNG_HIGH_INCOME,11,155.0,11,155.0
44,SIAgent10,FEMALE_YOUNG_LOW_INCOME,28,396.0,28,392.0
44,SIAgent0,FEMALE_YOUNG_HIGH_INCOME,4,52.0,12,0.0
44,SIAgent11,FEMALE_LOW_INCOME,61,877.0,141,876.8571428571424
44,SIAgent12,FEMALE_OLD_HIGH_INCOME,6,82.0,81,0.0
44,SIAgent13,FEMALE_YOUNG,32,448.0,225,442.0
44,SIAgent14,MALE_LOW_INCOME,51,727.0,112,721.846153846154
45,WEAgent1,MALE_OLD_LOW_INCOME,25,359.0,25,353.6764705882352
45,WEAgent2,MALE_HIGH_INCOME,19,265.0,79,260.0
45,WEAgent0,MALE_LOW_INCOME,51,727.0,311,508.50238473767894
45,SIAgent9,FEMALE_YOUNG_LOW_INCOME,28,396.0,359,197.99999999999997
45,SIAgent7,FEMALE_YOUNG_LOW_INCOME,28,396.0,27,381.857142857143
45,SIAgent8,MALE_OLD,37,521.0,38,513.0
45,SIAgent5,FEMALE_HIGH_INCOME,10,133.0,118,79.8
45,SIAgent6,MALE_OLD_LOW_INCOME,25,359.0,25,355.9322033898307
45,SIAgent3,FEMALE_HIGH_INCOME,10,133.0,10,133.0
45,SIAgent4,OLD_HIGH_INCOME,17,243.0,17,237.0351351351352
45,SIAgent1,MALE_YOUNG_LOW_INCOME,26,368.0,334,0.0
45,SIAgent2,MALE_YOUNG_HIGH_INCOME,8,104.0,8,104.0
45,SIAgent10,OLD_LOW_INCOME,59,840.0,59,834.6764705882346
45,SIAgent0,FEMALE_OLD_LOW_INCOME,34,481.0,34,480.9999999999997
45,SIAgent11,FEMALE_OLD_LOW_INCOME,34,481.0,410,424.41176470588215
45,SIAgent12,MALE_YOUNG_HIGH_INCOME,8,104.0,8,104.0
45,SIAgent13,MALE_OLD_HIGH_INCOME,12,162.0,104,0.0
45,SIAgent14,MALE_YOUNG,33,471.0,34,469.69230769230745
46,WEAgent1,FEMALE_LOW_INCOME,61,877.0,62,868.0
46,WEAgent2,MALE_HIGH_INCOME,19,265.0,98,143.0
46,WEAgent0,FEMALE_YOUNG_HIGH_INCOME,4,52.0,0,0.0
46,SIAgent9,MALE_OLD,37,521.0,452,436.5135135135138
46,SIAgent7,FEMALE_OLD_HIGH_INCOME,6,82.0,6,79.8
46,SIAgent8,FEMALE_YOUNG,32,448.0,37,448.0
46,SIAgent5,FEMALE_YOUNG_LOW_INCOME,28,396.0,28,392.00000000000006
46,SIAgent6,FEMALE_HIGH_INCOME,10,133.0,39,0.0
46,SIAgent3,YOUNG_LOW_INCOME,54,764.0,53,749.851851851852
46,SIAgent4,MALE_YOUNG_HIGH_INCOME,8,104.0,8,104.0
46,SIAgent1,FEMALE_OLD,40,562.0,365,560.3333333333335
46,SIAgent2,YOUNG_LOW_INCOME,54,764.0,62,763.9576719576718
46,SIAgent10,OLD_HIGH_INCOME,17,243.0,17,242.57392686804445
46,SIAgent0,YOUNG_LOW_INCOME,54,764.0,53,749.851851851852
46,SIAgent11,OLD_HIGH_INCOME,17,243.0,17,242.99999999999991
46,SIAgent12,MALE_YOUNG,33,471.0,33,457.7037037037038
46,SIAgent13,FEMALE_YOUNG,32,448.0,32,448.0
46,SIAgent14,MALE_OLD,37,521.0,36,506.91891891891925
47,WEAgent1,OLD_HIGH_INCOME,17,243.0,18,239.4000000000001
47,WEAgent2,OLD_LOW_INCOME,59,840.0,298,535.0810810810814
47,WEAgent0,MALE_YOUNG_HIGH_INCOME,8,104.0,63,0.0
47,SIAgent9,MALE_OLD,37,521.0,37,516.0526315789479
47,SIAgent7,MALE_YOUNG_LOW_INCOME,26,368.0,26,367.8518518518519
47,SIAgent8,FEMALE_OLD_LOW_INCOME,34,481.0,377,367.8235294117646
47,SIAgent5,YOUNG_LOW_INCOME,54,764.0,661,0.0
47,SIAgent6,FEMALE_LOW_INCOME,61,877.0,61,876.999999999999
47,SIAgent3,MALE_HIGH_INCOME,19,265.0,20,260.0
47,SIAgent4,FEMALE_LOW_INCOME,61,877.0,61,875.2964506601619
47,SIAgent1,FEMALE_HIGH_INCOME,10,133.0,14,130.6
47,SIAgent2,FEMALE_OLD_LOW_INCOME,34,481.0,34,480.9999999999997
47,SIAgent10,OLD_LOW_INCOME,59,840.0,59,834.6764705882346
47,SIAgent0,FEMALE_YOUNG_HIGH_INCOME,4,52.0,24,0.0
47,SIAgent11,MALE_OLD_HIGH_INCOME,12,162.0,138,0.0
47,SIAgent12,MALE_LOW_INCOME,51,727.0,51,723.5149934810953
47,SIAgent13,FEMALE_OLD_HIGH_INCOME,6,82.0,6,81.0
47,SIAgent14,FEMALE_HIGH_INCOME,10,133.0,10,133.0
48,WEAgent1,MALE_HIGH_INCOME,19,265.0,20,260.0
48,WEAgent2,MALE_YOUNG_HIGH_INCOME,8,104.0,77,104.0
48,WEAgent0,FEMALE_YOUNG_LOW_INCOME,28,396.0,27,381.857142857143
48,SIAgent9,FEMALE_OLD,40,562.0,39,547.9500000000002
48,SIAgent7,FEMALE_YOUNG_LOW_INCOME,28,396.0,28,394.57142857142856
48,SIAgent8,FEMALE_LOW_INCOME,61,877.0,61,863.0065359477122
48,SIAgent5,FEMALE_YOUNG_LOW_INCOME,28,396.0,27,381.857142857143
48,SIAgent6,FEMALE_OLD_LOW_INCOME,34,481.0,34,477.7000000000003
48,SIAgent3,MALE_YOUNG_LOW_INCOME,26,368.0,243,254.76923076923086
48,SIAgent4,FEMALE_HIGH_INCOME,10,133.0,72,0.0
48,SIAgent1,FEMALE_YOUNG,32,448.0,142,438.90000000000026
48,SIAgent2,OLD_HIGH_INCOME,17,243.0,17,232.25000000000006
48,SIAgent10,MALE_YOUNG_LOW_INCOME,26,368.0,26,367.99999999999994
48,SIAgent0,MALE_YOUNG,33,471.0,33,461.6274509803921
48,SIAgent11,YOUNG_LOW_INCOME,54,764.0,54,763.7142857142856
48,SIAgent12,MALE_LOW_INCOME,51,727.0,144,721.846153846154
48,SIAgent13,FEMALE_OLD,40,562.0,58,559.7500000000001
48,SIAgent14,MALE_OLD_HIGH_INCOME,12,162.0,173,0.0
49,WEAgent1,MALE_YOUNG_LOW_INCOME,26,368.0,26,367.99999999999994
49,WEAgent2,MALE_YOUNG_LOW_INCOME,26,368.0,26,367.99999999999994
49,WEAgent0,MALE_LOW_INCOME,51,727.0,283,0.0
49,SIAgent9,OLD_LOW_INCOME,59,840.0,59,837.8063242704317
49,SIAgent7,FEMALE_OLD_HIGH_INCOME,6,82.0,16,0.0
49,SIAgent8,OLD_LOW_INCOME,59,840.0,59,839.9999999999998
49,SIAgent5,MALE_HIGH_INCOME,19,265.0,63,256.5
49,SIAgent6,FEMALE_YOUNG_LOW_INCOME,28,396.0,28,392.0
49,SIAgent3,MALE_OLD,37,521.0,37,507.1052631578949
49,SIAgent4,FEMALE_OLD,40,562.0,289,560.3333333333335
49,SIAgent1,MALE_OLD_HIGH_INCOME,12,162.0,85,121.5
49,SIAgent2,MALE_OLD_HIGH_INCOME,12,162.0,12,162.0
49,SIAgent10,MALE_YOUNG_LOW_INCOME,26,368.0,322,0.0
49,SIAgent0,OLD_LOW_INCOME,59,840.0,59,839.9999999999998
49,SIAgent11,OLD_HIGH_INCOME,17,243.0,17,242.57392686804445
49,SIAgent12,FEMALE_YOUNG,32,448.0,406,0.0
49,SIAgent13,FEMALE_OLD_LOW_INCOME,34,481.0,34,477.7000000000003
49,SIAgent14,OLD_HIGH_INCOME,17,243.0,17,242.99999999999991
50,WEAgent1,MALE_LOW_INCOME,51,727.0,304,0.0
50,WEAgent2,MALE_HIGH_INCOME,19,265.0,89,195.0
50,WEAgent0,FEMALE_OLD_HIGH_INCOME,6,82.0,11,0.0
50,SIAgent9,MALE_YOUNG_HIGH_INCOME,8,104.0,8,104.0
50,SIAgent7,FEMALE_YOUNG_LOW_INCOME,28,396.0,27,381.857142857143
50,SIAgent8,YOUNG_HIGH_INCOME,11,155.0,11,143.3
50,SIAgent5,FEMALE_HIGH_INCOME,10,133.0,10,130.0
50,SIAgent6,FEMALE_YOUNG_HIGH_INCOME,4,52.0,25,26.0
50,SIAgent3,MALE_LOW_INCOME,51,727.0,51,723.4315514993482
50,SIAgent4,YOUNG_LOW_INCOME,54,764.0,70,763.7142857142856
50,SIAgent1,FEMALE_OLD,40,562.0,393,559.0
50,SIAgent2,FEMALE_YOUNG_LOW_INCOME,28,396.0,303,297.0
50,SIAgent10,FEMALE_YOUNG_HIGH_INCOME,4,52.0,4,52.0
50,SIAgent0,MALE_YOUNG_LOW_INCOME,26,368.0,26,367.8518518518519
50,SIAgent11,OLD_HIGH_INCOME,17,243.0,64,238.85000000000008
50,SIAgent12,MALE_YOUNG_HIGH_INCOME,8,104.0,8,104.0
50,SIAgent13,FEMALE_LOW_INCOME,61,877.0,61,865.8003766478344
50,SIAgent14,OLD_LOW_INCOME,59,840.0,59,831.0269230769229
51,WEAgent1,FEMALE_HIGH_INCOME,10,133.0,14,39.0
51,WEAgent2,MALE_YOUNG_HIGH_INCOME,8,104.0,79,104.0
51,WEAgent0,OLD_HIGH_INCOME,17,243.0,64,0.0
51,SIAgent9,FEMALE_OLD_LOW_INCOME,34,481.0,34,480.9999999999997
51,SIAgent7,MALE_HIGH_INCOME,19,265.0,47,260.0
51,SIAgent8,MALE_YOUNG,33,471.0,33,466.25101214574886
51,SIAgent5,OLD_HIGH_INCOME,17,243.0,17,239.18575851393183
51,SIAgent6,FEMALE_OLD_LOW_INCOME,34,481.0,34,480.9999999999997
51,SIAgent3,YOUNG_LOW_INCOME,54,764.0,98,756.0
51,SIAgent4,MALE_YOUNG_LOW_INCOME,26,368.0,26,367.8518518518519
51,SIAgent1,FEMALE_YOUNG_HIGH_INCOME,4,52.0,4,52.0
51,SIAgent2,OLD_LOW_INCOME,59,840.0,119,834.6764705882346
51,SIAgent10,FEMALE_YOUNG,32,448.0,205,442.0
51,SIAgent0,FEMALE_OLD_LOW_INCOME,34,481.0,269,480.9999999999997
51,SIAgent11,MALE_YOUNG_HIGH_INCOME,8,104.0,8,104.0
51,SIAgent12,FEMALE_LOW_INCOME,61,877.0,61,865.7112366603892
51,SIAgent13,MALE_OLD_LOW_INCOME,25,359.0,25,355.9322033898307
51,SIAgent14,FEMALE_OLD_LOW_INCOME,34,481.0,34,480.9999999999997
52,WEAgent1,MALE_HIGH_INCOME,19,265.0,70,0.0
52,WEAgent2,MALE_YOUNG_HIGH_INCOME,8,104.0,0,0.0
52,WEAgent0,FEMALE_OLD,40,562.0,48,0.0
52,SIAgent9,YOUNG_HIGH_INCOME,11,155.0,11,155.0
52,SIAgent7,MALE_YOUNG,33,471.0,33,470.58041958041935
52,SIAgent8,FEMALE_HIGH_INCOME,10,133.0,10,130.0
52,SIAgent5,FEMALE_YOUNG_HIGH_INCOME,4,52.0,4,52.0
52,SIAgent6,FEMALE_OLD,40,562.0,189,555.0000000000002
52,SIAgent3,FEMALE_LOW_INCOME,61,877.0,131,871.0999999999991
52,SIAgent4,MALE_YOUNG,33,471.0,33,470.9999999999998
52,SIAgent1,YOUNG_HIGH_INCOME,11,155.0,11,155.0
52,SIAgent2,MALE_YOUNG_LOW_INCOME,26,368.0,26,367.99999999999994
52,SIAgent10,FEMALE_YOUNG_HIGH_INCOME,4,52.0,38,39.0
52,SIAgent0,MALE_OLD_HIGH_INCOME,12,162.0,105,0.0
52,SIAgent11,MALE_YOUNG_LOW_INCOME,26,368.0,290,297.2307692307693
52,SIAgent12,FEMALE_YOUNG_HIGH_INCOME,4,52.0,4,52.0
52,SIAgent13,YOUNG_HIGH_INCOME,11,155.0,11,153.9090909090909
52,SIAgent14,MALE_OLD,37,521.0,119,513.0
53,WEAgent1,FEMALE_OLD_HIGH_INCOME,6,82.0,0,0.0
53,WEAgent2,MALE_YOUNG_HIGH_INCOME,8,104.0,19,78.0
53,WEAgent0,MALE_OLD_LOW_INCOME,25,359.0,25,355.3073751717821
53,SIAgent9,MALE_YOUNG_HIGH_INCOME,8,104.0,8,104.0
53,SIAgent7,MALE_HIGH_INCOME,19,265.0,83,260.0
53,SIAgent8,FEMALE_OLD_HIGH_INCOME,6,82.0,26,0.0
53,SIAgent5,OLD_HIGH_INCOME,17,243.0,17,242.99999999999991
53,SIAgent6,OLD_LOW_INCOME,59,840.0,59,838.1271186440674
53,SIAgent3,MALE_YOUNG_HIGH_INCOME,8,104.0,8,104.0
53,SIAgent4,OLD_LOW_INCOME,59,840.0,59,839.9999999999998
53,SIAgent1,OLD_HIGH_INCOME,17,243.0,17,242.75588235294111
53,SIAgent2,MALE_OLD,37,521.0,107,516.0526315789479
53,SIAgent10,FEMALE_YOUNG_LOW_INCOME,28,396.0,419,0.0
53,SIAgent0,FEMALE_YOUNG_HIGH_INCOME,4,52.0,4,52.0
53,SIAgent11,FEMALE_HIGH_INCOME,10,133.0,10,130.0
53,SIAgent12,MALE_YOUNG,33,471.0,202,460.2631578947372
53,SIAgent13,FEMALE_OLD,40,562.0,306,560.3333333333335
53,SIAgent14,FEMALE_YOUNG_HIGH_INCOME,4,52.0,34,26.0
54,WEAgent1,MALE_YOUNG_LOW_INCOME,26,368.0,26,367.99999999999994
54,WEAgent2,FEMALE_OLD_HIGH_INCOME,6,82.0,45,0.0
54,WEAgent0,YOUNG_HIGH_INCOME,11,155.0,20,0.0
54,SIAgent9,MALE_LOW_INCOME,51,727.0,51,726.2764257470138
54,SIAgent7,FEMALE_LOW_INCOME,61,877.0,133,876.8571428571424
54,SIAgent8,MALE_OLD_HIGH_INCOME,12,162.0,55,135.0
54,SIAgent5,OLD_HIGH_INCOME,17,243.0,17,242.99999999999991
54,SIAgent6,MALE_YOUNG_LOW_INCOME,26,368.0,308,0.0
54,SIAgent3,FEMALE_OLD_HIGH_INCOME,6,82.0,6,79.8
54,SIAgent4,MALE_OLD_HIGH_INCOME,12,162.0,12,162.0
54,SIAgent1,MALE_LOW_INCOME,51,727.0,51,726.9999999999999
54,SIAgent2,MALE_OLD,37,521.0,172,513.0
54,SIAgent10,FEMALE_YOUNG,32,448.0,172,438.90000000000026
54,SIAgent0,OLD_HIGH_INCOME,17,243.0,17,242.57392686804445
54,SIAgent11,FEMALE_HIGH_INCOME,10,133.0,10,132.99999999999997
54,SIAgent12,MALE_YOUNG,33,471.0,44,470.41176470588226
54,SIAgent13,FEMALE_YOUNG_LOW_INCOME,28,396.0,28,392.0
54,SIAgent14,OLD_HIGH_INCOME,17,243.0,17,242.99999999999991
55,WEAgent1,FEMALE_OLD_HIGH_INCOME,6,82.0,0,0.0
55,WEAgent2,YOUNG_LOW_INCOME,54,764.0,342,0.0
55,WEAgent0,FEMALE_YOUNG_HIGH_INCOME,4,52.0,54,0.0
55,SIAgent9,FEMALE_OLD_HIGH_INCOME,6,82.0,42,82.0
55,SIAgent7,FEMALE_OLD_LOW_INCOME,34,481.0,34,477.7000000000003
55,SIAgent8,FEMALE_OLD_HIGH_INCOME,6,82.0,6,82.0
55,SIAgent5,MALE_OLD,37,521.0,36,506.91891891891925
55,SIAgent6,FEMALE_OLD,40,562.0,90,559.3166666666668
55,SIAgent3,FEMALE_OLD,40,562.0,39,547.9500000000002
55,SIAgent4,YOUNG_LOW_INCOME,54,764.0,54,762.6928571428568
55,SIAgent1,MALE_OLD_HIGH_INCOME,12,162.0,115,0.0
55,SIAgent2,MALE_OLD,37,521.0,42,519.2567567567571
55,SIAgent10,FEMALE_OLD,40,562.0,39,547.9500000000002
55,SIAgent0,FEMALE_YOUNG_LOW_INCOME,28,396.0,363,0.0
55,SIAgent11,MALE_LOW_INCOME,51,727.0,51,723.7840552416826
55,SIAgent12,MALE_YOUNG_HIGH_INCOME,8,104.0,105,0.0
55,SIAgent13,OLD_LOW_INCOME,59,840.0,59,834.2146263910961
55,SIAgent14,YOUNG_HIGH_INCOME,11,155.0,11,143.0
56,WEAgent1,MALE_HIGH_INCOME,19,265.0,165,237.1052631578947
56,WEAgent2,FEMALE_LOW_INCOME,61,877.0,62,868.0
56,WEAgent0,MALE_HIGH_INCOME,19,265.0,19,265.0
56,SIAgent9,OLD_LOW_INCOME,59,840.0,59,837.6918433887524
56,SIAgent7,MALE_OLD,37,521.0,36,506.91891891891925
56,SIAgent8,OLD_LOW_INCOME,59,840.0,59,839.9999999999998
56,SIAgent5,FEMALE_OLD_HIGH_INCOME,6,82.0,31,0.0
56,SIAgent6,MALE_OLD,37,521.0,62,519.796586059744
56,SIAgent3,FEMALE_OLD,40,562.0,225,560.3333333333335
56,SIAgent4,OLD_HIGH_INCOME,17,243.0,17,242.99999999999991
56,SIAgent1,FEMALE_YOUNG,32,448.0,329,392.0
56,SIAgent2,MALE_OLD,37,521.0,36,506.91891891891925
56,SIAgent10,MALE_OLD_LOW_INCOME,25,359.0,25,355.9322033898307
56,SIAgent0,FEMALE_OLD_LOW_INCOME,34,481.0,34,477.7000000000003
56,SIAgent11,FEMALE_YOUNG,32,448.0,32,448.0
56,SIAgent12,MALE_HIGH_INCOME,19,265.0,19,265.0
56,SIAgent13,OLD_HIGH_INCOME,17,243.0,17,242.99999999999991
56,SIAgent14,YOUNG_HIGH_INCOME,11,155.0,11,153.6315789473684
57,WEAgent1,YOUNG_HIGH_INCOME,11,155.0,11,143.0
57,WEAgent2,YOUNG_HIGH_INCOME,11,155.0,35,143.0
57,WEAgent0,MALE_OLD,37,521.0,36,506.91891891891925
57,SIAgent9,MALE_YOUNG,33,471.0,33,466.48821548821553
57,SIAgent7,OLD_LOW_INCOME,59,840.0,59,839.9999999999998
57,SIAgent8,YOUNG_HIGH_INCOME,11,155.0,11,148.68421052631578
57,SIAgent5,FEMALE_YOUNG_LOW_INCOME,28,396.0,334,0.0
57,SIAgent6,FEMALE_LOW_INCOME,61,877.0,61,865.8895166352794
57,SIAgent3,FEMALE_YOUNG_HIGH_INCOME,4,52.0,55,0.0
57,SIAgent4,OLD_LOW_INCOME,59,840.0,77,837.3444800732932
57,SIAgent1,OLD_HIGH_INCOME,17,243.0,17,242.99999999999991
57,SIAgent2,MALE_OLD,37,521.0,358,0.0
57,SIAgent10,MALE_HIGH_INCOME,19,265.0,19,262.1578947368421
57,SIAgent0,YOUNG_LOW_INCOME,54,764.0,108,763.7142857142856
57,SIAgent11,MALE_HIGH_INCOME,19,265.0,19,265.0
57,SIAgent12,OLD_HIGH_INCOME,17,243.0,17,242.57392686804448
57,SIAgent13,MALE_YOUNG_HIGH_INCOME,8,104.0,8,104.0
57,SIAgent14,FEMALE_OLD_HIGH_INCOME,6,82.0,68,0.0
58,WEAgent1,MALE_YOUNG_HIGH_INCOME,8,104.0,108,0.0
58,WEAgent2,MALE_OLD_HIGH_INCOME,12,162.0,142,0.0
58,WEAgent0,FEMALE_YOUNG,32,448.0,48,172.90000000000003
58,SIAgent9,FEMALE_OLD_LOW_INCOME,34,481.0,34,480.90294117647034
58,SIAgent7,MALE_YOUNG_LOW_INCOME,26,368.0,26,367.99999999999994
58,SIAgent8,FEMALE_OLD_LOW_INCOME,34,481.0,34,480.9999999999997
58,SIAgent5,FEMALE_LOW_INCOME,61,877.0,61,876.999999999999
58,SIAgent6,FEMALE_OLD,40,562.0,39,547.9500000000002
58,SIAgent3,FEMALE_OLD,40,562.0,126,555.1000000000003
58,SIAgent4,FEMALE_LOW_INCOME,61,877.0,71,874.470106075216
58,SIAgent1,MALE_YOUNG_LOW_INCOME,26,368.0,26,367.99999999999994
58,SIAgent2,MALE_YOUNG_LOW_INCOME,26,368.0,241,283.07692307692315
58,SIAgent10,MALE_LOW_INCOME,51,727.0,103,721.846153846154
58,SIAgent0,FEMALE_OLD_HIGH_INCOME,6,82.0,36,0.0
58,SIAgent11,FEMALE_OLD_LOW_INCOME,34,481.0,34,480.9999999999997
58,SIAgent12,FEMALE_HIGH_INCOME,10,133.0,10,133.0
58,SIAgent13,MALE_HIGH_INCOME,19,265.0,19,253.0
58,SIAgent14,MALE_YOUNG_LOW_INCOME,26,368.0,26,367.99999999999994
59,WEAgent1,FEMALE_YOUNG_LOW_INCOME,28,396.0,355,0.0
59,WEAgent2,MALE_OLD_HIGH_INCOME,12,162.0,12,162.0
59,WEAgent0,FEMALE_YOUNG,32,448.0,34,443.8
59,SIAgent9,MALE_OLD_HIGH_INCOME,12,162.0,114,162.0
59,SIAgent7,FEMALE_LOW_INCOME,61,877.0,61,865.5472154963677
59,SIAgent8,MALE_OLD_LOW_INCOME,25,359.0,25,355.9322033898307
59,SIAgent5,FEMALE_OLD_HIGH_INCOME,6,82.0,29,82.0
59,SIAgent6,MALE_YOUNG,33,471.0,472,0.0
59,SIAgent3,OLD_HIGH_INCOME,17,243.0,17,239.191891891892
59,SIAgent4,FEMALE_HIGH_INCOME,10,133.0,10,133.0
59,SIAgent1,FEMALE_OLD,40,562.0,188,560.3333333333335
59,SIAgent2,FEMALE_OLD_LOW_INCOME,34,481.0,34,477.7000000000003
59,SIAgent10,FEMALE_HIGH_INCOME,10,133.0,10,133.0
59,SIAgent0,MALE_OLD,37,521.0,82,513.0
59,SIAgent11,OLD_LOW_INCOME,59,840.0,59,833.4228934817163
59,SIAgent12,FEMALE_OLD_HIGH_INCOME,6,82.0,6,82.0
59,SIAgent13,FEMALE_YOUNG_HIGH_INCOME,4,52.0,10,0.0
59,SIAgent14,FEMALE_OLD_HIGH_INCOME,6,82.0,6,82.0
60,WEAgent1,MALE_LOW_INCOME,51,727.0,53,715.5
60,WEAgent2,FEMALE_HIGH_INCOME,10,133.0,58,0.0
60,WEAgent0,OLD_LOW_INCOME,59,840.0,209,540.0
60,SIAgent9,OLD_HIGH_INCOME,17,243.0,17,236.47747747747746
60,SIAgent7,MALE_YOUNG_LOW_INCOME,26,368.0,26,367.99999999999994
60,SIAgent8,FEMALE_OLD_HIGH_INCOME,6,82.0,6,82.0
60,SIAgent5,OLD_LOW_INCOME,59,840.0,145,830.7837837837832
60,SIAgent6,MALE_HIGH_INCOME,19,265.0,54,256.5
60,SIAgent3,MALE_LOW_INCOME,51,727.0,51,724.0990873533245
60,SIAgent4,MALE_OLD_HIGH_INCOME,12,162.0,79,54.0
60,SIAgent1,MALE_OLD_HIGH_INCOME,12,162.0,12,162.0
60,SIAgent2,YOUNG_LOW_INCOME,54,764.0,537,509.3333333333334
60,SIAgent10,MALE_YOUNG_LOW_INCOME,26,368.0,26,367.99999999999994
60,SIAgent0,FEMALE_LOW_INCOME,61,877.0,61,866.1569365976144
60,SIAgent11,MALE_YOUNG_LOW_INCOME,26,368.0,26,367.988603988604
60,SIAgent12,FEMALE_OLD_HIGH_INCOME,6,82.0,79,41.0
60,SIAgent13,YOUNG_LOW_INCOME,54,764.0,53,749.851851851852
60,SIAgent14,MALE_OLD,37,521.0,37,514.2631578947372
61,WEAgent1,YOUNG_HIGH_INCOME,11,155.0,11,143.0
61,WEAgent2,FEMALE_YOUNG,32,448.0,33,156.0
61,WEAgent0,FEMALE_OLD_LOW_INCOME,34,481.0,34,480.9999999999997
61,SIAgent9,MALE_YOUNG_LOW_INCOME,26,368.0,283,0.0
61,SIAgent7,MALE_OLD_HIGH_INCOME,12,162.0,131,0.0
61,SIAgent8,MALE_YOUNG_HIGH_INCOME,8,104.0,84,0.0
61,SIAgent5,MALE_HIGH_INCOME,19,265.0,19,265.0
61,SIAgent6,MALE_HIGH_INCOME,19,265.0,19,263.60526315789474
61,SIAgent3,FEMALE_YOUNG_HIGH_INCOME,4,52.0,4,52.0
61,SIAgent4,MALE_LOW_INCOME,51,727.0,51,726.9999999999999
61,SIAgent1,MALE_HIGH_INCOME,19,265.0,19,265.0
61,SIAgent2,MALE_OLD_LOW_INCOME,25,359.0,25,358.7898039215688
61,SIAgent10,FEMALE_LOW_INCOME,61,877.0,97,862.9705882352933
61,SIAgent0,OLD_HIGH_INCOME,17,243.0,31,237.10526315789474
61,SIAgent11,FEMALE_OLD_LOW_INCOME,34,481.0,393,240.50000000000003
61,SIAgent12,MALE_LOW_INCOME,51,727.0,52,726.6968325791855
61,SIAgent13,MALE_OLD_LOW_INCOME,25,359.0,24,344.6400000000002
61,SIAgent14,FEMALE_YOUNG_HIGH_INCOME,4,52.0,4,52.0
62,WEAgent1,FEMALE_YOUNG_HIGH_INCOME,4,52.0,0,0.0
62,WEAgent2,MALE_YOUNG_LOW_INCOME,26,368.0,229,0.0
62,WEAgent0,FEMALE_OLD,40,562.0,72,182.65000000000003
62,SIAgent9,FEMALE_YOUNG,32,448.0,32,448.0
62,SIAgent7,MALE_LOW_INCOME,51,727.0,51,726.9999999999999
62,SIAgent8,MALE_YOUNG_HIGH_INCOME,8,104.0,93,0.0
62,SIAgent5,MALE_YOUNG_LOW_INCOME,26,368.0,26,367.8461538461538
62,SIAgent6,MALE_YOUNG_LOW_INCOME,26,368.0,26,367.99999999999994
62,SIAgent3,FEMALE_OLD,40,562.0,147,547.9500000000002
62,SIAgent4,MALE_HIGH_INCOME,19,265.0,20,260.0
62,SIAgent1,FEMALE_YOUNG,32,448.0,72,446.0
62,SIAgent2,FEMALE_YOUNG_HIGH_INCOME,4,52.0,29,0.0
62,SIAgent10,FEMALE_OLD,40,562.0,39,547.9500000000002
62,SIAgent0,MALE_YOUNG_LOW_INCOME,26,368.0,26,367.99999999999994
62,SIAgent11,MALE_OLD,37,521.0,457,450.59459459459487
62,SIAgent12,MALE_OLD,37,521.0,36,506.91891891891925
62,SIAgent13,MALE_LOW_INCOME,51,727.0,51,726.7978883861236
62,SIAgent14,YOUNG_LOW_INCOME,54,764.0,54,756.0
63,WEAgent1,MALE_OLD,37,521.0,75,243.0
63,WEAgent2,OLD_HIGH_INCOME,17,243.0,18,243.0
63,WEAgent0,FEMALE_OLD_LOW_INCOME,34,481.0,34,480.9999999999997
63,SIAgent9,OLD_LOW_INCOME,59,840.0,59,839.7293120638084
63,SIAgent7,FEMALE_LOW_INCOME,61,877.0,64,876.3011947763257
63,SIAgent8,MALE_OLD_HIGH_INCOME,12,162.0,12,162.0
63,SIAgent5,FEMALE_LOW_INCOME,61,877.0,61,876.999999999999
63,SIAgent6,FEMALE_OLD_HIGH_INCOME,6,82.0,23,0.0
63,SIAgent3,OLD_HIGH_INCOME,17,243.0,17,242.99999999999991
63,SIAgent4,OLD_LOW_INCOME,59,840.0,59,839.9999999999998
63,SIAgent1,FEMALE_OLD_LOW_INCOME,34,481.0,34,480.9999999999997
63,SIAgent2,FEMALE_OLD_LOW_INCOME,34,481.0,34,480.9999999999997
63,SIAgent10,FEMALE_OLD,40,562.0,39,547.9500000000002
63,SIAgent0,MALE_OLD_LOW_INCOME,25,359.0,25,355.9322033898307
63,SIAgent11,FEMALE_OLD,40,562.0,77,558.1666666666669
63,SIAgent12,MALE_OLD,37,521.0,73,513.0
63,SIAgent13,MALE_YOUNG,33,471.0,437,0.0
63,SIAgent14,OLD_HIGH_INCOME,17,243.0,17,242.99999999999991
64,WEAgent1,FEMALE_YOUNG_LOW_INCOME,28,396.0,28,392.0
64,WEAgent2,FEMALE_HIGH_INCOME,10,133.0,0,0.0
64,WEAgent0,OLD_HIGH_INCOME,17,243.0,154,202.5
64,SIAgent9,MALE_LOW_INCOME,51,727.0,51,726.9999999999999
64,SIAgent7,YOUNG_HIGH_INCOME,11,155.0,11,153.68421052631578
64,SIAgent8,MALE_YOUNG_HIGH_INCOME,8,104.0,8,104.0
64,SIAgent5,FEMALE_OLD,40,562.0,39,547.9500000000002
64,SIAgent6,FEMALE_OLD,40,562.0,72,560.8500000000001
64,SIAgent3,MALE_OLD_HIGH_INCOME,12,162.0,12,162.0
64,SIAgent4,FEMALE_OLD_HIGH_INCOME,6,82.0,69,0.0
64,SIAgent1,FEMALE_YOUNG,32,448.0,366,0.0
64,SIAgent2,MALE_OLD_LOW_INCOME,25,359.0,25,356.3725490196078
64,SIAgent10,MALE_HIGH_INCOME,19,265.0,19,253.5
64,SIAgent0,OLD_HIGH_INCOME,17,243.0,17,237.61842105263162
64,SIAgent11,MALE_LOW_INCOME,51,727.0,546,641.470588235294
64,SIAgent12,MALE_LOW_INCOME,51,727.0,51,726.9999999999999
64,SIAgent13,YOUNG_LOW_INCOME,54,764.0,54,763.7142857142856
64,SIAgent14,MALE_YOUNG_HIGH_INCOME,8,104.0,75,13.0
65,WEAgent1,FEMALE_YOUNG_LOW_INCOME,28,396.0,28,392.0
65,WEAgent2,FEMALE_YOUNG,32,448.0,18,252.0
65,WEAgent0,MALE_YOUNG_LOW_INCOME,26,368.0,26,367.8518518518519
65,SIAgent9,MALE_OLD_LOW_INCOME,25,359.0,25,352.0270270270272
65,SIAgent7,FEMALE_OLD_LOW_INCOME,34,481.0,34,480.9999999999997
65,SIAgent8,MALE_OLD,37,521.0,128,516.0526315789479
65,SIAgent5,FEMALE_YOUNG_LOW_INCOME,28,396.0,28,392.00000000000006
65,SIAgent6,FEMALE_HIGH_INCOME,10,133.0,27,0.0
65,SIAgent3,FEMALE_OLD_LOW_INCOME,34,481.0,34,480.80588235294096
65,SIAgent4,MALE_HIGH_INCOME,19,265.0,30,262.1578947368421
65,SIAgent1,FEMALE_OLD,40,562.0,245,558.6000000000001
65,SIAgent2,FEMALE_LOW_INCOME,61,877.0,61,862.9967320261434
65,SIAgent10,MALE_HIGH_INCOME,19,265.0,19,265.0
65,SIAgent0,FEMALE_YOUNG_HIGH_INCOME,4,52.0,0,0.0
65,SIAgent11,MALE_YOUNG_HIGH_INCOME,8,104.0,69,0.0
65,SIAgent12,OLD_HIGH_INCOME,17,243.0,17,239.22297297297303
65,SIAgent13,YOUNG_LOW_INCOME,54,764.0,101,763.7142857142856
65,SIAgent14,FEMALE_YOUNG,32,448.0,277,280.0
66,WEAgent1,MALE_HIGH_INCOME,19,265.0,91,91.0
66,WEAgent2,MALE_YOUNG_HIGH_INCOME,8,104.0,8,104.0
66,WEAgent0,FEMALE_HIGH_INCOME,10,133.0,21,0.0
66,SIAgent9,YOUNG_HIGH_INCOME,11,155.0,11,152.0
66,SIAgent7,FEMALE_OLD_LOW_INCOME,34,481.0,34,479.73823529411777
66,SIAgent8,FEMALE_OLD_HIGH_INCOME,6,82.0,6,79.8
66,SIAgent5,MALE_LOW_INCOME,51,727.0,51,726.1016949152543
66,SIAgent6,FEMALE_OLD,40,562.0,164,560.3333333333335
66,SIAgent3,FEMALE_YOUNG,32,448.0,381,406.0
66,SIAgent4,MALE_YOUNG,33,471.0,33,470.9999999999998
66,SIAgent1,OLD_HIGH_INCOME,17,243.0,17,239.19189189189194
66,SIAgent2,FEMALE_OLD_LOW_INCOME,34,481.0,34,480.9999999999997
66,SIAgent10,MALE_YOUNG,33,471.0,41,470.4545454545452
66,SIAgent0,MALE_OLD,37,521.0,452,0.0
66,SIAgent11,FEMALE_YOUNG,32,448.0,32,448.0
66,SIAgent12,OLD_LOW_INCOME,59,840.0,59,833.2909379968195
66,SIAgent13,FEMALE_YOUNG,32,448.0,32,448.0
66,SIAgent14,FEMALE_LOW_INCOME,61,877.0,61,863.2542372881353
67,WEAgent1,MALE_OLD_LOW_INCOME,25,359.0,24,344.6400000000002
67,WEAgent2,MALE_HIGH_INCOME,19,265.0,19,256.5
67,WEAgent0,MALE_YOUNG,33,471.0,77,270.0
67,SIAgent9,MALE_YOUNG_LOW_INCOME,26,368.0,26,367.99999999999994
67,SIAgent7,MALE_OLD,37,521.0,46,519.2567567567571
67,SIAgent8,MALE_OLD_HIGH_INCOME,12,162.0,98,0.0
67,SIAgent5,FEMALE_YOUNG_LOW_INCOME,28,396.0,28,395.4285714285715
67,SIAgent6,MALE_YOUNG_LOW_INCOME,26,368.0,26,367.99999999999994
67,SIAgent3,MALE_OLD_LOW_INCOME,25,359.0,25,358.4421621621624
67,SIAgent4,FEMALE_OLD_LOW_INCOME,34,481.0,34,477.7000000000003
67,SIAgent1,MALE_YOUNG_LOW_INCOME,26,368.0,277,311.3846153846154
67,SIAgent2,YOUNG_HIGH_INCOME,11,155.0,11,153.0
67,SIAgent10,FEMALE_OLD,40,562.0,518,0.0
67,SIAgent0,MALE_YOUNG,33,471.0,33,466.38461538461513
67,SIAgent11,FEMALE_YOUNG,32,448.0,431,0.0
67,SIAgent12,OLD_HIGH_INCOME,17,243.0,17,239.19189189189194
67,SIAgent13,MALE_OLD,37,521.0,36,506.91891891891925
67,SIAgent14,FEMALE_YOUNG_LOW_INCOME,28,396.0,27,381.857142857143
68,WEAgent1,FEMALE_HIGH_INCOME,10,133.0,40,39.0
68,WEAgent2,MALE_YOUNG_LOW_INCOME,26,368.0,266,0.0
68,WEAgent0,MALE_HIGH_INCOME,19,265.0,70,182.0
68,SIAgent9,MALE_YOUNG_HIGH_INCOME,8,104.0,8,104.0
68,SIAgent7,FEMALE_HIGH_INCOME,10,133.0,11,133.0
68,SIAgent8,FEMALE_YOUNG_HIGH_INCOME,4,52.0,4,52.0
68,SIAgent5,MALE_OLD_LOW_INCOME,25,359.0,25,356.3725490196078
68,SIAgent6,MALE_LOW_INCOME,51,727.0,51,726.9999999999999
68,SIAgent3,MALE_OLD,37,521.0,37,516.0526315789479
68,SIAgent4,MALE_HIGH_INCOME,19,265.0,19,265.0
68,SIAgent1,MALE_HIGH_INCOME,19,265.0,21,264.0526315789474
68,SIAgent2,OLD_LOW_INCOME,59,840.0,701,0.0
68,SIAgent10,FEMALE_LOW_INCOME,61,877.0,61,876.999999999999
68,SIAgent0,MALE_YOUNG,33,471.0,33,467.6439628482973
68,SIAgent11,FEMALE_LOW_INCOME,61,877.0,64,876.7204779105297
68,SIAgent12,MALE_YOUNG_HIGH_INCOME,8,104.0,8,104.0
68,SIAgent13,FEMALE_HIGH_INCOME,10,133.0,10,133.0
68,SIAgent14,MALE_LOW_INCOME,51,727.0,51,726.626377278421
69,WEAgent1,FEMALE_OLD_LOW_INCOME,34,481.0,34,477.7000000000003
69,WEAgent2,MALE_YOUNG,33,471.0,44,312.0
69,WEAgent0,MALE_HIGH_INCOME,19,265.0,20,260.0
69,SIAgent9,MALE_YOUNG_HIGH_INCOME,8,104.0,8,104.0
69,SIAgent7,FEMALE_YOUNG_LOW_INCOME,28,396.0,27,381.857142857143
69,SIAgent8,OLD_HIGH_INCOME,17,243.0,17,239.2540540540541
69,SIAgent5,YOUNG_LOW_INCOME,54,764.0,97,763.7142857142856
69,SIAgent6,FEMALE_OLD_HIGH_INCOME,6,82.0,6,79.8
69,SIAgent3,MALE_OLD_HIGH_INCOME,12,162.0,96,0.0
69,SIAgent4,YOUNG_HIGH_INCOME,11,155.0,11,152.02727272727276
69,SIAgent1,OLD_LOW_INCOME,59,840.0,59,839.9999999999998
69,SIAgent2,FEMALE_YOUNG_LOW_INCOME,28,396.0,27,381.857142857143
69,SIAgent10,MALE_OLD,37,521.0,91,513.0
69,SIAgent0,FEMALE_OLD,40,562.0,208,560.3333333333335
69,SIAgent11,FEMALE_HIGH_INCOME,10,133.0,71,0.0
69,SIAgent12,OLD_LOW_INCOME,59,840.0,59,839.9999999999998
69,SIAgent13,YOUNG_HIGH_INCOME,11,155.0,11,155.0
69,SIAgent14,FEMALE_YOUNG_LOW_INCOME,28,396.0,294,367.71428571428584
70,WEAgent1,MALE_OLD_HIGH_INCOME,12,162.0,60,81.0
70,WEAgent2,YOUNG_LOW_INCOME,54,764.0,263,0.0
70,WEAgent0,MALE_OLD_HIGH_INCOME,12,162.0,12,162.0
70,SIAgent9,FEMALE_HIGH_INCOME,10,133.0,10,133.0
70,SIAgent7,MALE_LOW_INCOME,51,727.0,51,718.6046046046046
70,SIAgent8,YOUNG_LOW_INCOME,54,764.0,102,749.851851851852
70,SIAgent5,FEMALE_LOW_INCOME,61,877.0,134,863.0370370370372
70,SIAgent6,MALE_HIGH_INCOME,19,265.0,62,256.5
70,SIAgent3,OLD_HIGH_INCOME,17,243.0,17,242.99999999999991
70,SIAgent4,OLD_HIGH_INCOME,17,243.0,17,242.99999999999991
70,SIAgent1,MALE_OLD_LOW_INCOME,25,359.0,25,356.3725490196078
70,SIAgent2,YOUNG_HIGH_INCOME,11,155.0,11,146.94736842105263
70,SIAgent10,FEMALE_OLD_HIGH_INCOME,6,82.0,6,79.8
70,SIAgent0,MALE_YOUNG,33,471.0,33,470.9999999999998
70,SIAgent11,OLD_HIGH_INCOME,17,243.0,17,241.73343932167458
70,SIAgent12,MALE_YOUNG,33,471.0,33,470.34759358288755
70,SIAgent13,FEMALE_HIGH_INCOME,10,133.0,106,106.39999999999999
70,SIAgent14,MALE_OLD,37,521.0,140,516.0526315789479
71,WEAgent1,MALE_YOUNG,33,471.0,63,234.0
71,WEAgent2,FEMALE_OLD_LOW_INCOME,34,481.0,34,480.9999999999997
71,WEAgent0,OLD_LOW_INCOME,59,840.0,278,0.0
71,SIAgent9,MALE_YOUNG_HIGH_INCOME,8,104.0,8,104.0
71,SIAgent7,FEMALE_OLD_LOW_INCOME,34,481.0,34,480.9999999999997
71,SIAgent8,MALE_OLD_LOW_INCOME,25,359.0,25,355.9322033898307
71,SIAgent5,MALE_YOUNG_HIGH_INCOME,8,104.0,8,104.0
71,SIAgent6,MALE_OLD_HIGH_INCOME,12,162.0,140,0.0
71,SIAgent3,YOUNG_LOW_INCOME,54,764.0,675,0.0
71,SIAgent4,OLD_LOW_INCOME,59,840.0,59,834.6764705882346
71,SIAgent1,OLD_HIGH_INCOME,17,243.0,17,237.41315789473686
71,SIAgent2,MALE_HIGH_INCOME,19,265.0,19,265.0
71,SIAgent10,FEMALE_OLD_LOW_INCOME,34,481.0,34,480.6117647058822
71,SIAgent0,FEMALE_OLD,40,562.0,358,0.0
71,SIAgent11,FEMALE_LOW_INCOME,61,877.0,61,876.999999999999
71,SIAgent12,FEMALE_LOW_INCOME,61,877.0,61,876.999999999999
71,SIAgent13,MALE_HIGH_INCOME,19,265.0,19,263.6578947368421
71,SIAgent14,FEMALE_LOW_INCOME,61,877.0,61,876.999999999999
72,WEAgent1,MALE_YOUNG_HIGH_INCOME,8,104.0,93,52.0
72,WEAgent2,MALE_OLD,37,521.0,115,108.0
72,WEAgent0,OLD_LOW_INCOME,59,840.0,320,0.0
72,SIAgent9,FEMALE_YOUNG,32,448.0,32,448.0
72,SIAgent7,MALE_YOUNG_LOW_INCOME,26,368.0,356,0.0
72,SIAgent8,MALE_OLD_HIGH_INCOME,12,162.0,12,162.0
72,SIAgent5,FEMALE_YOUNG_LOW_INCOME,28,396.0,28,392.0
72,SIAgent6,FEMALE_OLD_LOW_INCOME,34,481.0,34,477.7000000000003
72,SIAgent3,FEMALE_OLD,40,562.0,316,560.3333333333335
72,SIAgent4,MALE_OLD_HIGH_INCOME,12,162.0,12,162.0
72,SIAgent1,FEMALE_OLD_HIGH_INCOME,6,82.0,6,81.63333333333333
72,SIAgent2,FEMALE_OLD_HIGH_INCOME,6,82.0,6,82.0
72,SIAgent10,MALE_OLD_HIGH_INCOME,12,162.0,12,162.0
72,SIAgent0,MALE_LOW_INCOME,51,727.0,51,721.6628959276014
72,SIAgent11,FEMALE_HIGH_INCOME,10,133.0,49,0.0
72,SIAgent12,OLD_HIGH_INCOME,17,243.0,17,232.8
72,SIAgent13,FEMALE_YOUNG,32,448.0,40,447.3
72,SIAgent14,MALE_YOUNG_HIGH_INCOME,8,104.0,8,104.0
73,WEAgent1,MALE_OLD_HIGH_INCOME,12,162.0,88,0.0
73,WEAgent2,MALE_LOW_INCOME,51,727.0,292,619.5675675675676
73,WEAgent0,FEMALE_HIGH_INCOME,10,133.0,77,0.0
73,SIAgent9,MALE_YOUNG_LOW_INCOME,26,368.0,325,184.00000000000006
73,SIAgent7,MALE_YOUNG_LOW_INCOME,26,368.0,26,367.99999999999994
73,SIAgent8,MALE_HIGH_INCOME,19,265.0,19,265.0
73,SIAgent5,FEMALE_OLD_HIGH_INCOME,6,82.0,6,79.8
73,SIAgent6,MALE_YOUNG_HIGH_INCOME,8,104.0,55,0.0
73,SIAgent3,FEMALE_YOUNG,32,448.0,32,448.0
73,SIAgent4,MALE_OLD,37,521.0,37,516.0526315789479
73,SIAgent1,MALE_OLD_LOW_INCOME,25,359.0,25,355.9322033898307
73,SIAgent2,FEMALE_YOUNG,32,448.0,38,447.0
73,SIAgent10,OLD_HIGH_INCOME,17,243.0,17,237.7207207207207
73,SIAgent0,MALE_HIGH_INCOME,19,265.0,19,265.0
73,SIAgent11,MALE_HIGH_INCOME,19,265.0,19,264.0526315789474
73,SIAgent12,FEMALE_YOUNG_HIGH_INCOME,4,52.0,41,0.0
73,SIAgent13,OLD_LOW_INCOME,59,840.0,169,835.0769230769235
73,SIAgent14,YOUNG_HIGH_INCOME,11,155.0,11,153.73684210526315
74,WEAgent1,FEMALE_OLD_LOW_INCOME,34,481.0,34,480.9999999999997
74,WEAgent2,MALE_YOUNG_HIGH_INCOME,8,104.0,8,104.0
74,WEAgent0,FEMALE_HIGH_INCOME,10,133.0,10,133.0
74,SIAgent9,FEMALE_OLD,40,562.0,41,560.3333333333335
74,SIAgent7,OLD_LOW_INCOME,59,840.0,59,839.9999999999998
74,SIAgent8,FEMALE_OLD_LOW_INCOME,34,481.0,305,452.70588235294093
74,SIAgent5,OLD_LOW_INCOME,59,840.0,63,839.0977068793618
74,SIAgent6,FEMALE_HIGH_INCOME,10,133.0,96,133.0
74,SIAgent3,MALE_YOUNG_HIGH_INCOME,8,104.0,8,104.0
74,SIAgent4,MALE_OLD_HIGH_INCOME,12,162.0,143,0.0
74,SIAgent1,OLD_LOW_INCOME,59,840.0,59,839.9999999999998
74,SIAgent2,MALE_YOUNG_LOW_INCOME,26,368.0,26,367.8518518518519
74,SIAgent10,MALE_YOUNG_HIGH_INCOME,8,104.0,8,104.0
74,SIAgent0,OLD_LOW_INCOME,59,840.0,59,839.9999999999998
74,SIAgent11,YOUNG_LOW_INCOME,54,764.0,717,0.0
74,SIAgent12,MALE_YOUNG_HIGH_INCOME,8,104.0,90,104.0
74,SIAgent13,FEMALE_OLD_HIGH_INCOME,6,82.0,6,79.8
74,SIAgent14,MALE_OLD_LOW_INCOME,25,359.0,25,355.9322033898307
75,WEAgent1,OLD_LOW_INCOME,59,840.0,59,830.7837837837832
75,WEAgent2,FEMALE_YOUNG,32,448.0,26,364.0
75,WEAgent0,FEMALE_YOUNG_HIGH_INCOME,4,52.0,0,0.0
75,SIAgent9,MALE_OLD_LOW_INCOME,25,359.0,25,358.14823529411774
75,SIAgent7,MALE_OLD,37,521.0,403,0.0
75,SIAgent8,FEMALE_YOUNG,32,448.0,344,308.0
75,SIAgent5,MALE_YOUNG,33,471.0,33,466.6363636363634
75,SIAgent6,MALE_YOUNG_LOW_INCOME,26,368.0,26,367.95441595441605
75,SIAgent3,MALE_YOUNG_LOW_INCOME,26,368.0,26,367.99999999999994
75,SIAgent4,YOUNG_HIGH_INCOME,11,155.0,13,154.8181818181818
75,SIAgent1,FEMALE_LOW_INCOME,61,877.0,61,863.0010893246184
75,SIAgent2,OLD_HIGH_INCOME,17,243.0,20,241.72178060413358
75,SIAgent10,OLD_HIGH_INCOME,17,243.0,17,242.99999999999991
75,SIAgent0,MALE_OLD_LOW_INCOME,25,359.0,24,344.6400000000002
75,SIAgent11,YOUNG_LOW_INCOME,54,764.0,71,756.0
75,SIAgent12,FEMALE_OLD_LOW_INCOME,34,481.0,423,0.0
75,SIAgent13,FEMALE_YOUNG_HIGH_INCOME,4,52.0,0,0.0
75,SIAgent14,YOUNG_HIGH_INCOME,11,155.0,11,155.0
76,WEAgent1,MALE_YOUNG_LOW_INCOME,26,368.0,330,0.0
76,WEAgent2,YOUNG_HIGH_INCOME,11,155.0,0,0.0
76,WEAgent0,MALE_LOW_INCOME,51,727.0,329,0.0
76,SIAgent9,FEMALE_OLD_HIGH_INCOME,6,82.0,6,82.0
76,SIAgent7,FEMALE_OLD_HIGH_INCOME,6,82.0,6,82.0
76,SIAgent8,OLD_LOW_INCOME,59,840.0,59,834.6764705882346
76,SIAgent5,FEMALE_OLD_HIGH_INCOME,6,82.0,58,82.0
76,SIAgent6,MALE_LOW_INCOME,51,727.0,51,726.9999999999999
76,SIAgent3,FEMALE_YOUNG_LOW_INCOME,28,396.0,28,392.0
76,SIAgent4,MALE_LOW_INCOME,51,727.0,51,725.9662810510264
76,SIAgent1,MALE_HIGH_INCOME,19,265.0,61,260.0
76,SIAgent2,FEMALE_YOUNG,32,448.0,364,442.0
76,SIAgent10,YOUNG_HIGH_INCOME,11,155.0,11,153.6315789473684
76,SIAgent0,MALE_YOUNG_HIGH_INCOME,8,104.0,77,0.0
76,SIAgent11,FEMALE_YOUNG_HIGH_INCOME,4,52.0,1,13.0
76,SIAgent12,YOUNG_LOW_INCOME,54,764.0,54,763.7142857142856
76,SIAgent13,FEMALE_YOUNG_HIGH_INCOME,4,52.0,0,0.0
76,SIAgent14,FEMALE_OLD_LOW_INCOME,34,481.0,403,0.0
77,WEAgent1,YOUNG_HIGH_INCOME,11,155.0,11,143.0
77,WEAgent2,FEMALE_YOUNG_LOW_INCOME,28,396.0,28,392.0
77,WEAgent0,MALE_OLD_HIGH_INCOME,12,162.0,130,0.0
77,SIAgent9,MALE_YOUNG_HIGH_INCOME,8,104.0,8,104.0
77,SIAgent7,YOUNG_LOW_INCOME,54,764.0,81,763.7142857142856
77,SIAgent8,MALE_YOUNG_HIGH_INCOME,8,104.0,40,91.0
77,SIAgent5,MALE_YOUNG,33,471.0,33,470.9999999999998
77,SIAgent6,MALE_YOUNG_HIGH_INCOME,8,104.0,8,104.0
77,SIAgent3,MALE_HIGH_INCOME,19,265.0,19,254.0
77,SIAgent4,FEMALE_YOUNG_HIGH_INCOME,4,52.0,19,0.0
77,SIAgent1,MALE_YOUNG,33,471.0,33,470.9999999999998
77,SIAgent2,FEMALE_LOW_INCOME,61,877.0,61,865.622096672944
77,SIAgent10,MALE_YOUNG_HIGH_INCOME,8,104.0,8,104.0
77,SIAgent0,FEMALE_YOUNG_LOW_INCOME,28,396.0,28,392.00000000000006
77,SIAgent11,OLD_LOW_INCOME,59,840.0,785,0.0
77,SIAgent12,FEMALE_YOUNG,32,448.0,32,448.0
77,SIAgent13,OLD_HIGH_INCOME,17,243.0,32,237.10526315789474
77,SIAgent14,FEMALE_YOUNG,32,448.0,55,446.0
78,WEAgent1,OLD_LOW_INCOME,59,840.0,215,622.4705882352937
78,WEAgent2,OLD_LOW_INCOME,59,840.0,59,834.6764705882346
78,WEAgent0,YOUNG_LOW_INCOME,54,764.0,54,760.714285714286
78,SIAgent9,FEMALE_OLD_HIGH_INCOME,6,82.0,88,82.0
78,SIAgent7,MALE_OLD,37,521.0,38,513.0
78,SIAgent8,FEMALE_YOUNG,32,448.0,282,0.0
78,SIAgent5,MALE_YOUNG_HIGH_INCOME,8,104.0,106,0.0
78,SIAgent6,FEMALE_YOUNG_LOW_INCOME,28,396.0,27,381.857142857143
78,SIAgent3,MALE_OLD_HIGH_INCOME,12,162.0,110,0.0
78,SIAgent4,MALE_YOUNG,33,471.0,33,458.9999999999998
78,SIAgent1,FEMALE_OLD_HIGH_INCOME,6,82.0,6,82.0
78,SIAgent2,MALE_OLD_LOW_INCOME,25,359.0,25,358.6318644067799
78,SIAgent10,FEMALE_LOW_INCOME,61,877.0,61,865.8003766478341
78,SIAgent0,MALE_OLD_LOW_INCOME,25,359.0,24,344.6400000000002
78,SIAgent11,OLD_LOW_INCOME,59,840.0,59,834.6764705882346
78,SIAgent12,MALE_YOUNG_LOW_INCOME,26,368.0,26,367.8518518518519
78,SIAgent13,FEMALE_OLD_LOW_INCOME,34,481.0,411,0.0
78,SIAgent14,YOUNG_LOW_INCOME,54,764.0,93,763.7142857142856
79,WEAgent1,FEMALE_OLD_LOW_INCOME,34,481.0,34,480.9999999999997
79,WEAgent2,MALE_HIGH_INCOME,19,265.0,78,221.0
79,WEAgent0,OLD_HIGH_INCOME,17,243.0,18,241.60000000000008
79,SIAgent9,FEMALE_HIGH_INCOME,10,133.0,10,133.0
79,SIAgent7,FEMALE_OLD_LOW_INCOME,34,481.0,377,396.11764705882337
79,SIAgent8,FEMALE_YOUNG_HIGH_INCOME,4,52.0,4,52.0
79,SIAgent5,FEMALE_OLD_LOW_INCOME,34,481.0,34,480.9999999999997
79,SIAgent6,FEMALE_YOUNG,32,448.0,223,438.90000000000026
79,SIAgent3,YOUNG_LOW_INCOME,54,764.0,57,762.962962962963
79,SIAgent4,MALE_HIGH_INCOME,19,265.0,20,260.0
79,SIAgent1,FEMALE_HIGH_INCOME,10,133.0,22,132.7
79,SIAgent2,FEMALE_YOUNG_HIGH_INCOME,4,52.0,6,39.0
79,SIAgent10,FEMALE_YOUNG_HIGH_INCOME,4,52.0,4,52.0
79,SIAgent0,YOUNG_LOW_INCOME,54,764.0,53,749.851851851852
79,SIAgent11,FEMALE_LOW_INCOME,61,877.0,61,862.9956427015245
79,SIAgent12,MALE_YOUNG_HIGH_INCOME,8,104.0,8,104.0
79,SIAgent13,MALE_OLD,37,521.0,518,390.5263157894739
79,SIAgent14,FEMALE_OLD_HIGH_INCOME,6,82.0,6,82.0
80,WEAgent1,MALE_LOW_INCOME,51,727.0,293,0.0
80,WEAgent2,FEMALE_YOUNG_HIGH_INCOME,4,52.0,34,0.0
80,WEAgent0,MALE_OLD,37,521.0,111,202.5
80,SIAgent9,MALE_LOW_INCOME,51,727.0,51,721.4214214214214
80,SIAgent7,FEMALE_OLD,40,562.0,39,547.9500000000002
80,SIAgent8,MALE_OLD_HIGH_INCOME,12,162.0,12,162.0
80,SIAgent5,MALE_OLD_LOW_INCOME,25,359.0,25,358.369411764706
80,SIAgent6,FEMALE_OLD,40,562.0,53,561.2333333333335
80,SIAgent3,FEMALE_OLD_HIGH_INCOME,6,82.0,6,82.0
80,SIAgent4,MALE_OLD,37,521.0,112,513.0
80,SIAgent1,YOUNG_HIGH_INCOME,11,155.0,11,144.2
80,SIAgent2,FEMALE_OLD_HIGH_INCOME,6,82.0,59,82.0
80,SIAgent10,MALE_YOUNG_HIGH_INCOME,8,104.0,103,0.0
80,SIAgent0,FEMALE_HIGH_INCOME,10,133.0,10,130.0
80,SIAgent11,MALE_OLD_LOW_INCOME,25,359.0,24,344.6400000000002
80,SIAgent12,YOUNG_LOW_INCOME,54,764.0,61,749.851851851852
80,SIAgent13,OLD_HIGH_INCOME,17,243.0,17,239.12972972972977
80,SIAgent14,YOUNG_LOW_INCOME,54,764.0,53,749.851851851852
81,WEAgent1,YOUNG_HIGH_INCOME,11,155.0,11,143.0
81,WEAgent2,YOUNG_LOW_INCOME,54,764.0,319,0.0
81,WEAgent0,OLD_HIGH_INCOME,17,243.0,196,135.0
81,SIAgent9,MALE_HIGH_INCOME,19,265.0,25,256.5
81,SIAgent7,OLD_LOW_INCOME,59,840.0,59,839.6254237288133
81,SIAgent8,YOUNG_HIGH_INCOME,11,155.0,11,151.52631578947367
81,SIAgent5,FEMALE_OLD,40,562.0,48,561.6166666666668
81,SIAgent6,YOUNG_LOW_INCOME,54,764.0,54,763.7142857142856
81,SIAgent3,FEMALE_YOUNG_HIGH_INCOME,4,52.0,4,52.0
81,SIAgent4,MALE_OLD_HIGH_INCOME,12,162.0,12,162.0
81,SIAgent1,FEMALE_YOUNG_LOW_INCOME,28,396.0,328,0.0
81,SIAgent2,FEMALE_OLD,40,562.0,39,547.9500000000002
81,SIAgent10,OLD_LOW_INCOME,59,840.0,59,839.9999999999998
81,SIAgent0,FEMALE_YOUNG_HIGH_INCOME,4,52.0,31,26.0
81,SIAgent11,FEMALE_OLD_HIGH_INCOME,6,82.0,6,81.0
81,SIAgent12,FEMALE_YOUNG_HIGH_INCOME,4,52.0,4,52.0
81,SIAgent13,MALE_OLD_LOW_INCOME,25,359.0,25,356.3725490196078
81,SIAgent14,MALE_LOW_INCOME,51,727.0,51,722.8926553672316
82,WEAgent1,FEMALE_YOUNG,32,448.0,55,91.0
82,WEAgent2,OLD_LOW_INCOME,59,840.0,300,281.6216216216217
82,WEAgent0,MALE_YOUNG_HIGH_INCOME,8,104.0,0,0.0
82,SIAgent9,OLD_LOW_INCOME,59,840.0,59,834.6764705882346
82,SIAgent7,MALE_OLD,37,521.0,37,516.0526315789479
82,SIAgent8,MALE_YOUNG_HIGH_INCOME,8,104.0,8,104.0
82,SIAgent5,MALE_HIGH_INCOME,19,265.0,57,260.0
82,SIAgent6,FEMALE_YOUNG_HIGH_INCOME,4,52.0,4,52.0
82,SIAgent3,MALE_YOUNG,33,471.0,33,470.9999999999998
82,SIAgent4,YOUNG_LOW_INCOME,54,764.0,644,0.0
82,SIAgent1,MALE_YOUNG,33,471.0,33,470.9999999999998
82,SIAgent2,MALE_YOUNG,33,471.0,33,470.9999999999998
82,SIAgent10,MALE_YOUNG,33,471.0,33,470.9999999999998
82,SIAgent0,FEMALE_OLD_LOW_INCOME,34,481.0,418,367.8235294117646
82,SIAgent11,FEMALE_OLD_LOW_INCOME,34,481.0,34,480.9999999999997
82,SIAgent12,MALE_LOW_INCOME,51,727.0,51,724.9287138584249
82,SIAgent13,FEMALE_YOUNG_HIGH_INCOME,4,52.0,4,52.0
82,SIAgent14,MALE_YOUNG_HIGH_INCOME,8,104.0,36,78.0
83,WEAgent1,MALE_YOUNG_HIGH_INCOME,8,104.0,75,0.0
83,WEAgent2,MALE_OLD,37,521.0,126,283.5
83,WEAgent0,YOUNG_LOW_INCOME,54,764.0,54,756.0
83,SIAgent9,MALE_YOUNG_LOW_INCOME,26,368.0,373,0.0
83,SIAgent7,MALE_HIGH_INCOME,19,265.0,20,260.0
83,SIAgent8,OLD_HIGH_INCOME,17,243.0,17,242.2058823529411
83,SIAgent5,OLD_LOW_INCOME,59,840.0,123,834.6764705882346
83,SIAgent6,FEMALE_YOUNG,32,448.0,32,448.0
83,SIAgent3,OLD_HIGH_INCOME,17,243.0,17,242.99999999999991
83,SIAgent4,FEMALE_OLD,40,562.0,39,547.9500000000002
83,SIAgent1,FEMALE_YOUNG_HIGH_INCOME,4,52.0,4,52.0
83,SIAgent2,MALE_OLD_HIGH_INCOME,12,162.0,12,162.0
83,SIAgent10,FEMALE_OLD,40,562.0,357,533.9000000000002
83,SIAgent0,FEMALE_OLD_LOW_INCOME,34,481.0,34,477.7000000000003
83,SIAgent11,OLD_HIGH_INCOME,17,243.0,17,242.99999999999991
83,SIAgent12,FEMALE_YOUNG,32,448.0,33,448.0
83,SIAgent13,FEMALE_LOW_INCOME,61,877.0,62,876.3050847457625
83,SIAgent14,FEMALE_YOUNG_HIGH_INCOME,4,52.0,39,39.0
84,WEAgent1,MALE_OLD_HIGH_INCOME,12,162.0,12,162.0
84,WEAgent2,FEMALE_YOUNG_LOW_INCOME,28,396.0,28,392.0
84,WEAgent0,MALE_OLD_LOW_INCOME,25,359.0,284,0.0
84,SIAgent9,MALE_HIGH_INCOME,19,265.0,19,256.5
84,SIAgent7,MALE_OLD_HIGH_INCOME,12,162.0,132,148.5
84,SIAgent8,YOUNG_HIGH_INCOME,11,155.0,11,152.8181818181818
84,SIAgent5,YOUNG_HIGH_INCOME,11,155.0,11,155.0
84,SIAgent6,FEMALE_YOUNG,32,448.0,32,448.0
84,SIAgent3,MALE_YOUNG_HIGH_INCOME,8,104.0,71,0.0
84,SIAgent4,FEMALE_LOW_INCOME,61,877.0,62,873.3285714285707
84,SIAgent1,YOUNG_HIGH_INCOME,11,155.0,11,155.0
84,SIAgent2,MALE_OLD_LOW_INCOME,25,359.0,25,356.3725490196078
84,SIAgent10,MALE_LOW_INCOME,51,727.0,130,726.9999999999999
84,SIAgent0,OLD_HIGH_INCOME,17,243.0,17,237.41315789473686
84,SIAgent11,FEMALE_YOUNG_LOW_INCOME,28,396.0,28,392.00000000000006
84,SIAgent12,FEMALE_OLD,40,562.0,526,0.0
84,SIAgent13,FEMALE_YOUNG,32,448.0,292,406.0
84,SIAgent14,YOUNG_HIGH_INCOME,11,155.0,11,155.0
85,WEAgent1,FEMALE_YOUNG_HIGH_INCOME,4,52.0,0,0.0
85,WEAgent2,YOUNG_LOW_INCOME,54,764.0,54,756.0
85,WEAgent0,OLD_HIGH_INCOME,17,243.0,23,0.0
85,SIAgent9,FEMALE_LOW_INCOME,61,877.0,61,876.999999999999
85,SIAgent7,OLD_LOW_INCOME,59,840.0,119,828.9499999999992
85,SIAgent8,FEMALE_LOW_INCOME,61,877.0,61,876.999999999999
85,SIAgent5,FEMALE_YOUNG,32,448.0,32,448.0
85,SIAgent6,FEMALE_OLD_HIGH_INCOME,6,82.0,6,81.0
85,SIAgent3,MALE_OLD_HIGH_INCOME,12,162.0,136,108.0
85,SIAgent4,FEMALE_YOUNG,32,448.0,258,364.0
85,SIAgent1,MALE_OLD_LOW_INCOME,25,359.0,25,356.3725490196078
85,SIAgent2,FEMALE_YOUNG_LOW_INCOME,28,396.0,28,395.14285714285717
85,SIAgent10,FEMALE_YOUNG_LOW_INCOME,28,396.0,27,381.857142857143
85,SIAgent0,OLD_HIGH_INCOME,17,243.0,17,232.25
85,SIAgent11,MALE_OLD_HIGH_INCOME,12,162.0,12,162.0
85,SIAgent12,FEMALE_OLD,40,562.0,221,560.3333333333335
85,SIAgent13,MALE_LOW_INCOME,51,727.0,51,723.5149934810952
85,SIAgent14,MALE_YOUNG_LOW_INCOME,26,368.0,329,0.0
86,WEAgent1,FEMALE_YOUNG_LOW_INCOME,28,396.0,379,0.0
86,WEAgent2,MALE_OLD_HIGH_INCOME,12,162.0,41,108.0
86,WEAgent0,OLD_HIGH_INCOME,17,243.0,68,0.0
86,SIAgent9,MALE_OLD_LOW_INCOME,25,359.0,24,344.6400000000002
86,SIAgent7,MALE_OLD_HIGH_INCOME,12,162.0,12,162.0
86,SIAgent8,OLD_HIGH_INCOME,17,243.0,17,238.97138314785377
86,SIAgent5,MALE_OLD,37,521.0,54,516.0526315789479
86,SIAgent6,MALE_LOW_INCOME,51,727.0,126,726.1016949152543
86,SIAgent3,FEMALE_LOW_INCOME,61,877.0,61,866.0193704600481
86,SIAgent4,YOUNG_HIGH_INCOME,11,155.0,11,150.57894736842104
86,SIAgent1,MALE_OLD_LOW_INCOME,25,359.0,25,358.369411764706
86,SIAgent2,OLD_HIGH_INCOME,17,243.0,17,242.99999999999991
86,SIAgent10,MALE_HIGH_INCOME,19,265.0,68,256.5
86,SIAgent0,FEMALE_YOUNG_HIGH_INCOME,4,52.0,40,0.0
86,SIAgent11,MALE_OLD_HIGH_INCOME,12,162.0,12,162.0
86,SIAgent12,MALE_YOUNG,33,471.0,33,468.9358288770052
86,SIAgent13,OLD_LOW_INCOME,59,840.0,215,830.7837837837832
86,SIAgent14,MALE_OLD_HIGH_INCOME,12,162.0,12,162.0
87,WEAgent1,MALE_YOUNG,33,471.0,65,182.0
87,WEAgent2,FEMALE_LOW_INCOME,61,877.0,404,0.0
87,WEAgent0,MALE_OLD_LOW_INCOME,25,359.0,25,352.0270270270272
87,SIAgent9,FEMALE_OLD,40,562.0,555,0.0
87,SIAgent7,MALE_LOW_INCOME,51,727.0,60,726.9999999999999
87,SIAgent8,FEMALE_YOUNG_HIGH_INCOME,4,52.0,32,52.0
87,SIAgent5,MALE_YOUNG,33,471.0,33,470.9999999999998
87,SIAgent6,MALE_YOUNG_HIGH_INCOME,8,104.0,8,104.0
87,SIAgent3,MALE_YOUNG,33,471.0,33,470.9999999999998
87,SIAgent4,MALE_LOW_INCOME,51,727.0,51,726.9999999999999
87,SIAgent1,MALE_OLD,37,521.0,36,506.91891891891925
87,SIAgent2,MALE_OLD_LOW_INCOME,25,359.0,25,356.3725490196078
87,SIAgent10,OLD_HIGH_INCOME,17,243.0,17,239.19189189189194
87,SIAgent0,YOUNG_HIGH_INCOME,11,155.0,11,155.0
87,SIAgent11,MALE_OLD,37,521.0,333,478.75675675675706
87,SIAgent12,MALE_OLD,37,521.0,36,506.91891891891925
87,SIAgent13,YOUNG_HIGH_INCOME,11,155.0,11,155.0
87,SIAgent14,FEMALE_YOUNG_HIGH_INCOME,4,52.0,4,52.0
88,WEAgent1,FEMALE_YOUNG_LOW_INCOME,28,396.0,319,0.0
88,WEAgent2,MALE_OLD,37,521.0,97,162.0
88,WEAgent0,MALE_YOUNG,33,471.0,36,468.0
88,SIAgent9,MALE_OLD,37,521.0,36,506.91891891891925
88,SIAgent7,YOUNG_HIGH_INCOME,11,155.0,11,154.56937799043064
88,SIAgent8,MALE_YOUNG,33,471.0,33,466.4475524475522
88,SIAgent5,YOUNG_HIGH_INCOME,11,155.0,11,155.0
88,SIAgent6,MALE_HIGH_INCOME,19,265.0,19,263.6578947368421
88,SIAgent3,FEMALE_OLD,40,562.0,503,0.0
88,SIAgent4,MALE_OLD_HIGH_INCOME,12,162.0,12,162.0
88,SIAgent1,MALE_YOUNG_LOW_INCOME,26,368.0,317,283.07692307692315
88,SIAgent2,FEMALE_LOW_INCOME,61,877.0,61,876.999999999999
88,SIAgent10,MALE_HIGH_INCOME,19,265.0,19,265.0
88,SIAgent0,MALE_YOUNG_HIGH_INCOME,8,104.0,37,0.0
88,SIAgent11,MALE_YOUNG_LOW_INCOME,26,368.0,26,367.99999999999994
88,SIAgent12,MALE_OLD,37,521.0,66,519.7965860597444
88,SIAgent13,FEMALE_LOW_INCOME,61,877.0,61,871.8559718969542
88,SIAgent14,OLD_HIGH_INCOME,17,243.0,17,239.22297297297303
89,WEAgent1,OLD_LOW_INCOME,59,840.0,275,735.6470588235288
89,WEAgent2,MALE_LOW_INCOME,51,727.0,51,721.4999999999994
89,WEAgent0,YOUNG_HIGH_INCOME,11,155.0,77,65.0
89,SIAgent9,FEMALE_YOUNG_LOW_INCOME,28,396.0,28,392.0
89,SIAgent7,FEMALE_OLD_HIGH_INCOME,6,82.0,82,0.0
89,SIAgent8,YOUNG_HIGH_INCOME,11,155.0,11,150.54545454545456
89,SIAgent5,MALE_LOW_INCOME,51,727.0,51,721.846153846154
89,SIAgent6,MALE_YOUNG_LOW_INCOME,26,368.0,314,0.0
89,SIAgent3,MALE_OLD_LOW_INCOME,25,359.0,24,344.6400000000002
89,SIAgent4,MALE_OLD_LOW_INCOME,25,359.0,24,344.6400000000002
89,SIAgent1,MALE_OLD_HIGH_INCOME,12,162.0,157,0.0
89,SIAgent2,FEMALE_OLD_LOW_INCOME,34,481.0,34,480.9999999999997
89,SIAgent10,MALE_OLD_LOW_INCOME,25,359.0,25,358.574117647059
89,SIAgent0,FEMALE_LOW_INCOME,61,877.0,62,876.9999999999992
89,SIAgent11,FEMALE_YOUNG,32,448.0,330,0.0
89,SIAgent12,FEMALE_OLD_LOW_INCOME,34,481.0,436,452.70588235294093
89,SIAgent13,MALE_YOUNG_HIGH_INCOME,8,104.0,8,104.0
89,SIAgent14,YOUNG_HIGH_INCOME,11,155.0,11,155.0
90,WEAgent1,OLD_HIGH_INCOME,17,243.0,18,239.4000000000001
90,WEAgent2,FEMALE_OLD_HIGH_INCOME,6,82.0,6,79.8
90,WEAgent0,FEMALE_YOUNG,32,448.0,32,448.0
90,SIAgent9,FEMALE_YOUNG_HIGH_INCOME,4,52.0,11,0.0
90,SIAgent7,FEMALE_HIGH_INCOME,10,133.0,10,133.0
90,SIAgent8,FEMALE_YOUNG_LOW_INCOME,28,396.0,27,381.857142857143
90,SIAgent5,FEMALE_HIGH_INCOME,10,133.0,10,133.0
90,SIAgent6,FEMALE_YOUNG,32,448.0,202,445.90000000000026
90,SIAgent3,OLD_LOW_INCOME,59,840.0,807,0.0
90,SIAgent4,MALE_HIGH_INCOME,19,265.0,261,0.0
90,SIAgent1,FEMALE_HIGH_INCOME,10,133.0,12,132.4
90,SIAgent2,MALE_OLD_LOW_INCOME,25,359.0,25,356.3725490196078
90,SIAgent10,YOUNG_HIGH_INCOME,11,155.0,11,153.68421052631578
90,SIAgent0,MALE_YOUNG_LOW_INCOME,26,368.0,336,0.0
90,SIAgent11,FEMALE_YOUNG_LOW_INCOME,28,396.0,27,381.857142857143
90,SIAgent12,FEMALE_YOUNG_LOW_INCOME,28,396.0,28,395.28571428571433
90,SIAgent13,MALE_LOW_INCOME,51,727.0,51,723.0143415906125
90,SIAgent14,FEMALE_OLD_HIGH_INCOME,6,82.0,6,79.8
91,WEAgent1,MALE_YOUNG_LOW_INCOME,26,368.0,26,367.99999999999994
91,WEAgent2,MALE_YOUNG_HIGH_INCOME,8,104.0,8,104.0
91,WEAgent0,MALE_YOUNG,33,471.0,92,169.0
91,SIAgent9,FEMALE_YOUNG_LOW_INCOME,28,396.0,28,392.0
91,SIAgent7,YOUNG_LOW_INCOME,54,764.0,54,763.7142857142856
91,SIAgent8,FEMALE_YOUNG_HIGH_INCOME,4,52.0,22,0.0
91,SIAgent5,FEMALE_OLD,40,562.0,213,560.3333333333335
91,SIAgent6,FEMALE_YOUNG,32,448.0,107,442.0
91,SIAgent3,FEMALE_OLD_LOW_INCOME,34,481.0,34,480.41764705882343
91,SIAgent4,OLD_HIGH_INCOME,17,243.0,17,240.37352941176468
91,SIAgent1,MALE_YOUNG_LOW_INCOME,26,368.0,273,0.0
91,SIAgent2,FEMALE_OLD_HIGH_INCOME,6,82.0,37,0.0
91,SIAgent10,OLD_HIGH_INCOME,17,243.0,17,242.99999999999991
91,SIAgent0,FEMALE_LOW_INCOME,61,877.0,61,863.0010893246185
91,SIAgent11,MALE_OLD_HIGH_INCOME,12,162.0,155,0.0
91,SIAgent12,MALE_YOUNG,33,471.0,33,464.13725490196066
91,SIAgent13,MALE_LOW_INCOME,51,727.0,110,721.846153846154
91,SIAgent14,FEMALE_OLD_LOW_INCOME,34,481.0,34,480.9999999999997
92,WEAgent1,MALE_YOUNG,33,471.0,79,52.0
92,WEAgent2,FEMALE_YOUNG_HIGH_INCOME,4,52.0,0,0.0
92,WEAgent0,FEMALE_YOUNG,32,448.0,32,448.0
92,SIAgent9,YOUNG_HIGH_INCOME,11,155.0,11,153.5263157894737
92,SIAgent7,OLD_HIGH_INCOME,17,243.0,17,242.99999999999991
92,SIAgent8,FEMALE_LOW_INCOME,61,877.0,61,876.999999999999
92,SIAgent5,FEMALE_YOUNG,32,448.0,366,378.0
92,SIAgent6,OLD_HIGH_INCOME,17,243.0,17,242.99999999999991
92,SIAgent3,MALE_YOUNG_LOW_INCOME,26,368.0,322,268.923076923077
92,SIAgent4,OLD_HIGH_INCOME,17,243.0,18,241.93481717011133
92,SIAgent1,OLD_LOW_INCOME,59,840.0,74,830.7837837837832
92,SIAgent2,MALE_OLD,37,521.0,131,517.4736842105264
92,SIAgent10,MALE_YOUNG_LOW_INCOME,26,368.0,26,367.99999999999994
92,SIAgent0,MALE_HIGH_INCOME,19,265.0,20,260.0
92,SIAgent11,MALE_YOUNG_HIGH_INCOME,8,104.0,8,104.0
92,SIAgent12,FEMALE_LOW_INCOME,61,877.0,61,874.8905251458729
92,SIAgent13,MALE_OLD_HIGH_INCOME,12,162.0,89,0.0
92,SIAgent14,MALE_YOUNG_LOW_INCOME,26,368.0,26,367.99999999999994
93,WEAgent1,MALE_HIGH_INCOME,19,265.0,67,130.0
93,WEAgent2,FEMALE_OLD_HIGH_INCOME,6,82.0,0,0.0
93,WEAgent0,MALE_LOW_INCOME,51,727.0,233,0.0
93,SIAgent9,MALE_OLD_LOW_INCOME,25,359.0,25,358.369411764706
93,SIAgent7,FEMALE_OLD,40,562.0,80,560.8500000000001
93,SIAgent8,MALE_OLD_LOW_INCOME,25,359.0,24,344.6400000000002
93,SIAgent5,OLD_LOW_INCOME,59,840.0,59,834.6764705882346
93,SIAgent6,FEMALE_OLD_LOW_INCOME,34,481.0,34,477.7000000000003
93,SIAgent3,FEMALE_OLD,40,562.0,39,547.9500000000002
93,SIAgent4,FEMALE_OLD_HIGH_INCOME,6,82.0,36,0.0
93,SIAgent1,MALE_YOUNG_HIGH_INCOME,8,104.0,8,104.0
93,SIAgent2,MALE_OLD_LOW_INCOME,25,359.0,24,344.6400000000002
93,SIAgent10,YOUNG_HIGH_INCOME,11,155.0,11,152.8181818181818
93,SIAgent0,FEMALE_YOUNG_HIGH_INCOME,4,52.0,53,0.0
93,SIAgent11,MALE_LOW_INCOME,51,727.0,209,716.5499999999996
93,SIAgent12,FEMALE_OLD,40,562.0,39,547.9500000000002
93,SIAgent13,YOUNG_HIGH_INCOME,11,155.0,11,155.0
93,SIAgent14,MALE_YOUNG_HIGH_INCOME,8,104.0,8,104.0
94,WEAgent1,FEMALE_YOUNG_HIGH_INCOME,4,52.0,15,26.0
94,WEAgent2,FEMALE_YOUNG_HIGH_INCOME,4,52.0,4,52.0
94,WEAgent0,FEMALE_OLD_HIGH_INCOME,6,82.0,60,0.0
94,SIAgent9,FEMALE_YOUNG_LOW_INCOME,28,396.0,28,394.85714285714283
94,SIAgent7,OLD_HIGH_INCOME,17,243.0,17,236.4774774774775
94,SIAgent8,MALE_OLD,37,521.0,423,464.4082503556191
94,SIAgent5,FEMALE_YOUNG_LOW_INCOME,28,396.0,27,381.857142857143
94,SIAgent6,YOUNG_LOW_INCOME,54,764.0,96,763.7142857142856
94,SIAgent3,FEMALE_LOW_INCOME,61,877.0,141,863.0370370370372
94,SIAgent4,MALE_YOUNG_LOW_INCOME,26,368.0,26,367.99999999999994
94,SIAgent1,MALE_YOUNG_LOW_INCOME,26,368.0,26,367.95441595441605
94,SIAgent2,FEMALE_YOUNG,32,448.0,175,442.0
94,SIAgent10,YOUNG_HIGH_INCOME,11,155.0,11,153.68421052631578
94,SIAgent0,MALE_YOUNG_HIGH_INCOME,8,104.0,69,0.0
94,SIAgent11,MALE_OLD_LOW_INCOME,25,359.0,25,352.0270270270272
94,SIAgent12,MALE_HIGH_INCOME,19,265.0,20,260.0
94,SIAgent13,MALE_OLD,37,521.0,36,506.91891891891925
94,SIAgent14,MALE_OLD,37,521.0,36,506.91891891891925
95,WEAgent1,OLD_HIGH_INCOME,17,243.0,20,0.0
95,WEAgent2,OLD_LOW_INCOME,59,840.0,298,0.0
95,WEAgent0,MALE_YOUNG,33,471.0,94,91.0
95,SIAgent9,OLD_HIGH_INCOME,17,243.0,17,232.25
95,SIAgent7,YOUNG_LOW_INCOME,54,764.0,53,749.851851851852
95,SIAgent8,MALE_LOW_INCOME,51,727.0,51,722.6805736636242
95,SIAgent5,FEMALE_OLD,40,562.0,231,553.5
95,SIAgent6,OLD_LOW_INCOME,59,840.0,59,839.257157100128
95,SIAgent3,MALE_YOUNG_LOW_INCOME,26,368.0,26,367.92592592592604
95,SIAgent4,FEMALE_OLD_LOW_INCOME,34,481.0,34,477.7000000000003
95,SIAgent1,FEMALE_YOUNG_LOW_INCOME,28,396.0,28,392.0
95,SIAgent2,MALE_OLD_LOW_INCOME,25,359.0,25,356.3725490196078
95,SIAgent10,FEMALE_YOUNG,32,448.0,330,0.0
95,SIAgent0,MALE_YOUNG_LOW_INCOME,26,368.0,26,367.99999999999994
95,SIAgent11,YOUNG_LOW_INCOME,54,764.0,65,763.9576719576718
95,SIAgent12,MALE_OLD_HIGH_INCOME,12,162.0,154,0.0
95,SIAgent13,OLD_LOW_INCOME,59,840.0,59,839.9999999999998
95,SIAgent14,MALE_YOUNG_HIGH_INCOME,8,104.0,8,104.0
96,WEAgent1,MALE_YOUNG_HIGH_INCOME,8,104.0,86,0.0
96,WEAgent2,FEMALE_YOUNG_HIGH_INCOME,4,52.0,0,0.0
96,WEAgent0,FEMALE_YOUNG,32,448.0,32,448.0
96,SIAgent9,FEMALE_LOW_INCOME,61,877.0,62,875.1186440677965
96,SIAgent7,MALE_OLD,37,521.0,54,511.1315789473686
96,SIAgent8,FEMALE_YOUNG,32,448.0,307,448.0
96,SIAgent5,MALE_OLD_LOW_INCOME,25,359.0,25,356.3725490196078
96,SIAgent6,OLD_LOW_INCOME,59,840.0,59,839.8195413758722
96,SIAgent3,FEMALE_YOUNG,32,448.0,32,448.0
96,SIAgent4,FEMALE_YOUNG,32,448.0,32,448.0
96,SIAgent1,MALE_HIGH_INCOME,19,265.0,20,260.0
96,SIAgent2,FEMALE_OLD_LOW_INCOME,34,481.0,340,0.0
96,SIAgent10,MALE_OLD_HIGH_INCOME,12,162.0,82,148.5
96,SIAgent0,MALE_OLD_HIGH_INCOME,12,162.0,12,162.0
96,SIAgent11,MALE_LOW_INCOME,51,727.0,143,726.1016949152543
96,SIAgent12,OLD_HIGH_INCOME,17,243.0,24,239.37837837837844
96,SIAgent13,MALE_OLD_HIGH_INCOME,12,162.0,12,162.0
96,SIAgent14,OLD_LOW_INCOME,59,840.0,59,839.9999999999998
97,WEAgent1,MALE_HIGH_INCOME,19,265.0,56,156.0
97,WEAgent2,MALE_LOW_INCOME,51,727.0,278,270.5084745762712
97,WEAgent0,FEMALE_LOW_INCOME,61,877.0,62,868.0
97,SIAgent9,MALE_YOUNG,33,471.0,149,464.99999999999966
97,SIAgent7,OLD_LOW_INCOME,59,840.0,59,839.8127118644065
97,SIAgent8,MALE_YOUNG_HIGH_INCOME,8,104.0,8,104.0
97,SIAgent5,FEMALE_YOUNG_LOW_INCOME,28,396.0,28,392.00000000000006
97,SIAgent6,FEMALE_YOUNG,32,448.0,32,448.0
97,SIAgent3,YOUNG_HIGH_INCOME,11,155.0,11,155.0
97,SIAgent4,YOUNG_HIGH_INCOME,11,155.0,11,155.0
97,SIAgent1,OLD_LOW_INCOME,59,840.0,59,839.9999999999998
97,SIAgent2,OLD_LOW_INCOME,59,840.0,59,839.9999999999998
97,SIAgent10,YOUNG_HIGH_INCOME,11,155.0,11,151.36363636363637
97,SIAgent0,FEMALE_YOUNG,32,448.0,213,448.0
97,SIAgent11,FEMALE_LOW_INCOME,61,877.0,61,865.7360774818399
97,SIAgent12,FEMALE_YOUNG,32,448.0,32,448.0
97,SIAgent13,MALE_OLD_HIGH_INCOME,12,162.0,157,0.0
97,SIAgent14,FEMALE_OLD,40,562.0,432,0.0
98,WEAgent1,MALE_HIGH_INCOME,19,265.0,64,104.0
98,WEAgent2,MALE_OLD_HIGH_INCOME,12,162.0,12,162.0
98,WEAgent0,MALE_YOUNG_HIGH_INCOME,8,104.0,8,104.0
98,SIAgent9,MALE_LOW_INCOME,51,727.0,51,719.7447447447446
98,SIAgent7,MALE_YOUNG_HIGH_INCOME,8,104.0,8,104.0
98,SIAgent8,FEMALE_OLD_LOW_INCOME,34,481.0,34,480.9999999999997
98,SIAgent5,MALE_OLD,37,521.0,99,508.0
98,SIAgent6,FEMALE_OLD,40,562.0,227,560.3333333333335
98,SIAgent3,MALE_OLD_HIGH_INCOME,12,162.0,12,162.0
98,SIAgent4,FEMALE_OLD_LOW_INCOME,34,481.0,34,480.32058823529405
98,SIAgent1,FEMALE_OLD_HIGH_INCOME,6,82.0,6,82.0
98,SIAgent2,MALE_OLD_HIGH_INCOME,12,162.0,86,135.0
98,SIAgent10,YOUNG_LOW_INCOME,54,764.0,743,0.0
98,SIAgent0,MALE_YOUNG_HIGH_INCOME,8,104.0,8,104.0
98,SIAgent11,FEMALE_HIGH_INCOME,10,133.0,10,133.0
98,SIAgent12,FEMALE_OLD_HIGH_INCOME,6,82.0,6,82.0
98,SIAgent13,FEMALE_HIGH_INCOME,10,133.0,78,53.2
98,SIAgent14,MALE_HIGH_INCOME,19,265.0,20,260.0
99,WEAgent1,YOUNG_HIGH_INCOME,11,155.0,16,119.69999999999999
99,WEAgent2,FEMALE_OLD_HIGH_INCOME,6,82.0,0,0.0
99,WEAgent0,MALE_OLD,37,521.0,161,175.5
99,SIAgent9,MALE_OLD_LOW_INCOME,25,359.0,25,355.9322033898307
99,SIAgent7,MALE_OLD_HIGH_INCOME,12,162.0,12,162.0
99,SIAgent8,FEMALE_HIGH_INCOME,10,133.0,10,133.0
99,SIAgent5,OLD_LOW_INCOME,59,840.0,72,839.007477567298
99,SIAgent6,OLD_LOW_INCOME,59,840.0,59,839.9999999999998
99,SIAgent3,FEMALE_HIGH_INCOME,10,133.0,24,133.0
99,SIAgent4,FEMALE_OLD,40,562.0,39,547.9500000000002
99,SIAgent1,MALE_YOUNG,33,471.0,42,467.07692307692287
99,SIAgent2,FEMALE_LOW_INCOME,61,877.0,61,866.0677966101695
99,SIAgent10,FEMALE_OLD,40,562.0,73,561.2333333333335
99,SIAgent0,FEMALE_YOUNG,32,448.0,161,438.90000000000026
99,SIAgent11,FEMALE_OLD_LOW_INCOME,34,481.0,34,477.7000000000003
99,SIAgent12,FEMALE_OLD_HIGH_INCOME,6,82.0,6,79.8
99,SIAgent13,MALE_YOUNG_LOW_INCOME,26,368.0,26,367.8518518518519
99,SIAgent14,YOUNG_LOW_INCOME,54,764.0,61,756.0

