0,WEAgent1,MALE_OLD_LOW_INCOME,224,1795.0,1783,1283.7600000000384
0,WEAgent2,MALE_YOUNG,294,2353.0,470,862.8048979591945
0,WEAgent0,FEMALE_OLD_HIGH_INCOME,50,407.0,391,281.5200000000006
0,WEAgent3,MALE_YOUNG_HIGH_INCOME,64,517.0,64,512.2176870748299
0,WFAgent0,MALE_OLD,325,2603.0,820,590.4000000000123
0,WFAgent1,FEMALE_YOUNG,279,2236.0,0,0.0
0,WFAgent2,FEMALE_YOUNG_HIGH_INCOME,32,256.0,227,163.4399999999998
0,WFAgent3,FEMALE_YOUNG_LOW_INCOME,247,1980.0,1977,1423.4400000000437
1,WEAgent1,FEMALE_LOW_INCOME,547,4381.0,1692,3098.8383180984256
1,WEAgent2,FEMALE_HIGH_INCOME,82,663.0,0,0.0
1,WEAgent0,OLD_HIGH_INCOME,151,1215.0,1098,790.5600000000198
1,WEAgent3,FEMALE_YOUNG,279,2236.0,335,2231.1354296160825
1,WFAgent0,FEMALE_OLD_HIGH_INCOME,50,407.0,50,406.2999999999996
1,WFAgent1,OLD_LOW_INCOME,524,4196.0,1804,1298.880000000039
1,WFAgent2,FEMALE_OLD_HIGH_INCOME,50,407.0,50,406.99999999999955
1,WFAgent3,FEMALE_OLD,351,2808.0,2435,1753.2000000000562
2,WEAgent1,OLD_LOW_INCOME,524,4196.0,665,3858.266666666673
2,WEAgent2,MALE_LOW_INCOME,453,3631.0,453,3625.510000000044
2,WEAgent0,MALE_LOW_INCOME,453,3631.0,453,3625.510000000044
2,WEAgent3,FEMALE_YOUNG_HIGH_INCOME,32,256.0,214,154.0799999999998
2,WFAgent0,MALE_YOUNG_LOW_INCOME,229,1836.0,1900,1368.0000000000416
2,WFAgent1,MALE_OLD_LOW_INCOME,224,1795.0,224,1792.7466666666662
2,WFAgent2,FEMALE_OLD_LOW_INCOME,300,2401.0,2420,1742.4000000000558
2,WFAgent3,FEMALE_YOUNG_LOW_INCOME,247,1980.0,1968,1416.9600000000435
3,WEAgent1,MALE_HIGH_INCOME,165,1325.0,634,456.48000000000724
3,WEAgent2,MALE_YOUNG,294,2353.0,524,377.28000000000424
3,WEAgent0,FEMALE_OLD,351,2808.0,409,294.4800000000011
3,WEAgent3,FEMALE_YOUNG,279,2236.0,2226,1602.7200000000505
3,WFAgent0,MALE_YOUNG,294,2353.0,1814,1306.0800000000393
3,WFAgent1,MALE_OLD_HIGH_INCOME,101,808.0,0,0.0
3,WFAgent2,FEMALE_OLD_LOW_INCOME,300,2401.0,2431,1750.320000000056
3,WFAgent3,MALE_HIGH_INCOME,165,1325.0,165,1320.0
4,WEAgent1,MALE_HIGH_INCOME,165,1325.0,165,1320.0
4,WEAgent2,MALE_YOUNG,294,2353.0,443,1046.9600000000094
4,WEAgent0,MALE_HIGH_INCOME,165,1325.0,607,888.4000000000149
4,WEAgent3,OLD_LOW_INCOME,524,4196.0,1582,2742.3193893128023
4,WFAgent0,MALE_HIGH_INCOME,165,1325.0,165,1320.0
4,WFAgent1,MALE_OLD_LOW_INCOME,224,1795.0,224,1793.70992366413
4,WFAgent2,YOUNG_LOW_INCOME,477,3816.0,1964,1414.0800000000434
4,WFAgent3,FEMALE_OLD_HIGH_INCOME,50,407.0,387,278.6400000000005
5,WEAgent1,FEMALE_YOUNG,279,2236.0,2262,1628.6400000000515
5,WEAgent2,MALE_OLD,325,2603.0,764,550.0800000000107
5,WEAgent0,MALE_YOUNG_HIGH_INCOME,64,517.0,64,512.2176870748299
5,WEAgent3,MALE_YOUNG,294,2353.0,441,856.4917006802821
5,WFAgent0,MALE_OLD_HIGH_INCOME,101,808.0,0,0.0
5,WFAgent1,FEMALE_YOUNG,279,2236.0,0,0.0
5,WFAgent2,FEMALE_OLD,351,2808.0,396,285.12000000000074
5,WFAgent3,MALE_LOW_INCOME,453,3631.0,1831,1318.3200000000397
6,WEAgent1,FEMALE_YOUNG_LOW_INCOME,247,1980.0,1999,1439.2800000000443
6,WEAgent2,MALE_LOW_INCOME,453,3631.0,1575,1134.0000000000327
6,WEAgent0,YOUNG_LOW_INCOME,477,3816.0,1806,1300.320000000039
6,WEAgent3,FEMALE_HIGH_INCOME,82,663.0,274,197.27999999999975
6,WFAgent0,OLD_LOW_INCOME,524,4196.0,2350,1692.000000000054
6,WFAgent1,MALE_OLD_LOW_INCOME,224,1795.0,224,1792.0
6,WFAgent2,YOUNG_HIGH_INCOME,96,773.0,0,0.0
6,WFAgent3,FEMALE_HIGH_INCOME,82,663.0,419,301.68000000000137
7,WEAgent1,OLD_HIGH_INCOME,151,1215.0,377,637.7578807947114
7,WEAgent2,FEMALE_OLD_HIGH_INCOME,50,407.0,50,402.3178807947025
7,WEAgent0,MALE_YOUNG_HIGH_INCOME,64,517.0,496,357.1200000000035
7,WEAgent3,FEMALE_YOUNG_LOW_INCOME,247,1980.0,257,1979.9038056680147
7,WFAgent0,FEMALE_YOUNG_HIGH_INCOME,32,256.0,0,0.0
7,WFAgent1,YOUNG_LOW_INCOME,477,3816.0,1521,1095.1200000000313
7,WFAgent2,FEMALE_YOUNG_LOW_INCOME,247,1980.0,247,1979.9999999999982
7,WFAgent3,FEMALE_HIGH_INCOME,82,663.0,231,166.3199999999998
8,WEAgent1,OLD_LOW_INCOME,524,4196.0,1247,4195.679999999904
8,WEAgent2,FEMALE_YOUNG,279,2236.0,2222,1599.8400000000504
8,WEAgent0,MALE_LOW_INCOME,453,3631.0,453,3624.0
8,WEAgent3,FEMALE_HIGH_INCOME,82,663.0,0,0.0
8,WFAgent0,FEMALE_OLD,351,2808.0,424,305.2800000000015
8,WFAgent1,OLD_HIGH_INCOME,151,1215.0,818,588.9600000000122
8,WFAgent2,YOUNG_LOW_INCOME,477,3816.0,0,0.0
8,WFAgent3,FEMALE_YOUNG_HIGH_INCOME,32,256.0,0,0.0
9,WEAgent1,FEMALE_YOUNG_LOW_INCOME,247,1980.0,1980,1425.6000000000438
9,WEAgent2,MALE_YOUNG_HIGH_INCOME,64,517.0,483,347.7600000000031
9,WEAgent0,YOUNG_HIGH_INCOME,96,773.0,244,175.67999999999978
9,WEAgent3,FEMALE_YOUNG_HIGH_INCOME,32,256.0,0,0.0
9,WFAgent0,MALE_OLD_HIGH_INCOME,101,808.0,807,581.0400000000119
9,WFAgent1,MALE_OLD,325,2603.0,1816,1307.5200000000393
9,WFAgent2,YOUNG_HIGH_INCOME,96,773.0,0,0.0
9,WFAgent3,FEMALE_HIGH_INCOME,82,663.0,428,308.1600000000016
10,WEAgent1,YOUNG_LOW_INCOME,477,3816.0,1798,1294.5600000000388
10,WEAgent2,FEMALE_OLD,351,2808.0,356,620.3200000000083
10,WEAgent0,FEMALE_OLD_HIGH_INCOME,50,407.0,0,0.0
10,WEAgent3,FEMALE_OLD_LOW_INCOME,300,2401.0,635,2400.9599999999264
10,WFAgent0,FEMALE_OLD,351,2808.0,1530,1101.6000000000315
10,WFAgent1,FEMALE_YOUNG,279,2236.0,2207,1589.04000000005
10,WFAgent2,FEMALE_OLD_HIGH_INCOME,50,407.0,50,400.0
10,WFAgent3,FEMALE_OLD_LOW_INCOME,300,2401.0,300,2400.0
11,WEAgent1,FEMALE_OLD_LOW_INCOME,300,2401.0,2413,1737.3600000000556
11,WEAgent2,OLD_HIGH_INCOME,151,1215.0,412,296.6400000000012
11,WEAgent0,MALE_LOW_INCOME,453,3631.0,1253,3630.659249447961
11,WEAgent3,MALE_LOW_INCOME,453,3631.0,452,3622.9845474613944
11,WFAgent0,FEMALE_HIGH_INCOME,82,663.0,235,169.1999999999998
11,WFAgent1,OLD_HIGH_INCOME,151,1215.0,0,0.0
11,WFAgent2,MALE_YOUNG_LOW_INCOME,229,1836.0,228,1827.9825327510953
11,WFAgent3,MALE_YOUNG_LOW_INCOME,229,1836.0,340,1835.647860262015
12,WEAgent1,YOUNG_LOW_INCOME,477,3816.0,1581,3060.2399999997365
12,WEAgent2,MALE_YOUNG_LOW_INCOME,229,1836.0,229,1832.0
12,WEAgent0,FEMALE_OLD_HIGH_INCOME,50,407.0,418,300.96000000000134
12,WEAgent3,MALE_HIGH_INCOME,165,1325.0,437,745.9478787878884
12,WFAgent0,OLD_HIGH_INCOME,151,1215.0,0,0.0
12,WFAgent1,MALE_YOUNG_HIGH_INCOME,64,517.0,64,513.9393939393931
12,WFAgent2,FEMALE_YOUNG,279,2236.0,2283,1643.760000000052
12,WFAgent3,OLD_HIGH_INCOME,151,1215.0,0,0.0
13,WEAgent1,MALE_OLD,325,2603.0,838,603.3600000000127
13,WEAgent2,FEMALE_OLD,351,2808.0,311,857.2800000000061
13,WEAgent0,FEMALE_OLD_LOW_INCOME,300,2401.0,2428,1748.160000000056
13,WEAgent3,FEMALE_OLD_HIGH_INCOME,50,407.0,0,0.0
13,WFAgent0,FEMALE_YOUNG_HIGH_INCOME,32,256.0,260,187.19999999999976
13,WFAgent1,FEMALE_HIGH_INCOME,82,663.0,82,656.0
13,WFAgent2,MALE_LOW_INCOME,453,3631.0,1861,1339.9200000000405
13,WFAgent3,MALE_HIGH_INCOME,165,1325.0,515,370.800000000004
14,WEAgent1,MALE_YOUNG_HIGH_INCOME,64,517.0,475,342.0000000000029
14,WEAgent2,FEMALE_LOW_INCOME,547,4381.0,2068,1488.9600000000462
14,WEAgent0,FEMALE_OLD,351,2808.0,313,705.8400000000067
14,WEAgent3,FEMALE_HIGH_INCOME,82,663.0,164,656.8000000000013
14,WFAgent0,FEMALE_HIGH_INCOME,82,663.0,161,115.91999999999986
14,WFAgent1,MALE_OLD_LOW_INCOME,224,1795.0,1764,1270.080000000038
14,WFAgent2,YOUNG_LOW_INCOME,477,3816.0,0,0.0
14,WFAgent3,YOUNG_LOW_INCOME,477,3816.0,0,0.0
15,WEAgent1,FEMALE_YOUNG_HIGH_INCOME,32,256.0,32,256.0
15,WEAgent2,YOUNG_HIGH_INCOME,96,773.0,126,352.80000000000246
15,WEAgent0,OLD_HIGH_INCOME,151,1215.0,150,1206.9536423841091
15,WEAgent3,FEMALE_OLD_LOW_INCOME,300,2401.0,2356,1696.320000000054
15,WFAgent0,YOUNG_HIGH_INCOME,96,773.0,96,768.0
15,WFAgent1,MALE_YOUNG_HIGH_INCOME,64,517.0,495,356.40000000000344
15,WFAgent2,FEMALE_YOUNG_LOW_INCOME,247,1980.0,2073,1492.5600000000463
15,WFAgent3,OLD_HIGH_INCOME,151,1215.0,286,1202.3046357615963
16,WEAgent1,FEMALE_OLD,351,2808.0,425,306.00000000000153
16,WEAgent2,MALE_YOUNG,294,2353.0,487,2346.2919727891035
16,WEAgent0,MALE_OLD,325,2603.0,491,2584.0246153845687
16,WEAgent3,FEMALE_YOUNG_HIGH_INCOME,32,256.0,252,181.43999999999977
16,WFAgent0,FEMALE_OLD_LOW_INCOME,300,2401.0,2283,1643.760000000052
16,WFAgent1,MALE_YOUNG,294,2353.0,769,2352.680136054326
16,WFAgent2,MALE_YOUNG,294,2353.0,294,2352.999999999981
16,WFAgent3,MALE_OLD,325,2603.0,325,2602.9999999999895
17,WEAgent1,FEMALE_LOW_INCOME,547,4381.0,1976,1422.7200000000437
17,WEAgent2,MALE_OLD_HIGH_INCOME,101,808.0,804,578.8800000000118
17,WEAgent0,MALE_YOUNG_HIGH_INCOME,64,517.0,0,0.0
17,WEAgent3,MALE_OLD_LOW_INCOME,224,1795.0,1518,1092.9600000000312
17,WFAgent0,MALE_HIGH_INCOME,165,1325.0,516,371.520000000004
17,WFAgent1,MALE_OLD,325,2603.0,0,0.0
17,WFAgent2,MALE_OLD_LOW_INCOME,224,1795.0,223,1786.9866071428617
17,WFAgent3,MALE_YOUNG,294,2353.0,1904,1370.8800000000417
18,WEAgent1,MALE_HIGH_INCOME,165,1325.0,783,563.7600000000112
18,WEAgent2,MALE_YOUNG_LOW_INCOME,229,1836.0,229,1832.0
18,WEAgent0,MALE_YOUNG_LOW_INCOME,229,1836.0,229,1832.0
18,WEAgent3,YOUNG_LOW_INCOME,477,3816.0,1330,2479.1199999998944
18,WFAgent0,MALE_OLD_HIGH_INCOME,101,808.0,0,0.0
18,WFAgent1,YOUNG_HIGH_INCOME,96,773.0,289,208.07999999999973
18,WFAgent2,FEMALE_YOUNG_HIGH_INCOME,32,256.0,0,0.0
18,WFAgent3,MALE_OLD,325,2603.0,1858,1337.7600000000405
19,WEAgent1,MALE_LOW_INCOME,453,3631.0,1803,1298.160000000039
19,WEAgent2,FEMALE_YOUNG_LOW_INCOME,247,1980.0,1768,1272.960000000038
19,WEAgent0,FEMALE_OLD_LOW_INCOME,300,2401.0,2386,1717.9200000000549
19,WEAgent3,YOUNG_HIGH_INCOME,96,773.0,236,169.9199999999998
19,WFAgent0,FEMALE_YOUNG_LOW_INCOME,247,1980.0,247,1976.8233333333328
19,WFAgent1,YOUNG_HIGH_INCOME,96,773.0,0,0.0
19,WFAgent2,MALE_YOUNG_LOW_INCOME,229,1836.0,1822,1311.8400000000395
19,WFAgent3,FEMALE_LOW_INCOME,547,4381.0,0,0.0
20,WEAgent1,OLD_HIGH_INCOME,151,1215.0,162,1178.9618543046392
20,WEAgent2,FEMALE_OLD_HIGH_INCOME,50,407.0,50,402.3178807947025
20,WEAgent0,MALE_OLD_LOW_INCOME,224,1795.0,1803,1298.160000000039
20,WEAgent3,FEMALE_OLD_HIGH_INCOME,50,407.0,50,402.3178807947025
20,WFAgent0,YOUNG_HIGH_INCOME,96,773.0,519,373.6800000000041
20,WFAgent1,MALE_YOUNG,294,2353.0,1770,1274.400000000038
20,WFAgent2,FEMALE_YOUNG,279,2236.0,1910,1375.2000000000419
20,WFAgent3,OLD_HIGH_INCOME,151,1215.0,150,1206.9536423841091
21,WEAgent1,MALE_YOUNG_HIGH_INCOME,64,517.0,64,512.2133333333333
21,WEAgent2,FEMALE_YOUNG,279,2236.0,2285,1645.2000000000521
21,WEAgent0,FEMALE_OLD_LOW_INCOME,300,2401.0,2392,1722.240000000055
21,WEAgent3,MALE_YOUNG,294,2353.0,339,681.0800000000074
21,WFAgent0,FEMALE_YOUNG_HIGH_INCOME,32,256.0,0,0.0
21,WFAgent1,FEMALE_LOW_INCOME,547,4381.0,0,0.0
21,WFAgent2,YOUNG_HIGH_INCOME,96,773.0,96,768.3199999999998
21,WFAgent3,MALE_YOUNG_LOW_INCOME,229,1836.0,1824,1313.2800000000395
22,WEAgent1,MALE_OLD_HIGH_INCOME,101,808.0,775,558.000000000011
22,WEAgent2,FEMALE_YOUNG_HIGH_INCOME,32,256.0,32,256.0
22,WEAgent0,FEMALE_HIGH_INCOME,82,663.0,292,661.6000000000035
22,WEAgent3,YOUNG_HIGH_INCOME,96,773.0,155,482.88000000000284
22,WFAgent0,FEMALE_OLD,351,2808.0,184,132.47999999999985
22,WFAgent1,FEMALE_YOUNG_LOW_INCOME,247,1980.0,2034,1464.4800000000453
22,WFAgent2,FEMALE_LOW_INCOME,547,4381.0,0,0.0
22,WFAgent3,FEMALE_OLD_LOW_INCOME,300,2401.0,2403,1730.1600000000553
23,WEAgent1,FEMALE_OLD_LOW_INCOME,300,2401.0,2408,1733.7600000000555
23,WEAgent2,FEMALE_OLD,351,2808.0,405,291.600000000001
23,WEAgent0,YOUNG_LOW_INCOME,477,3816.0,1833,1319.7600000000398
23,WEAgent3,MALE_OLD_LOW_INCOME,224,1795.0,1620,1166.400000000034
23,WFAgent0,MALE_OLD,325,2603.0,820,590.4000000000123
23,WFAgent1,FEMALE_HIGH_INCOME,82,663.0,241,173.51999999999978
23,WFAgent2,MALE_OLD_LOW_INCOME,224,1795.0,223,1786.9866071428617
23,WFAgent3,MALE_YOUNG_HIGH_INCOME,64,517.0,511,367.9200000000039
24,WEAgent1,FEMALE_LOW_INCOME,547,4381.0,1940,1396.8000000000427
24,WEAgent2,FEMALE_OLD_HIGH_INCOME,50,407.0,407,293.04000000000104
24,WEAgent0,MALE_YOUNG,294,2353.0,562,404.6400000000053
24,WEAgent3,FEMALE_YOUNG_HIGH_INCOME,32,256.0,32,256.0
24,WFAgent0,FEMALE_OLD,351,2808.0,0,0.0
24,WFAgent1,YOUNG_HIGH_INCOME,96,773.0,236,351.92000000000354
24,WFAgent2,MALE_HIGH_INCOME,165,1325.0,804,578.8800000000118
24,WFAgent3,MALE_OLD_HIGH_INCOME,101,808.0,0,0.0
25,WEAgent1,FEMALE_LOW_INCOME,547,4381.0,455,3644.159049360168
25,WEAgent2,MALE_HIGH_INCOME,165,1325.0,878,632.1600000000138
25,WEAgent0,FEMALE_YOUNG,279,2236.0,426,2231.0531627056657
25,WEAgent3,FEMALE_LOW_INCOME,547,4381.0,513,4108.6892138939975
25,WFAgent0,FEMALE_YOUNG_LOW_INCOME,247,1980.0,247,1978.2577696526434
25,WFAgent1,FEMALE_LOW_INCOME,547,4381.0,479,3836.3784277879595
25,WFAgent2,MALE_OLD,325,2603.0,1703,1226.1600000000362
25,WFAgent3,MALE_OLD_HIGH_INCOME,101,808.0,0,0.0
26,WEAgent1,OLD_HIGH_INCOME,151,1215.0,323,735.8692473118349
26,WEAgent2,FEMALE_HIGH_INCOME,82,663.0,82,657.1756272401427
26,WEAgent0,MALE_YOUNG_LOW_INCOME,229,1836.0,229,1832.0
26,WEAgent3,YOUNG_LOW_INCOME,477,3816.0,1623,2784.7199999998056
26,WFAgent0,FEMALE_YOUNG,279,2236.0,279,2232.0
26,WFAgent1,FEMALE_YOUNG,279,2236.0,1655,1191.600000000035
26,WFAgent2,FEMALE_YOUNG_HIGH_INCOME,32,256.0,244,175.67999999999978
26,WFAgent3,MALE_YOUNG,294,2353.0,527,379.4400000000043
27,WEAgent1,FEMALE_LOW_INCOME,547,4381.0,672,4380.42333333342
27,WEAgent2,FEMALE_YOUNG_LOW_INCOME,247,1980.0,247,1976.8233333333328
27,WEAgent0,FEMALE_LOW_INCOME,547,4381.0,547,4377.823333333382
27,WEAgent3,MALE_LOW_INCOME,453,3631.0,1790,1288.8000000000386
27,WFAgent0,FEMALE_OLD_LOW_INCOME,300,2401.0,2419,1741.6800000000558
27,WFAgent1,FEMALE_HIGH_INCOME,82,663.0,405,291.600000000001
27,WFAgent2,FEMALE_YOUNG,279,2236.0,313,2235.5600000000045
27,WFAgent3,OLD_LOW_INCOME,524,4196.0,0,0.0
28,WEAgent1,MALE_OLD,325,2603.0,666,1928.9033333333457
28,WEAgent2,MALE_YOUNG_LOW_INCOME,229,1836.0,1811,1303.9200000000392
28,WEAgent0,FEMALE_HIGH_INCOME,82,663.0,256,184.31999999999977
28,WEAgent3,MALE_HIGH_INCOME,165,1325.0,165,1320.5499999999997
28,WFAgent0,FEMALE_OLD_LOW_INCOME,300,2401.0,0,0.0
28,WFAgent1,FEMALE_YOUNG_LOW_INCOME,247,1980.0,1988,1431.360000000044
28,WFAgent2,FEMALE_OLD_LOW_INCOME,300,2401.0,2429,1748.880000000056
28,WFAgent3,OLD_LOW_INCOME,524,4196.0,1790,1288.8000000000386
29,WEAgent1,FEMALE_YOUNG,279,2236.0,312,2230.5826523297505
29,WEAgent2,YOUNG_LOW_INCOME,477,3816.0,770,3815.8399999999356
29,WEAgent0,OLD_LOW_INCOME,524,4196.0,1754,1262.8800000000376
29,WEAgent3,FEMALE_OLD_HIGH_INCOME,50,407.0,397,285.84000000000077
29,WFAgent0,FEMALE_YOUNG_LOW_INCOME,247,1980.0,1653,1190.1600000000349
29,WFAgent1,FEMALE_HIGH_INCOME,82,663.0,0,0.0
29,WFAgent2,MALE_LOW_INCOME,453,3631.0,453,3624.0
29,WFAgent3,OLD_LOW_INCOME,524,4196.0,2422,1743.8400000000559
30,WEAgent1,FEMALE_YOUNG_HIGH_INCOME,32,256.0,32,256.0
30,WEAgent2,OLD_HIGH_INCOME,151,1215.0,151,1208.0
30,WEAgent0,OLD_HIGH_INCOME,151,1215.0,213,1077.9200000000023
30,WEAgent3,FEMALE_OLD_LOW_INCOME,300,2401.0,2420,1742.4000000000558
30,WFAgent0,FEMALE_HIGH_INCOME,82,663.0,230,427.6800000000053
30,WFAgent1,FEMALE_YOUNG_LOW_INCOME,247,1980.0,0,0.0
30,WFAgent2,FEMALE_YOUNG_LOW_INCOME,247,1980.0,2014,1450.0800000000447
30,WFAgent3,MALE_OLD_HIGH_INCOME,101,808.0,818,588.9600000000122
31,WEAgent1,MALE_LOW_INCOME,453,3631.0,1587,2651.180152671609
31,WEAgent2,MALE_OLD_LOW_INCOME,224,1795.0,224,1793.70992366413
31,WEAgent0,FEMALE_OLD,351,2808.0,409,294.4800000000011
31,WEAgent3,FEMALE_YOUNG_HIGH_INCOME,32,256.0,248,178.55999999999977
31,WFAgent0,MALE_YOUNG_LOW_INCOME,229,1836.0,1826,1314.7200000000396
31,WFAgent1,MALE_LOW_INCOME,453,3631.0,0,0.0
31,WFAgent2,OLD_LOW_INCOME,524,4196.0,0,0.0
31,WFAgent3,FEMALE_LOW_INCOME,547,4381.0,1926,1386.7200000000423
32,WEAgent1,OLD_LOW_INCOME,524,4196.0,1576,2708.8488549616677
32,WEAgent2,MALE_YOUNG_HIGH_INCOME,64,517.0,64,517.0
32,WEAgent0,MALE_OLD_HIGH_INCOME,101,808.0,810,583.200000000012
32,WEAgent3,MALE_OLD_LOW_INCOME,224,1795.0,224,1793.70992366413
32,WFAgent0,MALE_YOUNG_HIGH_INCOME,64,517.0,64,517.0
32,WFAgent1,FEMALE_YOUNG,279,2236.0,2249,1619.2800000000511
32,WFAgent2,FEMALE_LOW_INCOME,547,4381.0,0,0.0
32,WFAgent3,OLD_HIGH_INCOME,151,1215.0,398,286.5600000000008
33,WEAgent1,FEMALE_YOUNG_HIGH_INCOME,32,256.0,259,186.47999999999976
33,WEAgent2,MALE_LOW_INCOME,453,3631.0,1295,2682.8142857141193
33,WEAgent0,FEMALE_OLD_LOW_INCOME,300,2401.0,299,2392.996666666676
33,WEAgent3,MALE_OLD_LOW_INCOME,224,1795.0,223,1786.9866071428617
33,WFAgent0,MALE_OLD_LOW_INCOME,224,1795.0,223,1786.9866071428617
33,WFAgent1,FEMALE_OLD_LOW_INCOME,300,2401.0,421,2400.7199999999802
33,WFAgent2,MALE_YOUNG,294,2353.0,1801,1296.720000000039
33,WFAgent3,FEMALE_YOUNG_LOW_INCOME,247,1980.0,1935,1393.2000000000426
34,WEAgent1,YOUNG_LOW_INCOME,477,3816.0,477,3816.0
34,WEAgent2,FEMALE_OLD_LOW_INCOME,300,2401.0,2454,1766.8800000000567
34,WEAgent0,FEMALE_LOW_INCOME,547,4381.0,1221,4380.800000000032
34,WEAgent3,MALE_OLD,325,2603.0,793,570.9600000000115
34,WFAgent0,FEMALE_YOUNG,279,2236.0,314,2228.08
34,WFAgent1,MALE_YOUNG,294,2353.0,457,329.0400000000024
34,WFAgent2,MALE_OLD_LOW_INCOME,224,1795.0,1798,1294.5600000000388
34,WFAgent3,OLD_HIGH_INCOME,151,1215.0,416,299.5200000000013
35,WEAgent1,YOUNG_LOW_INCOME,477,3816.0,942,3815.9199999998978
35,WEAgent2,OLD_HIGH_INCOME,151,1215.0,1183,851.7600000000222
35,WEAgent0,MALE_YOUNG,294,2353.0,294,2352.0
35,WEAgent3,YOUNG_LOW_INCOME,477,3816.0,477,3816.0
35,WFAgent0,FEMALE_YOUNG_HIGH_INCOME,32,256.0,132,95.03999999999989
35,WFAgent1,FEMALE_OLD,351,2808.0,0,0.0
35,WFAgent2,FEMALE_YOUNG_HIGH_INCOME,32,256.0,103,74.15999999999993
35,WFAgent3,YOUNG_LOW_INCOME,477,3816.0,1945,1400.4000000000428
36,WEAgent1,MALE_OLD,325,2603.0,325,2602.9999999999895
36,WEAgent2,FEMALE_OLD_LOW_INCOME,300,2401.0,299,2392.996666666676
36,WEAgent0,FEMALE_OLD_LOW_INCOME,300,2401.0,795,2400.5166666665696
36,WEAgent3,FEMALE_LOW_INCOME,547,4381.0,1390,1000.8000000000278
36,WFAgent0,MALE_YOUNG_LOW_INCOME,229,1836.0,1894,1363.6800000000414
36,WFAgent1,FEMALE_LOW_INCOME,547,4381.0,547,4377.823333333382
36,WFAgent2,MALE_LOW_INCOME,453,3631.0,0,0.0
36,WFAgent3,MALE_OLD,325,2603.0,385,2602.464615384592
37,WEAgent1,MALE_OLD_LOW_INCOME,224,1795.0,224,1792.7466666666662
37,WEAgent2,YOUNG_LOW_INCOME,477,3816.0,1864,1342.0800000000406
37,WEAgent0,MALE_HIGH_INCOME,165,1325.0,487,350.6400000000032
37,WEAgent3,OLD_LOW_INCOME,524,4196.0,1563,2633.009999999852
37,WFAgent0,YOUNG_LOW_INCOME,477,3816.0,477,3816.0
37,WFAgent1,FEMALE_OLD_LOW_INCOME,300,2401.0,2458,1769.7600000000568
37,WFAgent2,FEMALE_HIGH_INCOME,82,663.0,421,303.1200000000014
37,WFAgent3,YOUNG_LOW_INCOME,477,3816.0,1002,3815.4399999998845
38,WEAgent1,MALE_OLD_HIGH_INCOME,101,808.0,101,808.0
38,WEAgent2,FEMALE_OLD_HIGH_INCOME,50,407.0,402,289.4400000000009
38,WEAgent0,OLD_LOW_INCOME,524,4196.0,1800,1296.0000000000389
38,WEAgent3,MALE_OLD_HIGH_INCOME,101,808.0,101,808.0
38,WFAgent0,OLD_LOW_INCOME,524,4196.0,2443,1758.9600000000564
38,WFAgent1,MALE_OLD,325,2603.0,602,1307.0400000000132
38,WFAgent2,YOUNG_HIGH_INCOME,96,773.0,236,169.9199999999998
38,WFAgent3,MALE_OLD_HIGH_INCOME,101,808.0,0,0.0
39,WEAgent1,FEMALE_HIGH_INCOME,82,663.0,423,304.5600000000015
39,WEAgent2,MALE_YOUNG,294,2353.0,539,388.08000000000465
39,WEAgent0,MALE_LOW_INCOME,453,3631.0,1320,2423.665357142773
39,WEAgent3,MALE_OLD_LOW_INCOME,224,1795.0,223,1786.9866071428617
39,WFAgent0,MALE_OLD_HIGH_INCOME,101,808.0,781,562.3200000000112
39,WFAgent1,MALE_OLD_LOW_INCOME,224,1795.0,223,1786.9866071428617
39,WFAgent2,FEMALE_YOUNG_LOW_INCOME,247,1980.0,1991,1433.520000000044
39,WFAgent3,FEMALE_YOUNG,279,2236.0,0,0.0
40,WEAgent1,MALE_LOW_INCOME,453,3631.0,1835,1321.2000000000398
40,WEAgent2,MALE_YOUNG_LOW_INCOME,229,1836.0,1805,1299.600000000039
40,WEAgent0,FEMALE_OLD_LOW_INCOME,300,2401.0,2352,1693.440000000054
40,WEAgent3,MALE_OLD_HIGH_INCOME,101,808.0,831,598.3200000000126
40,WFAgent0,FEMALE_LOW_INCOME,547,4381.0,1948,1402.560000000043
40,WFAgent1,MALE_YOUNG_HIGH_INCOME,64,517.0,519,373.6800000000041
40,WFAgent2,MALE_OLD,325,2603.0,0,0.0
40,WFAgent3,YOUNG_HIGH_INCOME,96,773.0,283,203.75999999999974
41,WEAgent1,MALE_OLD_LOW_INCOME,224,1795.0,1746,1257.1200000000374
41,WEAgent2,MALE_YOUNG,294,2353.0,424,647.5998639455885
41,WEAgent0,MALE_OLD,325,2603.0,822,591.8400000000123
41,WEAgent3,FEMALE_LOW_INCOME,547,4381.0,1997,1437.8400000000443
41,WFAgent0,MALE_OLD_HIGH_INCOME,101,808.0,0,0.0
41,WFAgent1,MALE_LOW_INCOME,453,3631.0,1525,3144.6357823126586
41,WFAgent2,MALE_YOUNG_HIGH_INCOME,64,517.0,64,512.2176870748299
41,WFAgent3,MALE_YOUNG,294,2353.0,294,2352.999999999981
42,WEAgent1,FEMALE_LOW_INCOME,547,4381.0,546,4372.990859232211
42,WEAgent2,FEMALE_YOUNG_LOW_INCOME,247,1980.0,247,1978.2577696526434
42,WEAgent0,FEMALE_LOW_INCOME,547,4381.0,1022,4380.410383912353
42,WEAgent3,MALE_YOUNG_HIGH_INCOME,64,517.0,528,380.16000000000435
42,WFAgent0,MALE_OLD_HIGH_INCOME,101,808.0,795,572.4000000000116
42,WFAgent1,FEMALE_YOUNG_HIGH_INCOME,32,256.0,246,177.11999999999978
42,WFAgent2,FEMALE_OLD,351,2808.0,388,279.3600000000005
42,WFAgent3,MALE_OLD,325,2603.0,1794,1291.6800000000387
43,WEAgent1,OLD_HIGH_INCOME,151,1215.0,407,293.04000000000104
43,WEAgent2,FEMALE_OLD_LOW_INCOME,300,2401.0,2398,1726.5600000000552
43,WEAgent0,YOUNG_HIGH_INCOME,96,773.0,158,113.75999999999986
43,WEAgent3,MALE_YOUNG,294,2353.0,542,390.2400000000047
43,WFAgent0,MALE_YOUNG,294,2353.0,1791,1289.5200000000386
43,WFAgent1,FEMALE_YOUNG_LOW_INCOME,247,1980.0,1968,1416.9600000000435
43,WFAgent2,OLD_LOW_INCOME,524,4196.0,1821,1311.1200000000395
43,WFAgent3,YOUNG_HIGH_INCOME,96,773.0,96,768.3265306122448
44,WEAgent1,FEMALE_YOUNG_LOW_INCOME,247,1980.0,247,1976.0
44,WEAgent2,FEMALE_LOW_INCOME,547,4381.0,1768,3391.4399999997045
44,WEAgent0,MALE_HIGH_INCOME,165,1325.0,404,1043.8412121212184
44,WEAgent3,YOUNG_HIGH_INCOME,96,773.0,96,770.9090909090892
44,WFAgent0,MALE_HIGH_INCOME,165,1325.0,786,565.9200000000113
44,WFAgent1,OLD_LOW_INCOME,524,4196.0,2382,1715.0400000000548
44,WFAgent2,MALE_OLD_LOW_INCOME,224,1795.0,1825,1314.0000000000396
44,WFAgent3,YOUNG_LOW_INCOME,477,3816.0,0,0.0
45,WEAgent1,MALE_OLD_HIGH_INCOME,101,808.0,877,631.4400000000138
45,WEAgent2,FEMALE_OLD_HIGH_INCOME,50,407.0,50,400.0
45,WEAgent0,FEMALE_OLD,351,2808.0,366,671.2000000000085
45,WEAgent3,MALE_YOUNG_HIGH_INCOME,64,517.0,532,383.04000000000445
45,WFAgent0,MALE_YOUNG_LOW_INCOME,229,1836.0,1819,1309.6800000000394
45,WFAgent1,MALE_LOW_INCOME,453,3631.0,0,0.0
45,WFAgent2,FEMALE_OLD_LOW_INCOME,300,2401.0,2362,1700.6400000000542
45,WFAgent3,MALE_YOUNG_HIGH_INCOME,64,517.0,0,0.0
46,WEAgent1,YOUNG_LOW_INCOME,477,3816.0,477,3816.0
46,WEAgent2,FEMALE_LOW_INCOME,547,4381.0,1130,4380.800000000052
46,WEAgent0,FEMALE_YOUNG_LOW_INCOME,247,1980.0,247,1976.0
46,WEAgent3,FEMALE_YOUNG_HIGH_INCOME,32,256.0,273,196.55999999999975
46,WFAgent0,MALE_OLD,325,2603.0,808,581.7600000000119
46,WFAgent1,FEMALE_OLD,351,2808.0,2422,1743.8400000000559
46,WFAgent2,OLD_HIGH_INCOME,151,1215.0,416,299.5200000000013
46,WFAgent3,MALE_LOW_INCOME,453,3631.0,1861,1339.9200000000405
47,WEAgent1,FEMALE_OLD,351,2808.0,272,1229.6000000000035
47,WEAgent2,MALE_OLD_LOW_INCOME,224,1795.0,1827,1315.4400000000396
47,WEAgent0,FEMALE_YOUNG,279,2236.0,2271,1635.1200000000517
47,WEAgent3,YOUNG_HIGH_INCOME,96,773.0,449,323.2800000000022
47,WFAgent0,MALE_OLD,325,2603.0,825,594.0000000000124
47,WFAgent1,FEMALE_OLD,351,2808.0,2390,1720.800000000055
47,WFAgent2,OLD_HIGH_INCOME,151,1215.0,151,1208.0
47,WFAgent3,MALE_YOUNG_HIGH_INCOME,64,517.0,64,512.9175627240146
48,WEAgent1,MALE_YOUNG_LOW_INCOME,229,1836.0,1839,1324.08000000004
48,WEAgent2,YOUNG_HIGH_INCOME,96,773.0,96,769.3763440860201
48,WEAgent0,YOUNG_HIGH_INCOME,96,773.0,242,772.3756272401471
48,WEAgent3,MALE_OLD_HIGH_INCOME,101,808.0,814,586.0800000000121
48,WFAgent0,FEMALE_OLD_HIGH_INCOME,50,407.0,411,295.92000000000115
48,WFAgent1,MALE_OLD_LOW_INCOME,224,1795.0,1830,1317.6000000000397
48,WFAgent2,FEMALE_YOUNG,279,2236.0,1946,1401.1200000000429
48,WFAgent3,OLD_HIGH_INCOME,151,1215.0,0,0.0
49,WEAgent1,FEMALE_YOUNG_HIGH_INCOME,32,256.0,0,0.0
49,WEAgent2,FEMALE_HIGH_INCOME,82,663.0,442,318.240000000002
49,WEAgent0,FEMALE_LOW_INCOME,547,4381.0,1676,1206.7200000000355
49,WEAgent3,FEMALE_YOUNG_HIGH_INCOME,32,256.0,0,0.0
49,WFAgent0,OLD_LOW_INCOME,524,4196.0,2379,1712.8800000000547
49,WFAgent1,YOUNG_LOW_INCOME,477,3816.0,0,0.0
49,WFAgent2,MALE_YOUNG_LOW_INCOME,229,1836.0,1903,1370.1600000000417
49,WFAgent3,FEMALE_YOUNG,279,2236.0,306,2229.6000000000004
50,WEAgent1,FEMALE_OLD_LOW_INCOME,300,2401.0,2314,1666.080000000053
50,WEAgent2,MALE_LOW_INCOME,453,3631.0,453,3625.510000000044
50,WEAgent0,OLD_LOW_INCOME,524,4196.0,1378,4073.009999999846
50,WEAgent3,MALE_YOUNG_LOW_INCOME,229,1836.0,1846,1329.1200000000401
50,WFAgent0,MALE_HIGH_INCOME,165,1325.0,793,570.9600000000115
50,WFAgent1,FEMALE_OLD_HIGH_INCOME,50,407.0,381,274.32000000000033
50,WFAgent2,MALE_YOUNG,294,2353.0,0,0.0
50,WFAgent3,MALE_OLD_HIGH_INCOME,101,808.0,0,0.0
51,WEAgent1,FEMALE_OLD,351,2808.0,425,306.00000000000153
51,WEAgent2,MALE_OLD_LOW_INCOME,224,1795.0,0,0.0
51,WEAgent0,MALE_LOW_INCOME,453,3631.0,1756,1264.3200000000377
51,WEAgent3,MALE_HIGH_INCOME,165,1325.0,546,393.12000000000484
51,WFAgent0,OLD_LOW_INCOME,524,4196.0,0,0.0
51,WFAgent1,FEMALE_HIGH_INCOME,82,663.0,281,202.31999999999974
51,WFAgent2,MALE_LOW_INCOME,453,3631.0,686,3630.96459161145
51,WFAgent3,MALE_LOW_INCOME,453,3631.0,452,3622.9845474613944
52,WEAgent1,YOUNG_HIGH_INCOME,96,773.0,511,367.9200000000039
52,WEAgent2,FEMALE_OLD_LOW_INCOME,300,2401.0,421,2400.7199999999802
52,WEAgent0,FEMALE_YOUNG,279,2236.0,314,2232.022652329751
52,WEAgent3,FEMALE_OLD_LOW_INCOME,300,2401.0,299,2392.996666666676
52,WFAgent0,FEMALE_YOUNG_LOW_INCOME,247,1980.0,1694,1219.680000000036
52,WFAgent1,FEMALE_OLD_HIGH_INCOME,50,407.0,436,313.92000000000183
52,WFAgent2,MALE_OLD_LOW_INCOME,224,1795.0,1766,1271.520000000038
52,WFAgent3,FEMALE_OLD_LOW_INCOME,300,2401.0,299,2392.996666666676
53,WEAgent1,OLD_LOW_INCOME,524,4196.0,524,4195.999999999982
53,WEAgent2,FEMALE_OLD,351,2808.0,412,296.6400000000012
53,WEAgent0,OLD_LOW_INCOME,524,4196.0,816,3968.981984732738
53,WEAgent3,MALE_LOW_INCOME,453,3631.0,453,3627.458015267161
53,WFAgent0,MALE_YOUNG,294,2353.0,0,0.0
53,WFAgent1,MALE_OLD_HIGH_INCOME,101,808.0,762,548.6400000000107
53,WFAgent2,MALE_YOUNG_HIGH_INCOME,64,517.0,551,396.720000000005
53,WFAgent3,MALE_YOUNG_LOW_INCOME,229,1836.0,1824,1313.2800000000395
54,WEAgent1,MALE_LOW_INCOME,453,3631.0,1761,1267.9200000000378
54,WEAgent2,MALE_HIGH_INCOME,165,1325.0,165,1320.5612244897916
54,WEAgent0,FEMALE_OLD_HIGH_INCOME,50,407.0,410,295.2000000000011
54,WEAgent3,MALE_HIGH_INCOME,165,1325.0,211,1324.5476190476165
54,WFAgent0,MALE_YOUNG,294,2353.0,1833,1319.7600000000398
54,WFAgent1,MALE_OLD,325,2603.0,586,421.9200000000059
54,WFAgent2,FEMALE_HIGH_INCOME,82,663.0,277,199.43999999999974
54,WFAgent3,OLD_HIGH_INCOME,151,1215.0,0,0.0
55,WEAgent1,MALE_LOW_INCOME,453,3631.0,453,3624.0
55,WEAgent2,OLD_HIGH_INCOME,151,1215.0,412,296.6400000000012
55,WEAgent0,MALE_LOW_INCOME,453,3631.0,735,3630.479999999938
55,WEAgent3,MALE_HIGH_INCOME,165,1325.0,484,816.3393939394045
55,WFAgent0,MALE_YOUNG_HIGH_INCOME,64,517.0,64,513.9393939393931
55,WFAgent1,OLD_HIGH_INCOME,151,1215.0,0,0.0
55,WFAgent2,YOUNG_LOW_INCOME,477,3816.0,1951,1404.720000000043
55,WFAgent3,OLD_LOW_INCOME,524,4196.0,2354,1694.880000000054
56,WEAgent1,MALE_OLD,325,2603.0,325,2602.9999999999895
56,WEAgent2,FEMALE_YOUNG_HIGH_INCOME,32,256.0,32,256.0
56,WEAgent0,FEMALE_YOUNG_LOW_INCOME,247,1980.0,1936,1393.9200000000426
56,WEAgent3,FEMALE_YOUNG_HIGH_INCOME,32,256.0,62,255.75999999999996
56,WFAgent0,FEMALE_OLD_HIGH_INCOME,50,407.0,431,310.3200000000017
56,WFAgent1,FEMALE_YOUNG_HIGH_INCOME,32,256.0,149,107.27999999999987
56,WFAgent2,FEMALE_OLD,351,2808.0,0,0.0
56,WFAgent3,MALE_OLD,325,2603.0,448,2399.990769230728
57,WEAgent1,FEMALE_HIGH_INCOME,82,663.0,283,203.75999999999974
57,WEAgent2,MALE_OLD_HIGH_INCOME,101,808.0,826,594.7200000000124
57,WEAgent0,MALE_YOUNG_HIGH_INCOME,64,517.0,64,512.2176870748299
57,WEAgent3,MALE_YOUNG,294,2353.0,384,859.1521088435456
57,WFAgent0,FEMALE_LOW_INCOME,547,4381.0,2030,1461.6000000000452
57,WFAgent1,FEMALE_LOW_INCOME,547,4381.0,0,0.0
57,WFAgent2,MALE_YOUNG_HIGH_INCOME,64,517.0,64,512.2176870748299
57,WFAgent3,MALE_OLD,325,2603.0,1768,1272.960000000038
58,WEAgent1,FEMALE_OLD,351,2808.0,2743,1974.9600000000646
58,WEAgent2,MALE_HIGH_INCOME,165,1325.0,413,838.3224242424324
58,WEAgent0,MALE_YOUNG_HIGH_INCOME,64,517.0,64,513.9393939393931
58,WEAgent3,MALE_YOUNG_HIGH_INCOME,64,517.0,64,513.9393939393931
58,WFAgent0,FEMALE_OLD,351,2808.0,0,0.0
58,WFAgent1,FEMALE_YOUNG_LOW_INCOME,247,1980.0,1998,1438.5600000000443
58,WFAgent2,FEMALE_YOUNG_HIGH_INCOME,32,256.0,261,187.91999999999976
58,WFAgent3,MALE_HIGH_INCOME,165,1325.0,809,582.480000000012
59,WEAgent1,OLD_LOW_INCOME,524,4196.0,745,3837.6980152671026
59,WEAgent2,FEMALE_YOUNG_LOW_INCOME,247,1980.0,2051,1476.7200000000457
59,WEAgent0,MALE_LOW_INCOME,453,3631.0,1255,3629.1749618319704
59,WEAgent3,MALE_LOW_INCOME,453,3631.0,453,3627.458015267161
59,WFAgent0,FEMALE_HIGH_INCOME,82,663.0,369,265.68
59,WFAgent1,MALE_LOW_INCOME,453,3631.0,453,3627.458015267161
59,WFAgent2,MALE_OLD_LOW_INCOME,224,1795.0,224,1793.70992366413
59,WFAgent3,FEMALE_HIGH_INCOME,82,663.0,0,0.0
60,WEAgent1,MALE_YOUNG_HIGH_INCOME,64,517.0,64,513.9393939393931
60,WEAgent2,FEMALE_HIGH_INCOME,82,663.0,258,185.75999999999976
60,WEAgent0,MALE_YOUNG_HIGH_INCOME,64,517.0,64,513.9393939393931
60,WEAgent3,MALE_HIGH_INCOME,165,1325.0,395,825.3624242424319
60,WFAgent0,MALE_LOW_INCOME,453,3631.0,1820,1310.4000000000394
60,WFAgent1,YOUNG_HIGH_INCOME,96,773.0,0,0.0
60,WFAgent2,FEMALE_OLD_LOW_INCOME,300,2401.0,2374,1709.2800000000545
60,WFAgent3,FEMALE_LOW_INCOME,547,4381.0,2011,1447.9200000000446
61,WEAgent1,FEMALE_OLD_HIGH_INCOME,50,407.0,0,0.0
61,WEAgent2,FEMALE_OLD,351,2808.0,327,1101.7600000000057
61,WEAgent0,FEMALE_OLD_LOW_INCOME,300,2401.0,2305,1659.6000000000527
61,WEAgent3,OLD_HIGH_INCOME,151,1215.0,544,1214.3200000000095
61,WFAgent0,MALE_HIGH_INCOME,165,1325.0,371,267.12000000000006
61,WFAgent1,FEMALE_YOUNG_HIGH_INCOME,32,256.0,0,0.0
61,WFAgent2,YOUNG_HIGH_INCOME,96,773.0,223,582.8000000000045
61,WFAgent3,FEMALE_YOUNG_HIGH_INCOME,32,256.0,32,256.0
62,WEAgent1,MALE_OLD_HIGH_INCOME,101,808.0,763,549.3600000000107
62,WEAgent2,FEMALE_OLD,351,2808.0,2429,1748.880000000056
62,WEAgent0,FEMALE_LOW_INCOME,547,4381.0,1796,1293.1200000000388
62,WEAgent3,FEMALE_YOUNG_LOW_INCOME,247,1980.0,247,1975.9999999999998
62,WFAgent0,FEMALE_OLD,351,2808.0,351,2807.9999999999995
62,WFAgent1,YOUNG_HIGH_INCOME,96,773.0,249,179.27999999999977
62,WFAgent2,MALE_OLD_LOW_INCOME,224,1795.0,0,0.0
62,WFAgent3,MALE_OLD_LOW_INCOME,224,1795.0,1778,1280.1600000000383
63,WEAgent1,FEMALE_YOUNG_HIGH_INCOME,32,256.0,0,0.0
63,WEAgent2,MALE_YOUNG,294,2353.0,347,1560.8522448979577
63,WEAgent0,MALE_YOUNG,294,2353.0,1477,2345.3186394557765
63,WEAgent3,FEMALE_OLD_LOW_INCOME,300,2401.0,2430,1749.600000000056
63,WFAgent0,FEMALE_OLD_HIGH_INCOME,50,407.0,427,307.4400000000016
63,WFAgent1,MALE_OLD_LOW_INCOME,224,1795.0,1738,1251.3600000000372
63,WFAgent2,FEMALE_YOUNG,279,2236.0,1950,1404.000000000043
63,WFAgent3,OLD_HIGH_INCOME,151,1215.0,0,0.0
64,WEAgent1,MALE_HIGH_INCOME,165,1325.0,165,1320.0
64,WEAgent2,MALE_OLD_HIGH_INCOME,101,808.0,101,808.0
64,WEAgent0,FEMALE_OLD,351,2808.0,338,840.320000000007
64,WEAgent3,MALE_OLD,325,2603.0,502,1628.160000000009
64,WFAgent0,FEMALE_YOUNG_HIGH_INCOME,32,256.0,266,191.51999999999975
64,WFAgent1,FEMALE_HIGH_INCOME,82,663.0,82,656.0
64,WFAgent2,FEMALE_YOUNG_LOW_INCOME,247,1980.0,1977,1423.4400000000437
64,WFAgent3,FEMALE_YOUNG,279,2236.0,0,0.0
65,WEAgent1,MALE_OLD_LOW_INCOME,224,1795.0,1788,1287.3600000000386
65,WEAgent2,MALE_HIGH_INCOME,165,1325.0,517,372.24000000000404
65,WEAgent0,FEMALE_YOUNG_LOW_INCOME,247,1980.0,1982,1427.0400000000438
65,WEAgent3,YOUNG_HIGH_INCOME,96,773.0,96,768.0
65,WFAgent0,YOUNG_HIGH_INCOME,96,773.0,167,688.0800000000024
65,WFAgent1,MALE_YOUNG,294,2353.0,0,0.0
65,WFAgent2,FEMALE_YOUNG_HIGH_INCOME,32,256.0,0,0.0
65,WFAgent3,MALE_LOW_INCOME,453,3631.0,1840,1324.80000000004
66,WEAgent1,MALE_HIGH_INCOME,165,1325.0,533,383.7600000000045
66,WEAgent2,MALE_YOUNG_LOW_INCOME,229,1836.0,1801,1296.720000000039
66,WEAgent0,FEMALE_HIGH_INCOME,82,663.0,237,170.6399999999998
66,WEAgent3,MALE_OLD_LOW_INCOME,224,1795.0,1765,1270.800000000038
66,WFAgent0,OLD_HIGH_INCOME,151,1215.0,0,0.0
66,WFAgent1,FEMALE_HIGH_INCOME,82,663.0,0,0.0
66,WFAgent2,FEMALE_OLD_HIGH_INCOME,50,407.0,439,316.0800000000019
66,WFAgent3,YOUNG_LOW_INCOME,477,3816.0,1966,1415.5200000000434
67,WEAgent1,MALE_OLD,325,2603.0,325,2600.0
67,WEAgent2,OLD_LOW_INCOME,524,4196.0,524,4192.0
67,WEAgent0,OLD_LOW_INCOME,524,4196.0,620,4195.600000000027
67,WEAgent3,FEMALE_YOUNG_LOW_INCOME,247,1980.0,1938,1395.3600000000426
67,WFAgent0,MALE_OLD_LOW_INCOME,224,1795.0,224,1792.0
67,WFAgent1,OLD_HIGH_INCOME,151,1215.0,406,292.320000000001
67,WFAgent2,FEMALE_OLD,351,2808.0,2480,1785.6000000000574
67,WFAgent3,YOUNG_HIGH_INCOME,96,773.0,241,173.51999999999978
68,WEAgent1,FEMALE_OLD_LOW_INCOME,300,2401.0,2400,1728.0000000000553
68,WEAgent2,MALE_OLD_HIGH_INCOME,101,808.0,852,613.4400000000131
68,WEAgent0,FEMALE_OLD,351,2808.0,321,231.1199999999997
68,WEAgent3,FEMALE_HIGH_INCOME,82,663.0,238,171.3599999999998
68,WFAgent0,MALE_OLD_LOW_INCOME,224,1795.0,1817,1308.2400000000393
68,WFAgent1,MALE_YOUNG_LOW_INCOME,229,1836.0,1827,1315.4400000000396
68,WFAgent2,FEMALE_HIGH_INCOME,82,663.0,82,656.0
68,WFAgent3,FEMALE_LOW_INCOME,547,4381.0,1935,1393.2000000000426
69,WEAgent1,FEMALE_OLD_HIGH_INCOME,50,407.0,0,0.0
69,WEAgent2,YOUNG_HIGH_INCOME,96,773.0,96,768.0
69,WEAgent0,MALE_HIGH_INCOME,165,1325.0,450,738.9600000000107
69,WEAgent3,FEMALE_HIGH_INCOME,82,663.0,607,662.7200000000136
69,WFAgent0,MALE_YOUNG,294,2353.0,0,0.0
69,WFAgent1,OLD_LOW_INCOME,524,4196.0,1809,1302.4800000000391
69,WFAgent2,FEMALE_OLD,351,2808.0,2414,1738.0800000000556
69,WFAgent3,MALE_LOW_INCOME,453,3631.0,1773,1276.5600000000381
70,WEAgent1,FEMALE_LOW_INCOME,547,4381.0,1538,3090.0062888480043
70,WEAgent2,FEMALE_YOUNG_LOW_INCOME,247,1980.0,247,1978.2577696526434
70,WEAgent0,MALE_OLD,325,2603.0,466,2602.4707692307284
70,WEAgent3,MALE_OLD,325,2603.0,325,2602.9999999999895
70,WFAgent0,MALE_YOUNG_HIGH_INCOME,64,517.0,496,357.1200000000035
70,WFAgent1,MALE_LOW_INCOME,453,3631.0,1870,1346.4000000000408
70,WFAgent2,FEMALE_OLD,351,2808.0,396,285.12000000000074
70,WFAgent3,FEMALE_YOUNG_LOW_INCOME,247,1980.0,247,1978.2577696526434
71,WEAgent1,YOUNG_LOW_INCOME,477,3816.0,477,3816.0
71,WEAgent2,OLD_LOW_INCOME,524,4196.0,1794,1291.6800000000387
71,WEAgent0,MALE_YOUNG_HIGH_INCOME,64,517.0,64,513.9393939393931
71,WEAgent3,MALE_HIGH_INCOME,165,1325.0,429,608.6024242424346
71,WFAgent0,OLD_LOW_INCOME,524,4196.0,2411,1735.9200000000556
71,WFAgent1,MALE_LOW_INCOME,453,3631.0,604,3630.799999999967
71,WFAgent2,FEMALE_YOUNG_HIGH_INCOME,32,256.0,254,182.87999999999977
71,WFAgent3,FEMALE_OLD_HIGH_INCOME,50,407.0,401,288.7200000000009
72,WEAgent1,FEMALE_OLD_LOW_INCOME,300,2401.0,330,2400.7500000000023
72,WEAgent2,MALE_OLD_HIGH_INCOME,101,808.0,737,530.64000000001
72,WEAgent0,MALE_YOUNG_HIGH_INCOME,64,517.0,64,517.0
72,WEAgent3,FEMALE_OLD_LOW_INCOME,300,2401.0,299,2392.996666666676
72,WFAgent0,MALE_YOUNG_HIGH_INCOME,64,517.0,64,517.0
72,WFAgent1,FEMALE_YOUNG_LOW_INCOME,247,1980.0,1992,1434.2400000000441
72,WFAgent2,MALE_LOW_INCOME,453,3631.0,1821,1311.1200000000395
72,WFAgent3,MALE_YOUNG_HIGH_INCOME,64,517.0,104,516.3675000000012
73,WEAgent1,MALE_OLD_HIGH_INCOME,101,808.0,101,808.0
73,WEAgent2,MALE_YOUNG_HIGH_INCOME,64,517.0,537,386.6400000000046
73,WEAgent0,MALE_OLD_HIGH_INCOME,101,808.0,151,807.6000000000015
73,WEAgent3,FEMALE_LOW_INCOME,547,4381.0,1647,3095.594881169734
73,WFAgent0,FEMALE_YOUNG,279,2236.0,342,2228.8862888482586
73,WFAgent1,YOUNG_HIGH_INCOME,96,773.0,0,0.0
73,WFAgent2,OLD_LOW_INCOME,524,4196.0,2467,1776.240000000057
73,WFAgent3,FEMALE_YOUNG_HIGH_INCOME,32,256.0,0,0.0
74,WEAgent1,FEMALE_OLD_LOW_INCOME,300,2401.0,2444,1759.6800000000565
74,WEAgent2,MALE_OLD,325,2603.0,815,586.8000000000121
74,WEAgent0,MALE_YOUNG,294,2353.0,435,313.2000000000018
74,WEAgent3,YOUNG_LOW_INCOME,477,3816.0,1592,1146.2400000000332
74,WFAgent0,MALE_OLD_HIGH_INCOME,101,808.0,0,0.0
74,WFAgent1,YOUNG_HIGH_INCOME,96,773.0,258,185.75999999999976
74,WFAgent2,MALE_YOUNG_HIGH_INCOME,64,517.0,64,512.0
74,WFAgent3,MALE_YOUNG_LOW_INCOME,229,1836.0,229,1832.0
75,WEAgent1,MALE_OLD,325,2603.0,810,583.200000000012
75,WEAgent2,MALE_OLD_LOW_INCOME,224,1795.0,224,1792.7466666666662
75,WEAgent0,OLD_LOW_INCOME,524,4196.0,1480,2485.849999999896
75,WEAgent3,YOUNG_HIGH_INCOME,96,773.0,525,378.00000000000426
75,WFAgent0,FEMALE_OLD_LOW_INCOME,300,2401.0,2425,1746.000000000056
75,WFAgent1,FEMALE_OLD_HIGH_INCOME,50,407.0,374,269.28000000000014
75,WFAgent2,MALE_OLD_HIGH_INCOME,101,808.0,0,0.0
75,WFAgent3,MALE_YOUNG,294,2353.0,1884,1356.4800000000412
76,WEAgent1,MALE_OLD,325,2603.0,681,1196.480000000016
76,WEAgent2,MALE_OLD_HIGH_INCOME,101,808.0,101,808.0
76,WEAgent0,MALE_YOUNG,294,2353.0,433,777.89768707484
76,WEAgent3,FEMALE_OLD_HIGH_INCOME,50,407.0,415,298.80000000000126
76,WFAgent0,MALE_LOW_INCOME,453,3631.0,1616,1163.5200000000339
76,WFAgent1,FEMALE_YOUNG_LOW_INCOME,247,1980.0,1983,1427.7600000000439
76,WFAgent2,MALE_YOUNG_LOW_INCOME,229,1836.0,229,1832.7789115646142
76,WFAgent3,MALE_YOUNG_HIGH_INCOME,64,517.0,64,512.2176870748299
77,WEAgent1,MALE_OLD_HIGH_INCOME,101,808.0,101,808.0
77,WEAgent2,MALE_HIGH_INCOME,165,1325.0,165,1320.0
77,WEAgent0,OLD_HIGH_INCOME,151,1215.0,151,1208.0
77,WEAgent3,OLD_LOW_INCOME,524,4196.0,1762,1268.6400000000378
77,WFAgent0,FEMALE_LOW_INCOME,547,4381.0,0,0.0
77,WFAgent1,FEMALE_YOUNG_LOW_INCOME,247,1980.0,2046,1473.1200000000456
77,WFAgent2,MALE_OLD,325,2603.0,292,1244.000000000004
77,WFAgent3,MALE_OLD_HIGH_INCOME,101,808.0,101,808.0
78,WEAgent1,YOUNG_LOW_INCOME,477,3816.0,1787,1286.6400000000385
78,WEAgent2,FEMALE_YOUNG_HIGH_INCOME,32,256.0,0,0.0
78,WEAgent0,YOUNG_HIGH_INCOME,96,773.0,546,393.12000000000484
78,WEAgent3,OLD_HIGH_INCOME,151,1215.0,1233,887.7600000000235
78,WFAgent0,FEMALE_OLD,351,2808.0,0,0.0
78,WFAgent1,FEMALE_YOUNG_HIGH_INCOME,32,256.0,240,172.79999999999978
78,WFAgent2,FEMALE_YOUNG,279,2236.0,279,2232.0
78,WFAgent3,YOUNG_LOW_INCOME,477,3816.0,1736,3652.3199999997187
79,WEAgent1,MALE_OLD_HIGH_INCOME,101,808.0,101,808.0
79,WEAgent2,FEMALE_YOUNG,279,2236.0,2236,1609.9200000000508
79,WEAgent0,MALE_LOW_INCOME,453,3631.0,1719,1237.6800000000367
79,WEAgent3,MALE_OLD_HIGH_INCOME,101,808.0,121,807.8400000000006
79,WFAgent0,MALE_OLD,325,2603.0,0,0.0
79,WFAgent1,MALE_YOUNG,294,2353.0,0,0.0
79,WFAgent2,MALE_YOUNG_LOW_INCOME,229,1836.0,1896,1365.1200000000415
79,WFAgent3,YOUNG_HIGH_INCOME,96,773.0,522,375.8400000000042
80,WEAgent1,YOUNG_LOW_INCOME,477,3816.0,1588,1143.360000000033
80,WEAgent2,FEMALE_YOUNG_HIGH_INCOME,32,256.0,0,0.0
80,WEAgent0,MALE_YOUNG,294,2353.0,368,264.96
80,WEAgent3,FEMALE_YOUNG,279,2236.0,2272,1635.8400000000518
80,WFAgent0,MALE_YOUNG_HIGH_INCOME,64,517.0,64,512.2176870748299
80,WFAgent1,YOUNG_HIGH_INCOME,96,773.0,96,768.0
80,WFAgent2,MALE_YOUNG_LOW_INCOME,229,1836.0,229,1832.0
80,WFAgent3,MALE_OLD_HIGH_INCOME,101,808.0,751,540.7200000000104
81,WEAgent1,FEMALE_YOUNG_LOW_INCOME,247,1980.0,1981,1426.3200000000438
81,WEAgent2,MALE_YOUNG_HIGH_INCOME,64,517.0,503,362.16000000000366
81,WEAgent0,OLD_LOW_INCOME,524,4196.0,1825,1314.0000000000396
81,WEAgent3,FEMALE_YOUNG_HIGH_INCOME,32,256.0,265,190.79999999999976
81,WFAgent0,MALE_LOW_INCOME,453,3631.0,1799,1295.2800000000389
81,WFAgent1,MALE_YOUNG,294,2353.0,0,0.0
81,WFAgent2,OLD_HIGH_INCOME,151,1215.0,240,172.79999999999978
81,WFAgent3,OLD_HIGH_INCOME,151,1215.0,203,146.15999999999983
82,WEAgent1,OLD_HIGH_INCOME,151,1215.0,1241,893.5200000000237
82,WEAgent2,MALE_YOUNG_HIGH_INCOME,64,517.0,64,512.2176870748299
82,WEAgent0,FEMALE_HIGH_INCOME,82,663.0,232,167.0399999999998
82,WEAgent3,MALE_YOUNG,294,2353.0,350,783.6882993197354
82,WFAgent0,MALE_YOUNG_HIGH_INCOME,64,517.0,64,512.2176870748299
82,WFAgent1,FEMALE_OLD,351,2808.0,2333,1679.7600000000534
82,WFAgent2,MALE_OLD_LOW_INCOME,224,1795.0,1928,1388.1600000000424
82,WFAgent3,MALE_OLD,325,2603.0,0,0.0
83,WEAgent1,MALE_HIGH_INCOME,165,1325.0,472,800.3890909091012
83,WEAgent2,OLD_LOW_INCOME,524,4196.0,1100,4195.324885496103
83,WEAgent0,MALE_LOW_INCOME,453,3631.0,453,3627.458015267161
83,WEAgent3,OLD_HIGH_INCOME,151,1215.0,434,312.4800000000018
83,WFAgent0,FEMALE_LOW_INCOME,547,4381.0,1281,922.3200000000248
83,WFAgent1,MALE_YOUNG_HIGH_INCOME,64,517.0,64,513.9393939393931
83,WFAgent2,FEMALE_YOUNG,279,2236.0,483,2235.647458866501
83,WFAgent3,FEMALE_YOUNG,279,2236.0,301,2228.522851919556
84,WEAgent1,FEMALE_YOUNG,279,2236.0,373,2229.3388665447856
84,WEAgent2,FEMALE_LOW_INCOME,547,4381.0,1416,2834.516051188076
84,WEAgent0,FEMALE_OLD,351,2808.0,358,541.6800000000087
84,WEAgent3,OLD_LOW_INCOME,524,4196.0,1840,1324.80000000004
84,WFAgent0,FEMALE_YOUNG_LOW_INCOME,247,1980.0,247,1978.2577696526434
84,WFAgent1,FEMALE_OLD_HIGH_INCOME,50,407.0,50,400.0
84,WFAgent2,FEMALE_YOUNG_HIGH_INCOME,32,256.0,0,0.0
84,WFAgent3,MALE_OLD,325,2603.0,806,580.3200000000119
85,WEAgent1,FEMALE_OLD,351,2808.0,138,1104.0
85,WEAgent2,MALE_YOUNG_HIGH_INCOME,64,517.0,544,391.6800000000048
85,WEAgent0,MALE_OLD,325,2603.0,325,2602.9999999999895
85,WEAgent3,MALE_OLD,325,2603.0,325,2602.9999999999895
85,WFAgent0,FEMALE_OLD,351,2808.0,2463,2748.8799999999324
85,WFAgent1,MALE_OLD,325,2603.0,154,110.87999999999987
85,WFAgent2,FEMALE_YOUNG_HIGH_INCOME,32,256.0,252,181.43999999999977
85,WFAgent3,OLD_HIGH_INCOME,151,1215.0,123,984.0
86,WEAgent1,OLD_HIGH_INCOME,151,1215.0,151,1208.0
86,WEAgent2,MALE_YOUNG,294,2353.0,489,934.7521088435485
86,WEAgent0,FEMALE_OLD_HIGH_INCOME,50,407.0,0,0.0
86,WEAgent3,FEMALE_OLD,351,2808.0,312,581.3600000000072
86,WFAgent0,MALE_OLD_HIGH_INCOME,101,808.0,553,398.160000000005
86,WFAgent1,MALE_YOUNG_HIGH_INCOME,64,517.0,64,512.2176870748299
86,WFAgent2,FEMALE_LOW_INCOME,547,4381.0,1959,1410.4800000000432
86,WFAgent3,MALE_OLD_HIGH_INCOME,101,808.0,131,807.7600000000009
87,WEAgent1,MALE_YOUNG_LOW_INCOME,229,1836.0,1895,1364.4000000000415
87,WEAgent2,FEMALE_OLD,351,2808.0,394,283.6800000000007
87,WEAgent0,MALE_YOUNG,294,2353.0,467,867.9282993197386
87,WEAgent3,MALE_OLD_HIGH_INCOME,101,808.0,812,584.640000000012
87,WFAgent0,FEMALE_YOUNG_LOW_INCOME,247,1980.0,1935,1393.2000000000426
87,WFAgent1,MALE_YOUNG_HIGH_INCOME,64,517.0,64,512.2176870748299
87,WFAgent2,FEMALE_HIGH_INCOME,82,663.0,289,208.07999999999973
87,WFAgent3,MALE_OLD_HIGH_INCOME,101,808.0,0,0.0
88,WEAgent1,FEMALE_OLD,351,2808.0,379,272.8800000000003
88,WEAgent2,YOUNG_LOW_INCOME,477,3816.0,1789,1288.0800000000386
88,WEAgent0,FEMALE_OLD_LOW_INCOME,300,2401.0,2349,1691.2800000000539
88,WEAgent3,OLD_LOW_INCOME,524,4196.0,1364,982.0800000000271
88,WFAgent0,FEMALE_YOUNG,279,2236.0,2365,1702.8000000000543
88,WFAgent1,MALE_OLD_LOW_INCOME,224,1795.0,223,1786.9866071428617
88,WFAgent2,YOUNG_HIGH_INCOME,96,773.0,526,378.7200000000043
88,WFAgent3,MALE_OLD_LOW_INCOME,224,1795.0,224,1794.8591666666707
89,WEAgent1,FEMALE_YOUNG_LOW_INCOME,247,1980.0,247,1979.9999999999982
89,WEAgent2,FEMALE_YOUNG,279,2236.0,541,2235.4571659918593
89,WEAgent0,OLD_LOW_INCOME,524,4196.0,1242,4195.538015267066
89,WEAgent3,MALE_LOW_INCOME,453,3631.0,453,3627.458015267161
89,WFAgent0,FEMALE_YOUNG_HIGH_INCOME,32,256.0,168,120.95999999999985
89,WFAgent1,MALE_OLD,325,2603.0,771,555.1200000000109
89,WFAgent2,MALE_YOUNG_LOW_INCOME,229,1836.0,1821,1311.1200000000395
89,WFAgent3,MALE_YOUNG,294,2353.0,0,0.0
90,WEAgent1,MALE_OLD_HIGH_INCOME,101,808.0,790,568.8000000000114
90,WEAgent2,FEMALE_LOW_INCOME,547,4381.0,547,4376.0
90,WEAgent0,FEMALE_LOW_INCOME,547,4381.0,644,4380.320000000027
90,WEAgent3,FEMALE_YOUNG,279,2236.0,371,2232.72
90,WFAgent0,YOUNG_LOW_INCOME,477,3816.0,509,366.4800000000038
90,WFAgent1,MALE_YOUNG_LOW_INCOME,229,1836.0,1889,1360.0800000000413
90,WFAgent2,MALE_OLD_LOW_INCOME,224,1795.0,1787,1286.6400000000385
90,WFAgent3,MALE_OLD,325,2603.0,0,0.0
91,WEAgent1,MALE_YOUNG,294,2353.0,269,1584.8096598639404
91,WEAgent2,FEMALE_HIGH_INCOME,82,663.0,244,175.67999999999978
91,WEAgent0,MALE_HIGH_INCOME,165,1325.0,165,1320.5612244897916
91,WEAgent3,OLD_HIGH_INCOME,151,1215.0,416,299.5200000000013
91,WFAgent0,FEMALE_LOW_INCOME,547,4381.0,1924,1385.2800000000423
91,WFAgent1,MALE_YOUNG_HIGH_INCOME,64,517.0,64,512.2176870748299
91,WFAgent2,FEMALE_YOUNG_HIGH_INCOME,32,256.0,0,0.0
91,WFAgent3,MALE_OLD_LOW_INCOME,224,1795.0,1769,1273.680000000038
92,WEAgent1,MALE_HIGH_INCOME,165,1325.0,514,370.08000000000396
92,WEAgent2,FEMALE_LOW_INCOME,547,4381.0,547,4376.0
92,WEAgent0,FEMALE_OLD,351,2808.0,413,297.3600000000012
92,WEAgent3,FEMALE_LOW_INCOME,547,4381.0,1019,4380.960000000076
92,WFAgent0,YOUNG_LOW_INCOME,477,3816.0,161,115.91999999999986
92,WFAgent1,FEMALE_YOUNG,279,2236.0,279,2232.0
92,WFAgent2,YOUNG_HIGH_INCOME,96,773.0,266,191.51999999999975
92,WFAgent3,MALE_OLD_LOW_INCOME,224,1795.0,1727,1243.440000000037
93,WEAgent1,YOUNG_HIGH_INCOME,96,773.0,96,768.3265306122448
93,WEAgent2,MALE_YOUNG,294,2353.0,419,1110.1375510204164
93,WEAgent0,FEMALE_OLD,351,2808.0,276,1152.400000000004
93,WEAgent3,MALE_YOUNG_LOW_INCOME,229,1836.0,1815,1306.8000000000393
93,WFAgent0,OLD_HIGH_INCOME,151,1215.0,151,1208.0
93,WFAgent1,MALE_LOW_INCOME,453,3631.0,1842,1326.24000000004
93,WFAgent2,FEMALE_OLD,351,2808.0,2403,1730.1600000000553
93,WFAgent3,MALE_OLD_HIGH_INCOME,101,808.0,788,567.3600000000114
94,WEAgent1,MALE_OLD,325,2603.0,519,373.6800000000041
94,WEAgent2,FEMALE_OLD,351,2808.0,383,275.7600000000004
94,WEAgent0,FEMALE_YOUNG_HIGH_INCOME,32,256.0,252,181.43999999999977
94,WEAgent3,MALE_LOW_INCOME,453,3631.0,1504,1082.8800000000308
94,WFAgent0,MALE_OLD_LOW_INCOME,224,1795.0,224,1793.70992366413
94,WFAgent1,MALE_YOUNG,294,2353.0,1840,1324.80000000004
94,WFAgent2,MALE_OLD,325,2603.0,325,2602.4809160305363
94,WFAgent3,OLD_LOW_INCOME,524,4196.0,0,0.0
95,WEAgent1,MALE_LOW_INCOME,453,3631.0,1847,1329.8400000000402
95,WEAgent2,FEMALE_YOUNG_LOW_INCOME,247,1980.0,247,1979.9999999999982
95,WEAgent0,FEMALE_YOUNG_LOW_INCOME,247,1980.0,581,1979.7055870445429
95,WEAgent3,MALE_HIGH_INCOME,165,1325.0,740,532.8000000000101
95,WFAgent0,MALE_OLD,325,2603.0,0,0.0
95,WFAgent1,MALE_YOUNG_HIGH_INCOME,64,517.0,64,513.9393939393931
95,WFAgent2,FEMALE_HIGH_INCOME,82,663.0,401,288.7200000000009
95,WFAgent3,MALE_YOUNG_HIGH_INCOME,64,517.0,493,354.9600000000034
96,WEAgent1,MALE_HIGH_INCOME,165,1325.0,579,416.88000000000574
96,WEAgent2,MALE_OLD_LOW_INCOME,224,1795.0,1648,1186.5600000000347
96,WEAgent0,FEMALE_OLD_LOW_INCOME,300,2401.0,2356,1696.320000000054
96,WEAgent3,FEMALE_YOUNG_LOW_INCOME,247,1980.0,247,1979.9999999999982
96,WFAgent0,YOUNG_LOW_INCOME,477,3816.0,836,601.9200000000127
96,WFAgent1,MALE_OLD_LOW_INCOME,224,1795.0,223,1786.9866071428617
96,WFAgent2,MALE_OLD_HIGH_INCOME,101,808.0,835,601.2000000000127
96,WFAgent3,FEMALE_YOUNG_LOW_INCOME,247,1980.0,814,1979.6531174089225
97,WEAgent1,MALE_LOW_INCOME,453,3631.0,1596,2454.637321428485
97,WEAgent2,FEMALE_YOUNG_LOW_INCOME,247,1980.0,439,1979.6123076923118
97,WEAgent0,MALE_OLD_LOW_INCOME,224,1795.0,223,1786.9866071428617
97,WEAgent3,MALE_OLD_HIGH_INCOME,101,808.0,794,571.6800000000115
97,WFAgent0,FEMALE_OLD_LOW_INCOME,300,2401.0,2440,1756.8000000000563
97,WFAgent1,FEMALE_HIGH_INCOME,82,663.0,412,296.6400000000012
97,WFAgent2,FEMALE_YOUNG_LOW_INCOME,247,1980.0,247,1979.9999999999982
97,WFAgent3,MALE_HIGH_INCOME,165,1325.0,523,376.5600000000042
98,WEAgent1,MALE_LOW_INCOME,453,3631.0,1852,1333.4400000000403
98,WEAgent2,MALE_YOUNG_LOW_INCOME,229,1836.0,229,1835.5386313465742
98,WEAgent0,MALE_YOUNG,294,2353.0,497,357.8400000000035
98,WEAgent3,OLD_HIGH_INCOME,151,1215.0,239,172.07999999999979
98,WFAgent0,OLD_HIGH_INCOME,151,1215.0,151,1208.0
98,WFAgent1,MALE_LOW_INCOME,453,3631.0,1545,1112.400000000032
98,WFAgent2,MALE_OLD_LOW_INCOME,224,1795.0,0,0.0
98,WFAgent3,MALE_OLD_HIGH_INCOME,101,808.0,823,592.5600000000123
99,WEAgent1,YOUNG_LOW_INCOME,477,3816.0,477,3816.0
99,WEAgent2,YOUNG_LOW_INCOME,477,3816.0,689,3815.7599999999534
99,WEAgent0,MALE_YOUNG_HIGH_INCOME,64,517.0,531,382.3200000000044
99,WEAgent3,MALE_YOUNG_LOW_INCOME,229,1836.0,229,1832.0
99,WFAgent0,FEMALE_YOUNG,279,2236.0,2277,1639.440000000052
99,WFAgent1,YOUNG_HIGH_INCOME,96,773.0,0,0.0
99,WFAgent2,FEMALE_OLD,351,2808.0,2357,1697.040000000054
99,WFAgent3,FEMALE_HIGH_INCOME,82,663.0,406,292.320000000001

