0,WEAgent1,MALE_OLD,195,2603.0,697,0.0
0,WFAgent6,MALE_OLD_HIGH_INCOME,60,808.0,59,794.5333333333334
0,WEAgent2,FEMALE_OLD_HIGH_INCOME,30,407.0,382,0.0
0,WEAgent0,MALE_YOUNG_HIGH_INCOME,38,517.0,542,0.0
0,WFAgent0,FEMALE_YOUNG_LOW_INCOME,148,1980.0,2006,0.0
0,WFAgent1,MALE_OLD,195,2603.0,1762,0.0
0,WFAgent2,MALE_LOW_INCOME,272,3631.0,1882,0.0
0,WFAgent3,FEMALE_OLD,210,2808.0,0,0.0
0,WFAgent4,MALE_OLD_HIGH_INCOME,60,808.0,60,807.4102564102566
0,WFAgent5,MALE_YOUNG_HIGH_INCOME,38,517.0,0,0.0
1,WEAgent1,FEMALE_LOW_INCOME,328,4381.0,1975,0.0
1,WFAgent6,FEMALE_OLD,210,2808.0,2644,2779.2649261566426
1,WEAgent2,FEMALE_YOUNG_HIGH_INCOME,19,256.0,237,215.57894736842098
1,WEAgent0,OLD_LOW_INCOME,314,4196.0,314,4191.497435897424
1,WFAgent0,MALE_YOUNG,176,2353.0,488,0.0
1,WFAgent1,MALE_OLD,195,2603.0,0,0.0
1,WFAgent2,OLD_HIGH_INCOME,91,1215.0,771,0.0
1,WFAgent3,OLD_LOW_INCOME,314,4196.0,1436,0.0
1,WFAgent4,FEMALE_OLD,210,2808.0,210,2805.7970882620534
1,WFAgent5,FEMALE_YOUNG_HIGH_INCOME,19,256.0,19,255.9999999999999
2,WEAgent1,MALE_OLD,195,2603.0,604,1348.2205128205126
2,WFAgent6,MALE_OLD,195,2603.0,1831,0.0
2,WEAgent2,MALE_HIGH_INCOME,99,1325.0,99,1321.5230769230768
2,WEAgent0,YOUNG_HIGH_INCOME,57,773.0,182,0.0
2,WFAgent0,MALE_YOUNG_HIGH_INCOME,38,517.0,531,0.0
2,WFAgent1,MALE_OLD_HIGH_INCOME,60,808.0,60,800.9230769230777
2,WFAgent2,OLD_HIGH_INCOME,91,1215.0,389,0.0
2,WFAgent3,FEMALE_YOUNG,167,2236.0,0,0.0
2,WFAgent4,FEMALE_YOUNG_LOW_INCOME,148,1980.0,1943,0.0
2,WFAgent5,YOUNG_HIGH_INCOME,57,773.0,57,762.5675675675669
3,WEAgent1,FEMALE_OLD,210,2808.0,427,0.0
3,WFAgent6,FEMALE_HIGH_INCOME,49,663.0,200,0.0
3,WEAgent2,OLD_LOW_INCOME,314,4196.0,1830,0.0
3,WEAgent0,YOUNG_HIGH_INCOME,57,773.0,57,771.2448979591834
3,WFAgent0,YOUNG_LOW_INCOME,286,3816.0,1968,0.0
3,WFAgent1,MALE_YOUNG_LOW_INCOME,137,1836.0,137,1827.9440559440534
3,WFAgent2,FEMALE_OLD_LOW_INCOME,180,2401.0,2376,0.0
3,WFAgent3,FEMALE_HIGH_INCOME,49,663.0,0,0.0
3,WFAgent4,MALE_OLD_HIGH_INCOME,60,808.0,827,0.0
3,WFAgent5,MALE_YOUNG_LOW_INCOME,137,1836.0,1714,0.0
4,WEAgent1,YOUNG_LOW_INCOME,286,3816.0,1801,0.0
4,WFAgent6,MALE_HIGH_INCOME,99,1325.0,499,0.0
4,WEAgent2,OLD_LOW_INCOME,314,4196.0,1776,0.0
4,WEAgent0,FEMALE_OLD,210,2808.0,166,0.0
4,WFAgent0,FEMALE_OLD_HIGH_INCOME,30,407.0,30,401.14285714285705
4,WFAgent1,MALE_OLD,195,2603.0,0,0.0
4,WFAgent2,FEMALE_YOUNG,167,2236.0,247,0.0
4,WFAgent3,YOUNG_LOW_INCOME,286,3816.0,2041,0.0
4,WFAgent4,FEMALE_OLD_LOW_INCOME,180,2401.0,2439,0.0
4,WFAgent5,FEMALE_OLD,210,2808.0,210,2801.947619047627
5,WEAgent1,FEMALE_YOUNG_LOW_INCOME,148,1980.0,148,1974.7132867132834
5,WFAgent6,MALE_YOUNG,176,2353.0,506,0.0
5,WEAgent2,YOUNG_LOW_INCOME,286,3816.0,1737,1894.6573426573398
5,WEAgent0,MALE_YOUNG_LOW_INCOME,137,1836.0,137,1827.9440559440534
5,WFAgent0,FEMALE_HIGH_INCOME,49,663.0,221,0.0
5,WFAgent1,MALE_OLD_HIGH_INCOME,60,808.0,0,0.0
5,WFAgent2,MALE_LOW_INCOME,272,3631.0,1744,0.0
5,WFAgent3,FEMALE_OLD_HIGH_INCOME,30,407.0,398,0.0
5,WFAgent4,FEMALE_YOUNG_LOW_INCOME,148,1980.0,1905,0.0
5,WFAgent5,MALE_OLD_HIGH_INCOME,60,808.0,817,0.0
6,WEAgent1,OLD_LOW_INCOME,314,4196.0,1793,0.0
6,WFAgent6,OLD_LOW_INCOME,314,4196.0,0,0.0
6,WEAgent2,FEMALE_YOUNG,167,2236.0,273,0.0
6,WEAgent0,YOUNG_LOW_INCOME,286,3816.0,1632,1707.860139860138
6,WFAgent0,MALE_OLD_HIGH_INCOME,60,808.0,830,0.0
6,WFAgent1,YOUNG_HIGH_INCOME,57,773.0,503,0.0
6,WFAgent2,FEMALE_OLD_HIGH_INCOME,30,407.0,380,0.0
6,WFAgent3,MALE_YOUNG_LOW_INCOME,137,1836.0,137,1827.9440559440534
6,WFAgent4,FEMALE_OLD_LOW_INCOME,180,2401.0,2420,0.0
6,WFAgent5,FEMALE_HIGH_INCOME,49,663.0,0,0.0
7,WEAgent1,FEMALE_LOW_INCOME,328,4381.0,328,4376.391608391603
7,WFAgent6,FEMALE_OLD_HIGH_INCOME,30,407.0,380,0.0
7,WEAgent2,FEMALE_LOW_INCOME,328,4381.0,811,4096.1958041957905
7,WEAgent0,FEMALE_HIGH_INCOME,49,663.0,188,0.0
7,WFAgent0,YOUNG_LOW_INCOME,286,3816.0,286,3815.9999999999877
7,WFAgent1,FEMALE_HIGH_INCOME,49,663.0,49,662.9999999999998
7,WFAgent2,YOUNG_LOW_INCOME,286,3816.0,286,3815.9999999999877
7,WFAgent3,MALE_LOW_INCOME,272,3631.0,1844,0.0
7,WFAgent4,YOUNG_LOW_INCOME,286,3816.0,286,3815.9999999999877
7,WFAgent5,MALE_HIGH_INCOME,99,1325.0,493,0.0
8,WEAgent1,MALE_OLD_LOW_INCOME,134,1795.0,134,1794.9999999999936
8,WFAgent6,MALE_YOUNG_LOW_INCOME,137,1836.0,849,0.0
8,WEAgent2,FEMALE_YOUNG_HIGH_INCOME,19,256.0,19,254.39520958083847
8,WEAgent0,FEMALE_YOUNG,167,2236.0,245,147.28143712574854
8,WFAgent0,MALE_YOUNG_HIGH_INCOME,38,517.0,544,0.0
8,WFAgent1,MALE_OLD,195,2603.0,0,0.0
8,WFAgent2,MALE_YOUNG_LOW_INCOME,137,1836.0,921,0.0
8,WFAgent3,MALE_OLD_LOW_INCOME,134,1795.0,134,1794.438346727893
8,WFAgent4,MALE_OLD,195,2603.0,1339,2456.1641025640965
8,WFAgent5,MALE_OLD,195,2603.0,195,2602.999999999993
9,WEAgent1,MALE_OLD_HIGH_INCOME,60,808.0,60,801.0989010989011
9,WFAgent6,YOUNG_HIGH_INCOME,57,773.0,521,0.0
9,WEAgent2,FEMALE_OLD_LOW_INCOME,180,2401.0,2419,0.0
9,WEAgent0,FEMALE_YOUNG_HIGH_INCOME,19,256.0,159,0.0
9,WFAgent0,MALE_OLD_HIGH_INCOME,60,808.0,758,0.0
9,WFAgent1,OLD_HIGH_INCOME,91,1215.0,0,0.0
9,WFAgent2,FEMALE_HIGH_INCOME,49,663.0,49,661.9262166405022
9,WFAgent3,FEMALE_HIGH_INCOME,49,663.0,49,662.9999999999998
9,WFAgent4,OLD_HIGH_INCOME,91,1215.0,0,0.0
9,WFAgent5,FEMALE_OLD_HIGH_INCOME,30,407.0,409,0.0
10,WEAgent1,YOUNG_HIGH_INCOME,57,773.0,226,0.0
10,WFAgent6,MALE_LOW_INCOME,272,3631.0,1793,0.0
10,WEAgent2,MALE_OLD_HIGH_INCOME,60,808.0,773,0.0
10,WEAgent0,MALE_YOUNG_LOW_INCOME,137,1836.0,137,1835.9999999999952
10,WFAgent0,OLD_HIGH_INCOME,91,1215.0,394,0.0
10,WFAgent1,FEMALE_YOUNG_LOW_INCOME,148,1980.0,1970,0.0
10,WFAgent2,FEMALE_HIGH_INCOME,49,663.0,0,0.0
10,WFAgent3,MALE_YOUNG_LOW_INCOME,137,1836.0,1742,1795.7956204379516
10,WFAgent4,FEMALE_LOW_INCOME,328,4381.0,0,0.0
10,WFAgent5,FEMALE_OLD_LOW_INCOME,180,2401.0,2455,0.0
11,WEAgent1,MALE_YOUNG_HIGH_INCOME,38,517.0,38,515.3333333333335
11,WFAgent6,FEMALE_HIGH_INCOME,49,663.0,0,0.0
11,WEAgent2,YOUNG_HIGH_INCOME,57,773.0,227,0.0
11,WEAgent0,MALE_OLD_HIGH_INCOME,60,808.0,802,0.0
11,WFAgent0,FEMALE_LOW_INCOME,328,4381.0,1905,0.0
11,WFAgent1,FEMALE_OLD_LOW_INCOME,180,2401.0,2425,0.0
11,WFAgent2,MALE_YOUNG_HIGH_INCOME,38,517.0,507,0.0
11,WFAgent3,FEMALE_OLD_HIGH_INCOME,30,407.0,353,0.0
11,WFAgent4,FEMALE_OLD_HIGH_INCOME,30,407.0,30,405.9183673469386
11,WFAgent5,FEMALE_HIGH_INCOME,49,663.0,49,662.9999999999998
12,WEAgent1,YOUNG_HIGH_INCOME,57,773.0,57,763.1856287425156
12,WFAgent6,OLD_HIGH_INCOME,91,1215.0,352,373.84615384615387
12,WEAgent2,FEMALE_OLD_HIGH_INCOME,30,407.0,30,400.54945054945057
12,WEAgent0,FEMALE_YOUNG,167,2236.0,186,937.2455089820368
12,WFAgent0,MALE_YOUNG_LOW_INCOME,137,1836.0,1832,0.0
12,WFAgent1,FEMALE_OLD_HIGH_INCOME,30,407.0,30,400.54945054945057
12,WFAgent2,FEMALE_OLD_LOW_INCOME,180,2401.0,2396,0.0
12,WFAgent3,OLD_HIGH_INCOME,91,1215.0,0,0.0
12,WFAgent4,MALE_OLD_HIGH_INCOME,60,808.0,858,0.0
12,WFAgent5,MALE_LOW_INCOME,272,3631.0,1747,0.0
13,WEAgent1,MALE_YOUNG_HIGH_INCOME,38,517.0,38,508.03409090909105
13,WFAgent6,MALE_LOW_INCOME,272,3631.0,0,0.0
13,WEAgent2,MALE_YOUNG,176,2353.0,477,414.44886363636374
13,WEAgent0,FEMALE_HIGH_INCOME,49,663.0,247,0.0
13,WFAgent0,MALE_OLD_LOW_INCOME,134,1795.0,1827,0.0
13,WFAgent1,FEMALE_YOUNG_HIGH_INCOME,19,256.0,0,0.0
13,WFAgent2,MALE_HIGH_INCOME,99,1325.0,749,0.0
13,WFAgent3,MALE_OLD_HIGH_INCOME,60,808.0,60,801.0989010989011
13,WFAgent4,FEMALE_OLD_LOW_INCOME,180,2401.0,2357,0.0
13,WFAgent5,OLD_HIGH_INCOME,91,1215.0,377,0.0
14,WEAgent1,MALE_OLD,195,2603.0,743,0.0
14,WFAgent6,FEMALE_OLD_LOW_INCOME,180,2401.0,0,0.0
14,WEAgent2,MALE_LOW_INCOME,272,3631.0,1864,0.0
14,WEAgent0,FEMALE_YOUNG_LOW_INCOME,148,1980.0,1980,0.0
14,WFAgent0,OLD_LOW_INCOME,314,4196.0,314,4188.411111111123
14,WFAgent1,OLD_HIGH_INCOME,91,1215.0,410,0.0
14,WFAgent2,FEMALE_YOUNG_HIGH_INCOME,19,256.0,242,0.0
14,WFAgent3,OLD_LOW_INCOME,314,4196.0,2063,0.0
14,WFAgent4,MALE_OLD_HIGH_INCOME,60,808.0,60,800.3333333333328
14,WFAgent5,MALE_YOUNG_LOW_INCOME,137,1836.0,1820,0.0
15,WEAgent1,MALE_YOUNG_HIGH_INCOME,38,517.0,38,508.5858585858589
15,WFAgent6,MALE_YOUNG_LOW_INCOME,137,1836.0,137,1828.8492647058863
15,WEAgent2,FEMALE_LOW_INCOME,328,4381.0,1968,0.0
15,WEAgent0,MALE_HIGH_INCOME,99,1325.0,412,695.9595959595956
15,WFAgent0,MALE_YOUNG_HIGH_INCOME,38,517.0,38,508.5858585858589
15,WFAgent1,MALE_HIGH_INCOME,99,1325.0,0,0.0
15,WFAgent2,MALE_YOUNG_LOW_INCOME,137,1836.0,1725,1548.5147058823552
15,WFAgent3,MALE_LOW_INCOME,272,3631.0,1794,0.0
15,WFAgent4,FEMALE_HIGH_INCOME,49,663.0,247,0.0
15,WFAgent5,FEMALE_OLD,210,2808.0,374,0.0
16,WEAgent1,FEMALE_YOUNG,167,2236.0,241,0.0
16,WFAgent6,FEMALE_LOW_INCOME,328,4381.0,2350,0.0
16,WEAgent2,MALE_LOW_INCOME,272,3631.0,271,3617.650735294132
16,WEAgent0,OLD_HIGH_INCOME,91,1215.0,440,0.0
16,WFAgent0,MALE_YOUNG_HIGH_INCOME,38,517.0,38,508.03409090909105
16,WFAgent1,OLD_LOW_INCOME,314,4196.0,314,4191.669117647073
16,WFAgent2,OLD_LOW_INCOME,314,4196.0,1134,4151.621323529427
16,WFAgent3,MALE_OLD_LOW_INCOME,134,1795.0,134,1788.801470588239
16,WFAgent4,MALE_YOUNG,176,2353.0,312,2246.045454545455
16,WFAgent5,MALE_YOUNG,176,2353.0,176,2352.999999999999
17,WEAgent1,MALE_LOW_INCOME,272,3631.0,272,3629.202797202786
17,WFAgent6,YOUNG_LOW_INCOME,286,3816.0,1983,0.0
17,WEAgent2,YOUNG_LOW_INCOME,286,3816.0,1436,3722.601398601387
17,WEAgent0,MALE_YOUNG_HIGH_INCOME,38,517.0,38,517.0
17,WFAgent0,MALE_YOUNG_HIGH_INCOME,38,517.0,467,299.3157894736842
17,WFAgent1,YOUNG_HIGH_INCOME,57,773.0,0,0.0
17,WFAgent2,FEMALE_OLD,210,2808.0,2381,0.0
17,WFAgent3,FEMALE_OLD,210,2808.0,433,0.0
17,WFAgent4,MALE_YOUNG_LOW_INCOME,137,1836.0,137,1827.9440559440534
17,WFAgent5,FEMALE_YOUNG_HIGH_INCOME,19,256.0,228,0.0
18,WEAgent1,FEMALE_HIGH_INCOME,49,663.0,145,0.0
18,WFAgent6,FEMALE_OLD_LOW_INCOME,180,2401.0,0,0.0
18,WEAgent2,OLD_LOW_INCOME,314,4196.0,1752,0.0
18,WEAgent0,OLD_HIGH_INCOME,91,1215.0,397,0.0
18,WFAgent0,FEMALE_HIGH_INCOME,49,663.0,49,660.2105263157895
18,WFAgent1,FEMALE_YOUNG_HIGH_INCOME,19,256.0,19,253.43888888888898
18,WFAgent2,YOUNG_LOW_INCOME,286,3816.0,1968,0.0
18,WFAgent3,FEMALE_YOUNG,167,2236.0,0,0.0
18,WFAgent4,FEMALE_YOUNG_HIGH_INCOME,19,256.0,19,254.3952095808384
18,WFAgent5,FEMALE_LOW_INCOME,328,4381.0,2487,0.0
19,WEAgent1,MALE_YOUNG_HIGH_INCOME,38,517.0,38,508.03409090909105
19,WFAgent6,MALE_OLD_HIGH_INCOME,60,808.0,761,0.0
19,WEAgent2,FEMALE_LOW_INCOME,328,4381.0,1992,0.0
19,WEAgent0,MALE_YOUNG,176,2353.0,390,401.07954545454555
19,WFAgent0,MALE_YOUNG_HIGH_INCOME,38,517.0,38,508.03409090909105
19,WFAgent1,OLD_LOW_INCOME,314,4196.0,314,4194.006097560948
19,WFAgent2,MALE_OLD_HIGH_INCOME,60,808.0,60,801.0989010989011
19,WFAgent3,FEMALE_LOW_INCOME,328,4381.0,2117,0.0
19,WFAgent4,OLD_LOW_INCOME,314,4196.0,1822,0.0
19,WFAgent5,OLD_HIGH_INCOME,91,1215.0,396,0.0
20,WEAgent1,MALE_YOUNG,176,2353.0,291,1804.8579545454563
20,WFAgent6,MALE_YOUNG,176,2353.0,176,2352.999999999999
20,WEAgent2,FEMALE_YOUNG_HIGH_INCOME,19,256.0,19,253.62564102564116
20,WEAgent0,FEMALE_HIGH_INCOME,49,663.0,233,226.92820512820524
20,WFAgent0,MALE_OLD,195,2603.0,1785,0.0
20,WFAgent1,OLD_HIGH_INCOME,91,1215.0,427,0.0
20,WFAgent2,MALE_YOUNG,176,2353.0,1928,0.0
20,WFAgent3,MALE_YOUNG_HIGH_INCOME,38,517.0,38,508.03409090909105
20,WFAgent4,FEMALE_YOUNG_HIGH_INCOME,19,256.0,0,0.0
20,WFAgent5,MALE_LOW_INCOME,272,3631.0,0,0.0
21,WEAgent1,FEMALE_OLD_LOW_INCOME,180,2401.0,179,2387.661111111117
21,WFAgent6,FEMALE_HIGH_INCOME,49,663.0,260,0.0
21,WEAgent2,YOUNG_LOW_INCOME,286,3816.0,2009,0.0
21,WEAgent0,OLD_HIGH_INCOME,91,1215.0,165,0.0
21,WFAgent0,FEMALE_LOW_INCOME,328,4381.0,2228,2294.2888888888942
21,WFAgent1,FEMALE_OLD,210,2808.0,210,2801.1666666666747
21,WFAgent2,MALE_YOUNG_HIGH_INCOME,38,517.0,485,0.0
21,WFAgent3,MALE_YOUNG_LOW_INCOME,137,1836.0,1864,0.0
21,WFAgent4,YOUNG_HIGH_INCOME,57,773.0,0,0.0
21,WFAgent5,MALE_OLD_LOW_INCOME,134,1795.0,1782,0.0
22,WEAgent1,FEMALE_OLD_LOW_INCOME,180,2401.0,2363,0.0
22,WFAgent6,FEMALE_LOW_INCOME,328,4381.0,0,0.0
22,WEAgent2,FEMALE_YOUNG_HIGH_INCOME,19,256.0,214,0.0
22,WEAgent0,MALE_HIGH_INCOME,99,1325.0,533,0.0
22,WFAgent0,OLD_HIGH_INCOME,91,1215.0,0,0.0
22,WFAgent1,MALE_LOW_INCOME,272,3631.0,1840,0.0
22,WFAgent2,MALE_OLD_HIGH_INCOME,60,808.0,808,0.0
22,WFAgent3,FEMALE_YOUNG_LOW_INCOME,148,1980.0,2023,0.0
22,WFAgent4,OLD_HIGH_INCOME,91,1215.0,379,560.7692307692308
22,WFAgent5,FEMALE_HIGH_INCOME,49,663.0,49,654.2307692307693
23,WEAgent1,FEMALE_LOW_INCOME,328,4381.0,1875,1961.3706293706261
23,WFAgent6,FEMALE_YOUNG,167,2236.0,263,0.0
23,WEAgent2,MALE_OLD_HIGH_INCOME,60,808.0,812,0.0
23,WEAgent0,FEMALE_YOUNG_LOW_INCOME,148,1980.0,148,1974.7132867132834
23,WFAgent0,OLD_HIGH_INCOME,91,1215.0,401,0.0
23,WFAgent1,YOUNG_LOW_INCOME,286,3816.0,0,0.0
23,WFAgent2,MALE_LOW_INCOME,272,3631.0,0,0.0
23,WFAgent3,OLD_LOW_INCOME,314,4196.0,1784,0.0
23,WFAgent4,MALE_HIGH_INCOME,99,1325.0,491,0.0
23,WFAgent5,FEMALE_LOW_INCOME,328,4381.0,2398,0.0
24,WEAgent1,OLD_LOW_INCOME,314,4196.0,1640,1830.7388535031878
24,WFAgent6,FEMALE_YOUNG_LOW_INCOME,148,1980.0,148,1979.999999999995
24,WEAgent2,MALE_OLD_LOW_INCOME,134,1795.0,134,1790.6496815286653
24,WEAgent0,MALE_OLD_HIGH_INCOME,60,808.0,880,0.0
24,WFAgent0,MALE_YOUNG_LOW_INCOME,137,1836.0,1871,0.0
24,WFAgent1,MALE_HIGH_INCOME,99,1325.0,99,1324.9999999999975
24,WFAgent2,MALE_OLD,195,2603.0,0,0.0
24,WFAgent3,FEMALE_YOUNG_LOW_INCOME,148,1980.0,1772,1779.32432432432
24,WFAgent4,YOUNG_HIGH_INCOME,57,773.0,243,0.0
24,WFAgent5,MALE_HIGH_INCOME,99,1325.0,403,1324.9999999999975
25,WEAgent1,OLD_HIGH_INCOME,91,1215.0,299,547.4175824175825
25,WFAgent6,MALE_OLD_HIGH_INCOME,60,808.0,804,0.0
25,WEAgent2,FEMALE_OLD_HIGH_INCOME,30,407.0,30,400.54945054945057
25,WEAgent0,FEMALE_OLD_HIGH_INCOME,30,407.0,30,400.54945054945057
25,WFAgent0,OLD_LOW_INCOME,314,4196.0,2322,0.0
25,WFAgent1,FEMALE_HIGH_INCOME,49,663.0,49,654.2307692307693
25,WFAgent2,YOUNG_LOW_INCOME,286,3816.0,0,0.0
25,WFAgent3,FEMALE_YOUNG_HIGH_INCOME,19,256.0,238,0.0
25,WFAgent4,MALE_YOUNG,176,2353.0,509,0.0
25,WFAgent5,FEMALE_YOUNG_LOW_INCOME,148,1980.0,2048,0.0
26,WEAgent1,FEMALE_OLD_HIGH_INCOME,30,407.0,431,0.0
26,WFAgent6,OLD_HIGH_INCOME,91,1215.0,0,0.0
26,WEAgent2,MALE_OLD_LOW_INCOME,134,1795.0,1775,0.0
26,WEAgent0,MALE_YOUNG_HIGH_INCOME,38,517.0,512,0.0
26,WFAgent0,FEMALE_OLD_LOW_INCOME,180,2401.0,0,0.0
26,WFAgent1,FEMALE_YOUNG_LOW_INCOME,148,1980.0,1984,0.0
26,WFAgent2,YOUNG_HIGH_INCOME,57,773.0,268,0.0
26,WFAgent3,FEMALE_LOW_INCOME,328,4381.0,0,0.0
26,WFAgent4,FEMALE_OLD_LOW_INCOME,180,2401.0,2373,0.0
26,WFAgent5,MALE_HIGH_INCOME,99,1325.0,0,0.0
27,WEAgent1,MALE_LOW_INCOME,272,3631.0,271,3617.650735294132
27,WFAgent6,FEMALE_OLD_HIGH_INCOME,30,407.0,30,400.1666666666669
27,WEAgent2,FEMALE_OLD_LOW_INCOME,180,2401.0,2409,0.0
27,WEAgent0,FEMALE_OLD,210,2808.0,362,0.0
27,WFAgent0,MALE_LOW_INCOME,272,3631.0,1557,3043.6323529411875
27,WFAgent1,FEMALE_LOW_INCOME,328,4381.0,1967,0.0
27,WFAgent2,FEMALE_OLD_LOW_INCOME,180,2401.0,0,0.0
27,WFAgent3,MALE_YOUNG_LOW_INCOME,137,1836.0,1838,0.0
27,WFAgent4,MALE_OLD_HIGH_INCOME,60,808.0,807,0.0
27,WFAgent5,MALE_HIGH_INCOME,99,1325.0,497,0.0
28,WEAgent1,FEMALE_YOUNG,167,2236.0,246,0.0
28,WFAgent6,OLD_HIGH_INCOME,91,1215.0,423,0.0
28,WEAgent2,FEMALE_YOUNG_LOW_INCOME,148,1980.0,1959,0.0
28,WEAgent0,MALE_OLD_HIGH_INCOME,60,808.0,60,801.0989010989011
28,WFAgent0,FEMALE_OLD,210,2808.0,2423,0.0
28,WFAgent1,OLD_HIGH_INCOME,91,1215.0,0,0.0
28,WFAgent2,MALE_YOUNG,176,2353.0,0,0.0
28,WFAgent3,YOUNG_HIGH_INCOME,57,773.0,469,0.0
28,WFAgent4,MALE_YOUNG_HIGH_INCOME,38,517.0,38,508.5858585858589
28,WFAgent5,MALE_HIGH_INCOME,99,1325.0,733,0.0
29,WEAgent1,YOUNG_LOW_INCOME,286,3816.0,1855,0.0
29,WFAgent6,FEMALE_OLD,210,2808.0,2398,0.0
29,WEAgent2,MALE_HIGH_INCOME,99,1325.0,394,1294.2377622377624
29,WEAgent0,MALE_HIGH_INCOME,99,1325.0,99,1320.923076923077
29,WFAgent0,MALE_YOUNG_HIGH_INCOME,38,517.0,38,507.02097902097876
29,WFAgent1,MALE_OLD,195,2603.0,1747,0.0
29,WFAgent2,FEMALE_OLD,210,2808.0,210,2781.2571428571514
29,WFAgent3,FEMALE_OLD,210,2808.0,209,2794.62857142858
29,WFAgent4,FEMALE_YOUNG_HIGH_INCOME,19,256.0,241,0.0
29,WFAgent5,MALE_YOUNG,176,2353.0,0,0.0
30,WEAgent1,FEMALE_HIGH_INCOME,49,663.0,401,0.0
30,WFAgent6,YOUNG_LOW_INCOME,286,3816.0,0,0.0
30,WEAgent2,MALE_OLD,195,2603.0,819,0.0
30,WEAgent0,FEMALE_YOUNG_HIGH_INCOME,19,256.0,0,0.0
30,WFAgent0,FEMALE_YOUNG,167,2236.0,1982,0.0
30,WFAgent1,MALE_YOUNG,176,2353.0,0,0.0
30,WFAgent2,FEMALE_YOUNG,167,2236.0,230,0.0
30,WFAgent3,MALE_OLD_LOW_INCOME,134,1795.0,1769,0.0
30,WFAgent4,YOUNG_HIGH_INCOME,57,773.0,520,0.0
30,WFAgent5,MALE_YOUNG_LOW_INCOME,137,1836.0,1873,0.0
31,WEAgent1,MALE_YOUNG_LOW_INCOME,137,1836.0,1903,0.0
31,WFAgent6,MALE_LOW_INCOME,272,3631.0,1765,0.0
31,WEAgent2,FEMALE_YOUNG_HIGH_INCOME,19,256.0,19,254.1891891891893
31,WEAgent0,FEMALE_YOUNG,167,2236.0,254,160.5405405405406
31,WFAgent0,FEMALE_YOUNG_LOW_INCOME,148,1980.0,148,1974.7132867132834
31,WFAgent1,YOUNG_LOW_INCOME,286,3816.0,1517,1747.8881118881097
31,WFAgent2,YOUNG_LOW_INCOME,286,3816.0,0,0.0
31,WFAgent3,FEMALE_YOUNG_LOW_INCOME,148,1980.0,148,1979.8213948213897
31,WFAgent4,OLD_LOW_INCOME,314,4196.0,2363,0.0
31,WFAgent5,FEMALE_YOUNG_LOW_INCOME,148,1980.0,148,1979.999999999995
32,WEAgent1,FEMALE_YOUNG_LOW_INCOME,148,1980.0,148,1974.7132867132834
32,WFAgent6,MALE_YOUNG,176,2353.0,503,0.0
32,WEAgent2,OLD_LOW_INCOME,314,4196.0,1788,0.0
32,WEAgent0,YOUNG_HIGH_INCOME,57,773.0,258,0.0
32,WFAgent0,FEMALE_YOUNG_LOW_INCOME,148,1980.0,1821,0.0
32,WFAgent1,OLD_HIGH_INCOME,91,1215.0,372,333.7912087912088
32,WFAgent2,FEMALE_YOUNG,167,2236.0,0,0.0
32,WFAgent3,OLD_HIGH_INCOME,91,1215.0,0,0.0
32,WFAgent4,FEMALE_OLD_HIGH_INCOME,30,407.0,30,400.54945054945057
32,WFAgent5,YOUNG_LOW_INCOME,286,3816.0,0,0.0
33,WEAgent1,FEMALE_OLD_HIGH_INCOME,30,407.0,378,0.0
33,WFAgent6,YOUNG_LOW_INCOME,286,3816.0,1986,0.0
33,WEAgent2,MALE_YOUNG_HIGH_INCOME,38,517.0,38,517.0
33,WEAgent0,MALE_YOUNG_HIGH_INCOME,38,517.0,495,489.7894736842106
33,WFAgent0,FEMALE_OLD_HIGH_INCOME,30,407.0,30,400.46153846153845
33,WFAgent1,MALE_OLD,195,2603.0,1819,0.0
33,WFAgent2,FEMALE_HIGH_INCOME,49,663.0,269,0.0
33,WFAgent3,FEMALE_OLD_LOW_INCOME,180,2401.0,2411,0.0
33,WFAgent4,OLD_HIGH_INCOME,91,1215.0,0,0.0
33,WFAgent5,FEMALE_OLD_LOW_INCOME,180,2401.0,0,0.0
34,WEAgent1,OLD_LOW_INCOME,314,4196.0,1569,3414.755555555567
34,WFAgent6,MALE_YOUNG,176,2353.0,0,0.0
34,WEAgent2,MALE_LOW_INCOME,272,3631.0,272,3628.17777777779
34,WEAgent0,FEMALE_LOW_INCOME,328,4381.0,1956,0.0
34,WFAgent0,FEMALE_YOUNG,167,2236.0,125,1673.65269461078
34,WFAgent1,FEMALE_OLD_LOW_INCOME,180,2401.0,2390,0.0
34,WFAgent2,MALE_YOUNG_HIGH_INCOME,38,517.0,510,0.0
34,WFAgent3,FEMALE_YOUNG,167,2236.0,128,1713.8203592814386
34,WFAgent4,MALE_OLD_HIGH_INCOME,60,808.0,824,0.0
34,WFAgent5,OLD_HIGH_INCOME,91,1215.0,393,0.0
35,WEAgent1,MALE_OLD,195,2603.0,691,0.0
35,WFAgent6,MALE_YOUNG,176,2353.0,517,0.0
35,WEAgent2,FEMALE_YOUNG_LOW_INCOME,148,1980.0,1989,0.0
35,WEAgent0,FEMALE_YOUNG,167,2236.0,259,0.0
35,WFAgent0,MALE_OLD_LOW_INCOME,134,1795.0,134,1788.7282051282025
35,WFAgent1,MALE_HIGH_INCOME,99,1325.0,99,1321.5230769230768
35,WFAgent2,OLD_HIGH_INCOME,91,1215.0,400,0.0
35,WFAgent3,FEMALE_OLD_LOW_INCOME,180,2401.0,2388,0.0
35,WFAgent4,MALE_OLD_LOW_INCOME,134,1795.0,134,1788.7282051282025
35,WFAgent5,MALE_OLD,195,2603.0,1535,1655.2410256410237
36,WEAgent1,OLD_HIGH_INCOME,91,1215.0,90,1201.6483516483531
36,WFAgent6,OLD_LOW_INCOME,314,4196.0,2417,0.0
36,WEAgent2,YOUNG_HIGH_INCOME,57,773.0,532,0.0
36,WEAgent0,FEMALE_YOUNG,167,2236.0,1440,2222.6107784431156
36,WFAgent0,FEMALE_YOUNG_HIGH_INCOME,19,256.0,19,254.3952095808384
36,WFAgent1,MALE_LOW_INCOME,272,3631.0,1806,0.0
36,WFAgent2,MALE_HIGH_INCOME,99,1325.0,0,0.0
36,WFAgent3,FEMALE_OLD_HIGH_INCOME,30,407.0,30,400.54945054945057
36,WFAgent4,FEMALE_OLD,210,2808.0,302,1348.5164835164862
36,WFAgent5,FEMALE_YOUNG,167,2236.0,62,174.05988023952096
37,WEAgent1,FEMALE_HIGH_INCOME,49,663.0,49,654.4786585365857
37,WFAgent6,MALE_LOW_INCOME,272,3631.0,883,0.0
37,WEAgent2,FEMALE_YOUNG,167,2236.0,203,534.268292682927
37,WEAgent0,MALE_HIGH_INCOME,99,1325.0,498,0.0
37,WFAgent0,FEMALE_LOW_INCOME,328,4381.0,2092,3993.6554878048496
37,WFAgent1,FEMALE_OLD,210,2808.0,423,0.0
37,WFAgent2,MALE_YOUNG,176,2353.0,0,0.0
37,WFAgent3,MALE_LOW_INCOME,272,3631.0,845,0.0
37,WFAgent4,MALE_YOUNG_HIGH_INCOME,38,517.0,38,508.03409090909105
37,WFAgent5,FEMALE_LOW_INCOME,328,4381.0,328,4380.999999999975
38,WEAgent1,MALE_YOUNG_HIGH_INCOME,38,517.0,461,440.3076923076921
38,WFAgent6,MALE_YOUNG,176,2353.0,0,0.0
38,WEAgent2,YOUNG_HIGH_INCOME,57,773.0,157,0.0
38,WEAgent0,MALE_YOUNG_HIGH_INCOME,38,517.0,38,507.02097902097876
38,WFAgent0,MALE_OLD_LOW_INCOME,134,1795.0,1772,0.0
38,WFAgent1,YOUNG_HIGH_INCOME,57,773.0,57,760.5314685314692
38,WFAgent2,OLD_HIGH_INCOME,91,1215.0,444,0.0
38,WFAgent3,FEMALE_OLD,210,2808.0,2441,0.0
38,WFAgent4,FEMALE_YOUNG_HIGH_INCOME,19,256.0,0,0.0
38,WFAgent5,YOUNG_LOW_INCOME,286,3816.0,1928,0.0
39,WEAgent1,FEMALE_YOUNG_HIGH_INCOME,19,256.0,260,214.05405405405415
39,WFAgent6,MALE_LOW_INCOME,272,3631.0,1813,0.0
39,WEAgent2,FEMALE_YOUNG_HIGH_INCOME,19,256.0,19,254.1891891891893
39,WEAgent0,MALE_OLD_HIGH_INCOME,60,808.0,842,0.0
39,WFAgent0,OLD_LOW_INCOME,314,4196.0,2075,4182.636942675142
39,WFAgent1,OLD_LOW_INCOME,314,4196.0,314,4195.999999999983
39,WFAgent2,FEMALE_YOUNG_LOW_INCOME,148,1980.0,1981,0.0
39,WFAgent3,FEMALE_HIGH_INCOME,49,663.0,402,0.0
39,WFAgent4,FEMALE_YOUNG,167,2236.0,0,0.0
39,WFAgent5,MALE_OLD,195,2603.0,1763,0.0
40,WEAgent1,FEMALE_OLD_LOW_INCOME,180,2401.0,179,2387.661111111117
40,WFAgent6,OLD_HIGH_INCOME,91,1215.0,90,1201.6483516483531
40,WEAgent2,FEMALE_HIGH_INCOME,49,663.0,524,0.0
40,WEAgent0,FEMALE_YOUNG_LOW_INCOME,148,1980.0,1991,0.0
40,WFAgent0,FEMALE_YOUNG_LOW_INCOME,148,1980.0,0,0.0
40,WFAgent1,OLD_HIGH_INCOME,91,1215.0,91,1214.910683760685
40,WFAgent2,FEMALE_OLD,210,2808.0,2239,2787.8277777777857
40,WFAgent3,MALE_OLD_LOW_INCOME,134,1795.0,1773,0.0
40,WFAgent4,MALE_OLD_HIGH_INCOME,60,808.0,778,0.0
40,WFAgent5,FEMALE_YOUNG_HIGH_INCOME,19,256.0,0,0.0
41,WEAgent1,MALE_YOUNG_LOW_INCOME,137,1836.0,1705,1822.5985401459807
41,WFAgent6,FEMALE_YOUNG_LOW_INCOME,148,1980.0,0,0.0
41,WEAgent2,OLD_HIGH_INCOME,91,1215.0,370,387.1978021978022
41,WEAgent0,FEMALE_YOUNG_LOW_INCOME,148,1980.0,1980,0.0
41,WFAgent0,FEMALE_OLD_HIGH_INCOME,30,407.0,30,400.54945054945057
41,WFAgent1,MALE_LOW_INCOME,272,3631.0,0,0.0
41,WFAgent2,MALE_OLD_LOW_INCOME,134,1795.0,1829,0.0
41,WFAgent3,FEMALE_YOUNG,167,2236.0,255,0.0
41,WFAgent4,MALE_YOUNG_LOW_INCOME,137,1836.0,137,1835.9999999999952
41,WFAgent5,FEMALE_OLD_LOW_INCOME,180,2401.0,2396,0.0
42,WEAgent1,MALE_OLD_HIGH_INCOME,60,808.0,825,0.0
42,WFAgent6,OLD_HIGH_INCOME,91,1215.0,90,1201.6483516483531
42,WEAgent2,FEMALE_OLD,210,2808.0,228,1375.2197802197832
42,WEAgent0,FEMALE_OLD_HIGH_INCOME,30,407.0,0,0.0
42,WFAgent0,OLD_LOW_INCOME,314,4196.0,1226,0.0
42,WFAgent1,MALE_YOUNG,176,2353.0,506,0.0
42,WFAgent2,OLD_LOW_INCOME,314,4196.0,1207,0.0
42,WFAgent3,OLD_HIGH_INCOME,91,1215.0,90,1201.6483516483531
42,WFAgent4,MALE_LOW_INCOME,272,3631.0,0,0.0
42,WFAgent5,MALE_OLD_LOW_INCOME,134,1795.0,1683,0.0
43,WEAgent1,MALE_YOUNG_HIGH_INCOME,38,517.0,38,517.0
43,WFAgent6,MALE_OLD,195,2603.0,0,0.0
43,WEAgent2,FEMALE_YOUNG,167,2236.0,215,281.17365269461095
43,WEAgent0,FEMALE_YOUNG_HIGH_INCOME,19,256.0,19,254.39520958083847
43,WFAgent0,FEMALE_OLD_LOW_INCOME,180,2401.0,0,0.0
43,WFAgent1,OLD_LOW_INCOME,314,4196.0,2481,0.0
43,WFAgent2,MALE_YOUNG_LOW_INCOME,137,1836.0,1843,0.0
43,WFAgent3,FEMALE_YOUNG_HIGH_INCOME,19,256.0,19,254.39520958083847
43,WFAgent4,MALE_OLD,195,2603.0,1775,0.0
43,WFAgent5,MALE_YOUNG_HIGH_INCOME,38,517.0,439,435.3684210526316
44,WEAgent1,MALE_OLD_HIGH_INCOME,60,808.0,814,0.0
44,WFAgent6,MALE_LOW_INCOME,272,3631.0,272,3629.202797202786
44,WEAgent2,YOUNG_LOW_INCOME,286,3816.0,1423,3375.6923076922976
44,WEAgent0,FEMALE_YOUNG,167,2236.0,166,2222.6107784431156
44,WFAgent0,FEMALE_OLD_HIGH_INCOME,30,407.0,0,0.0
44,WFAgent1,YOUNG_LOW_INCOME,286,3816.0,1933,0.0
44,WFAgent2,FEMALE_OLD_HIGH_INCOME,30,407.0,403,0.0
44,WFAgent3,MALE_OLD,195,2603.0,1827,0.0
44,WFAgent4,FEMALE_YOUNG_HIGH_INCOME,19,256.0,82,0.0
44,WFAgent5,MALE_YOUNG_LOW_INCOME,137,1836.0,137,1827.9440559440534
45,WEAgent1,MALE_HIGH_INCOME,99,1325.0,252,909.113636363635
45,WFAgent6,MALE_YOUNG,176,2353.0,0,0.0
45,WEAgent2,YOUNG_HIGH_INCOME,57,773.0,229,762.0511363636356
45,WEAgent0,FEMALE_OLD,210,2808.0,201,2687.657142857151
45,WFAgent0,MALE_HIGH_INCOME,99,1325.0,99,1324.9999999999975
45,WFAgent1,FEMALE_OLD,210,2808.0,184,2460.3428571428644
45,WFAgent2,MALE_HIGH_INCOME,99,1325.0,99,1324.8547979797966
45,WFAgent3,FEMALE_LOW_INCOME,328,4381.0,1196,0.0
45,WFAgent4,FEMALE_LOW_INCOME,328,4381.0,1196,0.0
45,WFAgent5,MALE_OLD_HIGH_INCOME,60,808.0,746,0.0
46,WEAgent1,OLD_LOW_INCOME,314,4196.0,1638,0.0
46,WFAgent6,MALE_OLD,195,2603.0,0,0.0
46,WEAgent2,FEMALE_YOUNG_LOW_INCOME,148,1980.0,2033,0.0
46,WEAgent0,FEMALE_OLD_HIGH_INCOME,30,407.0,421,0.0
46,WFAgent0,FEMALE_YOUNG_HIGH_INCOME,19,256.0,255,0.0
46,WFAgent1,FEMALE_OLD_LOW_INCOME,180,2401.0,2410,0.0
46,WFAgent2,FEMALE_YOUNG_HIGH_INCOME,19,256.0,0,0.0
46,WFAgent3,MALE_OLD_LOW_INCOME,134,1795.0,134,1787.411111111114
46,WFAgent4,FEMALE_HIGH_INCOME,49,663.0,0,0.0
46,WFAgent5,YOUNG_HIGH_INCOME,57,773.0,486,0.0
47,WEAgent1,FEMALE_OLD,210,2808.0,405,0.0
47,WFAgent6,MALE_LOW_INCOME,272,3631.0,1786,0.0
47,WEAgent2,MALE_HIGH_INCOME,99,1325.0,99,1323.5624999999995
47,WEAgent0,MALE_YOUNG,176,2353.0,102,1363.6704545454543
47,WFAgent0,FEMALE_OLD_LOW_INCOME,180,2401.0,2420,0.0
47,WFAgent1,MALE_YOUNG,176,2353.0,121,1617.687500000001
47,WFAgent2,FEMALE_OLD_HIGH_INCOME,30,407.0,30,400.1666666666669
47,WFAgent3,YOUNG_HIGH_INCOME,57,773.0,225,0.0
47,WFAgent4,MALE_HIGH_INCOME,99,1325.0,99,1324.9999999999975
47,WFAgent5,MALE_HIGH_INCOME,99,1325.0,99,1324.9419191919171
48,WEAgent1,FEMALE_LOW_INCOME,328,4381.0,2025,0.0
48,WFAgent6,YOUNG_LOW_INCOME,286,3816.0,0,0.0
48,WEAgent2,OLD_LOW_INCOME,314,4196.0,1874,0.0
48,WEAgent0,FEMALE_OLD,210,2808.0,2516,2273.1428571428637
48,WFAgent0,FEMALE_OLD,210,2808.0,173,2313.2571428571496
48,WFAgent1,MALE_LOW_INCOME,272,3631.0,0,0.0
48,WFAgent2,MALE_YOUNG_HIGH_INCOME,38,517.0,547,0.0
48,WFAgent3,MALE_OLD_HIGH_INCOME,60,808.0,772,0.0
48,WFAgent4,FEMALE_HIGH_INCOME,49,663.0,248,0.0
48,WFAgent5,FEMALE_OLD_HIGH_INCOME,30,407.0,30,401.14285714285705
49,WEAgent1,MALE_YOUNG_HIGH_INCOME,38,517.0,507,0.0
49,WFAgent6,MALE_LOW_INCOME,272,3631.0,1888,0.0
49,WEAgent2,MALE_OLD_LOW_INCOME,134,1795.0,1828,0.0
49,WEAgent0,OLD_HIGH_INCOME,91,1215.0,357,0.0
49,WFAgent0,MALE_OLD_HIGH_INCOME,60,808.0,793,0.0
49,WFAgent1,MALE_OLD,195,2603.0,0,0.0
49,WFAgent2,FEMALE_LOW_INCOME,328,4381.0,2406,0.0
49,WFAgent3,FEMALE_OLD_LOW_INCOME,180,2401.0,0,0.0
49,WFAgent4,YOUNG_LOW_INCOME,286,3816.0,1938,0.0
49,WFAgent5,FEMALE_OLD_HIGH_INCOME,30,407.0,30,400.46153846153845
50,WEAgent1,FEMALE_LOW_INCOME,328,4381.0,1864,0.0
50,WFAgent6,MALE_OLD,195,2603.0,1809,0.0
50,WEAgent2,YOUNG_HIGH_INCOME,57,773.0,159,0.0
50,WEAgent0,MALE_YOUNG_HIGH_INCOME,38,517.0,534,0.0
50,WFAgent0,YOUNG_HIGH_INCOME,57,773.0,56,759.4385964912285
50,WFAgent1,YOUNG_LOW_INCOME,286,3816.0,0,0.0
50,WFAgent2,YOUNG_HIGH_INCOME,57,773.0,57,772.2982456140357
50,WFAgent3,YOUNG_LOW_INCOME,286,3816.0,0,0.0
50,WFAgent4,FEMALE_YOUNG_LOW_INCOME,148,1980.0,148,1974.7132867132834
50,WFAgent5,FEMALE_YOUNG_HIGH_INCOME,19,256.0,0,0.0
51,WEAgent1,MALE_YOUNG,176,2353.0,499,0.0
51,WFAgent6,FEMALE_YOUNG,167,2236.0,248,0.0
51,WEAgent2,FEMALE_LOW_INCOME,328,4381.0,1965,0.0
51,WEAgent0,MALE_YOUNG_LOW_INCOME,137,1836.0,1835,0.0
51,WFAgent0,FEMALE_OLD,210,2808.0,0,0.0
51,WFAgent1,FEMALE_OLD_HIGH_INCOME,30,407.0,417,0.0
51,WFAgent2,FEMALE_LOW_INCOME,328,4381.0,2357,0.0
51,WFAgent3,MALE_LOW_INCOME,272,3631.0,1858,0.0
51,WFAgent4,FEMALE_OLD_LOW_INCOME,180,2401.0,0,0.0
51,WFAgent5,MALE_YOUNG,176,2353.0,0,0.0
52,WEAgent1,MALE_YOUNG_HIGH_INCOME,38,517.0,506,0.0
52,WFAgent6,MALE_LOW_INCOME,272,3631.0,0,0.0
52,WEAgent2,OLD_LOW_INCOME,314,4196.0,1523,3217.172794117659
52,WEAgent0,FEMALE_HIGH_INCOME,49,663.0,200,0.0
52,WFAgent0,FEMALE_HIGH_INCOME,49,663.0,0,0.0
52,WFAgent1,MALE_LOW_INCOME,272,3631.0,0,0.0
52,WFAgent2,MALE_LOW_INCOME,272,3631.0,271,3617.650735294132
52,WFAgent3,OLD_HIGH_INCOME,91,1215.0,0,0.0
52,WFAgent4,FEMALE_HIGH_INCOME,49,663.0,49,654.2307692307693
52,WFAgent5,FEMALE_OLD_HIGH_INCOME,30,407.0,404,0.0
53,WEAgent1,FEMALE_YOUNG,167,2236.0,239,0.0
53,WFAgent6,FEMALE_OLD_HIGH_INCOME,30,407.0,30,400.54945054945057
53,WEAgent2,MALE_YOUNG,176,2353.0,373,1201.384615384616
53,WEAgent0,MALE_HIGH_INCOME,99,1325.0,99,1321.5230769230768
53,WFAgent0,OLD_HIGH_INCOME,91,1215.0,0,0.0
53,WFAgent1,YOUNG_HIGH_INCOME,57,773.0,57,760.8769230769237
53,WFAgent2,FEMALE_OLD_LOW_INCOME,180,2401.0,2374,0.0
53,WFAgent3,MALE_OLD,195,2603.0,1854,0.0
53,WFAgent4,FEMALE_OLD_HIGH_INCOME,30,407.0,371,320.43956043956047
53,WFAgent5,FEMALE_YOUNG_LOW_INCOME,148,1980.0,1963,0.0
54,WEAgent1,MALE_YOUNG_LOW_INCOME,137,1836.0,137,1831.5965909090928
54,WFAgent6,FEMALE_OLD,210,2808.0,214,2804.9558495291035
54,WEAgent2,FEMALE_OLD_LOW_INCOME,180,2401.0,2006,0.0
54,WEAgent0,OLD_HIGH_INCOME,91,1215.0,721,0.0
54,WFAgent0,OLD_LOW_INCOME,314,4196.0,1759,0.0
54,WFAgent1,MALE_OLD_HIGH_INCOME,60,808.0,60,806.4666666666659
54,WFAgent2,MALE_YOUNG_LOW_INCOME,137,1836.0,1800,0.0
54,WFAgent3,MALE_YOUNG,176,2353.0,474,0.0
54,WFAgent4,FEMALE_OLD,210,2808.0,210,2805.911177993977
54,WFAgent5,MALE_OLD_HIGH_INCOME,60,808.0,59,794.5333333333334
55,WEAgent1,MALE_OLD_LOW_INCOME,134,1795.0,1777,0.0
55,WFAgent6,MALE_YOUNG_HIGH_INCOME,38,517.0,38,508.03409090909105
55,WEAgent2,MALE_YOUNG_HIGH_INCOME,38,517.0,38,508.03409090909105
55,WEAgent0,FEMALE_LOW_INCOME,328,4381.0,1974,0.0
55,WFAgent0,MALE_YOUNG_HIGH_INCOME,38,517.0,445,454.5568181818183
55,WFAgent1,MALE_YOUNG,176,2353.0,0,0.0
55,WFAgent2,OLD_HIGH_INCOME,91,1215.0,0,0.0
55,WFAgent3,MALE_YOUNG_LOW_INCOME,137,1836.0,1707,1430.5170454545455
55,WFAgent4,FEMALE_OLD_HIGH_INCOME,30,407.0,366,0.0
55,WFAgent5,MALE_YOUNG_LOW_INCOME,137,1836.0,137,1831.5965909090928
56,WEAgent1,MALE_OLD_LOW_INCOME,134,1795.0,1797,0.0
56,WFAgent6,FEMALE_HIGH_INCOME,49,663.0,253,0.0
56,WEAgent2,FEMALE_OLD_HIGH_INCOME,30,407.0,432,0.0
56,WEAgent0,YOUNG_LOW_INCOME,286,3816.0,1848,0.0
56,WFAgent0,YOUNG_LOW_INCOME,286,3816.0,2036,0.0
56,WFAgent1,FEMALE_OLD_LOW_INCOME,180,2401.0,0,0.0
56,WFAgent2,OLD_LOW_INCOME,314,4196.0,2036,0.0
56,WFAgent3,OLD_HIGH_INCOME,91,1215.0,0,0.0
56,WFAgent4,OLD_LOW_INCOME,314,4196.0,314,4188.411111111123
56,WFAgent5,MALE_LOW_INCOME,272,3631.0,0,0.0
57,WEAgent1,OLD_HIGH_INCOME,91,1215.0,90,1201.6483516483531
57,WFAgent6,FEMALE_YOUNG_HIGH_INCOME,19,256.0,19,254.01704545454552
57,WEAgent2,YOUNG_HIGH_INCOME,57,773.0,229,0.0
57,WEAgent0,FEMALE_OLD,210,2808.0,237,1401.92307692308
57,WFAgent0,OLD_HIGH_INCOME,91,1215.0,0,0.0
57,WFAgent1,MALE_LOW_INCOME,272,3631.0,1855,0.0
57,WFAgent2,FEMALE_OLD_HIGH_INCOME,30,407.0,30,401.14285714285705
57,WFAgent3,MALE_YOUNG,176,2353.0,505,0.0
57,WFAgent4,FEMALE_YOUNG,167,2236.0,0,0.0
57,WFAgent5,FEMALE_HIGH_INCOME,49,663.0,49,654.2307692307693
58,WEAgent1,FEMALE_YOUNG_LOW_INCOME,148,1980.0,148,1974.1555555555594
58,WFAgent6,FEMALE_YOUNG_LOW_INCOME,148,1980.0,148,1974.1555555555594
58,WEAgent2,YOUNG_LOW_INCOME,286,3816.0,1684,1707.3777777777802
58,WEAgent0,FEMALE_OLD_LOW_INCOME,180,2401.0,179,2387.661111111117
58,WFAgent0,MALE_HIGH_INCOME,99,1325.0,831,0.0
58,WFAgent1,FEMALE_YOUNG,167,2236.0,248,0.0
58,WFAgent2,MALE_YOUNG,176,2353.0,0,0.0
58,WFAgent3,OLD_HIGH_INCOME,91,1215.0,429,0.0
58,WFAgent4,YOUNG_HIGH_INCOME,57,773.0,533,0.0
58,WFAgent5,FEMALE_LOW_INCOME,328,4381.0,2197,2307.627777777783
59,WEAgent1,YOUNG_LOW_INCOME,286,3816.0,1687,0.0
59,WFAgent6,FEMALE_YOUNG,167,2236.0,242,0.0
59,WEAgent2,MALE_LOW_INCOME,272,3631.0,272,3628.17777777779
59,WEAgent0,OLD_LOW_INCOME,314,4196.0,1547,4068.361111111126
59,WFAgent0,MALE_YOUNG,176,2353.0,0,0.0
59,WFAgent1,MALE_YOUNG_LOW_INCOME,137,1836.0,137,1827.9440559440534
59,WFAgent2,OLD_HIGH_INCOME,91,1215.0,449,0.0
59,WFAgent3,YOUNG_HIGH_INCOME,57,773.0,480,0.0
59,WFAgent4,MALE_OLD_HIGH_INCOME,60,808.0,827,0.0
59,WFAgent5,FEMALE_OLD_LOW_INCOME,180,2401.0,2321,0.0
60,WEAgent1,MALE_YOUNG_LOW_INCOME,137,1836.0,1810,0.0
60,WFAgent6,FEMALE_OLD,210,2808.0,0,0.0
60,WEAgent2,FEMALE_OLD_HIGH_INCOME,30,407.0,374,280.79999999999995
60,WEAgent0,FEMALE_YOUNG,167,2236.0,253,0.0
60,WFAgent0,FEMALE_HIGH_INCOME,49,663.0,49,655.2000000000004
60,WFAgent1,MALE_LOW_INCOME,272,3631.0,0,0.0
60,WFAgent2,MALE_OLD,195,2603.0,1793,0.0
60,WFAgent3,OLD_LOW_INCOME,314,4196.0,2394,0.0
60,WFAgent4,MALE_YOUNG,176,2353.0,497,0.0
60,WFAgent5,MALE_OLD_HIGH_INCOME,60,808.0,762,0.0
61,WEAgent1,FEMALE_YOUNG_LOW_INCOME,148,1980.0,1929,0.0
61,WFAgent6,MALE_YOUNG_HIGH_INCOME,38,517.0,487,0.0
61,WEAgent2,FEMALE_HIGH_INCOME,49,663.0,387,0.0
61,WEAgent0,FEMALE_YOUNG,167,2236.0,103,0.0
61,WFAgent0,MALE_OLD_HIGH_INCOME,60,808.0,790,0.0
61,WFAgent1,FEMALE_OLD_HIGH_INCOME,30,407.0,30,400.54945054945057
61,WFAgent2,OLD_HIGH_INCOME,91,1215.0,0,0.0
61,WFAgent3,FEMALE_LOW_INCOME,328,4381.0,2470,0.0
61,WFAgent4,MALE_HIGH_INCOME,99,1325.0,0,0.0
61,WFAgent5,FEMALE_YOUNG,167,2236.0,167,2230.570121951219
62,WEAgent1,FEMALE_OLD_HIGH_INCOME,30,407.0,359,406.99999999999994
62,WFAgent6,FEMALE_LOW_INCOME,328,4381.0,2135,4153.935975609727
62,WEAgent2,FEMALE_OLD_HIGH_INCOME,30,407.0,30,406.99999999999994
62,WEAgent0,YOUNG_LOW_INCOME,286,3816.0,1764,0.0
62,WFAgent0,FEMALE_YOUNG,167,2236.0,167,2228.223776223772
62,WFAgent1,MALE_HIGH_INCOME,99,1325.0,539,0.0
62,WFAgent2,FEMALE_OLD_HIGH_INCOME,30,407.0,30,406.99999999999994
62,WFAgent3,FEMALE_LOW_INCOME,328,4381.0,328,4380.999999999975
62,WFAgent4,MALE_OLD_HIGH_INCOME,60,808.0,818,0.0
62,WFAgent5,FEMALE_YOUNG,167,2236.0,248,0.0
63,WEAgent1,MALE_OLD_HIGH_INCOME,60,808.0,803,0.0
63,WFAgent6,OLD_HIGH_INCOME,91,1215.0,291,1134.8901098901108
63,WEAgent2,MALE_HIGH_INCOME,99,1325.0,518,0.0
63,WEAgent0,MALE_YOUNG_LOW_INCOME,137,1836.0,1582,1827.9440559440534
63,WFAgent0,MALE_YOUNG_LOW_INCOME,137,1836.0,137,1827.9440559440534
63,WFAgent1,YOUNG_LOW_INCOME,286,3816.0,0,0.0
63,WFAgent2,OLD_LOW_INCOME,314,4196.0,2405,0.0
63,WFAgent3,MALE_YOUNG_LOW_INCOME,137,1836.0,137,1827.9440559440534
63,WFAgent4,OLD_HIGH_INCOME,91,1215.0,90,1201.6483516483531
63,WFAgent5,FEMALE_YOUNG_LOW_INCOME,148,1980.0,1992,0.0
64,WEAgent1,MALE_YOUNG,176,2353.0,447,869.0056818181806
64,WFAgent6,OLD_HIGH_INCOME,91,1215.0,789,0.0
64,WEAgent2,FEMALE_OLD,210,2808.0,308,0.0
64,WEAgent0,MALE_OLD_LOW_INCOME,134,1795.0,1801,0.0
64,WFAgent0,OLD_HIGH_INCOME,91,1215.0,91,1213.8388888888887
64,WFAgent1,OLD_LOW_INCOME,314,4196.0,0,0.0
64,WFAgent2,FEMALE_OLD_LOW_INCOME,180,2401.0,2415,0.0
64,WFAgent3,FEMALE_OLD_HIGH_INCOME,30,407.0,30,400.54945054945057
64,WFAgent4,FEMALE_YOUNG,167,2236.0,271,0.0
64,WFAgent5,YOUNG_HIGH_INCOME,57,773.0,57,762.0511363636356
65,WEAgent1,YOUNG_LOW_INCOME,286,3816.0,1808,0.0
65,WFAgent6,MALE_OLD_HIGH_INCOME,60,808.0,60,800.9230769230777
65,WEAgent2,MALE_OLD_HIGH_INCOME,60,808.0,60,800.9230769230777
65,WEAgent0,MALE_OLD_HIGH_INCOME,60,808.0,688,560.6461538461539
65,WFAgent0,MALE_HIGH_INCOME,99,1325.0,0,0.0
65,WFAgent1,FEMALE_HIGH_INCOME,49,663.0,404,0.0
65,WFAgent2,MALE_YOUNG_HIGH_INCOME,38,517.0,514,0.0
65,WFAgent3,FEMALE_HIGH_INCOME,49,663.0,241,0.0
65,WFAgent4,FEMALE_YOUNG_HIGH_INCOME,19,256.0,0,0.0
65,WFAgent5,MALE_OLD,195,2603.0,1791,0.0
66,WEAgent1,MALE_OLD_HIGH_INCOME,60,808.0,59,794.5333333333334
66,WFAgent6,OLD_LOW_INCOME,314,4196.0,2399,0.0
66,WEAgent2,FEMALE_HIGH_INCOME,49,663.0,255,0.0
66,WEAgent0,YOUNG_LOW_INCOME,286,3816.0,1885,0.0
66,WFAgent0,YOUNG_LOW_INCOME,286,3816.0,286,3815.9999999999877
66,WFAgent1,MALE_OLD_HIGH_INCOME,60,808.0,744,740.6666666666666
66,WFAgent2,YOUNG_LOW_INCOME,286,3816.0,286,3815.9999999999877
66,WFAgent3,FEMALE_OLD_HIGH_INCOME,30,407.0,385,0.0
66,WFAgent4,FEMALE_YOUNG_LOW_INCOME,148,1980.0,148,1974.7132867132834
66,WFAgent5,YOUNG_LOW_INCOME,286,3816.0,1300,3762.6293706293586
67,WEAgent1,OLD_HIGH_INCOME,91,1215.0,351,0.0
67,WFAgent6,FEMALE_HIGH_INCOME,49,663.0,49,654.0871794871798
67,WEAgent2,FEMALE_YOUNG,167,2236.0,203,0.0
67,WEAgent0,MALE_OLD_LOW_INCOME,134,1795.0,1811,0.0
67,WFAgent0,MALE_OLD,195,2603.0,0,0.0
67,WFAgent1,OLD_HIGH_INCOME,91,1215.0,0,0.0
67,WFAgent2,FEMALE_HIGH_INCOME,49,663.0,49,654.0871794871798
67,WFAgent3,MALE_LOW_INCOME,272,3631.0,0,0.0
67,WFAgent4,MALE_YOUNG_LOW_INCOME,137,1836.0,1869,0.0
67,WFAgent5,MALE_YOUNG_HIGH_INCOME,38,517.0,500,0.0
68,WEAgent1,MALE_OLD_LOW_INCOME,134,1795.0,1819,0.0
68,WFAgent6,MALE_YOUNG_HIGH_INCOME,38,517.0,256,0.0
68,WEAgent2,FEMALE_LOW_INCOME,328,4381.0,1780,2270.6402439024378
68,WEAgent0,FEMALE_YOUNG,167,2236.0,154,0.0
68,WFAgent0,FEMALE_LOW_INCOME,328,4381.0,2424,0.0
68,WFAgent1,MALE_YOUNG_HIGH_INCOME,38,517.0,252,0.0
68,WFAgent2,FEMALE_HIGH_INCOME,49,663.0,49,662.826095072175
68,WFAgent3,FEMALE_OLD_HIGH_INCOME,30,407.0,401,0.0
68,WFAgent4,FEMALE_YOUNG,167,2236.0,167,2230.570121951219
68,WFAgent5,FEMALE_HIGH_INCOME,49,663.0,49,662.9999999999998
69,WEAgent1,FEMALE_OLD,210,2808.0,444,0.0
69,WFAgent6,MALE_LOW_INCOME,272,3631.0,1852,0.0
69,WEAgent2,MALE_HIGH_INCOME,99,1325.0,99,1320.923076923077
69,WEAgent0,MALE_OLD,195,2603.0,750,1107.4405594405605
69,WFAgent0,MALE_OLD_LOW_INCOME,134,1795.0,134,1790.6496815286653
69,WFAgent1,OLD_LOW_INCOME,314,4196.0,2392,0.0
69,WFAgent2,MALE_OLD,195,2603.0,0,0.0
69,WFAgent3,OLD_HIGH_INCOME,91,1215.0,0,0.0
69,WFAgent4,MALE_OLD_LOW_INCOME,134,1795.0,1617,0.0
69,WFAgent5,YOUNG_LOW_INCOME,286,3816.0,1985,0.0
70,WEAgent1,MALE_LOW_INCOME,272,3631.0,271,3617.650735294132
70,WFAgent6,YOUNG_HIGH_INCOME,57,773.0,56,759.4385964912285
70,WEAgent2,OLD_LOW_INCOME,314,4196.0,1520,3724.4448529411916
70,WEAgent0,YOUNG_HIGH_INCOME,57,773.0,57,762.0511363636356
70,WFAgent0,MALE_YOUNG,176,2353.0,0,0.0
70,WFAgent1,MALE_HIGH_INCOME,99,1325.0,772,0.0
70,WFAgent2,YOUNG_HIGH_INCOME,57,773.0,0,0.0
70,WFAgent3,YOUNG_HIGH_INCOME,57,773.0,227,745.8771929824566
70,WFAgent4,MALE_YOUNG,176,2353.0,436,762.0511363636356
70,WFAgent5,OLD_HIGH_INCOME,91,1215.0,431,0.0
71,WEAgent1,FEMALE_OLD_HIGH_INCOME,30,407.0,0,0.0
71,WFAgent6,FEMALE_YOUNG_LOW_INCOME,148,1980.0,1717,1939.86486486486
71,WEAgent2,FEMALE_YOUNG_LOW_INCOME,148,1980.0,148,1979.999999999995
71,WEAgent0,FEMALE_HIGH_INCOME,49,663.0,49,654.2307692307693
71,WFAgent0,FEMALE_OLD_HIGH_INCOME,30,407.0,30,406.99999999999994
71,WFAgent1,OLD_HIGH_INCOME,91,1215.0,0,0.0
71,WFAgent2,FEMALE_OLD_HIGH_INCOME,30,407.0,30,405.49487179487176
71,WFAgent3,MALE_YOUNG_HIGH_INCOME,38,517.0,527,0.0
71,WFAgent4,OLD_LOW_INCOME,314,4196.0,2495,0.0
71,WFAgent5,FEMALE_OLD,210,2808.0,303,814.4505494505495
72,WEAgent1,MALE_LOW_INCOME,272,3631.0,271,3617.650735294132
72,WFAgent6,OLD_HIGH_INCOME,91,1215.0,90,1201.6483516483531
72,WEAgent2,OLD_LOW_INCOME,314,4196.0,1584,3497.50735294119
72,WEAgent0,MALE_OLD_HIGH_INCOME,60,808.0,60,801.0989010989011
72,WFAgent0,YOUNG_HIGH_INCOME,57,773.0,495,0.0
72,WFAgent1,FEMALE_LOW_INCOME,328,4381.0,2345,0.0
72,WFAgent2,MALE_HIGH_INCOME,99,1325.0,773,0.0
72,WFAgent3,MALE_YOUNG,176,2353.0,0,0.0
72,WFAgent4,FEMALE_HIGH_INCOME,49,663.0,253,0.0
72,WFAgent5,OLD_HIGH_INCOME,91,1215.0,295,1148.2417582417593
73,WEAgent1,FEMALE_YOUNG_HIGH_INCOME,19,256.0,298,0.0
73,WFAgent6,FEMALE_LOW_INCOME,328,4381.0,0,0.0
73,WEAgent2,OLD_LOW_INCOME,314,4196.0,1763,0.0
73,WEAgent0,MALE_YOUNG,176,2353.0,443,561.5113636363636
73,WFAgent0,FEMALE_YOUNG_HIGH_INCOME,19,256.0,0,0.0
73,WFAgent1,YOUNG_LOW_INCOME,286,3816.0,994,0.0
73,WFAgent2,OLD_LOW_INCOME,314,4196.0,2351,0.0
73,WFAgent3,YOUNG_HIGH_INCOME,57,773.0,57,762.0511363636356
73,WFAgent4,YOUNG_LOW_INCOME,286,3816.0,992,0.0
73,WFAgent5,MALE_LOW_INCOME,272,3631.0,0,0.0
74,WEAgent1,FEMALE_OLD_HIGH_INCOME,30,407.0,417,0.0
74,WFAgent6,OLD_LOW_INCOME,314,4196.0,1814,0.0
74,WEAgent2,MALE_OLD_HIGH_INCOME,60,808.0,791,0.0
74,WEAgent0,YOUNG_LOW_INCOME,286,3816.0,1961,0.0
74,WFAgent0,FEMALE_HIGH_INCOME,49,663.0,0,0.0
74,WFAgent1,FEMALE_LOW_INCOME,328,4381.0,2464,0.0
74,WFAgent2,MALE_OLD,195,2603.0,0,0.0
74,WFAgent3,FEMALE_HIGH_INCOME,49,663.0,199,554.7551020408162
74,WFAgent4,FEMALE_YOUNG_HIGH_INCOME,19,256.0,0,0.0
74,WFAgent5,FEMALE_HIGH_INCOME,49,663.0,49,662.9999999999998
75,WEAgent1,YOUNG_HIGH_INCOME,57,773.0,57,760.8769230769237
75,WFAgent6,MALE_OLD,195,2603.0,1721,1855.4717948717919
75,WEAgent2,MALE_OLD,195,2603.0,731,1241.4307692307696
75,WEAgent0,FEMALE_YOUNG,167,2236.0,115,907.7128205128216
75,WFAgent0,YOUNG_HIGH_INCOME,57,773.0,57,760.8769230769237
75,WFAgent1,MALE_HIGH_INCOME,99,1325.0,99,1321.5230769230768
75,WFAgent2,FEMALE_LOW_INCOME,328,4381.0,2435,0.0
75,WFAgent3,MALE_OLD_LOW_INCOME,134,1795.0,134,1788.7282051282025
75,WFAgent4,MALE_YOUNG_LOW_INCOME,137,1836.0,1820,0.0
75,WFAgent5,MALE_YOUNG,176,2353.0,523,0.0
76,WEAgent1,FEMALE_OLD_HIGH_INCOME,30,407.0,433,0.0
76,WFAgent6,FEMALE_YOUNG_HIGH_INCOME,19,256.0,248,0.0
76,WEAgent2,FEMALE_OLD_LOW_INCOME,180,2401.0,179,2387.661111111117
76,WEAgent0,MALE_YOUNG_LOW_INCOME,137,1836.0,1820,0.0
76,WFAgent0,MALE_OLD_HIGH_INCOME,60,808.0,807,0.0
76,WFAgent1,MALE_LOW_INCOME,272,3631.0,1778,0.0
76,WFAgent2,FEMALE_OLD_LOW_INCOME,180,2401.0,2034,2254.2722222222274
76,WFAgent3,FEMALE_OLD_LOW_INCOME,180,2401.0,179,2387.661111111117
76,WFAgent4,YOUNG_HIGH_INCOME,57,773.0,0,0.0
76,WFAgent5,MALE_YOUNG_HIGH_INCOME,38,517.0,548,0.0
77,WEAgent1,FEMALE_YOUNG,167,2236.0,1337,2222.6107784431156
77,WFAgent6,MALE_OLD,195,2603.0,1802,0.0
77,WEAgent2,MALE_OLD,195,2603.0,856,0.0
77,WEAgent0,FEMALE_YOUNG_HIGH_INCOME,19,256.0,0,0.0
77,WFAgent0,MALE_YOUNG_HIGH_INCOME,38,517.0,538,0.0
77,WFAgent1,FEMALE_OLD,210,2808.0,412,0.0
77,WFAgent2,FEMALE_YOUNG,167,2236.0,101,0.0
77,WFAgent3,MALE_YOUNG_LOW_INCOME,137,1836.0,137,1835.9999999999952
77,WFAgent4,MALE_YOUNG,176,2353.0,0,0.0
77,WFAgent5,MALE_YOUNG_LOW_INCOME,137,1836.0,1664,1782.394160583937
78,WEAgent1,MALE_YOUNG_LOW_INCOME,137,1836.0,137,1835.9999999999952
78,WFAgent6,MALE_YOUNG_HIGH_INCOME,38,517.0,521,0.0
78,WEAgent2,MALE_YOUNG_LOW_INCOME,137,1836.0,1658,1675.1824817518207
78,WEAgent0,FEMALE_OLD_LOW_INCOME,180,2401.0,179,2387.661111111117
78,WFAgent0,YOUNG_LOW_INCOME,286,3816.0,1999,0.0
78,WFAgent1,FEMALE_OLD_HIGH_INCOME,30,407.0,418,0.0
78,WFAgent2,FEMALE_LOW_INCOME,328,4381.0,328,4375.155555555562
78,WFAgent3,OLD_LOW_INCOME,314,4196.0,1733,0.0
78,WFAgent4,FEMALE_LOW_INCOME,328,4381.0,1938,3614.8388888889012
78,WFAgent5,MALE_OLD_HIGH_INCOME,60,808.0,861,0.0
79,WEAgent1,FEMALE_YOUNG_LOW_INCOME,148,1980.0,1965,0.0
79,WFAgent6,MALE_YOUNG_LOW_INCOME,137,1836.0,1849,0.0
79,WEAgent2,FEMALE_HIGH_INCOME,49,663.0,234,0.0
79,WEAgent0,MALE_YOUNG,176,2353.0,253,0.0
79,WFAgent0,MALE_OLD,195,2603.0,1755,0.0
79,WFAgent1,MALE_YOUNG,176,2353.0,176,2350.4455710955644
79,WFAgent2,YOUNG_HIGH_INCOME,57,773.0,57,762.0511363636356
79,WFAgent3,MALE_YOUNG_HIGH_INCOME,38,517.0,38,508.03409090909105
79,WFAgent4,OLD_HIGH_INCOME,91,1215.0,430,0.0
79,WFAgent5,FEMALE_LOW_INCOME,328,4381.0,2446,0.0
80,WEAgent1,MALE_OLD_HIGH_INCOME,60,808.0,823,0.0
80,WFAgent6,FEMALE_LOW_INCOME,328,4381.0,0,0.0
80,WEAgent2,FEMALE_YOUNG_HIGH_INCOME,19,256.0,19,254.01704545454552
80,WEAgent0,FEMALE_HIGH_INCOME,49,663.0,233,227.27840909090915
80,WFAgent0,MALE_OLD,195,2603.0,1735,0.0
80,WFAgent1,YOUNG_HIGH_INCOME,57,773.0,482,0.0
80,WFAgent2,FEMALE_LOW_INCOME,328,4381.0,2481,0.0
80,WFAgent3,FEMALE_OLD_HIGH_INCOME,30,407.0,389,0.0
80,WFAgent4,FEMALE_YOUNG_LOW_INCOME,148,1980.0,2036,0.0
80,WFAgent5,MALE_YOUNG,176,2353.0,0,0.0
81,WEAgent1,FEMALE_YOUNG,167,2236.0,73,0.0
81,WFAgent6,MALE_YOUNG_LOW_INCOME,137,1836.0,1836,0.0
81,WEAgent2,MALE_HIGH_INCOME,99,1325.0,480,575.5050505050506
81,WEAgent0,MALE_YOUNG_HIGH_INCOME,38,517.0,38,508.5858585858589
81,WFAgent0,FEMALE_YOUNG_LOW_INCOME,148,1980.0,1950,0.0
81,WFAgent1,OLD_LOW_INCOME,314,4196.0,2403,0.0
81,WFAgent2,FEMALE_YOUNG,167,2236.0,167,2234.427739116356
81,WFAgent3,MALE_LOW_INCOME,272,3631.0,1761,0.0
81,WFAgent4,FEMALE_OLD_HIGH_INCOME,30,407.0,419,0.0
81,WFAgent5,FEMALE_YOUNG_HIGH_INCOME,19,256.0,19,254.3952095808384
82,WEAgent1,FEMALE_OLD_LOW_INCOME,180,2401.0,2348,0.0
82,WFAgent6,FEMALE_YOUNG,167,2236.0,203,2228.223776223772
82,WEAgent2,FEMALE_YOUNG,167,2236.0,191,2228.223776223772
82,WEAgent0,FEMALE_OLD_HIGH_INCOME,30,407.0,397,0.0
82,WFAgent0,YOUNG_LOW_INCOME,286,3816.0,0,0.0
82,WFAgent1,YOUNG_LOW_INCOME,286,3816.0,1684,2468.391608391603
82,WFAgent2,MALE_YOUNG_HIGH_INCOME,38,517.0,537,0.0
82,WFAgent3,MALE_LOW_INCOME,272,3631.0,1790,0.0
82,WFAgent4,FEMALE_OLD,210,2808.0,0,0.0
82,WFAgent5,YOUNG_HIGH_INCOME,57,773.0,0,0.0
83,WEAgent1,OLD_HIGH_INCOME,91,1215.0,156,0.0
83,WFAgent6,FEMALE_LOW_INCOME,328,4381.0,0,0.0
83,WEAgent2,FEMALE_LOW_INCOME,328,4381.0,1722,0.0
83,WEAgent0,YOUNG_HIGH_INCOME,57,773.0,241,0.0
83,WFAgent0,FEMALE_YOUNG_HIGH_INCOME,19,256.0,0,0.0
83,WFAgent1,FEMALE_OLD,210,2808.0,210,2801.1666666666747
83,WFAgent2,FEMALE_YOUNG_LOW_INCOME,148,1980.0,148,1974.1555555555594
83,WFAgent3,FEMALE_YOUNG_LOW_INCOME,148,1980.0,148,1976.7926829268313
83,WFAgent4,FEMALE_HIGH_INCOME,49,663.0,49,654.2307692307693
83,WFAgent5,FEMALE_OLD_LOW_INCOME,180,2401.0,2416,0.0
84,WEAgent1,FEMALE_OLD_LOW_INCOME,180,2401.0,179,2387.661111111117
84,WFAgent6,MALE_LOW_INCOME,272,3631.0,0,0.0
84,WEAgent2,FEMALE_OLD_LOW_INCOME,180,2401.0,179,2387.661111111117
84,WEAgent0,MALE_HIGH_INCOME,99,1325.0,570,0.0
84,WFAgent0,MALE_LOW_INCOME,272,3631.0,1619,1468.4191176470606
84,WFAgent1,FEMALE_LOW_INCOME,328,4381.0,1904,0.0
84,WFAgent2,FEMALE_YOUNG_HIGH_INCOME,19,256.0,251,0.0
84,WFAgent3,MALE_OLD_LOW_INCOME,134,1795.0,134,1788.801470588239
84,WFAgent4,FEMALE_OLD_LOW_INCOME,180,2401.0,2064,2134.2222222222267
84,WFAgent5,OLD_HIGH_INCOME,91,1215.0,383,0.0
85,WEAgent1,MALE_LOW_INCOME,272,3631.0,1036,2336.0256410256357
85,WFAgent6,OLD_LOW_INCOME,314,4196.0,2415,0.0
85,WEAgent2,FEMALE_OLD_HIGH_INCOME,30,407.0,0,0.0
85,WEAgent0,MALE_OLD,195,2603.0,195,2602.999999999993
85,WFAgent0,MALE_OLD_HIGH_INCOME,60,808.0,60,800.9230769230777
85,WFAgent1,OLD_HIGH_INCOME,91,1215.0,90,1201.6483516483531
85,WFAgent2,OLD_HIGH_INCOME,91,1215.0,763,0.0
85,WFAgent3,MALE_LOW_INCOME,272,3631.0,271,3617.650735294132
85,WFAgent4,MALE_LOW_INCOME,272,3631.0,272,3630.9978129713563
85,WFAgent5,FEMALE_OLD,210,2808.0,302,1068.1318681318685
86,WEAgent1,MALE_LOW_INCOME,272,3631.0,1783,0.0
86,WFAgent6,MALE_YOUNG_HIGH_INCOME,38,517.0,0,0.0
86,WEAgent2,MALE_YOUNG_HIGH_INCOME,38,517.0,526,0.0
86,WEAgent0,FEMALE_OLD_HIGH_INCOME,30,407.0,30,406.99999999999994
86,WFAgent0,FEMALE_YOUNG_LOW_INCOME,148,1980.0,1960,0.0
86,WFAgent1,MALE_OLD,195,2603.0,0,0.0
86,WFAgent2,FEMALE_YOUNG_HIGH_INCOME,19,256.0,247,0.0
86,WFAgent3,MALE_YOUNG_LOW_INCOME,137,1836.0,1842,0.0
86,WFAgent4,MALE_LOW_INCOME,272,3631.0,0,0.0
86,WFAgent5,FEMALE_OLD_HIGH_INCOME,30,407.0,371,406.99999999999994
87,WEAgent1,OLD_LOW_INCOME,314,4196.0,314,4195.999999999983
87,WFAgent6,OLD_LOW_INCOME,314,4196.0,0,0.0
87,WEAgent2,MALE_YOUNG,176,2353.0,509,0.0
87,WEAgent0,OLD_LOW_INCOME,314,4196.0,314,4195.999999999983
87,WFAgent0,MALE_OLD_LOW_INCOME,134,1795.0,134,1790.6496815286653
87,WFAgent1,FEMALE_LOW_INCOME,328,4381.0,2456,0.0
87,WFAgent2,FEMALE_OLD,210,2808.0,0,0.0
87,WFAgent3,MALE_YOUNG,176,2353.0,0,0.0
87,WFAgent4,FEMALE_OLD_HIGH_INCOME,30,407.0,403,0.0
87,WFAgent5,MALE_OLD_LOW_INCOME,134,1795.0,1030,0.0
88,WEAgent1,MALE_OLD_LOW_INCOME,134,1795.0,1804,0.0
88,WFAgent6,FEMALE_YOUNG_HIGH_INCOME,19,256.0,19,255.9999999999999
88,WEAgent2,FEMALE_YOUNG,167,2236.0,214,0.0
88,WEAgent0,MALE_YOUNG,176,2353.0,442,708.5738636363631
88,WFAgent0,FEMALE_YOUNG_HIGH_INCOME,19,256.0,19,255.9999999999999
88,WFAgent1,FEMALE_YOUNG_HIGH_INCOME,19,256.0,19,255.9999999999999
88,WFAgent2,FEMALE_YOUNG,167,2236.0,1962,0.0
88,WFAgent3,YOUNG_HIGH_INCOME,57,773.0,57,762.0511363636356
88,WFAgent4,FEMALE_OLD_HIGH_INCOME,30,407.0,390,0.0
88,WFAgent5,FEMALE_OLD,210,2808.0,0,0.0
89,WEAgent1,FEMALE_YOUNG,167,2236.0,257,0.0
89,WFAgent6,MALE_LOW_INCOME,272,3631.0,1756,0.0
89,WEAgent2,MALE_HIGH_INCOME,99,1325.0,524,0.0
89,WEAgent0,FEMALE_YOUNG_LOW_INCOME,148,1980.0,148,1974.7132867132834
89,WFAgent0,OLD_HIGH_INCOME,91,1215.0,0,0.0
89,WFAgent1,FEMALE_OLD,210,2808.0,392,0.0
89,WFAgent2,FEMALE_LOW_INCOME,328,4381.0,2435,0.0
89,WFAgent3,YOUNG_LOW_INCOME,286,3816.0,1843,2148.1678321678282
89,WFAgent4,MALE_YOUNG_LOW_INCOME,137,1836.0,1836,0.0
89,WFAgent5,YOUNG_LOW_INCOME,286,3816.0,0,0.0
90,WEAgent1,MALE_OLD_HIGH_INCOME,60,808.0,772,0.0
90,WFAgent6,FEMALE_OLD_LOW_INCOME,180,2401.0,0,0.0
90,WEAgent2,FEMALE_OLD_LOW_INCOME,180,2401.0,179,2387.661111111117
90,WEAgent0,FEMALE_HIGH_INCOME,49,663.0,257,0.0
90,WFAgent0,MALE_OLD,195,2603.0,0,0.0
90,WFAgent1,MALE_OLD_HIGH_INCOME,60,808.0,60,800.3333333333328
90,WFAgent2,OLD_LOW_INCOME,314,4196.0,2256,2387.661111111117
90,WFAgent3,FEMALE_YOUNG_HIGH_INCOME,19,256.0,0,0.0
90,WFAgent4,OLD_HIGH_INCOME,91,1215.0,393,0.0
90,WFAgent5,MALE_OLD_LOW_INCOME,134,1795.0,1715,0.0
91,WEAgent1,FEMALE_YOUNG,167,2236.0,248,280.1958041958041
91,WFAgent6,MALE_HIGH_INCOME,99,1325.0,523,0.0
91,WEAgent2,FEMALE_LOW_INCOME,328,4381.0,1816,0.0
91,WEAgent0,FEMALE_YOUNG_HIGH_INCOME,19,256.0,19,253.51048951048944
91,WFAgent0,MALE_LOW_INCOME,272,3631.0,1763,0.0
91,WFAgent1,MALE_HIGH_INCOME,99,1325.0,0,0.0
91,WFAgent2,FEMALE_YOUNG_LOW_INCOME,148,1980.0,148,1974.7132867132834
91,WFAgent3,MALE_OLD,195,2603.0,1776,0.0
91,WFAgent4,YOUNG_LOW_INCOME,286,3816.0,0,0.0
91,WFAgent5,FEMALE_OLD_HIGH_INCOME,30,407.0,400,0.0
92,WEAgent1,MALE_YOUNG_LOW_INCOME,137,1836.0,1874,0.0
92,WFAgent6,FEMALE_YOUNG,167,2236.0,0,0.0
92,WEAgent2,MALE_LOW_INCOME,272,3631.0,271,3617.650735294132
92,WEAgent0,FEMALE_HIGH_INCOME,49,663.0,266,0.0
92,WFAgent0,MALE_LOW_INCOME,272,3631.0,1504,3577.602941176485
92,WFAgent1,MALE_OLD_HIGH_INCOME,60,808.0,847,0.0
92,WFAgent2,FEMALE_YOUNG_LOW_INCOME,148,1980.0,1940,0.0
92,WFAgent3,FEMALE_YOUNG_LOW_INCOME,148,1980.0,0,0.0
92,WFAgent4,MALE_YOUNG_HIGH_INCOME,38,517.0,523,0.0
92,WFAgent5,FEMALE_YOUNG_LOW_INCOME,148,1980.0,0,0.0
93,WEAgent1,MALE_OLD,195,2603.0,781,840.9692307692317
93,WFAgent6,MALE_OLD_HIGH_INCOME,60,808.0,60,800.9230769230777
93,WEAgent2,FEMALE_OLD_HIGH_INCOME,30,407.0,417,0.0
93,WEAgent0,MALE_YOUNG_HIGH_INCOME,38,517.0,546,0.0
93,WFAgent0,MALE_YOUNG_LOW_INCOME,137,1836.0,924,0.0
93,WFAgent1,FEMALE_HIGH_INCOME,49,663.0,262,0.0
93,WFAgent2,FEMALE_LOW_INCOME,328,4381.0,2384,0.0
93,WFAgent3,OLD_LOW_INCOME,314,4196.0,1766,0.0
93,WFAgent4,MALE_YOUNG_LOW_INCOME,137,1836.0,901,0.0
93,WFAgent5,FEMALE_OLD,210,2808.0,0,0.0
94,WEAgent1,MALE_OLD_HIGH_INCOME,60,808.0,60,800.9230769230777
94,WFAgent6,MALE_HIGH_INCOME,99,1325.0,733,533.9487179487179
94,WEAgent2,MALE_YOUNG,176,2353.0,353,0.0
94,WEAgent0,MALE_LOW_INCOME,272,3631.0,1658,1962.3419117647106
94,WFAgent0,MALE_OLD_LOW_INCOME,134,1795.0,134,1788.801470588239
94,WFAgent1,MALE_OLD,195,2603.0,0,0.0
94,WFAgent2,MALE_HIGH_INCOME,99,1325.0,99,1323.3142191142183
94,WFAgent3,FEMALE_HIGH_INCOME,49,663.0,238,0.0
94,WFAgent4,YOUNG_HIGH_INCOME,57,773.0,57,762.8787878787873
94,WFAgent5,FEMALE_LOW_INCOME,328,4381.0,2349,0.0
95,WEAgent1,OLD_HIGH_INCOME,91,1215.0,367,0.0
95,WFAgent6,MALE_HIGH_INCOME,99,1325.0,577,0.0
95,WEAgent2,FEMALE_YOUNG_LOW_INCOME,148,1980.0,1937,0.0
95,WEAgent0,MALE_YOUNG_LOW_INCOME,137,1836.0,1837,0.0
95,WFAgent0,MALE_HIGH_INCOME,99,1325.0,0,0.0
95,WFAgent1,MALE_OLD_HIGH_INCOME,60,808.0,801,0.0
95,WFAgent2,OLD_HIGH_INCOME,91,1215.0,0,0.0
95,WFAgent3,YOUNG_HIGH_INCOME,57,773.0,253,0.0
95,WFAgent4,FEMALE_OLD_HIGH_INCOME,30,407.0,30,406.354945054945
95,WFAgent5,FEMALE_OLD_HIGH_INCOME,30,407.0,30,406.99999999999994
96,WEAgent1,FEMALE_OLD_LOW_INCOME,180,2401.0,2453,0.0
96,WFAgent6,YOUNG_HIGH_INCOME,57,773.0,265,0.0
96,WEAgent2,MALE_HIGH_INCOME,99,1325.0,488,0.0
96,WEAgent0,YOUNG_LOW_INCOME,286,3816.0,1781,0.0
96,WFAgent0,MALE_OLD_HIGH_INCOME,60,808.0,753,727.1999999999999
96,WFAgent1,MALE_YOUNG_HIGH_INCOME,38,517.0,38,508.5858585858589
96,WFAgent2,MALE_OLD_HIGH_INCOME,60,808.0,59,794.5333333333334
96,WFAgent3,FEMALE_OLD,210,2808.0,399,0.0
96,WFAgent4,MALE_OLD_LOW_INCOME,134,1795.0,1796,0.0
96,WFAgent5,OLD_LOW_INCOME,314,4196.0,0,0.0
97,WEAgent1,MALE_OLD,195,2603.0,700,1160.483333333333
97,WFAgent6,MALE_OLD_LOW_INCOME,134,1795.0,1755,0.0
97,WEAgent2,MALE_HIGH_INCOME,99,1325.0,99,1320.5500000000004
97,WEAgent0,MALE_YOUNG_HIGH_INCOME,38,517.0,38,508.5858585858589
97,WFAgent0,MALE_YOUNG_HIGH_INCOME,38,517.0,38,508.5858585858589
97,WFAgent1,MALE_HIGH_INCOME,99,1325.0,443,388.13131313131333
97,WFAgent2,FEMALE_OLD_LOW_INCOME,180,2401.0,0,0.0
97,WFAgent3,MALE_YOUNG_LOW_INCOME,137,1836.0,1808,0.0
97,WFAgent4,MALE_OLD,195,2603.0,0,0.0
97,WFAgent5,OLD_LOW_INCOME,314,4196.0,2438,0.0
98,WEAgent1,FEMALE_YOUNG_HIGH_INCOME,19,256.0,19,255.9999999999999
98,WFAgent6,OLD_LOW_INCOME,314,4196.0,2393,0.0
98,WEAgent2,OLD_LOW_INCOME,314,4196.0,1804,0.0
98,WEAgent0,FEMALE_LOW_INCOME,328,4381.0,1907,0.0
98,WFAgent0,YOUNG_HIGH_INCOME,57,773.0,0,0.0
98,WFAgent1,FEMALE_YOUNG_HIGH_INCOME,19,256.0,248,161.68421052631578
98,WFAgent2,MALE_YOUNG_HIGH_INCOME,38,517.0,534,0.0
98,WFAgent3,OLD_HIGH_INCOME,91,1215.0,389,280.3846153846154
98,WFAgent4,OLD_HIGH_INCOME,91,1215.0,0,0.0
98,WFAgent5,FEMALE_OLD_HIGH_INCOME,30,407.0,30,400.54945054945057
99,WEAgent1,YOUNG_LOW_INCOME,286,3816.0,286,3815.9999999999877
99,WFAgent6,FEMALE_OLD_HIGH_INCOME,30,407.0,30,400.54945054945057
99,WEAgent2,FEMALE_LOW_INCOME,328,4381.0,1637,3722.601398601387
99,WEAgent0,MALE_YOUNG,176,2353.0,548,0.0
99,WFAgent0,FEMALE_YOUNG_HIGH_INCOME,19,256.0,253,0.0
99,WFAgent1,FEMALE_HIGH_INCOME,49,663.0,382,0.0
99,WFAgent2,OLD_HIGH_INCOME,91,1215.0,0,0.0
99,WFAgent3,MALE_OLD_HIGH_INCOME,60,808.0,832,0.0
99,WFAgent4,MALE_OLD,195,2603.0,1794,0.0
99,WFAgent5,MALE_YOUNG,176,2353.0,0,0.0

