0,WEAgent1,FEMALE_LOW_INCOME,138,135.77601428793116,0,0.0
0,WEAgent2,FEMALE_OLD_LOW_INCOME,76,76.06987656422085,0,0.0
0,WEAgent0,MALE_YOUNG,74,78.46866606031331,0,0.0
0,WEAgent5,FEMALE_OLD_HIGH_INCOME,13,13.968787342228717,0,0.0
0,WEAgent6,FEMALE_LOW_INCOME,138,141.83130027566364,0,0.0
0,WEAgent3,FEMALE_OLD,88,88.05484439551188,0,0.0
0,WEAgent4,MALE_HIGH_INCOME,42,39.61928760456517,0,0.0
0,WEAgent7,FEMALE_OLD_LOW_INCOME,76,70.0399125364538,0,0.0
1,WEAgent1,FEMALE_YOUNG_HIGH_INCOME,9,9.880603443541997,0,0.0
1,WEAgent2,MALE_YOUNG,74,69.60912691723189,0,0.0
1,WEAgent0,FEMALE_LOW_INCOME,138,129.94166268331287,0,0.0
1,WEAgent5,MALE_YOUNG_LOW_INCOME,58,55.212262550692714,0,0.0
1,WEAgent6,FEMALE_LOW_INCOME,138,123.82184297526973,0,0.0
1,WEAgent3,FEMALE_YOUNG_LOW_INCOME,62,63.7437740443161,0,0.0
1,WEAgent4,FEMALE_YOUNG,70,84.36870107483573,0,0.0
1,WEAgent7,FEMALE_OLD_LOW_INCOME,76,74.19350042570078,0,0.0
2,WEAgent1,FEMALE_HIGH_INCOME,21,23.7165802651218,0,0.0
2,WEAgent2,FEMALE_OLD,88,95.1654252350144,0,0.0
2,WEAgent0,MALE_HIGH_INCOME,42,41.45554188239922,0,0.0
2,WEAgent5,MALE_YOUNG,74,67.21672436119138,0,0.0
2,WEAgent6,FEMALE_YOUNG,70,71.01111798542011,0,0.0
2,WEAgent3,MALE_YOUNG_LOW_INCOME,58,47.88023004668357,0,0.0
2,WEAgent4,MALE_HIGH_INCOME,42,45.22368032440989,0,0.0
2,WEAgent7,FEMALE_HIGH_INCOME,21,18.732673443414416,0,0.0
3,WEAgent1,FEMALE_LOW_INCOME,138,139.67666797077908,0,0.0
3,WEAgent2,FEMALE_OLD_LOW_INCOME,76,75.32503393630424,0,0.0
3,WEAgent0,FEMALE_YOUNG_HIGH_INCOME,9,8.756178720964,0,0.0
3,WEAgent5,FEMALE_YOUNG,70,65.07813658368057,0,0.0
3,WEAgent6,MALE_OLD_LOW_INCOME,57,55.475626714272785,0,0.0
3,WEAgent3,MALE_LOW_INCOME,114,100.71890156392463,0,0.0
3,WEAgent4,MALE_HIGH_INCOME,42,43.90734123062704,0,0.0
3,WEAgent7,OLD_LOW_INCOME,132,114.87006068254995,0,0.0
4,WEAgent1,FEMALE_YOUNG_HIGH_INCOME,9,9.06466450619819,0,0.0
4,WEAgent2,FEMALE_HIGH_INCOME,21,20.24851172513602,0,0.0
4,WEAgent0,OLD_HIGH_INCOME,38,32.72335439046097,0,0.0
4,WEAgent5,MALE_LOW_INCOME,114,122.5870641682548,0,0.0
4,WEAgent6,YOUNG_HIGH_INCOME,25,25.842914259342162,0,0.0
4,WEAgent3,FEMALE_YOUNG_HIGH_INCOME,9,8.364701258678112,0,0.0
4,WEAgent4,OLD_LOW_INCOME,132,146.13563758919386,0,0.0
4,WEAgent7,YOUNG_HIGH_INCOME,25,24.20244605156483,0,0.0
5,WEAgent1,FEMALE_YOUNG_LOW_INCOME,62,55.59669280944844,0,0.0
5,WEAgent2,MALE_YOUNG,74,66.01414847903047,0,0.0
5,WEAgent0,MALE_YOUNG,74,79.08343335853183,0,0.0
5,WEAgent5,MALE_LOW_INCOME,114,132.97968846733897,0,0.0
5,WEAgent6,FEMALE_HIGH_INCOME,21,23.210852108179648,0,0.0
5,WEAgent3,MALE_OLD_HIGH_INCOME,26,24.351156562388006,0,0.0
5,WEAgent4,MALE_YOUNG,74,75.23128958618967,0,0.0
5,WEAgent7,MALE_OLD_HIGH_INCOME,26,25.105556393267296,0,0.0
6,WEAgent1,MALE_YOUNG,74,83.76694785642727,0,0.0
6,WEAgent2,MALE_YOUNG_LOW_INCOME,58,58.85356048403721,0,0.0
6,WEAgent0,FEMALE_YOUNG,70,64.9463792593137,0,0.0
6,WEAgent5,FEMALE_YOUNG_HIGH_INCOME,9,8.464189304739232,0,0.0
6,WEAgent6,OLD_LOW_INCOME,132,117.69965861897079,0,0.0
6,WEAgent3,FEMALE_YOUNG,70,73.28353946509885,0,0.0
6,WEAgent4,FEMALE_OLD_HIGH_INCOME,13,13.361780467296354,0,0.0
6,WEAgent7,FEMALE_YOUNG,70,79.82919011260336,0,0.0
7,WEAgent1,MALE_YOUNG,74,71.23983653512717,0,0.0
7,WEAgent2,MALE_YOUNG_HIGH_INCOME,17,15.186660446116436,0,0.0
7,WEAgent0,FEMALE_YOUNG,70,58.48067378550995,0,0.0
7,WEAgent5,FEMALE_OLD,88,85.56036293167055,0,0.0
7,WEAgent6,MALE_HIGH_INCOME,42,41.84776780750103,0,0.0
7,WEAgent3,FEMALE_YOUNG_HIGH_INCOME,9,8.969110855754014,0,0.0
7,WEAgent4,FEMALE_OLD,88,78.98813038965898,0,0.0
7,WEAgent7,MALE_HIGH_INCOME,42,43.47635644872059,0,0.0
8,WEAgent1,FEMALE_LOW_INCOME,138,155.97386299641667,0,0.0
8,WEAgent2,MALE_YOUNG,74,69.73836892100329,0,0.0
8,WEAgent0,MALE_OLD_LOW_INCOME,57,60.66743662252697,0,0.0
8,WEAgent5,MALE_YOUNG_HIGH_INCOME,17,17.789275667297357,0,0.0
8,WEAgent6,MALE_YOUNG_LOW_INCOME,58,65.99222299794928,0,0.0
8,WEAgent3,FEMALE_HIGH_INCOME,21,21.142103587253427,0,0.0
8,WEAgent4,MALE_OLD,82,82.67265989432605,0,0.0
8,WEAgent7,FEMALE_OLD_HIGH_INCOME,13,13.474891460307765,0,0.0
9,WEAgent1,MALE_LOW_INCOME,114,112.6165145862373,0,0.0
9,WEAgent2,YOUNG_LOW_INCOME,120,112.65936767644307,0,0.0
9,WEAgent0,MALE_YOUNG_LOW_INCOME,58,52.91128661187058,0,0.0
9,WEAgent5,FEMALE_OLD_LOW_INCOME,76,78.97332791614,0,0.0
9,WEAgent6,FEMALE_HIGH_INCOME,21,17.860725302943898,0,0.0
9,WEAgent3,OLD_HIGH_INCOME,38,40.02986535977382,0,0.0
9,WEAgent4,MALE_LOW_INCOME,114,111.7683438868956,0,0.0
9,WEAgent7,MALE_HIGH_INCOME,42,50.49833528474183,0,0.0
10,WEAgent1,FEMALE_OLD,88,86.0437307114314,0,0.0
10,WEAgent2,FEMALE_YOUNG_LOW_INCOME,62,60.46088834235448,0,0.0
10,WEAgent0,MALE_YOUNG,74,75.67858512403804,0,0.0
10,WEAgent5,MALE_YOUNG_HIGH_INCOME,17,18.598520283826623,0,0.0
10,WEAgent6,FEMALE_LOW_INCOME,138,139.83684133093882,0,0.0
10,WEAgent3,FEMALE_YOUNG_LOW_INCOME,62,49.756481554437876,0,0.0
10,WEAgent4,FEMALE_OLD_HIGH_INCOME,13,11.931863284684194,0,0.0
10,WEAgent7,MALE_OLD,82,93.7691713987027,0,0.0
11,WEAgent1,MALE_YOUNG_LOW_INCOME,58,56.97874157547152,0,0.0
11,WEAgent2,MALE_YOUNG_LOW_INCOME,58,67.83851233531914,0,0.0
11,WEAgent0,FEMALE_YOUNG,70,69.82180039019171,0,0.0
11,WEAgent5,MALE_YOUNG_HIGH_INCOME,17,16.942094506215028,0,0.0
11,WEAgent6,YOUNG_LOW_INCOME,120,123.13908016187703,0,0.0
11,WEAgent3,MALE_YOUNG,74,78.38441290440389,0,0.0
11,WEAgent4,FEMALE_LOW_INCOME,138,131.8401909855296,0,0.0
11,WEAgent7,MALE_OLD_HIGH_INCOME,26,27.104106453004846,0,0.0
12,WEAgent1,FEMALE_HIGH_INCOME,21,21.075042465002678,0,0.0
12,WEAgent2,FEMALE_YOUNG_HIGH_INCOME,9,10.593300088687478,0,0.0
12,WEAgent0,MALE_YOUNG_LOW_INCOME,58,56.34569692125081,0,0.0
12,WEAgent5,MALE_OLD_HIGH_INCOME,26,22.706435785750077,0,0.0
12,WEAgent6,FEMALE_HIGH_INCOME,21,24.356380404939777,0,0.0
12,WEAgent3,FEMALE_OLD_HIGH_INCOME,13,12.835585347029044,0,0.0
12,WEAgent4,OLD_LOW_INCOME,132,126.71020109443901,0,0.0
12,WEAgent7,FEMALE_YOUNG_HIGH_INCOME,9,10.130895746718881,0,0.0
13,WEAgent1,OLD_LOW_INCOME,132,128.40120348491155,0,0.0
13,WEAgent2,FEMALE_OLD_LOW_INCOME,76,67.88406098336215,0,0.0
13,WEAgent0,FEMALE_YOUNG,70,64.6911585379593,0,0.0
13,WEAgent5,FEMALE_OLD_LOW_INCOME,76,65.28936094455673,0,0.0
13,WEAgent6,MALE_OLD_HIGH_INCOME,26,26.21668319560931,0,0.0
13,WEAgent3,MALE_YOUNG_HIGH_INCOME,17,17.029945870527207,0,0.0
13,WEAgent4,FEMALE_HIGH_INCOME,21,24.204031487388132,0,0.0
13,WEAgent7,FEMALE_YOUNG,70,61.25094052523117,0,0.0
14,WEAgent1,FEMALE_YOUNG_HIGH_INCOME,9,9.718341292918174,0,0.0
14,WEAgent2,FEMALE_HIGH_INCOME,21,22.23769326958318,0,0.0
14,WEAgent0,MALE_HIGH_INCOME,42,43.50417552416429,0,0.0
14,WEAgent5,MALE_OLD,82,79.35741684064355,0,0.0
14,WEAgent6,FEMALE_HIGH_INCOME,21,20.493140258754945,0,0.0
14,WEAgent3,MALE_OLD_LOW_INCOME,57,59.61907627357004,0,0.0
14,WEAgent4,OLD_LOW_INCOME,132,124.73497550753748,0,0.0
14,WEAgent7,OLD_HIGH_INCOME,38,33.18629342654038,0,0.0
15,WEAgent1,MALE_OLD_LOW_INCOME,57,48.763871241749435,0,0.0
15,WEAgent2,MALE_LOW_INCOME,114,117.12726611535119,0,0.0
15,WEAgent0,MALE_YOUNG_LOW_INCOME,58,61.432509359893736,0,0.0
15,WEAgent5,MALE_YOUNG_LOW_INCOME,58,45.6697466396228,0,0.0
15,WEAgent6,MALE_OLD,82,93.45784853646155,0,0.0
15,WEAgent3,MALE_OLD,82,91.31302059983665,0,0.0
15,WEAgent4,FEMALE_OLD_HIGH_INCOME,13,14.76043658914915,0,0.0
15,WEAgent7,MALE_YOUNG,74,72.45477018404165,0,0.0
16,WEAgent1,MALE_HIGH_INCOME,42,43.708566275945515,0,0.0
16,WEAgent2,MALE_OLD_LOW_INCOME,57,54.19757942386481,0,0.0
16,WEAgent0,MALE_LOW_INCOME,114,82.65289894004397,0,0.0
16,WEAgent5,FEMALE_OLD,88,78.29568346121603,0,0.0
16,WEAgent6,OLD_LOW_INCOME,132,137.55495762286785,0,0.0
16,WEAgent3,YOUNG_HIGH_INCOME,25,28.563900043688072,0,0.0
16,WEAgent4,FEMALE_YOUNG_HIGH_INCOME,9,9.7902592599541,0,0.0
16,WEAgent7,MALE_YOUNG,74,64.91372196767593,0,0.0
17,WEAgent1,MALE_OLD,82,86.3982319166252,0,0.0
17,WEAgent2,FEMALE_OLD_LOW_INCOME,76,60.35157824133417,0,0.0
17,WEAgent0,FEMALE_OLD_LOW_INCOME,76,78.66554530214704,0,0.0
17,WEAgent5,FEMALE_OLD_LOW_INCOME,76,79.29340817875895,0,0.0
17,WEAgent6,FEMALE_OLD_HIGH_INCOME,13,14.562992315491558,0,0.0
17,WEAgent3,FEMALE_OLD,88,81.65790630244928,0,0.0
17,WEAgent4,FEMALE_YOUNG_HIGH_INCOME,9,7.786063247195821,0,0.0
17,WEAgent7,YOUNG_LOW_INCOME,120,118.67497703954676,0,0.0
18,WEAgent1,FEMALE_LOW_INCOME,138,155.94632880438198,0,0.0
18,WEAgent2,FEMALE_YOUNG,70,86.93364292065074,71,85.9100000000002
18,WEAgent0,FEMALE_LOW_INCOME,138,161.36335762461363,0,0.0
18,WEAgent5,MALE_LOW_INCOME,114,106.97401265589606,0,0.0
18,WEAgent6,MALE_YOUNG_LOW_INCOME,58,53.362437143543744,0,0.0
18,WEAgent3,MALE_OLD,82,79.39770218365395,0,0.0
18,WEAgent4,MALE_YOUNG_HIGH_INCOME,17,17.25877130477079,0,0.0
18,WEAgent7,MALE_LOW_INCOME,114,102.35924318042177,0,0.0
19,WEAgent1,OLD_LOW_INCOME,132,128.03530840025397,0,0.0
19,WEAgent2,OLD_LOW_INCOME,132,128.51589460061737,0,0.0
19,WEAgent0,MALE_OLD_HIGH_INCOME,26,25.993544236244023,0,0.0
19,WEAgent5,FEMALE_YOUNG_HIGH_INCOME,9,9.530585416256423,0,0.0
19,WEAgent6,YOUNG_LOW_INCOME,120,120.07770995628037,0,0.0
19,WEAgent3,MALE_OLD,82,88.56745478530698,0,0.0
19,WEAgent4,YOUNG_HIGH_INCOME,25,25.70685084539679,0,0.0
19,WEAgent7,MALE_OLD_HIGH_INCOME,26,25.0680608790144,0,0.0
20,WEAgent1,MALE_HIGH_INCOME,42,40.19364753446152,0,0.0
20,WEAgent2,YOUNG_HIGH_INCOME,25,26.12681798708602,0,0.0
20,WEAgent0,FEMALE_HIGH_INCOME,21,22.973174877728002,0,0.0
20,WEAgent5,FEMALE_OLD_HIGH_INCOME,13,13.943259653043258,0,0.0
20,WEAgent6,YOUNG_HIGH_INCOME,25,22.841096976437104,0,0.0
20,WEAgent3,MALE_YOUNG,74,75.0063865607449,0,0.0
20,WEAgent4,MALE_LOW_INCOME,114,104.0653269931075,0,0.0
20,WEAgent7,MALE_YOUNG_LOW_INCOME,58,60.0786467272415,0,0.0
21,WEAgent1,YOUNG_HIGH_INCOME,25,26.31507421823461,0,0.0
21,WEAgent2,MALE_YOUNG_HIGH_INCOME,17,17.5833724809346,0,0.0
21,WEAgent0,FEMALE_YOUNG,70,65.09304030136968,0,0.0
21,WEAgent5,FEMALE_YOUNG_LOW_INCOME,62,61.1101800357691,0,0.0
21,WEAgent6,MALE_HIGH_INCOME,42,47.37141589825841,0,0.0
21,WEAgent3,MALE_YOUNG_HIGH_INCOME,17,19.538064147032113,0,0.0
21,WEAgent4,MALE_YOUNG_LOW_INCOME,58,54.47922151366956,0,0.0
21,WEAgent7,MALE_HIGH_INCOME,42,45.583876070171215,0,0.0
22,WEAgent1,MALE_LOW_INCOME,114,114.93481165778913,0,0.0
22,WEAgent2,MALE_LOW_INCOME,114,98.4142152252856,0,0.0
22,WEAgent0,MALE_YOUNG_HIGH_INCOME,17,15.944194384865659,0,0.0
22,WEAgent5,MALE_OLD,82,81.30357434857606,0,0.0
22,WEAgent6,FEMALE_YOUNG_LOW_INCOME,62,62.60632656217871,0,0.0
22,WEAgent3,FEMALE_YOUNG_LOW_INCOME,62,60.34504455001429,0,0.0
22,WEAgent4,YOUNG_HIGH_INCOME,25,24.89403996081556,0,0.0
22,WEAgent7,OLD_LOW_INCOME,132,115.40516679961516,0,0.0
23,WEAgent1,FEMALE_YOUNG_HIGH_INCOME,9,7.8325525759825885,0,0.0
23,WEAgent2,FEMALE_YOUNG_LOW_INCOME,62,59.09684685013121,0,0.0
23,WEAgent0,FEMALE_YOUNG_LOW_INCOME,62,64.08652624294301,0,0.0
23,WEAgent5,MALE_YOUNG_HIGH_INCOME,17,18.922174900678232,0,0.0
23,WEAgent6,MALE_YOUNG_HIGH_INCOME,17,15.762098846222296,0,0.0
23,WEAgent3,FEMALE_YOUNG_LOW_INCOME,62,61.96939434910943,0,0.0
23,WEAgent4,FEMALE_OLD_HIGH_INCOME,13,15.065977711193902,0,0.0
23,WEAgent7,MALE_YOUNG_HIGH_INCOME,17,15.517606926687918,0,0.0
24,WEAgent1,YOUNG_HIGH_INCOME,25,25.472341250990926,0,0.0
24,WEAgent2,YOUNG_LOW_INCOME,120,117.34049509721943,0,0.0
24,WEAgent0,FEMALE_OLD,88,75.4258442001283,0,0.0
24,WEAgent5,MALE_OLD_LOW_INCOME,57,56.10912261967182,0,0.0
24,WEAgent6,FEMALE_LOW_INCOME,138,142.94377261311948,0,0.0
24,WEAgent3,FEMALE_YOUNG,70,64.83986524681447,0,0.0
24,WEAgent4,YOUNG_LOW_INCOME,120,109.25676610071105,0,0.0
24,WEAgent7,MALE_YOUNG_LOW_INCOME,58,68.00752536548644,0,0.0
25,WEAgent1,FEMALE_YOUNG,70,71.02347445880132,0,0.0
25,WEAgent2,MALE_OLD,82,86.89927206635396,0,0.0
25,WEAgent0,FEMALE_OLD_HIGH_INCOME,13,9.289203144568585,0,0.0
25,WEAgent5,OLD_LOW_INCOME,132,143.98467600345148,0,0.0
25,WEAgent6,OLD_HIGH_INCOME,38,31.57460485738107,0,0.0
25,WEAgent3,OLD_HIGH_INCOME,38,37.47831882382661,0,0.0
25,WEAgent4,OLD_LOW_INCOME,132,122.14264876524304,0,0.0
25,WEAgent7,FEMALE_LOW_INCOME,138,113.01584612874368,0,0.0
26,WEAgent1,FEMALE_OLD_LOW_INCOME,76,68.11303859030475,0,0.0
26,WEAgent2,FEMALE_HIGH_INCOME,21,21.841081063409366,0,0.0
26,WEAgent0,MALE_OLD_LOW_INCOME,57,58.398461453041655,0,0.0
26,WEAgent5,FEMALE_LOW_INCOME,138,115.40925898839208,0,0.0
26,WEAgent6,MALE_YOUNG_HIGH_INCOME,17,17.404259116181674,0,0.0
26,WEAgent3,FEMALE_YOUNG,70,71.52402966816483,0,0.0
26,WEAgent4,FEMALE_OLD_LOW_INCOME,76,78.6503474663819,0,0.0
26,WEAgent7,FEMALE_YOUNG,70,57.3902996543012,0,0.0
27,WEAgent1,YOUNG_LOW_INCOME,120,125.00193174346398,0,0.0
27,WEAgent2,YOUNG_HIGH_INCOME,25,25.860088327733315,0,0.0
27,WEAgent0,FEMALE_YOUNG_LOW_INCOME,62,61.87208208477601,0,0.0
27,WEAgent5,YOUNG_HIGH_INCOME,25,27.604608999612015,0,0.0
27,WEAgent6,FEMALE_OLD_LOW_INCOME,76,84.1159764803751,0,0.0
27,WEAgent3,FEMALE_HIGH_INCOME,21,20.05489530590708,0,0.0
27,WEAgent4,FEMALE_OLD_HIGH_INCOME,13,12.083775515852029,0,0.0
27,WEAgent7,FEMALE_YOUNG_HIGH_INCOME,9,8.263283550009383,0,0.0
28,WEAgent1,MALE_YOUNG,74,80.10994383894436,0,0.0
28,WEAgent2,FEMALE_OLD_HIGH_INCOME,13,11.474961144745691,0,0.0
28,WEAgent0,OLD_LOW_INCOME,132,99.98914808881491,0,0.0
28,WEAgent5,MALE_OLD_LOW_INCOME,57,59.55940190710878,0,0.0
28,WEAgent6,MALE_OLD_HIGH_INCOME,26,21.227076411771865,0,0.0
28,WEAgent3,MALE_HIGH_INCOME,42,46.09287495716003,0,0.0
28,WEAgent4,FEMALE_OLD_LOW_INCOME,76,78.91095620894015,0,0.0
28,WEAgent7,MALE_YOUNG_LOW_INCOME,58,58.02260745379151,0,0.0
29,WEAgent1,MALE_YOUNG_HIGH_INCOME,17,16.22667710868253,0,0.0
29,WEAgent2,FEMALE_OLD_HIGH_INCOME,13,16.244898402857505,13,15.730000000000011
29,WEAgent0,MALE_OLD_LOW_INCOME,57,47.816932593257164,0,0.0
29,WEAgent5,MALE_YOUNG_LOW_INCOME,58,48.54831933294102,0,0.0
29,WEAgent6,MALE_OLD_LOW_INCOME,57,57.29248191910903,0,0.0
29,WEAgent3,FEMALE_YOUNG_LOW_INCOME,62,61.0773303411661,0,0.0
29,WEAgent4,MALE_YOUNG_LOW_INCOME,58,49.36860947925835,0,0.0
29,WEAgent7,FEMALE_YOUNG_LOW_INCOME,62,59.43200479607634,0,0.0
30,WEAgent1,MALE_OLD,82,88.81379574535055,0,0.0
30,WEAgent2,MALE_LOW_INCOME,114,112.08380023520786,0,0.0
30,WEAgent0,MALE_OLD,82,88.61747914794974,0,0.0
30,WEAgent5,OLD_LOW_INCOME,132,140.8912474952536,0,0.0
30,WEAgent6,FEMALE_OLD,88,81.3026604375371,0,0.0
30,WEAgent3,YOUNG_HIGH_INCOME,25,22.344412992978587,0,0.0
30,WEAgent4,FEMALE_YOUNG_HIGH_INCOME,9,8.662303052532778,0,0.0
30,WEAgent7,FEMALE_YOUNG,70,73.41043439293537,0,0.0
31,WEAgent1,MALE_LOW_INCOME,114,109.22803135214023,0,0.0
31,WEAgent2,MALE_LOW_INCOME,114,112.48044258694176,0,0.0
31,WEAgent0,OLD_LOW_INCOME,132,128.79342495348922,0,0.0
31,WEAgent5,FEMALE_YOUNG,70,61.69572198487277,0,0.0
31,WEAgent6,FEMALE_YOUNG_LOW_INCOME,62,73.04529894702436,0,0.0
31,WEAgent3,FEMALE_YOUNG_LOW_INCOME,62,72.14214660033304,0,0.0
31,WEAgent4,FEMALE_OLD_LOW_INCOME,76,56.42156031001787,0,0.0
31,WEAgent7,FEMALE_OLD_LOW_INCOME,76,53.86708629979758,0,0.0
32,WEAgent1,OLD_LOW_INCOME,132,137.81269162025998,0,0.0
32,WEAgent2,MALE_YOUNG,74,64.97741743377553,0,0.0
32,WEAgent0,FEMALE_YOUNG_LOW_INCOME,62,63.037051321043236,0,0.0
32,WEAgent5,FEMALE_YOUNG_HIGH_INCOME,9,9.964522934510175,0,0.0
32,WEAgent6,MALE_OLD_HIGH_INCOME,26,24.30476000095645,0,0.0
32,WEAgent3,FEMALE_YOUNG_HIGH_INCOME,9,9.583812934618436,0,0.0
32,WEAgent4,MALE_YOUNG_LOW_INCOME,58,61.31529211712102,0,0.0
32,WEAgent7,MALE_OLD_LOW_INCOME,57,57.96318896164631,0,0.0
33,WEAgent1,MALE_LOW_INCOME,114,112.47053440501374,0,0.0
33,WEAgent2,FEMALE_YOUNG_LOW_INCOME,62,61.0102681485092,0,0.0
33,WEAgent0,FEMALE_HIGH_INCOME,21,22.302163958987396,0,0.0
33,WEAgent5,MALE_YOUNG_LOW_INCOME,58,56.89196374733176,0,0.0
33,WEAgent6,MALE_OLD_LOW_INCOME,57,63.941529298000674,0,0.0
33,WEAgent3,MALE_OLD_LOW_INCOME,57,54.421423823835994,0,0.0
33,WEAgent4,YOUNG_LOW_INCOME,120,118.84606428769527,0,0.0
33,WEAgent7,FEMALE_YOUNG_HIGH_INCOME,9,8.050882684045776,0,0.0
34,WEAgent1,MALE_OLD_LOW_INCOME,57,65.2265769491685,0,0.0
34,WEAgent2,OLD_HIGH_INCOME,38,35.68102894750699,0,0.0
34,WEAgent0,MALE_YOUNG_HIGH_INCOME,17,15.921424116528929,0,0.0
34,WEAgent5,MALE_HIGH_INCOME,42,43.722146554897634,0,0.0
34,WEAgent6,MALE_HIGH_INCOME,42,37.026752066212445,0,0.0
34,WEAgent3,FEMALE_OLD_HIGH_INCOME,13,13.61999100955444,0,0.0
34,WEAgent4,FEMALE_HIGH_INCOME,21,22.852082711795518,0,0.0
34,WEAgent7,FEMALE_HIGH_INCOME,21,21.741327092072048,0,0.0
35,WEAgent1,FEMALE_YOUNG_LOW_INCOME,62,53.391642758908375,0,0.0
35,WEAgent2,MALE_OLD_HIGH_INCOME,26,32.2953452322976,26,31.460000000000022
35,WEAgent0,MALE_OLD_LOW_INCOME,57,59.0160267486508,0,0.0
35,WEAgent5,MALE_OLD,82,95.57759736006922,0,0.0
35,WEAgent6,MALE_YOUNG_LOW_INCOME,58,51.14683503908199,0,0.0
35,WEAgent3,FEMALE_HIGH_INCOME,21,22.234594018244056,0,0.0
35,WEAgent4,FEMALE_OLD_HIGH_INCOME,13,13.538594937224246,0,0.0
35,WEAgent7,FEMALE_HIGH_INCOME,21,17.00777088020497,0,0.0
36,WEAgent1,MALE_YOUNG,74,76.91865798374013,0,0.0
36,WEAgent2,FEMALE_OLD_HIGH_INCOME,13,14.882173077687492,0,0.0
36,WEAgent0,OLD_HIGH_INCOME,38,37.192280810772466,0,0.0
36,WEAgent5,OLD_HIGH_INCOME,38,38.08175441833189,0,0.0
36,WEAgent6,MALE_OLD,82,77.83901435743768,0,0.0
36,WEAgent3,YOUNG_LOW_INCOME,120,119.47420173934798,0,0.0
36,WEAgent4,OLD_LOW_INCOME,132,138.62592054821877,0,0.0
36,WEAgent7,YOUNG_HIGH_INCOME,25,23.51727138473609,0,0.0
37,WEAgent1,YOUNG_LOW_INCOME,120,132.1020422016227,0,0.0
37,WEAgent2,OLD_LOW_INCOME,132,118.72727921909657,0,0.0
37,WEAgent0,FEMALE_YOUNG,70,57.27372129539073,0,0.0
37,WEAgent5,MALE_HIGH_INCOME,42,49.965402723050204,0,0.0
37,WEAgent6,MALE_OLD,82,80.91674306978595,0,0.0
37,WEAgent3,OLD_LOW_INCOME,132,124.87085545751522,0,0.0
37,WEAgent4,YOUNG_HIGH_INCOME,25,24.811768479511613,0,0.0
37,WEAgent7,OLD_HIGH_INCOME,38,35.063803054585236,0,0.0
38,WEAgent1,FEMALE_OLD_LOW_INCOME,76,75.39742881666787,0,0.0
38,WEAgent2,YOUNG_LOW_INCOME,120,105.46289332252981,0,0.0
38,WEAgent0,OLD_HIGH_INCOME,38,39.74718651485006,0,0.0
38,WEAgent5,FEMALE_LOW_INCOME,138,130.30536804056257,0,0.0
38,WEAgent6,MALE_LOW_INCOME,114,103.47088734091034,0,0.0
38,WEAgent3,FEMALE_OLD_HIGH_INCOME,13,12.681833087351384,0,0.0
38,WEAgent4,MALE_OLD_HIGH_INCOME,26,25.5798055373057,0,0.0
38,WEAgent7,YOUNG_HIGH_INCOME,25,27.290168692074243,0,0.0
39,WEAgent1,MALE_YOUNG_LOW_INCOME,58,51.22355091688566,0,0.0
39,WEAgent2,FEMALE_LOW_INCOME,138,155.62069883091587,0,0.0
39,WEAgent0,FEMALE_LOW_INCOME,138,158.62895351866345,0,0.0
39,WEAgent5,MALE_LOW_INCOME,114,103.02575513600142,0,0.0
39,WEAgent6,FEMALE_LOW_INCOME,138,131.84240333823638,0,0.0
39,WEAgent3,OLD_HIGH_INCOME,38,34.889515916247845,0,0.0
39,WEAgent4,FEMALE_YOUNG_HIGH_INCOME,9,8.507935959775708,0,0.0
39,WEAgent7,FEMALE_YOUNG_HIGH_INCOME,9,10.62003818204974,0,0.0
40,WEAgent1,FEMALE_LOW_INCOME,138,138.60895686739073,0,0.0
40,WEAgent2,MALE_YOUNG_HIGH_INCOME,17,19.932685627423975,0,0.0
40,WEAgent0,MALE_HIGH_INCOME,42,37.66972574913606,0,0.0
40,WEAgent5,FEMALE_HIGH_INCOME,21,18.087555582652076,0,0.0
40,WEAgent6,FEMALE_YOUNG_HIGH_INCOME,9,8.146037868045271,0,0.0
40,WEAgent3,MALE_OLD,82,83.8782553159953,0,0.0
40,WEAgent4,FEMALE_YOUNG_HIGH_INCOME,9,8.6637436597054,0,0.0
40,WEAgent7,MALE_OLD_LOW_INCOME,57,52.72125589956474,0,0.0
41,WEAgent1,MALE_HIGH_INCOME,42,51.15322046436425,42,50.820000000000036
41,WEAgent2,FEMALE_YOUNG,70,58.77001702035025,0,0.0
41,WEAgent0,FEMALE_LOW_INCOME,138,168.6960931222264,139,168.19000000000074
41,WEAgent5,MALE_YOUNG_HIGH_INCOME,17,13.804517087977839,0,0.0
41,WEAgent6,MALE_YOUNG,74,77.57547512717923,0,0.0
41,WEAgent3,FEMALE_YOUNG_HIGH_INCOME,9,7.747994577944322,0,0.0
41,WEAgent4,FEMALE_YOUNG_HIGH_INCOME,9,8.594311094294618,0,0.0
41,WEAgent7,FEMALE_YOUNG,70,68.89323359900798,0,0.0
42,WEAgent1,MALE_LOW_INCOME,114,140.35309994275354,115,139.15000000000055
42,WEAgent2,YOUNG_LOW_INCOME,120,107.64153200955352,0,0.0
42,WEAgent0,MALE_HIGH_INCOME,42,50.311205923004735,0,0.0
42,WEAgent5,FEMALE_YOUNG_LOW_INCOME,62,64.93282419030882,0,0.0
42,WEAgent6,FEMALE_LOW_INCOME,138,130.07421784778256,0,0.0
42,WEAgent3,MALE_OLD_HIGH_INCOME,26,30.76218763991028,0,0.0
42,WEAgent4,MALE_YOUNG,74,72.22409204278132,0,0.0
42,WEAgent7,FEMALE_HIGH_INCOME,21,18.807312008996,0,0.0
43,WEAgent1,MALE_OLD,82,78.01627816131179,0,0.0
43,WEAgent2,FEMALE_OLD,88,93.00277397420373,0,0.0
43,WEAgent0,OLD_HIGH_INCOME,38,37.064094733640786,0,0.0
43,WEAgent5,FEMALE_YOUNG,70,64.76046421302581,0,0.0
43,WEAgent6,YOUNG_HIGH_INCOME,25,27.595771141359478,0,0.0
43,WEAgent3,MALE_YOUNG_LOW_INCOME,58,60.84116399121498,0,0.0
43,WEAgent4,FEMALE_OLD,88,87.58277231537612,0,0.0
43,WEAgent7,FEMALE_YOUNG_HIGH_INCOME,9,6.865331149185947,0,0.0
44,WEAgent1,MALE_HIGH_INCOME,42,45.86627648143084,0,0.0
44,WEAgent2,FEMALE_OLD,88,89.34426694700429,0,0.0
44,WEAgent0,MALE_LOW_INCOME,114,114.63681353712978,0,0.0
44,WEAgent5,FEMALE_OLD_HIGH_INCOME,13,13.40033468442071,0,0.0
44,WEAgent6,FEMALE_OLD,88,72.23389577538576,0,0.0
44,WEAgent3,FEMALE_YOUNG_LOW_INCOME,62,57.578907484148864,0,0.0
44,WEAgent4,MALE_YOUNG_LOW_INCOME,58,52.05515594360735,0,0.0
44,WEAgent7,MALE_YOUNG_LOW_INCOME,58,64.15179144361275,0,0.0
45,WEAgent1,MALE_OLD,82,82.97111334680116,0,0.0
45,WEAgent2,FEMALE_HIGH_INCOME,21,20.85721625552513,0,0.0
45,WEAgent0,FEMALE_HIGH_INCOME,21,23.48777139554233,0,0.0
45,WEAgent5,MALE_YOUNG,74,73.01740254415495,0,0.0
45,WEAgent6,YOUNG_LOW_INCOME,120,107.57019915918794,0,0.0
45,WEAgent3,MALE_OLD_LOW_INCOME,57,62.357997534800724,0,0.0
45,WEAgent4,FEMALE_YOUNG_LOW_INCOME,62,65.69388082664025,0,0.0
45,WEAgent7,MALE_YOUNG_HIGH_INCOME,17,17.29799597801169,0,0.0
46,WEAgent1,YOUNG_LOW_INCOME,120,137.12885304814387,0,0.0
46,WEAgent2,MALE_OLD_HIGH_INCOME,26,26.0330308721592,0,0.0
46,WEAgent0,FEMALE_HIGH_INCOME,21,22.288555659056325,0,0.0
46,WEAgent5,FEMALE_YOUNG_HIGH_INCOME,9,8.345513173066934,0,0.0
46,WEAgent6,YOUNG_HIGH_INCOME,25,24.27533670930266,0,0.0
46,WEAgent3,MALE_YOUNG_HIGH_INCOME,17,17.535303275996352,0,0.0
46,WEAgent4,MALE_OLD_HIGH_INCOME,26,27.23665697213682,0,0.0
46,WEAgent7,FEMALE_YOUNG_HIGH_INCOME,9,9.403205857946848,0,0.0
47,WEAgent1,FEMALE_OLD_LOW_INCOME,76,80.11296558918743,0,0.0
47,WEAgent2,MALE_OLD_LOW_INCOME,57,42.43351647944468,0,0.0
47,WEAgent0,OLD_LOW_INCOME,132,119.37293905677573,0,0.0
47,WEAgent5,MALE_LOW_INCOME,114,92.80992592080506,0,0.0
47,WEAgent6,FEMALE_YOUNG,70,75.2237725059099,0,0.0
47,WEAgent3,MALE_OLD,82,88.19840369672963,0,0.0
47,WEAgent4,MALE_YOUNG,74,61.29159990844565,0,0.0
47,WEAgent7,MALE_HIGH_INCOME,42,37.08812326484337,0,0.0
48,WEAgent1,FEMALE_OLD_LOW_INCOME,76,80.39681462407896,0,0.0
48,WEAgent2,FEMALE_LOW_INCOME,138,126.15013464372177,0,0.0
48,WEAgent0,FEMALE_OLD_HIGH_INCOME,13,10.524044725266373,0,0.0
48,WEAgent5,FEMALE_OLD,88,86.40386217110851,0,0.0
48,WEAgent6,MALE_LOW_INCOME,114,119.27633959274696,0,0.0
48,WEAgent3,YOUNG_HIGH_INCOME,25,30.99080421228676,25,30.25000000000002
48,WEAgent4,OLD_LOW_INCOME,132,144.0859329430072,0,0.0
48,WEAgent7,OLD_LOW_INCOME,132,129.00926735561706,0,0.0
49,WEAgent1,MALE_YOUNG_HIGH_INCOME,17,18.356960828953127,0,0.0
49,WEAgent2,YOUNG_HIGH_INCOME,25,21.284880584207137,0,0.0
49,WEAgent0,FEMALE_OLD,88,88.17921845812137,0,0.0
49,WEAgent5,MALE_YOUNG_LOW_INCOME,58,66.62842605143571,0,0.0
49,WEAgent6,MALE_HIGH_INCOME,42,44.35133516584546,0,0.0
49,WEAgent3,FEMALE_YOUNG,70,68.82680835217504,0,0.0
49,WEAgent4,OLD_LOW_INCOME,132,134.4379291497651,0,0.0
49,WEAgent7,FEMALE_LOW_INCOME,138,148.89613133477275,0,0.0
50,WEAgent1,MALE_OLD_LOW_INCOME,57,64.68577408017528,0,0.0
50,WEAgent2,MALE_YOUNG_LOW_INCOME,58,70.54967227251316,58,70.18000000000009
50,WEAgent0,YOUNG_LOW_INCOME,120,115.81711148601033,0,0.0
50,WEAgent5,OLD_HIGH_INCOME,38,43.86377762947652,0,0.0
50,WEAgent6,MALE_OLD_LOW_INCOME,57,52.07004772471943,0,0.0
50,WEAgent3,OLD_HIGH_INCOME,38,37.27847557123091,0,0.0
50,WEAgent4,MALE_OLD,82,96.30500323249757,0,0.0
50,WEAgent7,MALE_HIGH_INCOME,42,42.58499075676724,0,0.0
51,WEAgent1,FEMALE_HIGH_INCOME,21,19.79120665269763,0,0.0
51,WEAgent2,YOUNG_LOW_INCOME,120,125.64067142156644,0,0.0
51,WEAgent0,MALE_YOUNG_HIGH_INCOME,17,17.175257163875255,0,0.0
51,WEAgent5,MALE_LOW_INCOME,114,123.90045647768815,0,0.0
51,WEAgent6,MALE_YOUNG_LOW_INCOME,58,53.48081325025973,0,0.0
51,WEAgent3,FEMALE_OLD_LOW_INCOME,76,79.65102444889955,0,0.0
51,WEAgent4,FEMALE_YOUNG_LOW_INCOME,62,64.47029088954422,0,0.0
51,WEAgent7,MALE_HIGH_INCOME,42,42.78223660320089,0,0.0
52,WEAgent1,FEMALE_LOW_INCOME,138,156.41694883291768,0,0.0
52,WEAgent2,OLD_HIGH_INCOME,38,37.23136349425439,0,0.0
52,WEAgent0,YOUNG_HIGH_INCOME,25,25.705314252060305,0,0.0
52,WEAgent5,MALE_HIGH_INCOME,42,40.741981609411226,0,0.0
52,WEAgent6,FEMALE_OLD_LOW_INCOME,76,72.17182948299482,0,0.0
52,WEAgent3,MALE_YOUNG_LOW_INCOME,58,58.598996337732935,0,0.0
52,WEAgent4,MALE_YOUNG,74,64.97754714723312,0,0.0
52,WEAgent7,FEMALE_LOW_INCOME,138,126.92461620115523,0,0.0
53,WEAgent1,MALE_HIGH_INCOME,42,44.50701591615328,0,0.0
53,WEAgent2,MALE_LOW_INCOME,114,118.47784147190245,0,0.0
53,WEAgent0,FEMALE_YOUNG_LOW_INCOME,62,61.619373384316944,0,0.0
53,WEAgent5,YOUNG_LOW_INCOME,120,135.00929982434096,0,0.0
53,WEAgent6,MALE_YOUNG,74,71.45707548405151,0,0.0
53,WEAgent3,YOUNG_LOW_INCOME,120,113.19159144245394,0,0.0
53,WEAgent4,FEMALE_YOUNG,70,75.57805973929271,0,0.0
53,WEAgent7,YOUNG_HIGH_INCOME,25,25.580569910535914,0,0.0
54,WEAgent1,FEMALE_OLD,88,94.70609323355012,0,0.0
54,WEAgent2,MALE_YOUNG_HIGH_INCOME,17,17.056708163196838,0,0.0
54,WEAgent0,FEMALE_OLD,88,77.84850217927394,0,0.0
54,WEAgent5,FEMALE_LOW_INCOME,138,145.71748876124445,0,0.0
54,WEAgent6,FEMALE_YOUNG_HIGH_INCOME,9,7.940476873982492,0,0.0
54,WEAgent3,FEMALE_LOW_INCOME,138,142.51275436789638,0,0.0
54,WEAgent4,MALE_YOUNG,74,89.16967208738933,0,0.0
54,WEAgent7,FEMALE_YOUNG,70,60.00974386405417,0,0.0
55,WEAgent1,FEMALE_OLD,88,97.41216165971453,0,0.0
55,WEAgent2,MALE_YOUNG_LOW_INCOME,58,50.58000039711896,0,0.0
55,WEAgent0,MALE_YOUNG_HIGH_INCOME,17,17.8496839928611,0,0.0
55,WEAgent5,MALE_YOUNG,74,68.4599538407432,0,0.0
55,WEAgent6,FEMALE_YOUNG_HIGH_INCOME,9,8.502795322453327,0,0.0
55,WEAgent3,YOUNG_HIGH_INCOME,25,24.470311894070665,0,0.0
55,WEAgent4,MALE_OLD,82,104.88631621459295,86,104.06000000000031
55,WEAgent7,FEMALE_HIGH_INCOME,21,21.57230980707355,0,0.0
56,WEAgent1,MALE_YOUNG,74,67.66591507102245,0,0.0
56,WEAgent2,OLD_LOW_INCOME,132,104.5995557939712,0,0.0
56,WEAgent0,MALE_OLD_HIGH_INCOME,26,23.243939124199517,0,0.0
56,WEAgent5,FEMALE_HIGH_INCOME,21,17.996629639155156,0,0.0
56,WEAgent6,MALE_LOW_INCOME,114,115.54486280977281,0,0.0
56,WEAgent3,FEMALE_HIGH_INCOME,21,16.46589586441819,0,0.0
56,WEAgent4,FEMALE_YOUNG_HIGH_INCOME,9,9.42176054528335,0,0.0
56,WEAgent7,MALE_OLD,82,82.83509202508702,0,0.0
57,WEAgent1,YOUNG_LOW_INCOME,120,128.6631730510347,0,0.0
57,WEAgent2,FEMALE_YOUNG_HIGH_INCOME,9,6.838216245411159,0,0.0
57,WEAgent0,FEMALE_YOUNG,70,67.23194154272575,0,0.0
57,WEAgent5,MALE_OLD,82,80.67177253192841,0,0.0
57,WEAgent6,MALE_YOUNG_HIGH_INCOME,17,16.778411225977077,0,0.0
57,WEAgent3,MALE_OLD_LOW_INCOME,57,60.42346645242574,0,0.0
57,WEAgent4,FEMALE_YOUNG_HIGH_INCOME,9,7.251085034489148,0,0.0
57,WEAgent7,YOUNG_HIGH_INCOME,25,23.49745333264722,0,0.0
58,WEAgent1,YOUNG_LOW_INCOME,120,100.43134913500162,0,0.0
58,WEAgent2,MALE_OLD_HIGH_INCOME,26,27.88784153100101,0,0.0
58,WEAgent0,FEMALE_OLD_LOW_INCOME,76,62.63949463201788,0,0.0
58,WEAgent5,FEMALE_YOUNG_HIGH_INCOME,9,8.358772835860675,0,0.0
58,WEAgent6,FEMALE_HIGH_INCOME,21,20.847964346540515,0,0.0
58,WEAgent3,YOUNG_HIGH_INCOME,25,29.637329764595805,0,0.0
58,WEAgent4,MALE_YOUNG_LOW_INCOME,58,64.46237694230362,0,0.0
58,WEAgent7,FEMALE_OLD_HIGH_INCOME,13,12.013174397071888,0,0.0
59,WEAgent1,MALE_YOUNG_LOW_INCOME,58,65.00468367700266,0,0.0
59,WEAgent2,MALE_HIGH_INCOME,42,36.64256330137541,0,0.0
59,WEAgent0,MALE_OLD,82,74.95882654659874,0,0.0
59,WEAgent5,FEMALE_YOUNG_LOW_INCOME,62,64.99609861412719,0,0.0
59,WEAgent6,MALE_OLD_HIGH_INCOME,26,23.091937089308516,0,0.0
59,WEAgent3,MALE_YOUNG,74,78.19595393678343,0,0.0
59,WEAgent4,MALE_OLD_HIGH_INCOME,26,24.11721849262124,0,0.0
59,WEAgent7,MALE_OLD_LOW_INCOME,57,48.713628128984155,0,0.0
60,WEAgent1,MALE_OLD,82,83.18035554184442,0,0.0
60,WEAgent2,OLD_HIGH_INCOME,38,38.334930387555076,0,0.0
60,WEAgent0,MALE_OLD_HIGH_INCOME,26,25.865041022528125,0,0.0
60,WEAgent5,FEMALE_OLD_HIGH_INCOME,13,13.545956912311444,0,0.0
60,WEAgent6,MALE_YOUNG_LOW_INCOME,58,57.31039812454037,0,0.0
60,WEAgent3,MALE_YOUNG_LOW_INCOME,58,55.5010839833417,0,0.0
60,WEAgent4,OLD_HIGH_INCOME,38,39.253197976759765,0,0.0
60,WEAgent7,MALE_OLD,82,85.04700113392485,0,0.0
61,WEAgent1,FEMALE_LOW_INCOME,138,128.28040312982657,0,0.0
61,WEAgent2,YOUNG_HIGH_INCOME,25,25.954932121272876,0,0.0
61,WEAgent0,OLD_LOW_INCOME,132,123.8605783275099,0,0.0
61,WEAgent5,FEMALE_YOUNG_LOW_INCOME,62,63.79339780176808,0,0.0
61,WEAgent6,FEMALE_HIGH_INCOME,21,20.90502761105096,0,0.0
61,WEAgent3,MALE_OLD_HIGH_INCOME,26,27.416503307212007,0,0.0
61,WEAgent4,FEMALE_LOW_INCOME,138,124.63166551229433,0,0.0
61,WEAgent7,MALE_OLD,82,65.86553139540747,0,0.0
62,WEAgent1,MALE_YOUNG,74,87.02501116891096,0,0.0
62,WEAgent2,FEMALE_LOW_INCOME,138,145.6610193263582,0,0.0
62,WEAgent0,MALE_HIGH_INCOME,42,41.415151105738026,0,0.0
62,WEAgent5,FEMALE_HIGH_INCOME,21,18.777892674663715,0,0.0
62,WEAgent6,YOUNG_HIGH_INCOME,25,25.45398612675788,0,0.0
62,WEAgent3,FEMALE_OLD,88,88.08297324799145,0,0.0
62,WEAgent4,FEMALE_YOUNG_LOW_INCOME,62,67.41838399018614,0,0.0
62,WEAgent7,FEMALE_HIGH_INCOME,21,22.090342581938092,0,0.0
63,WEAgent1,MALE_OLD_HIGH_INCOME,26,27.045598078309975,0,0.0
63,WEAgent2,FEMALE_YOUNG,70,74.53559266371535,0,0.0
63,WEAgent0,FEMALE_OLD_LOW_INCOME,76,79.33010617291747,0,0.0
63,WEAgent5,YOUNG_HIGH_INCOME,25,24.12558202053684,0,0.0
63,WEAgent6,YOUNG_LOW_INCOME,120,124.07455412067935,0,0.0
63,WEAgent3,MALE_OLD,82,83.61305082130464,0,0.0
63,WEAgent4,MALE_YOUNG_HIGH_INCOME,17,16.93026819564618,0,0.0
63,WEAgent7,MALE_YOUNG_HIGH_INCOME,17,20.96730439106251,17,20.570000000000014
64,WEAgent1,FEMALE_YOUNG_HIGH_INCOME,9,9.19444172022869,0,0.0
64,WEAgent2,OLD_HIGH_INCOME,38,38.090580541900366,0,0.0
64,WEAgent0,YOUNG_HIGH_INCOME,25,23.399617043077196,0,0.0
64,WEAgent5,MALE_OLD_LOW_INCOME,57,67.8025259062145,0,0.0
64,WEAgent6,MALE_HIGH_INCOME,42,46.04769685726036,0,0.0
64,WEAgent3,OLD_LOW_INCOME,132,105.31340170450986,0,0.0
64,WEAgent4,MALE_YOUNG_LOW_INCOME,58,59.009095678484655,0,0.0
64,WEAgent7,FEMALE_OLD_HIGH_INCOME,13,14.672405895061441,0,0.0
65,WEAgent1,FEMALE_YOUNG,70,72.69301092803873,0,0.0
65,WEAgent2,MALE_OLD,82,86.64119060134531,0,0.0
65,WEAgent0,FEMALE_HIGH_INCOME,21,21.9758873800998,0,0.0
65,WEAgent5,MALE_HIGH_INCOME,42,41.13001638443639,0,0.0
65,WEAgent6,FEMALE_LOW_INCOME,138,137.711922121299,0,0.0
65,WEAgent3,FEMALE_OLD_HIGH_INCOME,13,12.103316909628536,0,0.0
65,WEAgent4,FEMALE_OLD_LOW_INCOME,76,80.62398646951965,0,0.0
65,WEAgent7,OLD_LOW_INCOME,132,128.11907355019605,0,0.0
66,WEAgent1,MALE_HIGH_INCOME,42,46.26791725656267,0,0.0
66,WEAgent2,FEMALE_OLD_LOW_INCOME,76,55.172631286864004,0,0.0
66,WEAgent0,FEMALE_YOUNG_LOW_INCOME,62,61.59593309330338,0,0.0
66,WEAgent5,YOUNG_HIGH_INCOME,25,24.046138248577897,0,0.0
66,WEAgent6,FEMALE_YOUNG_HIGH_INCOME,9,8.51417286200721,0,0.0
66,WEAgent3,FEMALE_OLD,88,91.43962542811454,0,0.0
66,WEAgent4,OLD_HIGH_INCOME,38,39.885569752198386,0,0.0
66,WEAgent7,FEMALE_OLD,88,83.9581595702133,0,0.0
67,WEAgent1,MALE_HIGH_INCOME,42,40.01499241926578,0,0.0
67,WEAgent2,MALE_HIGH_INCOME,42,43.381655424365256,0,0.0
67,WEAgent0,MALE_YOUNG,74,72.22214622555893,0,0.0
67,WEAgent5,MALE_OLD_HIGH_INCOME,26,28.749394956485602,0,0.0
67,WEAgent6,MALE_YOUNG_HIGH_INCOME,17,18.572704375931103,0,0.0
67,WEAgent3,FEMALE_HIGH_INCOME,21,19.200174813775156,0,0.0
67,WEAgent4,MALE_OLD_LOW_INCOME,57,60.502236165374,0,0.0
67,WEAgent7,MALE_LOW_INCOME,114,112.22144829813512,0,0.0
68,WEAgent1,MALE_HIGH_INCOME,42,39.41529974266606,0,0.0
68,WEAgent2,FEMALE_YOUNG,70,61.29467557449104,0,0.0
68,WEAgent0,OLD_LOW_INCOME,132,128.81778426213648,0,0.0
68,WEAgent5,FEMALE_YOUNG,70,63.76580628587495,0,0.0
68,WEAgent6,MALE_LOW_INCOME,114,133.2156054379132,0,0.0
68,WEAgent3,MALE_YOUNG_HIGH_INCOME,17,18.11936628042827,0,0.0
68,WEAgent4,YOUNG_LOW_INCOME,120,111.52547030625252,0,0.0
68,WEAgent7,MALE_YOUNG,74,73.79380891487958,0,0.0
69,WEAgent1,FEMALE_LOW_INCOME,138,140.1243115205255,0,0.0
69,WEAgent2,MALE_YOUNG_HIGH_INCOME,17,17.32509766726343,0,0.0
69,WEAgent0,MALE_YOUNG,74,66.08992769515943,0,0.0
69,WEAgent5,MALE_HIGH_INCOME,42,42.652268696333266,0,0.0
69,WEAgent6,MALE_YOUNG_HIGH_INCOME,17,15.27526229186885,0,0.0
69,WEAgent3,FEMALE_YOUNG_HIGH_INCOME,9,9.019018874810435,0,0.0
69,WEAgent4,OLD_LOW_INCOME,132,119.00884900517123,0,0.0
69,WEAgent7,MALE_YOUNG_HIGH_INCOME,17,19.236095157432594,0,0.0
70,WEAgent1,YOUNG_LOW_INCOME,120,108.38285630936736,0,0.0
70,WEAgent2,FEMALE_OLD_LOW_INCOME,76,81.86413324022134,0,0.0
70,WEAgent0,MALE_OLD_LOW_INCOME,57,56.646087150583966,0,0.0
70,WEAgent5,FEMALE_YOUNG,70,66.46772837715079,0,0.0
70,WEAgent6,YOUNG_HIGH_INCOME,25,29.506119717242267,0,0.0
70,WEAgent3,MALE_YOUNG_HIGH_INCOME,17,19.762818093780936,0,0.0
70,WEAgent4,FEMALE_YOUNG,70,77.10752735574566,0,0.0
70,WEAgent7,FEMALE_YOUNG,70,82.63518246658712,0,0.0
71,WEAgent1,FEMALE_OLD,88,79.76901684545504,0,0.0
71,WEAgent2,FEMALE_HIGH_INCOME,21,21.641551026828143,0,0.0
71,WEAgent0,FEMALE_YOUNG_HIGH_INCOME,9,9.627462997872504,0,0.0
71,WEAgent5,MALE_OLD,82,88.26161451139099,0,0.0
71,WEAgent6,FEMALE_OLD,88,87.09625889248221,0,0.0
71,WEAgent3,MALE_OLD_LOW_INCOME,57,65.64647657836709,0,0.0
71,WEAgent4,FEMALE_YOUNG_HIGH_INCOME,9,10.344829729409799,0,0.0
71,WEAgent7,MALE_OLD_HIGH_INCOME,26,23.95133808017727,0,0.0
72,WEAgent1,MALE_YOUNG_HIGH_INCOME,17,14.644424644055382,0,0.0
72,WEAgent2,MALE_YOUNG_LOW_INCOME,58,63.340858912609164,0,0.0
72,WEAgent0,MALE_OLD,82,82.64711322814563,0,0.0
72,WEAgent5,FEMALE_OLD_HIGH_INCOME,13,12.218558657375288,0,0.0
72,WEAgent6,MALE_LOW_INCOME,114,108.81396624044844,0,0.0
72,WEAgent3,FEMALE_YOUNG_LOW_INCOME,62,56.51791463861298,0,0.0
72,WEAgent4,YOUNG_LOW_INCOME,120,141.67041596849452,0,0.0
72,WEAgent7,FEMALE_YOUNG_LOW_INCOME,62,68.72883399366847,0,0.0
73,WEAgent1,OLD_LOW_INCOME,132,111.95170264455987,0,0.0
73,WEAgent2,OLD_LOW_INCOME,132,119.78083097985795,0,0.0
73,WEAgent0,FEMALE_YOUNG_LOW_INCOME,62,54.60151724180683,0,0.0
73,WEAgent5,FEMALE_OLD_HIGH_INCOME,13,14.0055781829194,0,0.0
73,WEAgent6,MALE_OLD_HIGH_INCOME,26,27.96504647868771,0,0.0
73,WEAgent3,OLD_LOW_INCOME,132,103.78504635329375,0,0.0
73,WEAgent4,MALE_LOW_INCOME,114,112.75554787952468,0,0.0
73,WEAgent7,MALE_OLD_LOW_INCOME,57,55.81690929470793,0,0.0
74,WEAgent1,OLD_HIGH_INCOME,38,42.561777782188194,0,0.0
74,WEAgent2,YOUNG_LOW_INCOME,120,120.58123373170756,0,0.0
74,WEAgent0,MALE_YOUNG,74,97.1470692992192,80,96.80000000000027
74,WEAgent5,MALE_OLD,82,88.28551706618892,0,0.0
74,WEAgent6,MALE_YOUNG,74,82.34477812606292,0,0.0
74,WEAgent3,FEMALE_OLD_HIGH_INCOME,13,12.847631240451033,0,0.0
74,WEAgent4,MALE_YOUNG_LOW_INCOME,58,65.71532208968647,0,0.0
74,WEAgent7,MALE_OLD_LOW_INCOME,57,52.11728014648164,0,0.0
75,WEAgent1,MALE_HIGH_INCOME,42,40.640282279834885,0,0.0
75,WEAgent2,FEMALE_YOUNG_LOW_INCOME,62,67.74793804546361,0,0.0
75,WEAgent0,MALE_OLD_LOW_INCOME,57,58.54179071822657,0,0.0
75,WEAgent5,MALE_YOUNG_LOW_INCOME,58,53.074473141011524,0,0.0
75,WEAgent6,MALE_LOW_INCOME,114,116.9572968311214,0,0.0
75,WEAgent3,MALE_YOUNG_HIGH_INCOME,17,17.191283946764276,0,0.0
75,WEAgent4,FEMALE_OLD_LOW_INCOME,76,77.7987335335345,0,0.0
75,WEAgent7,FEMALE_OLD_LOW_INCOME,76,72.79550310816657,0,0.0
76,WEAgent1,FEMALE_OLD_HIGH_INCOME,13,15.216322304577082,0,0.0
76,WEAgent2,MALE_LOW_INCOME,114,106.35993149521587,0,0.0
76,WEAgent0,FEMALE_YOUNG_LOW_INCOME,62,55.57961188934792,0,0.0
76,WEAgent5,MALE_OLD_HIGH_INCOME,26,29.911545468970765,0,0.0
76,WEAgent6,FEMALE_LOW_INCOME,138,131.7681321897782,0,0.0
76,WEAgent3,FEMALE_OLD_HIGH_INCOME,13,13.889503594436563,0,0.0
76,WEAgent4,MALE_LOW_INCOME,114,104.79054945787182,0,0.0
76,WEAgent7,OLD_LOW_INCOME,132,160.52142379602887,132,159.72000000000068
77,WEAgent1,YOUNG_HIGH_INCOME,25,22.46115522827465,0,0.0
77,WEAgent2,FEMALE_HIGH_INCOME,21,18.268317514268272,0,0.0
77,WEAgent0,FEMALE_OLD,88,93.06974275039516,0,0.0
77,WEAgent5,FEMALE_OLD,88,79.77446135358517,0,0.0
77,WEAgent6,MALE_YOUNG_HIGH_INCOME,17,18.71631103286278,0,0.0
77,WEAgent3,MALE_OLD_LOW_INCOME,57,51.34457394451701,0,0.0
77,WEAgent4,FEMALE_YOUNG_HIGH_INCOME,9,8.528012681603927,0,0.0
77,WEAgent7,OLD_HIGH_INCOME,38,39.87514459479904,0,0.0
78,WEAgent1,OLD_LOW_INCOME,132,117.0269706864486,0,0.0
78,WEAgent2,OLD_LOW_INCOME,132,102.41660993144625,0,0.0
78,WEAgent0,OLD_LOW_INCOME,132,163.71298986850252,135,163.3500000000007
78,WEAgent5,MALE_YOUNG_HIGH_INCOME,17,21.89182063048345,18,21.780000000000015
78,WEAgent6,YOUNG_LOW_INCOME,120,113.56550551455452,0,0.0
78,WEAgent3,FEMALE_OLD_LOW_INCOME,76,76.58258558398003,0,0.0
78,WEAgent4,YOUNG_HIGH_INCOME,25,22.825768480314533,0,0.0
78,WEAgent7,FEMALE_YOUNG_LOW_INCOME,62,64.41721214240833,0,0.0
79,WEAgent1,MALE_OLD_LOW_INCOME,57,55.34470050964417,0,0.0
79,WEAgent2,OLD_LOW_INCOME,132,122.14658393997331,0,0.0
79,WEAgent0,FEMALE_HIGH_INCOME,21,18.3104945241407,0,0.0
79,WEAgent5,OLD_LOW_INCOME,132,122.60855476826102,0,0.0
79,WEAgent6,FEMALE_HIGH_INCOME,21,18.670174334220736,0,0.0
79,WEAgent3,FEMALE_YOUNG_LOW_INCOME,62,68.47909138252186,0,0.0
79,WEAgent4,MALE_LOW_INCOME,114,105.51226737330589,0,0.0
79,WEAgent7,MALE_OLD_LOW_INCOME,57,52.40378571873402,0,0.0
80,WEAgent1,MALE_YOUNG_HIGH_INCOME,17,16.43429916617241,0,0.0
80,WEAgent2,FEMALE_YOUNG_HIGH_INCOME,9,7.397781699425485,0,0.0
80,WEAgent0,FEMALE_OLD_HIGH_INCOME,13,11.345119694422799,0,0.0
80,WEAgent5,MALE_LOW_INCOME,114,126.77574293494315,0,0.0
80,WEAgent6,FEMALE_YOUNG,70,84.0740882528728,0,0.0
80,WEAgent3,OLD_HIGH_INCOME,38,42.543106070019924,0,0.0
80,WEAgent4,MALE_YOUNG_LOW_INCOME,58,58.285065440499764,0,0.0
80,WEAgent7,MALE_YOUNG_HIGH_INCOME,17,18.03860498986468,0,0.0
81,WEAgent1,FEMALE_OLD,88,92.11990594696663,0,0.0
81,WEAgent2,MALE_OLD_LOW_INCOME,57,61.19496276598955,0,0.0
81,WEAgent0,MALE_YOUNG_HIGH_INCOME,17,18.500944406141564,0,0.0
81,WEAgent5,FEMALE_YOUNG_HIGH_INCOME,9,9.475013206405226,0,0.0
81,WEAgent6,YOUNG_LOW_INCOME,120,98.80691531517549,0,0.0
81,WEAgent3,FEMALE_HIGH_INCOME,21,22.446749397036005,0,0.0
81,WEAgent4,FEMALE_OLD,88,103.88095924015663,0,0.0
81,WEAgent7,FEMALE_HIGH_INCOME,21,20.260068865585424,0,0.0
82,WEAgent1,MALE_OLD_HIGH_INCOME,26,29.0702047454759,0,0.0
82,WEAgent2,YOUNG_HIGH_INCOME,25,26.704241962012514,0,0.0
82,WEAgent0,FEMALE_OLD_HIGH_INCOME,13,11.194879569503367,0,0.0
82,WEAgent5,YOUNG_HIGH_INCOME,25,24.938206799093237,0,0.0
82,WEAgent6,FEMALE_YOUNG_HIGH_INCOME,9,9.973655879908417,0,0.0
82,WEAgent3,FEMALE_YOUNG,70,71.74105624565108,0,0.0
82,WEAgent4,FEMALE_OLD_LOW_INCOME,76,82.02602942845773,0,0.0
82,WEAgent7,MALE_OLD_LOW_INCOME,57,47.1114439741841,0,0.0
83,WEAgent1,FEMALE_LOW_INCOME,138,125.32942774281449,0,0.0
83,WEAgent2,OLD_LOW_INCOME,132,132.94220187390795,0,0.0
83,WEAgent0,FEMALE_YOUNG_LOW_INCOME,62,54.696923781212476,0,0.0
83,WEAgent5,MALE_OLD,82,65.39367788369574,0,0.0
83,WEAgent6,MALE_OLD_HIGH_INCOME,26,22.577508224069057,0,0.0
83,WEAgent3,MALE_YOUNG,74,69.99585482937371,0,0.0
83,WEAgent4,MALE_YOUNG_LOW_INCOME,58,65.28423309947391,0,0.0
83,WEAgent7,FEMALE_OLD,88,88.10609945475562,0,0.0
84,WEAgent1,MALE_HIGH_INCOME,42,40.585188658658474,0,0.0
84,WEAgent2,YOUNG_LOW_INCOME,120,104.19809748759113,0,0.0
84,WEAgent0,FEMALE_LOW_INCOME,138,135.91591502526825,0,0.0
84,WEAgent5,MALE_OLD,82,75.2047560828239,0,0.0
84,WEAgent6,YOUNG_HIGH_INCOME,25,23.78622352434149,0,0.0
84,WEAgent3,MALE_OLD,82,77.34720214959766,0,0.0
84,WEAgent4,YOUNG_HIGH_INCOME,25,21.031672897368686,0,0.0
84,WEAgent7,FEMALE_OLD_HIGH_INCOME,13,15.881423602041636,13,15.730000000000011
85,WEAgent1,OLD_LOW_INCOME,132,128.62615446232826,0,0.0
85,WEAgent2,YOUNG_HIGH_INCOME,25,29.877883461010928,0,0.0
85,WEAgent0,MALE_OLD_HIGH_INCOME,26,26.758398313582422,0,0.0
85,WEAgent5,YOUNG_HIGH_INCOME,25,27.28074076198362,0,0.0
85,WEAgent6,MALE_YOUNG_HIGH_INCOME,17,17.680037747506777,0,0.0
85,WEAgent3,OLD_HIGH_INCOME,38,40.45901310806498,0,0.0
85,WEAgent4,MALE_OLD,82,78.65677617382579,0,0.0
85,WEAgent7,FEMALE_OLD,88,100.9121291230928,0,0.0
86,WEAgent1,MALE_OLD_LOW_INCOME,57,58.884527141994376,0,0.0
86,WEAgent2,FEMALE_OLD,88,99.95952738392309,0,0.0
86,WEAgent0,YOUNG_HIGH_INCOME,25,28.853670179042293,0,0.0
86,WEAgent5,MALE_HIGH_INCOME,42,39.292189316682716,0,0.0
86,WEAgent6,FEMALE_OLD_HIGH_INCOME,13,15.234579627347724,0,0.0
86,WEAgent3,FEMALE_OLD,88,90.61034679220421,0,0.0
86,WEAgent4,MALE_YOUNG_HIGH_INCOME,17,18.791273529885057,0,0.0
86,WEAgent7,MALE_HIGH_INCOME,42,42.191657277570954,0,0.0
87,WEAgent1,YOUNG_LOW_INCOME,120,135.16438985690846,0,0.0
87,WEAgent2,OLD_HIGH_INCOME,38,35.618199628808775,0,0.0
87,WEAgent0,YOUNG_HIGH_INCOME,25,27.409207821614462,0,0.0
87,WEAgent5,MALE_YOUNG,74,85.63860452818233,0,0.0
87,WEAgent6,YOUNG_LOW_INCOME,120,125.39761174833814,0,0.0
87,WEAgent3,FEMALE_YOUNG_HIGH_INCOME,9,8.682558284827262,0,0.0
87,WEAgent4,FEMALE_YOUNG_LOW_INCOME,62,55.99157703429125,0,0.0
87,WEAgent7,FEMALE_OLD,88,85.13956652903525,0,0.0
88,WEAgent1,MALE_YOUNG_HIGH_INCOME,17,14.398530745409573,0,0.0
88,WEAgent2,YOUNG_HIGH_INCOME,25,25.504594218296308,0,0.0
88,WEAgent0,MALE_YOUNG_HIGH_INCOME,17,14.310597959159766,0,0.0
88,WEAgent5,MALE_LOW_INCOME,114,130.06978566400704,0,0.0
88,WEAgent6,MALE_LOW_INCOME,114,128.02767066258735,0,0.0
88,WEAgent3,FEMALE_LOW_INCOME,138,143.10250415626479,0,0.0
88,WEAgent4,OLD_LOW_INCOME,132,135.05098393706527,0,0.0
88,WEAgent7,YOUNG_HIGH_INCOME,25,23.592269508000165,0,0.0
89,WEAgent1,MALE_OLD_HIGH_INCOME,26,24.184105108016652,0,0.0
89,WEAgent2,MALE_LOW_INCOME,114,108.34890156830853,0,0.0
89,WEAgent0,FEMALE_OLD_HIGH_INCOME,13,15.988131981180134,13,15.730000000000011
89,WEAgent5,MALE_YOUNG,74,66.32486631737972,0,0.0
89,WEAgent6,FEMALE_YOUNG,70,65.37863391233809,0,0.0
89,WEAgent3,FEMALE_YOUNG_LOW_INCOME,62,58.320960754356456,0,0.0
89,WEAgent4,MALE_OLD,82,90.36061563290312,0,0.0
89,WEAgent7,FEMALE_OLD,88,86.51772388490605,0,0.0
90,WEAgent1,OLD_LOW_INCOME,132,103.59692869695616,0,0.0
90,WEAgent2,FEMALE_OLD_HIGH_INCOME,13,13.445985162327428,0,0.0
90,WEAgent0,FEMALE_OLD_HIGH_INCOME,13,13.428554754798663,0,0.0
90,WEAgent5,FEMALE_LOW_INCOME,138,143.3494852597339,0,0.0
90,WEAgent6,MALE_OLD_HIGH_INCOME,26,29.498577286914674,0,0.0
90,WEAgent3,MALE_YOUNG,74,82.17670918644687,0,0.0
90,WEAgent4,FEMALE_OLD_LOW_INCOME,76,81.79988981867007,0,0.0
90,WEAgent7,MALE_OLD_LOW_INCOME,57,56.04720214912451,0,0.0
91,WEAgent1,MALE_OLD_HIGH_INCOME,26,26.753503802366716,0,0.0
91,WEAgent2,MALE_YOUNG_HIGH_INCOME,17,17.96650276071245,0,0.0
91,WEAgent0,FEMALE_OLD_LOW_INCOME,76,79.80407207996369,0,0.0
91,WEAgent5,FEMALE_YOUNG_HIGH_INCOME,9,8.848282096095465,0,0.0
91,WEAgent6,MALE_OLD_HIGH_INCOME,26,20.384908069902572,0,0.0
91,WEAgent3,OLD_LOW_INCOME,132,152.4731342852445,0,0.0
91,WEAgent4,FEMALE_OLD_HIGH_INCOME,13,14.427286001813417,0,0.0
91,WEAgent7,OLD_HIGH_INCOME,38,42.51443071604196,0,0.0
92,WEAgent1,OLD_HIGH_INCOME,38,35.30228738427969,0,0.0
92,WEAgent2,FEMALE_OLD_HIGH_INCOME,13,12.84167854192542,0,0.0
92,WEAgent0,FEMALE_HIGH_INCOME,21,19.71392490119485,0,0.0
92,WEAgent5,MALE_HIGH_INCOME,42,37.57015334046927,0,0.0
92,WEAgent6,MALE_YOUNG_LOW_INCOME,58,62.929264483243486,0,0.0
92,WEAgent3,FEMALE_OLD_HIGH_INCOME,13,11.2799912142391,0,0.0
92,WEAgent4,MALE_LOW_INCOME,114,120.17078203703103,0,0.0
92,WEAgent7,FEMALE_YOUNG,70,67.96955299426395,0,0.0
93,WEAgent1,MALE_OLD,82,78.19043408689478,0,0.0
93,WEAgent2,FEMALE_YOUNG,70,63.756607930766464,0,0.0
93,WEAgent0,FEMALE_LOW_INCOME,138,147.796424615088,0,0.0
93,WEAgent5,YOUNG_LOW_INCOME,120,118.47407155854951,0,0.0
93,WEAgent6,OLD_HIGH_INCOME,38,39.045268573496216,0,0.0
93,WEAgent3,FEMALE_YOUNG,70,64.99079064708371,0,0.0
93,WEAgent4,FEMALE_OLD,88,95.6780440661985,0,0.0
93,WEAgent7,FEMALE_OLD_LOW_INCOME,76,95.6979646228649,79,95.59000000000026
94,WEAgent1,FEMALE_OLD,88,86.04785165917858,0,0.0
94,WEAgent2,OLD_HIGH_INCOME,38,34.15799284463325,0,0.0
94,WEAgent0,MALE_YOUNG_HIGH_INCOME,17,16.231526570063103,0,0.0
94,WEAgent5,FEMALE_OLD_HIGH_INCOME,13,13.899319129086972,0,0.0
94,WEAgent6,MALE_LOW_INCOME,114,102.0727021619615,0,0.0
94,WEAgent3,MALE_OLD,82,86.58148897352304,0,0.0
94,WEAgent4,FEMALE_YOUNG,70,76.02673005527845,0,0.0
94,WEAgent7,FEMALE_LOW_INCOME,138,160.70086535267643,0,0.0
95,WEAgent1,MALE_YOUNG_LOW_INCOME,58,57.53544303111132,0,0.0
95,WEAgent2,FEMALE_HIGH_INCOME,21,20.24493272525615,0,0.0
95,WEAgent0,MALE_YOUNG,74,70.51024143885716,0,0.0
95,WEAgent5,OLD_LOW_INCOME,132,112.97867398862742,0,0.0
95,WEAgent6,MALE_YOUNG_HIGH_INCOME,17,15.601918550894133,0,0.0
95,WEAgent3,FEMALE_OLD_LOW_INCOME,76,74.42412068319031,0,0.0
95,WEAgent4,MALE_OLD_HIGH_INCOME,26,24.85903800699634,0,0.0
95,WEAgent7,OLD_LOW_INCOME,132,131.05259838614842,0,0.0
96,WEAgent1,FEMALE_YOUNG_HIGH_INCOME,9,10.528019592220918,0,0.0
96,WEAgent2,MALE_OLD,82,87.6305788607179,0,0.0
96,WEAgent0,MALE_HIGH_INCOME,42,41.92814161635652,0,0.0
96,WEAgent5,MALE_YOUNG_HIGH_INCOME,17,19.551921788494965,0,0.0
96,WEAgent6,MALE_OLD,82,94.97999792227631,0,0.0
96,WEAgent3,FEMALE_YOUNG_HIGH_INCOME,9,8.599248487347042,0,0.0
96,WEAgent4,OLD_LOW_INCOME,132,136.77272439339578,0,0.0
96,WEAgent7,FEMALE_OLD_HIGH_INCOME,13,13.88694825801208,0,0.0
97,WEAgent1,OLD_HIGH_INCOME,38,30.9890037366904,0,0.0
97,WEAgent2,MALE_YOUNG,74,76.32391473062665,0,0.0
97,WEAgent0,MALE_OLD_HIGH_INCOME,26,26.580729130756723,0,0.0
97,WEAgent5,MALE_OLD,82,74.71191466047246,0,0.0
97,WEAgent6,FEMALE_YOUNG_LOW_INCOME,62,68.56539081034805,0,0.0
97,WEAgent3,FEMALE_HIGH_INCOME,21,22.582086680065938,0,0.0
97,WEAgent4,MALE_YOUNG_LOW_INCOME,58,59.34534903007477,0,0.0
97,WEAgent7,MALE_LOW_INCOME,114,128.2186052097362,0,0.0
98,WEAgent1,OLD_LOW_INCOME,132,139.6994547617979,0,0.0
98,WEAgent2,FEMALE_YOUNG_HIGH_INCOME,9,8.135000765916397,0,0.0
98,WEAgent0,MALE_OLD,82,84.5798413409213,0,0.0
98,WEAgent5,MALE_LOW_INCOME,114,103.16524585332219,0,0.0
98,WEAgent6,MALE_YOUNG,74,73.59350904680505,0,0.0
98,WEAgent3,FEMALE_OLD,88,96.96941397202717,0,0.0
98,WEAgent4,MALE_HIGH_INCOME,42,49.08097655395277,0,0.0
98,WEAgent7,MALE_LOW_INCOME,114,124.19045352519892,0,0.0
99,WEAgent1,MALE_YOUNG_LOW_INCOME,58,49.51749383178053,0,0.0
99,WEAgent2,MALE_OLD_HIGH_INCOME,26,26.173690486209782,0,0.0
99,WEAgent0,FEMALE_YOUNG,70,69.3146725854051,0,0.0
99,WEAgent5,MALE_OLD_LOW_INCOME,57,48.23265640930999,0,0.0
99,WEAgent6,FEMALE_OLD,88,97.78440201237655,0,0.0
99,WEAgent3,FEMALE_YOUNG,70,64.33263448624727,0,0.0
99,WEAgent4,OLD_HIGH_INCOME,38,40.67090028685354,0,0.0
99,WEAgent7,OLD_LOW_INCOME,132,157.91268764480904,0,0.0

