0,WEAgent1,FEMALE_OLD_HIGH_INCOME,27,407.0,41,271.3333333333333
0,WEAgent2,MALE_OLD_LOW_INCOME,122,1795.0,122,1793.4493927125538
0,WEAgent0,MALE_YOUNG_HIGH_INCOME,35,517.0,15,0.0
0,WEAgent5,MALE_LOW_INCOME,247,3631.0,250,1528.8421052631604
0,WEAgent3,FEMALE_LOW_INCOME,298,4381.0,72,1056.7384615384626
0,WEAgent4,FEMALE_OLD_HIGH_INCOME,27,407.0,27,407.0
0,SIAgent3,YOUNG_HIGH_INCOME,52,773.0,51,758.1346153846163
0,SIAgent4,FEMALE_LOW_INCOME,298,4381.0,694,4373.723076923097
0,SIAgent1,YOUNG_HIGH_INCOME,52,773.0,59,772.1543956043965
0,SIAgent2,YOUNG_LOW_INCOME,260,3816.0,371,0.0
0,SIAgent0,FEMALE_YOUNG_HIGH_INCOME,17,256.0,17,252.71153846153845
1,WEAgent1,FEMALE_YOUNG,152,2236.0,29,426.60526315789485
1,WEAgent2,FEMALE_OLD_HIGH_INCOME,27,407.0,38,0.0
1,WEAgent0,MALE_OLD_HIGH_INCOME,55,808.0,64,0.0
1,WEAgent5,MALE_OLD_LOW_INCOME,122,1795.0,104,1525.81818181818
1,WEAgent3,YOUNG_HIGH_INCOME,52,773.0,38,559.0000000000001
1,WEAgent4,MALE_YOUNG_LOW_INCOME,125,1836.0,367,0.0
1,SIAgent3,OLD_HIGH_INCOME,82,1215.0,82,1204.9743931461223
1,SIAgent4,OLD_LOW_INCOME,286,4196.0,270,3961.2587412587636
1,SIAgent1,OLD_LOW_INCOME,286,4196.0,281,4122.643356643381
1,SIAgent2,FEMALE_OLD,191,2808.0,191,2802.4000000000037
1,SIAgent0,MALE_OLD_HIGH_INCOME,55,808.0,54,793.3090909090919
2,WEAgent1,YOUNG_LOW_INCOME,260,3816.0,63,924.6461538461548
2,WEAgent2,FEMALE_OLD_HIGH_INCOME,27,407.0,27,407.0
2,WEAgent0,FEMALE_OLD_HIGH_INCOME,27,407.0,60,256.25925925925924
2,WEAgent5,MALE_LOW_INCOME,247,3631.0,35,513.6923076923075
2,WEAgent3,MALE_HIGH_INCOME,90,1325.0,98,0.0
2,WEAgent4,YOUNG_HIGH_INCOME,52,773.0,28,0.0
2,SIAgent3,FEMALE_YOUNG,152,2236.0,152,2231.5074315514985
2,SIAgent4,MALE_OLD,177,2603.0,260,2601.971659919025
2,SIAgent1,MALE_LOW_INCOME,247,3631.0,342,3625.2000000000126
2,SIAgent2,FEMALE_OLD_LOW_INCOME,163,2401.0,499,0.0
2,SIAgent0,YOUNG_LOW_INCOME,260,3816.0,242,0.0
3,WEAgent1,FEMALE_OLD_LOW_INCOME,163,2401.0,459,0.0
3,WEAgent2,MALE_YOUNG_HIGH_INCOME,35,517.0,89,0.0
3,WEAgent0,FEMALE_OLD_HIGH_INCOME,27,407.0,63,0.0
3,WEAgent5,FEMALE_LOW_INCOME,298,4381.0,298,4373.723076923097
3,WEAgent3,MALE_LOW_INCOME,247,3631.0,177,426.31174089068816
3,WEAgent4,FEMALE_HIGH_INCOME,45,663.0,55,0.0
3,SIAgent3,MALE_LOW_INCOME,247,3631.0,247,3625.8574898785455
3,SIAgent4,OLD_HIGH_INCOME,82,1215.0,82,1205.5269645608635
3,SIAgent1,MALE_OLD_HIGH_INCOME,55,808.0,104,0.0
3,SIAgent2,MALE_OLD,177,2603.0,177,2601.639308060358
3,SIAgent0,YOUNG_LOW_INCOME,260,3816.0,249,0.0
4,WEAgent1,FEMALE_OLD,191,2808.0,33,485.1518324607328
4,WEAgent2,FEMALE_YOUNG_LOW_INCOME,135,1980.0,125,1833.3333333333364
4,WEAgent0,FEMALE_OLD_LOW_INCOME,163,2401.0,163,2400.857546654671
4,WEAgent5,MALE_OLD_LOW_INCOME,122,1795.0,356,0.0
4,WEAgent3,FEMALE_OLD_LOW_INCOME,163,2401.0,163,2400.9999999999955
4,WEAgent4,FEMALE_YOUNG_LOW_INCOME,135,1980.0,107,1569.333333333335
4,SIAgent3,FEMALE_HIGH_INCOME,45,663.0,57,661.7587489666574
4,SIAgent4,MALE_HIGH_INCOME,90,1325.0,212,0.0
4,SIAgent1,OLD_HIGH_INCOME,82,1215.0,82,1207.399999999998
4,SIAgent2,FEMALE_YOUNG,152,2236.0,152,2229.3333333333358
4,SIAgent0,FEMALE_OLD,191,2808.0,150,0.0
5,WEAgent1,FEMALE_OLD_HIGH_INCOME,27,407.0,85,0.0
5,WEAgent2,MALE_OLD,177,2603.0,21,308.83050847457645
5,WEAgent0,YOUNG_LOW_INCOME,260,3816.0,97,0.0
5,WEAgent5,YOUNG_HIGH_INCOME,52,773.0,16,235.73333333333346
5,WEAgent3,FEMALE_HIGH_INCOME,45,663.0,17,250.4666666666668
5,WEAgent4,OLD_HIGH_INCOME,82,1215.0,28,411.7740112994353
5,SIAgent3,MALE_OLD,177,2603.0,346,294.1242937853109
5,SIAgent4,FEMALE_LOW_INCOME,298,4381.0,632,4373.723076923097
5,SIAgent1,MALE_HIGH_INCOME,90,1325.0,90,1323.5593220338985
5,SIAgent2,YOUNG_HIGH_INCOME,52,773.0,52,767.6190476190485
5,SIAgent0,MALE_YOUNG_HIGH_INCOME,35,517.0,66,309.16666666666674
6,WEAgent1,FEMALE_YOUNG,152,2236.0,51,0.0
6,WEAgent2,MALE_YOUNG_LOW_INCOME,125,1836.0,181,0.0
6,WEAgent0,YOUNG_LOW_INCOME,260,3816.0,131,1921.333333333337
6,WEAgent5,FEMALE_YOUNG_LOW_INCOME,135,1980.0,134,1965.3333333333371
6,WEAgent3,FEMALE_OLD,191,2808.0,77,352.8376963350784
6,WEAgent4,FEMALE_LOW_INCOME,298,4381.0,150,2200.0000000000027
6,SIAgent3,MALE_OLD_LOW_INCOME,122,1795.0,122,1793.4493927125538
6,SIAgent4,FEMALE_YOUNG_LOW_INCOME,135,1980.0,0,0.0
6,SIAgent1,MALE_LOW_INCOME,247,3631.0,247,3627.052419580441
6,SIAgent2,FEMALE_OLD,191,2808.0,191,2802.2237762237833
6,SIAgent0,OLD_LOW_INCOME,286,4196.0,456,0.0
7,WEAgent1,FEMALE_HIGH_INCOME,45,663.0,24,352.51199999999983
7,WEAgent2,FEMALE_YOUNG,152,2236.0,11,161.56799999999998
7,WEAgent0,OLD_LOW_INCOME,286,4196.0,137,2009.972027972025
7,WEAgent5,MALE_OLD_HIGH_INCOME,55,808.0,185,0.0
7,WEAgent3,MALE_OLD_LOW_INCOME,122,1795.0,118,1731.2167832167809
7,WEAgent4,MALE_YOUNG_LOW_INCOME,125,1836.0,208,0.0
7,SIAgent3,MALE_YOUNG,160,2353.0,169,2350.0800000000086
7,SIAgent4,FEMALE_OLD,191,2808.0,223,2807.956375838928
7,SIAgent1,MALE_OLD_LOW_INCOME,122,1795.0,122,1789.9020979020954
7,SIAgent2,FEMALE_LOW_INCOME,298,4381.0,661,0.0
7,SIAgent0,YOUNG_HIGH_INCOME,52,773.0,52,764.5059999999993
8,WEAgent1,YOUNG_LOW_INCOME,260,3816.0,131,0.0
8,WEAgent2,MALE_OLD_LOW_INCOME,122,1795.0,122,1793.4493927125538
8,WEAgent0,FEMALE_OLD_HIGH_INCOME,27,407.0,53,0.0
8,WEAgent5,YOUNG_HIGH_INCOME,52,773.0,18,263.99999999999994
8,WEAgent3,FEMALE_YOUNG,152,2236.0,24,352.00000000000006
8,WEAgent4,FEMALE_YOUNG_HIGH_INCOME,17,256.0,12,176.0
8,SIAgent3,MALE_LOW_INCOME,247,3631.0,363,3622.6666666666547
8,SIAgent4,FEMALE_YOUNG_LOW_INCOME,135,1980.0,357,0.0
8,SIAgent1,MALE_OLD_HIGH_INCOME,55,808.0,111,734.5454545454553
8,SIAgent2,FEMALE_OLD_HIGH_INCOME,27,407.0,27,407.0
8,SIAgent0,MALE_OLD_HIGH_INCOME,55,808.0,54,793.3090909090919
9,WEAgent1,FEMALE_LOW_INCOME,298,4381.0,197,2896.1644295302026
9,WEAgent2,FEMALE_YOUNG,152,2236.0,44,0.0
9,WEAgent0,FEMALE_OLD,191,2808.0,45,0.0
9,WEAgent5,MALE_OLD_LOW_INCOME,122,1795.0,0,0.0
9,WEAgent3,FEMALE_LOW_INCOME,298,4381.0,198,2910.8657718120817
9,WEAgent4,MALE_YOUNG,160,2353.0,103,0.0
9,SIAgent3,MALE_OLD_LOW_INCOME,122,1795.0,122,1794.158192090398
9,SIAgent4,MALE_LOW_INCOME,247,3631.0,398,689.5524475524475
9,SIAgent1,MALE_OLD,177,2603.0,318,2601.971659919025
9,SIAgent2,FEMALE_OLD_HIGH_INCOME,27,407.0,27,396.9424083769633
9,SIAgent0,OLD_LOW_INCOME,286,4196.0,520,0.0
10,WEAgent1,MALE_OLD_HIGH_INCOME,55,808.0,155,0.0
10,WEAgent2,MALE_LOW_INCOME,247,3631.0,175,2567.4825174825214
10,WEAgent0,OLD_LOW_INCOME,286,4196.0,173,2538.1398601398637
10,WEAgent5,MALE_YOUNG_LOW_INCOME,125,1836.0,125,1834.6153846153818
10,WEAgent3,FEMALE_LOW_INCOME,298,4381.0,58,850.6666666666661
10,WEAgent4,YOUNG_HIGH_INCOME,52,773.0,63,0.0
10,SIAgent3,YOUNG_LOW_INCOME,260,3816.0,259,3801.3230769230913
10,SIAgent4,FEMALE_YOUNG_LOW_INCOME,135,1980.0,0,0.0
10,SIAgent1,FEMALE_OLD_HIGH_INCOME,27,407.0,56,346.7037037037037
10,SIAgent2,YOUNG_LOW_INCOME,260,3816.0,261,3815.8974358974474
10,SIAgent0,FEMALE_OLD_HIGH_INCOME,27,407.0,27,407.0
11,WEAgent1,FEMALE_YOUNG_HIGH_INCOME,17,256.0,58,0.0
11,WEAgent2,FEMALE_OLD_HIGH_INCOME,27,407.0,13,191.18079096045204
11,WEAgent0,MALE_OLD,177,2603.0,91,14.706214689265536
11,WEAgent5,OLD_HIGH_INCOME,82,1215.0,27,397.06779661016975
11,WEAgent3,FEMALE_OLD_LOW_INCOME,163,2401.0,441,0.0
11,WEAgent4,FEMALE_YOUNG_LOW_INCOME,135,1980.0,169,0.0
11,SIAgent3,OLD_HIGH_INCOME,82,1215.0,82,1205.9096045197737
11,SIAgent4,YOUNG_LOW_INCOME,260,3816.0,260,3813.3333333333194
11,SIAgent1,FEMALE_OLD_HIGH_INCOME,27,407.0,27,400.06097560975604
11,SIAgent2,MALE_OLD,177,2603.0,177,2601.989089411923
11,SIAgent0,MALE_LOW_INCOME,247,3631.0,559,3111.5076923076995
12,WEAgent1,FEMALE_OLD_HIGH_INCOME,27,407.0,27,396.910931174089
12,WEAgent2,FEMALE_YOUNG_LOW_INCOME,135,1980.0,113,1657.3333333333355
12,WEAgent0,FEMALE_YOUNG_LOW_INCOME,135,1980.0,128,1877.3333333333367
12,WEAgent5,MALE_LOW_INCOME,247,3631.0,122,0.0
12,WEAgent3,FEMALE_YOUNG_HIGH_INCOME,17,256.0,32,0.0
12,WEAgent4,OLD_HIGH_INCOME,82,1215.0,64,396.910931174089
12,SIAgent3,FEMALE_YOUNG_LOW_INCOME,135,1980.0,0,0.0
12,SIAgent4,MALE_OLD,177,2603.0,177,2602.9999999999977
12,SIAgent1,FEMALE_YOUNG_HIGH_INCOME,17,256.0,17,250.07894736842113
12,SIAgent2,MALE_OLD,177,2603.0,180,2602.907042704542
12,SIAgent0,FEMALE_YOUNG,152,2236.0,152,2229.3333333333358
13,WEAgent1,FEMALE_YOUNG_HIGH_INCOME,17,256.0,48,0.0
13,WEAgent2,OLD_LOW_INCOME,286,4196.0,121,0.0
13,WEAgent0,FEMALE_LOW_INCOME,298,4381.0,124,1819.9384615384588
13,WEAgent5,MALE_OLD,177,2603.0,11,161.38461538461536
13,WEAgent3,MALE_OLD,177,2603.0,11,161.38461538461536
13,WEAgent4,YOUNG_LOW_INCOME,260,3816.0,121,1775.9076923076898
13,SIAgent3,OLD_HIGH_INCOME,82,1215.0,82,1206.664630599184
13,SIAgent4,FEMALE_YOUNG,152,2236.0,152,2230.8923076923056
13,SIAgent1,MALE_HIGH_INCOME,90,1325.0,191,1320.419580419579
13,SIAgent2,MALE_LOW_INCOME,247,3631.0,485,3623.8181818181997
13,SIAgent0,FEMALE_OLD,191,2808.0,534,0.0
14,WEAgent1,MALE_HIGH_INCOME,90,1325.0,41,602.2079999999996
14,WEAgent2,FEMALE_YOUNG_HIGH_INCOME,17,256.0,17,256.0
14,WEAgent0,OLD_LOW_INCOME,286,4196.0,350,0.0
14,WEAgent5,FEMALE_YOUNG_LOW_INCOME,135,1980.0,373,0.0
14,WEAgent3,FEMALE_YOUNG_HIGH_INCOME,17,256.0,17,256.0
14,WEAgent4,MALE_HIGH_INCOME,90,1325.0,22,323.13599999999985
14,SIAgent3,FEMALE_YOUNG_HIGH_INCOME,17,256.0,16,210.82352941176472
14,SIAgent4,FEMALE_OLD,191,2808.0,492,0.0
14,SIAgent1,OLD_HIGH_INCOME,82,1215.0,255,1205.528795811518
14,SIAgent2,MALE_YOUNG,160,2353.0,160,2350.0800000000086
14,SIAgent0,MALE_YOUNG_LOW_INCOME,125,1836.0,254,0.0
15,WEAgent1,FEMALE_OLD_HIGH_INCOME,27,407.0,27,396.1258741258743
15,WEAgent2,YOUNG_LOW_INCOME,260,3816.0,103,0.0
15,WEAgent0,MALE_YOUNG_HIGH_INCOME,35,517.0,27,0.0
15,WEAgent5,OLD_HIGH_INCOME,82,1215.0,46,484.1538461538465
15,WEAgent3,OLD_LOW_INCOME,286,4196.0,128,1877.9300699300672
15,WEAgent4,MALE_OLD,177,2603.0,151,0.0
15,SIAgent3,YOUNG_HIGH_INCOME,52,773.0,68,764.7249999999995
15,SIAgent4,MALE_YOUNG,160,2353.0,160,2352.7067307692296
15,SIAgent1,MALE_YOUNG,160,2353.0,160,2352.999999999999
15,SIAgent2,OLD_LOW_INCOME,286,4196.0,586,2024.6433566433536
15,SIAgent0,MALE_OLD_LOW_INCOME,122,1795.0,122,1789.9020979020954
16,WEAgent1,YOUNG_HIGH_INCOME,52,773.0,17,0.0
16,WEAgent2,MALE_OLD_LOW_INCOME,122,1795.0,379,0.0
16,WEAgent0,MALE_OLD,177,2603.0,41,602.327272727273
16,WEAgent5,MALE_OLD_HIGH_INCOME,55,808.0,44,646.4000000000004
16,WEAgent3,FEMALE_OLD,191,2808.0,0,0.0
16,WEAgent4,YOUNG_LOW_INCOME,260,3816.0,340,0.0
16,SIAgent3,FEMALE_OLD_HIGH_INCOME,27,407.0,27,400.06097560975604
16,SIAgent4,MALE_YOUNG_HIGH_INCOME,35,517.0,95,0.0
16,SIAgent1,FEMALE_HIGH_INCOME,45,663.0,45,661.2081865778202
16,SIAgent2,OLD_HIGH_INCOME,82,1215.0,82,1205.1636363636383
16,SIAgent0,FEMALE_OLD,191,2808.0,553,543.5636363636364
17,WEAgent1,MALE_YOUNG_LOW_INCOME,125,1836.0,124,1821.312000000005
17,WEAgent2,MALE_YOUNG_LOW_INCOME,125,1836.0,123,1777.2480000000046
17,WEAgent0,YOUNG_HIGH_INCOME,52,773.0,29,0.0
17,WEAgent5,MALE_OLD_LOW_INCOME,122,1795.0,103,1511.1468531468513
17,WEAgent3,MALE_YOUNG_LOW_INCOME,125,1836.0,124,1821.312000000005
17,WEAgent4,MALE_YOUNG_HIGH_INCOME,35,517.0,99,0.0
17,SIAgent3,FEMALE_OLD_LOW_INCOME,163,2401.0,163,2391.426573426575
17,SIAgent4,OLD_LOW_INCOME,286,4196.0,457,1907.2727272727245
17,SIAgent1,MALE_OLD_HIGH_INCOME,55,808.0,101,0.0
17,SIAgent2,MALE_OLD,177,2603.0,177,2597.9412587412603
17,SIAgent0,FEMALE_YOUNG_HIGH_INCOME,17,256.0,17,251.1142857142857
18,WEAgent1,FEMALE_OLD_HIGH_INCOME,27,407.0,0,0.0
18,WEAgent2,MALE_OLD,177,2603.0,52,764.7231638418075
18,WEAgent0,MALE_OLD,177,2603.0,59,867.666666666666
18,WEAgent5,FEMALE_OLD,191,2808.0,22,323.4345549738219
18,WEAgent3,MALE_OLD_LOW_INCOME,122,1795.0,122,1794.158192090398
18,WEAgent4,FEMALE_OLD_HIGH_INCOME,27,407.0,0,0.0
18,SIAgent3,MALE_OLD,177,2603.0,305,897.0790960451969
18,SIAgent4,FEMALE_OLD_HIGH_INCOME,27,407.0,27,397.8
18,SIAgent1,FEMALE_OLD,191,2808.0,482,0.0
18,SIAgent2,FEMALE_HIGH_INCOME,45,663.0,45,661.570680628272
18,SIAgent0,YOUNG_HIGH_INCOME,52,773.0,148,456.7333333333334
19,WEAgent1,MALE_OLD_HIGH_INCOME,55,808.0,135,675.7818181818187
19,WEAgent2,MALE_OLD_HIGH_INCOME,55,808.0,54,793.3090909090919
19,WEAgent0,FEMALE_LOW_INCOME,298,4381.0,298,4373.723076923097
19,WEAgent5,MALE_LOW_INCOME,247,3631.0,222,1938.8160000000057
19,WEAgent3,YOUNG_HIGH_INCOME,52,773.0,33,0.0
19,WEAgent4,MALE_OLD_LOW_INCOME,122,1795.0,122,1791.9360000000047
19,SIAgent3,MALE_YOUNG_LOW_INCOME,125,1836.0,125,1834.6153846153818
19,SIAgent4,MALE_YOUNG_HIGH_INCOME,35,517.0,75,0.0
19,SIAgent1,YOUNG_LOW_INCOME,260,3816.0,304,0.0
19,SIAgent2,YOUNG_HIGH_INCOME,52,773.0,52,768.1142857142864
19,SIAgent0,FEMALE_OLD,191,2808.0,580,0.0
20,WEAgent1,MALE_OLD,177,2603.0,106,0.0
20,WEAgent2,MALE_HIGH_INCOME,90,1325.0,124,0.0
20,WEAgent0,FEMALE_LOW_INCOME,298,4381.0,366,0.0
20,WEAgent5,FEMALE_OLD_HIGH_INCOME,27,407.0,0,0.0
20,WEAgent3,FEMALE_OLD_HIGH_INCOME,27,407.0,0,0.0
20,WEAgent4,FEMALE_OLD_HIGH_INCOME,27,407.0,0,0.0
20,SIAgent3,MALE_OLD_LOW_INCOME,122,1795.0,122,1793.4493927125538
20,SIAgent4,MALE_YOUNG_LOW_INCOME,125,1836.0,133,0.0
20,SIAgent1,FEMALE_OLD,191,2808.0,519,866.5919999999994
20,SIAgent2,MALE_LOW_INCOME,247,3631.0,384,3627.9360000000174
20,SIAgent0,OLD_HIGH_INCOME,82,1215.0,82,1204.7824083769635
21,WEAgent1,FEMALE_YOUNG_LOW_INCOME,135,1980.0,41,601.3333333333334
21,WEAgent2,FEMALE_YOUNG,152,2236.0,70,1026.6666666666656
21,WEAgent0,FEMALE_OLD_HIGH_INCOME,27,407.0,6,0.0
21,WEAgent5,FEMALE_YOUNG,152,2236.0,59,865.3333333333327
21,WEAgent3,MALE_HIGH_INCOME,90,1325.0,123,0.0
21,WEAgent4,MALE_LOW_INCOME,247,3631.0,183,2684.8531468531523
21,SIAgent3,OLD_LOW_INCOME,286,4196.0,403,2758.2097902097967
21,SIAgent4,FEMALE_LOW_INCOME,298,4381.0,298,4371.030303030311
21,SIAgent1,FEMALE_OLD,191,2808.0,191,2807.956375838928
21,SIAgent2,OLD_HIGH_INCOME,82,1215.0,220,1208.1333333333341
21,SIAgent0,FEMALE_HIGH_INCOME,45,663.0,45,659.9999999999999
22,WEAgent1,MALE_OLD_HIGH_INCOME,55,808.0,56,0.0
22,WEAgent2,MALE_YOUNG,160,2353.0,15,220.36363636363635
22,WEAgent0,MALE_YOUNG,160,2353.0,16,235.05454545454543
22,WEAgent5,FEMALE_LOW_INCOME,298,4381.0,402,0.0
22,WEAgent3,OLD_HIGH_INCOME,82,1215.0,4,58.76363636363636
22,WEAgent4,OLD_HIGH_INCOME,82,1215.0,6,88.14545454545454
22,SIAgent3,MALE_YOUNG_HIGH_INCOME,35,517.0,35,515.2777777777779
22,SIAgent4,FEMALE_HIGH_INCOME,45,663.0,83,661.0909090909096
22,SIAgent1,MALE_OLD_LOW_INCOME,122,1795.0,340,0.0
22,SIAgent2,MALE_HIGH_INCOME,90,1325.0,90,1322.181818181821
22,SIAgent0,OLD_HIGH_INCOME,82,1215.0,82,1207.5444444444433
23,WEAgent1,OLD_LOW_INCOME,286,4196.0,173,2538.1398601398637
23,WEAgent2,FEMALE_LOW_INCOME,298,4381.0,178,2616.8389261745
23,WEAgent0,MALE_YOUNG_HIGH_INCOME,35,517.0,35,514.7187500000002
23,WEAgent5,MALE_YOUNG,160,2353.0,33,485.30625000000026
23,WEAgent3,FEMALE_LOW_INCOME,298,4381.0,207,3043.1778523489934
23,WEAgent4,FEMALE_HIGH_INCOME,45,663.0,44,648.2666666666669
23,SIAgent3,OLD_LOW_INCOME,286,4196.0,516,2860.9090909090987
23,SIAgent4,FEMALE_HIGH_INCOME,45,663.0,59,486.2000000000001
23,SIAgent1,FEMALE_HIGH_INCOME,45,663.0,44,648.2666666666669
23,SIAgent2,MALE_YOUNG,160,2353.0,391,573.54375
23,SIAgent0,FEMALE_OLD_LOW_INCOME,163,2401.0,163,2391.426573426575
24,WEAgent1,FEMALE_LOW_INCOME,298,4381.0,131,1925.8758389261814
24,WEAgent2,MALE_OLD_HIGH_INCOME,55,808.0,90,0.0
24,WEAgent0,FEMALE_OLD,191,2808.0,47,0.0
24,WEAgent5,FEMALE_LOW_INCOME,298,4381.0,148,2175.7986577181277
24,WEAgent3,FEMALE_LOW_INCOME,298,4381.0,113,1661.2516778523539
24,WEAgent4,MALE_YOUNG,160,2353.0,27,397.0687500000002
24,SIAgent3,OLD_HIGH_INCOME,82,1215.0,82,1204.72347990992
24,SIAgent4,MALE_YOUNG_HIGH_INCOME,35,517.0,35,514.7187500000002
24,SIAgent1,MALE_OLD,177,2603.0,177,2596.825174825179
24,SIAgent2,MALE_YOUNG,160,2353.0,395,529.4250000000002
24,SIAgent0,OLD_LOW_INCOME,286,4196.0,711,0.0
25,WEAgent1,FEMALE_YOUNG_HIGH_INCOME,17,256.0,17,256.0
25,WEAgent2,MALE_YOUNG,160,2353.0,22,322.76923076923083
25,WEAgent0,MALE_HIGH_INCOME,90,1325.0,28,410.797202797203
25,WEAgent5,OLD_LOW_INCOME,286,4196.0,31,454.8111888111891
25,WEAgent3,FEMALE_YOUNG_HIGH_INCOME,17,256.0,42,240.94117647058826
25,WEAgent4,MALE_YOUNG_HIGH_INCOME,35,517.0,24,352.1118881118882
25,SIAgent3,MALE_OLD_LOW_INCOME,122,1795.0,122,1794.158192090398
25,SIAgent4,MALE_YOUNG_HIGH_INCOME,35,517.0,35,513.4965034965038
25,SIAgent1,MALE_OLD,177,2603.0,300,2596.825174825179
25,SIAgent2,MALE_YOUNG_LOW_INCOME,125,1836.0,367,0.0
25,SIAgent0,OLD_LOW_INCOME,286,4196.0,534,689.5524475524475
26,WEAgent1,MALE_YOUNG_LOW_INCOME,125,1836.0,54,792.5538461538467
26,WEAgent2,YOUNG_HIGH_INCOME,52,773.0,7,102.97368421052633
26,WEAgent0,MALE_YOUNG_HIGH_INCOME,35,517.0,0,0.0
26,WEAgent5,FEMALE_YOUNG,152,2236.0,5,73.55263157894737
26,WEAgent3,FEMALE_OLD_HIGH_INCOME,27,407.0,82,0.0
26,WEAgent4,MALE_LOW_INCOME,247,3631.0,61,895.2923076923086
26,SIAgent3,YOUNG_HIGH_INCOME,52,773.0,52,771.9627755285655
26,SIAgent4,MALE_LOW_INCOME,247,3631.0,475,3625.2000000000126
26,SIAgent1,YOUNG_LOW_INCOME,260,3816.0,422,0.0
26,SIAgent2,MALE_HIGH_INCOME,90,1325.0,189,397.1842105263159
26,SIAgent0,YOUNG_HIGH_INCOME,52,773.0,51,758.1346153846163
27,WEAgent1,MALE_OLD_LOW_INCOME,122,1795.0,103,1511.1468531468513
27,WEAgent2,YOUNG_LOW_INCOME,260,3816.0,128,1467.6923076923067
27,WEAgent0,FEMALE_OLD,191,2808.0,22,323.43455497382195
27,WEAgent5,MALE_YOUNG_LOW_INCOME,125,1836.0,125,1834.6153846153818
27,WEAgent3,FEMALE_OLD,191,2808.0,29,426.3455497382198
27,WEAgent4,FEMALE_YOUNG,152,2236.0,318,0.0
27,SIAgent3,FEMALE_YOUNG,152,2236.0,152,2235.999999999994
27,SIAgent4,MALE_LOW_INCOME,247,3631.0,247,3624.534265734281
27,SIAgent1,FEMALE_OLD_LOW_INCOME,163,2401.0,163,2391.426573426575
27,SIAgent2,OLD_LOW_INCOME,286,4196.0,426,1657.8601398601377
27,SIAgent0,FEMALE_OLD_HIGH_INCOME,27,407.0,27,396.9424083769633
28,WEAgent1,FEMALE_YOUNG_HIGH_INCOME,17,256.0,38,0.0
28,WEAgent2,FEMALE_LOW_INCOME,298,4381.0,138,2024.000000000004
28,WEAgent0,MALE_OLD_HIGH_INCOME,55,808.0,66,0.0
28,WEAgent5,OLD_LOW_INCOME,286,4196.0,245,2083.328671328669
28,WEAgent3,MALE_OLD_LOW_INCOME,122,1795.0,122,1789.9020979020954
28,WEAgent4,FEMALE_YOUNG_LOW_INCOME,135,1980.0,132,1936.0000000000036
28,SIAgent3,OLD_HIGH_INCOME,82,1215.0,115,1204.6545454545478
28,SIAgent4,MALE_YOUNG,160,2353.0,333,2029.4624999999955
28,SIAgent1,MALE_YOUNG,160,2353.0,160,2352.999999999999
28,SIAgent2,FEMALE_YOUNG_LOW_INCOME,135,1980.0,0,0.0
28,SIAgent0,FEMALE_YOUNG,152,2236.0,152,2229.3333333333358
29,WEAgent1,MALE_LOW_INCOME,247,3631.0,0,0.0
29,WEAgent2,YOUNG_LOW_INCOME,260,3816.0,0,0.0
29,WEAgent0,MALE_LOW_INCOME,247,3631.0,0,0.0
29,WEAgent5,YOUNG_HIGH_INCOME,52,773.0,33,0.0
29,WEAgent3,MALE_YOUNG_HIGH_INCOME,35,517.0,97,0.0
29,WEAgent4,OLD_LOW_INCOME,286,4196.0,49,0.0
29,SIAgent3,MALE_OLD,177,2603.0,330,2596.825174825179
29,SIAgent4,FEMALE_YOUNG_HIGH_INCOME,17,256.0,17,251.1142857142857
29,SIAgent1,MALE_OLD_LOW_INCOME,122,1795.0,122,1794.158192090398
29,SIAgent2,YOUNG_LOW_INCOME,260,3816.0,656,3403.7482517482667
29,SIAgent0,MALE_YOUNG_LOW_INCOME,125,1836.0,125,1834.6153846153818
30,WEAgent1,FEMALE_OLD_HIGH_INCOME,27,407.0,27,396.9424083769633
30,WEAgent2,YOUNG_LOW_INCOME,260,3816.0,162,0.0
30,WEAgent0,FEMALE_HIGH_INCOME,45,663.0,35,0.0
30,WEAgent5,FEMALE_YOUNG_LOW_INCOME,135,1980.0,171,0.0
30,WEAgent3,FEMALE_OLD_HIGH_INCOME,27,407.0,27,396.9424083769633
30,WEAgent4,MALE_OLD_HIGH_INCOME,55,808.0,175,0.0
30,SIAgent3,MALE_YOUNG_HIGH_INCOME,35,517.0,112,0.0
30,SIAgent4,FEMALE_OLD,191,2808.0,503,0.0
30,SIAgent1,FEMALE_YOUNG,152,2236.0,152,2230.871794871792
30,SIAgent2,YOUNG_LOW_INCOME,260,3816.0,260,3813.3333333333194
30,SIAgent0,FEMALE_YOUNG_HIGH_INCOME,17,256.0,17,250.07894736842113
31,WEAgent1,FEMALE_HIGH_INCOME,45,663.0,15,221.0000000000001
31,WEAgent2,FEMALE_HIGH_INCOME,45,663.0,20,294.66666666666686
31,WEAgent0,OLD_HIGH_INCOME,82,1215.0,60,0.0
31,WEAgent5,FEMALE_YOUNG_LOW_INCOME,135,1980.0,0,0.0
31,WEAgent3,MALE_YOUNG,160,2353.0,125,0.0
31,WEAgent4,FEMALE_YOUNG_HIGH_INCOME,17,256.0,17,250.4666666666668
31,SIAgent3,FEMALE_LOW_INCOME,298,4381.0,318,4380.243004646358
31,SIAgent4,FEMALE_LOW_INCOME,298,4381.0,298,4380.99999999999
31,SIAgent1,YOUNG_LOW_INCOME,260,3816.0,467,1745.333333333336
31,SIAgent2,FEMALE_YOUNG_LOW_INCOME,135,1980.0,0,0.0
31,SIAgent0,FEMALE_OLD_HIGH_INCOME,27,407.0,27,400.06097560975604
32,WEAgent1,YOUNG_HIGH_INCOME,52,773.0,57,0.0
32,WEAgent2,MALE_OLD,177,2603.0,64,0.0
32,WEAgent0,FEMALE_LOW_INCOME,298,4381.0,298,4370.666666666655
32,WEAgent5,MALE_YOUNG_LOW_INCOME,125,1836.0,250,1424.7360000000022
32,WEAgent3,MALE_OLD_LOW_INCOME,122,1795.0,122,1791.9360000000047
32,WEAgent4,MALE_LOW_INCOME,247,3631.0,238,1718.4960000000042
32,SIAgent3,MALE_YOUNG_LOW_INCOME,125,1836.0,124,1821.312000000005
32,SIAgent4,FEMALE_OLD_LOW_INCOME,163,2401.0,163,2396.3560209424077
32,SIAgent1,FEMALE_YOUNG_LOW_INCOME,135,1980.0,130,0.0
32,SIAgent2,FEMALE_OLD,191,2808.0,358,0.0
32,SIAgent0,MALE_HIGH_INCOME,90,1325.0,159,1321.9200000000014
33,WEAgent1,OLD_LOW_INCOME,286,4196.0,366,0.0
33,WEAgent2,MALE_YOUNG_LOW_INCOME,125,1836.0,62,909.3333333333326
33,WEAgent0,FEMALE_OLD_LOW_INCOME,163,2401.0,161,2371.539877300609
33,WEAgent5,MALE_YOUNG_HIGH_INCOME,35,517.0,38,0.0
33,WEAgent3,YOUNG_LOW_INCOME,260,3816.0,56,821.3333333333328
33,WEAgent4,FEMALE_OLD_HIGH_INCOME,27,407.0,76,0.0
33,SIAgent3,FEMALE_OLD_LOW_INCOME,163,2401.0,160,2356.809815950916
33,SIAgent4,MALE_YOUNG,160,2353.0,160,2352.999999999999
33,SIAgent1,MALE_YOUNG,160,2353.0,160,2352.9604166666654
33,SIAgent2,FEMALE_YOUNG_LOW_INCOME,135,1980.0,396,0.0
33,SIAgent0,FEMALE_OLD_LOW_INCOME,163,2401.0,160,2356.809815950916
34,WEAgent1,OLD_LOW_INCOME,286,4196.0,54,792.2517482517479
34,WEAgent2,MALE_OLD_LOW_INCOME,122,1795.0,59,865.6083916083911
34,WEAgent0,MALE_OLD_HIGH_INCOME,55,808.0,102,0.0
34,WEAgent5,FEMALE_LOW_INCOME,298,4381.0,396,0.0
34,WEAgent3,FEMALE_OLD_LOW_INCOME,163,2401.0,163,2396.3560209424077
34,WEAgent4,OLD_LOW_INCOME,286,4196.0,74,1085.6783216783208
34,SIAgent3,MALE_OLD_LOW_INCOME,122,1795.0,122,1789.9020979020954
34,SIAgent4,OLD_LOW_INCOME,286,4196.0,186,865.6083916083911
34,SIAgent1,FEMALE_OLD,191,2808.0,230,2802.2237762237833
34,SIAgent2,MALE_YOUNG_LOW_INCOME,125,1836.0,378,0.0
34,SIAgent0,MALE_OLD_HIGH_INCOME,55,808.0,54,793.3090909090919
35,WEAgent1,MALE_YOUNG_LOW_INCOME,125,1836.0,175,0.0
35,WEAgent2,MALE_YOUNG,160,2353.0,94,0.0
35,WEAgent0,MALE_OLD_LOW_INCOME,122,1795.0,89,1305.7482517482504
35,WEAgent5,YOUNG_HIGH_INCOME,52,773.0,33,0.0
35,WEAgent3,OLD_LOW_INCOME,286,4196.0,86,1261.7342657342645
35,WEAgent4,MALE_OLD,177,2603.0,78,0.0
35,SIAgent3,FEMALE_OLD_LOW_INCOME,163,2401.0,493,0.0
35,SIAgent4,MALE_OLD_LOW_INCOME,122,1795.0,122,1793.4493927125538
35,SIAgent1,OLD_HIGH_INCOME,82,1215.0,123,1203.04895104895
35,SIAgent2,FEMALE_YOUNG_LOW_INCOME,135,1980.0,424,0.0
35,SIAgent0,MALE_LOW_INCOME,247,3631.0,247,3626.952391608412
36,WEAgent1,MALE_OLD,177,2603.0,162,0.0
36,WEAgent2,MALE_YOUNG_HIGH_INCOME,35,517.0,94,0.0
36,WEAgent0,FEMALE_OLD_HIGH_INCOME,27,407.0,94,0.0
36,WEAgent5,YOUNG_HIGH_INCOME,52,773.0,44,0.0
36,WEAgent3,FEMALE_LOW_INCOME,298,4381.0,298,4370.666666666655
36,WEAgent4,MALE_LOW_INCOME,247,3631.0,116,1701.8741258741236
36,SIAgent3,FEMALE_YOUNG_LOW_INCOME,135,1980.0,46,674.6666666666665
36,SIAgent4,FEMALE_YOUNG_LOW_INCOME,135,1980.0,56,821.3333333333328
36,SIAgent1,MALE_OLD_LOW_INCOME,122,1795.0,122,1789.9020979020954
36,SIAgent2,OLD_LOW_INCOME,286,4196.0,586,1907.2727272727245
36,SIAgent0,MALE_YOUNG_LOW_INCOME,125,1836.0,382,0.0
37,WEAgent1,FEMALE_OLD_LOW_INCOME,163,2401.0,163,2400.9999999999955
37,WEAgent2,FEMALE_HIGH_INCOME,45,663.0,14,205.8219895287958
37,WEAgent0,YOUNG_HIGH_INCOME,52,773.0,18,264.6282722513089
37,WEAgent5,YOUNG_LOW_INCOME,260,3816.0,355,0.0
37,WEAgent3,FEMALE_OLD_HIGH_INCOME,27,407.0,22,323.43455497382195
37,WEAgent4,FEMALE_OLD,191,2808.0,16,235.22513089005233
37,SIAgent3,FEMALE_YOUNG_HIGH_INCOME,17,256.0,17,250.46666666666655
37,SIAgent4,FEMALE_YOUNG_LOW_INCOME,135,1980.0,376,0.0
37,SIAgent1,FEMALE_HIGH_INCOME,45,663.0,45,661.570680628272
37,SIAgent2,FEMALE_OLD_LOW_INCOME,163,2401.0,343,1723.4171779141088
37,SIAgent0,MALE_HIGH_INCOME,90,1325.0,267,0.0
38,WEAgent1,YOUNG_HIGH_INCOME,52,773.0,19,279.41807909604535
38,WEAgent2,FEMALE_OLD_HIGH_INCOME,27,407.0,22,323.536723163842
38,WEAgent0,MALE_OLD,177,2603.0,107,0.0
38,WEAgent5,FEMALE_OLD_HIGH_INCOME,27,407.0,26,382.3615819209042
38,WEAgent3,MALE_OLD_LOW_INCOME,122,1795.0,122,1793.4493927125538
38,WEAgent4,FEMALE_HIGH_INCOME,45,663.0,13,191.18079096045204
38,SIAgent3,MALE_LOW_INCOME,247,3631.0,386,3625.2000000000126
38,SIAgent4,YOUNG_LOW_INCOME,260,3816.0,350,0.0
38,SIAgent1,FEMALE_YOUNG,152,2236.0,152,2230.8923076923056
38,SIAgent2,OLD_HIGH_INCOME,82,1215.0,82,1206.750282485876
38,SIAgent0,FEMALE_HIGH_INCOME,45,663.0,45,661.844335414808
39,WEAgent1,FEMALE_OLD_HIGH_INCOME,27,407.0,27,397.06779661016975
39,WEAgent2,YOUNG_LOW_INCOME,260,3816.0,135,0.0
39,WEAgent0,FEMALE_YOUNG,152,2236.0,41,0.0
39,WEAgent5,OLD_HIGH_INCOME,82,1215.0,55,205.8870056497176
39,WEAgent3,MALE_YOUNG,160,2353.0,29,426.48022598870085
39,WEAgent4,MALE_YOUNG,160,2353.0,29,426.48022598870085
39,SIAgent3,MALE_OLD,177,2603.0,285,2588.2937853107323
39,SIAgent4,MALE_OLD,177,2603.0,177,2602.9999999999977
39,SIAgent1,FEMALE_LOW_INCOME,298,4381.0,455,4373.723076923097
39,SIAgent2,MALE_HIGH_INCOME,90,1325.0,90,1323.5593220338985
39,SIAgent0,FEMALE_OLD_LOW_INCOME,163,2401.0,163,2396.318791946314
40,WEAgent1,FEMALE_LOW_INCOME,298,4381.0,44,645.3333333333333
40,WEAgent2,MALE_LOW_INCOME,247,3631.0,202,2963.608391608401
40,WEAgent0,FEMALE_YOUNG_LOW_INCOME,135,1980.0,48,703.9999999999998
40,WEAgent5,FEMALE_OLD_HIGH_INCOME,27,407.0,0,0.0
40,WEAgent3,OLD_LOW_INCOME,286,4196.0,167,2450.1118881118905
40,WEAgent4,YOUNG_HIGH_INCOME,52,773.0,40,0.0
40,SIAgent3,MALE_OLD_HIGH_INCOME,55,808.0,176,0.0
40,SIAgent4,FEMALE_YOUNG_HIGH_INCOME,17,256.0,17,252.71153846153845
40,SIAgent1,FEMALE_LOW_INCOME,298,4381.0,322,4370.666666666655
40,SIAgent2,FEMALE_OLD,191,2808.0,191,2807.999999999999
40,SIAgent0,FEMALE_OLD,191,2808.0,192,2807.997716012507
41,WEAgent1,MALE_OLD_HIGH_INCOME,55,808.0,42,617.0181818181821
41,WEAgent2,MALE_OLD_HIGH_INCOME,55,808.0,47,690.4727272727279
41,WEAgent0,OLD_HIGH_INCOME,82,1215.0,0,0.0
41,WEAgent5,FEMALE_OLD_HIGH_INCOME,27,407.0,0,0.0
41,WEAgent3,MALE_YOUNG_LOW_INCOME,125,1836.0,125,1834.6153846153818
41,WEAgent4,MALE_OLD_LOW_INCOME,122,1795.0,347,0.0
41,SIAgent3,FEMALE_YOUNG_HIGH_INCOME,17,256.0,54,0.0
41,SIAgent4,OLD_HIGH_INCOME,82,1215.0,82,1204.9637315564032
41,SIAgent1,YOUNG_LOW_INCOME,260,3816.0,259,3801.3230769230913
41,SIAgent2,YOUNG_LOW_INCOME,260,3816.0,395,3581.169230769243
41,SIAgent0,FEMALE_OLD,191,2808.0,563,793.3090909090919
42,WEAgent1,MALE_LOW_INCOME,247,3631.0,245,0.0
42,WEAgent2,FEMALE_OLD_HIGH_INCOME,27,407.0,24,352.8376963350785
42,WEAgent0,FEMALE_OLD,191,2808.0,24,352.8376963350785
42,WEAgent5,MALE_OLD_HIGH_INCOME,55,808.0,114,0.0
42,WEAgent3,FEMALE_HIGH_INCOME,45,663.0,25,0.0
42,WEAgent4,MALE_HIGH_INCOME,90,1325.0,98,0.0
42,SIAgent3,FEMALE_YOUNG,152,2236.0,152,2229.3333333333358
42,SIAgent4,FEMALE_OLD_LOW_INCOME,163,2401.0,475,0.0
42,SIAgent1,MALE_OLD,177,2603.0,177,2601.3734265734242
42,SIAgent2,FEMALE_YOUNG_LOW_INCOME,135,1980.0,265,0.0
42,SIAgent0,FEMALE_HIGH_INCOME,45,663.0,45,661.6262514926058
43,WEAgent1,YOUNG_HIGH_INCOME,52,773.0,10,0.0
43,WEAgent2,YOUNG_LOW_INCOME,260,3816.0,188,2759.261538461542
43,WEAgent0,MALE_OLD_HIGH_INCOME,55,808.0,110,0.0
43,WEAgent5,OLD_HIGH_INCOME,82,1215.0,55,0.0
43,WEAgent3,FEMALE_LOW_INCOME,298,4381.0,190,2788.6153846153884
43,WEAgent4,MALE_YOUNG_HIGH_INCOME,35,517.0,9,132.35625
43,SIAgent3,YOUNG_HIGH_INCOME,52,773.0,52,770.93125
43,SIAgent4,YOUNG_HIGH_INCOME,52,773.0,51,758.1346153846163
43,SIAgent1,FEMALE_OLD_LOW_INCOME,163,2401.0,464,0.0
43,SIAgent2,OLD_HIGH_INCOME,82,1215.0,82,1204.6545454545478
43,SIAgent0,MALE_YOUNG,160,2353.0,389,132.35625
44,WEAgent1,FEMALE_YOUNG,152,2236.0,20,293.3333333333333
44,WEAgent2,MALE_YOUNG_LOW_INCOME,125,1836.0,92,0.0
44,WEAgent0,FEMALE_HIGH_INCOME,45,663.0,33,484.0000000000002
44,WEAgent5,MALE_HIGH_INCOME,90,1325.0,63,587.6363636363639
44,WEAgent3,FEMALE_LOW_INCOME,298,4381.0,115,1686.666666666669
44,WEAgent4,MALE_YOUNG_HIGH_INCOME,35,517.0,35,514.1818181818181
44,SIAgent3,MALE_OLD_HIGH_INCOME,55,808.0,142,0.0
44,SIAgent4,MALE_LOW_INCOME,247,3631.0,247,3630.9999999999836
44,SIAgent1,MALE_LOW_INCOME,247,3631.0,291,3630.4293765182156
44,SIAgent2,FEMALE_YOUNG_LOW_INCOME,135,1980.0,0,0.0
44,SIAgent0,FEMALE_LOW_INCOME,298,4381.0,659,4370.666666666655
45,WEAgent1,MALE_OLD_LOW_INCOME,122,1795.0,121,1778.7489878542542
45,WEAgent2,MALE_OLD_HIGH_INCOME,55,808.0,94,0.0
45,WEAgent0,FEMALE_YOUNG,152,2236.0,7,0.0
45,WEAgent5,MALE_LOW_INCOME,247,3631.0,133,1955.1538461538498
45,WEAgent3,FEMALE_OLD_HIGH_INCOME,27,407.0,18,271.3333333333333
45,WEAgent4,FEMALE_OLD_HIGH_INCOME,27,407.0,19,286.4074074074074
45,SIAgent3,MALE_OLD,177,2603.0,177,2601.4588884799387
45,SIAgent4,FEMALE_HIGH_INCOME,45,663.0,45,659.9999999999999
45,SIAgent1,FEMALE_LOW_INCOME,298,4381.0,614,4370.666666666655
45,SIAgent2,FEMALE_YOUNG_LOW_INCOME,135,1980.0,126,0.0
45,SIAgent0,FEMALE_OLD_HIGH_INCOME,27,407.0,27,407.0
46,WEAgent1,FEMALE_YOUNG,152,2236.0,20,294.0268456375839
46,WEAgent2,FEMALE_LOW_INCOME,298,4381.0,400,0.0
46,WEAgent0,MALE_OLD,177,2603.0,0,0.0
46,WEAgent5,YOUNG_HIGH_INCOME,52,773.0,32,470.4429530201342
46,WEAgent3,MALE_OLD_HIGH_INCOME,55,808.0,1,14.69090909090909
46,WEAgent4,MALE_YOUNG_HIGH_INCOME,35,517.0,35,515.2777777777779
46,SIAgent3,FEMALE_OLD_HIGH_INCOME,27,407.0,27,396.9424083769632
46,SIAgent4,FEMALE_OLD,191,2808.0,539,0.0
46,SIAgent1,MALE_OLD,177,2603.0,227,2602.846944016433
46,SIAgent2,MALE_OLD,177,2603.0,177,2602.9999999999977
46,SIAgent0,MALE_HIGH_INCOME,90,1325.0,119,1323.5593220338985
47,WEAgent1,MALE_OLD_LOW_INCOME,122,1795.0,345,0.0
47,WEAgent2,FEMALE_LOW_INCOME,298,4381.0,193,2837.3590604026863
47,WEAgent0,FEMALE_YOUNG_HIGH_INCOME,17,256.0,17,252.71153846153845
47,WEAgent5,FEMALE_YOUNG_HIGH_INCOME,17,256.0,17,252.71153846153845
47,WEAgent3,FEMALE_OLD_LOW_INCOME,163,2401.0,163,2400.1671470333877
47,WEAgent4,YOUNG_HIGH_INCOME,52,773.0,21,297.3076923076924
47,SIAgent3,FEMALE_LOW_INCOME,298,4381.0,364,2690.3456375838955
47,SIAgent4,OLD_HIGH_INCOME,82,1215.0,104,1212.7290465631952
47,SIAgent1,FEMALE_OLD_LOW_INCOME,163,2401.0,163,2400.9999999999955
47,SIAgent2,MALE_OLD_HIGH_INCOME,55,808.0,33,0.0
47,SIAgent0,OLD_HIGH_INCOME,82,1215.0,81,1200.1829268292693
48,WEAgent1,FEMALE_OLD,191,2808.0,5,73.38461538461539
48,WEAgent2,MALE_HIGH_INCOME,90,1325.0,35,513.6923076923075
48,WEAgent0,MALE_YOUNG,160,2353.0,31,454.98461538461527
48,WEAgent5,YOUNG_LOW_INCOME,260,3816.0,92,0.0
48,WEAgent3,FEMALE_OLD_LOW_INCOME,163,2401.0,501,0.0
48,WEAgent4,OLD_HIGH_INCOME,82,1215.0,2,29.353846153846156
48,SIAgent3,FEMALE_OLD_HIGH_INCOME,27,407.0,27,397.8
48,SIAgent4,MALE_YOUNG_LOW_INCOME,125,1836.0,125,1835.889230769234
48,SIAgent1,YOUNG_HIGH_INCOME,52,773.0,52,764.2717948717954
48,SIAgent2,FEMALE_HIGH_INCOME,45,663.0,73,660.4615384615387
48,SIAgent0,MALE_YOUNG_LOW_INCOME,125,1836.0,124,1821.312000000005
49,WEAgent1,FEMALE_YOUNG,152,2236.0,291,0.0
49,WEAgent2,MALE_YOUNG,160,2353.0,70,1029.4374999999986
49,WEAgent0,OLD_LOW_INCOME,286,4196.0,182,2670.1818181818235
49,WEAgent5,OLD_HIGH_INCOME,82,1215.0,0,0.0
49,WEAgent3,FEMALE_HIGH_INCOME,45,663.0,0,0.0
49,WEAgent4,MALE_LOW_INCOME,247,3631.0,182,2670.1818181818235
49,SIAgent3,OLD_HIGH_INCOME,82,1215.0,67,992.743902439026
49,SIAgent4,OLD_HIGH_INCOME,82,1215.0,74,1096.4634146341477
49,SIAgent1,FEMALE_YOUNG,152,2236.0,152,2235.999999999994
49,SIAgent2,OLD_HIGH_INCOME,82,1215.0,74,1096.4634146341477
49,SIAgent0,MALE_YOUNG,160,2353.0,438,838.2562499999992
50,WEAgent1,MALE_YOUNG,160,2353.0,55,660.4615384615387
50,WEAgent2,MALE_YOUNG_HIGH_INCOME,35,517.0,35,513.6923076923075
50,WEAgent0,MALE_YOUNG_HIGH_INCOME,35,517.0,35,513.6923076923075
50,WEAgent5,YOUNG_LOW_INCOME,260,3816.0,368,0.0
50,WEAgent3,FEMALE_OLD_LOW_INCOME,163,2401.0,161,2371.539877300609
50,WEAgent4,MALE_OLD_LOW_INCOME,122,1795.0,122,1789.9020979020954
50,SIAgent3,OLD_LOW_INCOME,286,4196.0,242,1657.8601398601377
50,SIAgent4,FEMALE_OLD_LOW_INCOME,163,2401.0,150,2209.509202453984
50,SIAgent1,FEMALE_OLD_LOW_INCOME,163,2401.0,151,2224.239263803677
50,SIAgent2,FEMALE_YOUNG,152,2236.0,152,2235.999999999994
50,SIAgent0,FEMALE_YOUNG,152,2236.0,273,2147.7368421052565
51,WEAgent1,FEMALE_YOUNG,152,2236.0,23,337.33333333333337
51,WEAgent2,FEMALE_YOUNG,152,2236.0,134,1965.3333333333371
51,WEAgent0,FEMALE_YOUNG_LOW_INCOME,135,1980.0,132,1936.0000000000036
51,WEAgent5,OLD_LOW_INCOME,286,4196.0,0,0.0
51,WEAgent3,YOUNG_LOW_INCOME,260,3816.0,147,0.0
51,WEAgent4,FEMALE_YOUNG,152,2236.0,152,2229.3333333333358
51,SIAgent3,MALE_OLD,177,2603.0,251,2601.971659919025
51,SIAgent4,OLD_LOW_INCOME,286,4196.0,472,2053.3333333333376
51,SIAgent1,MALE_YOUNG_HIGH_INCOME,35,517.0,101,0.0
51,SIAgent2,FEMALE_OLD_LOW_INCOME,163,2401.0,163,2391.426573426575
51,SIAgent0,MALE_LOW_INCOME,247,3631.0,247,3622.8344988344993
52,WEAgent1,FEMALE_YOUNG_HIGH_INCOME,17,256.0,0,0.0
52,WEAgent2,FEMALE_OLD,191,2808.0,29,426.3455497382198
52,WEAgent0,OLD_LOW_INCOME,286,4196.0,191,0.0
52,WEAgent5,FEMALE_OLD,191,2808.0,25,367.53926701570674
52,WEAgent3,MALE_YOUNG_LOW_INCOME,125,1836.0,179,0.0
52,WEAgent4,OLD_HIGH_INCOME,82,1215.0,98,396.9424083769633
52,SIAgent3,MALE_LOW_INCOME,247,3631.0,247,3627.135776223797
52,SIAgent4,MALE_OLD_LOW_INCOME,122,1795.0,122,1793.4493927125538
52,SIAgent1,MALE_HIGH_INCOME,90,1325.0,155,1323.141361256544
52,SIAgent2,FEMALE_YOUNG,152,2236.0,452,779.6578947368423
52,SIAgent0,FEMALE_OLD_LOW_INCOME,163,2401.0,469,0.0
53,WEAgent1,YOUNG_HIGH_INCOME,52,773.0,2,29.38181818181818
53,WEAgent2,FEMALE_HIGH_INCOME,45,663.0,4,58.76363636363636
53,WEAgent0,FEMALE_LOW_INCOME,298,4381.0,298,4370.666666666655
53,WEAgent5,MALE_LOW_INCOME,247,3631.0,346,0.0
53,WEAgent3,MALE_OLD_HIGH_INCOME,55,808.0,68,0.0
53,WEAgent4,FEMALE_YOUNG_HIGH_INCOME,17,256.0,3,44.07272727272727
53,SIAgent3,FEMALE_YOUNG_LOW_INCOME,135,1980.0,33,484.0000000000002
53,SIAgent4,YOUNG_HIGH_INCOME,52,773.0,153,763.9272727272736
53,SIAgent1,FEMALE_YOUNG_LOW_INCOME,135,1980.0,32,469.33333333333354
53,SIAgent2,OLD_HIGH_INCOME,82,1215.0,129,1204.6545454545478
53,SIAgent0,FEMALE_YOUNG_LOW_INCOME,135,1980.0,45,659.9999999999999
54,WEAgent1,FEMALE_OLD_LOW_INCOME,163,2401.0,163,2396.318791946314
54,WEAgent2,FEMALE_OLD,191,2808.0,44,0.0
54,WEAgent0,FEMALE_LOW_INCOME,298,4381.0,86,1261.3333333333335
54,WEAgent5,MALE_YOUNG,160,2353.0,49,718.8951048951047
54,WEAgent3,MALE_HIGH_INCOME,90,1325.0,40,586.853146853147
54,WEAgent4,FEMALE_YOUNG_LOW_INCOME,135,1980.0,113,1657.3333333333355
54,SIAgent3,MALE_LOW_INCOME,247,3631.0,547,3051.636363636374
54,SIAgent4,MALE_OLD,177,2603.0,188,2601.971659919025
54,SIAgent1,FEMALE_LOW_INCOME,298,4381.0,298,4371.123543123549
54,SIAgent2,OLD_HIGH_INCOME,82,1215.0,82,1205.0723400892887
54,SIAgent0,OLD_LOW_INCOME,286,4196.0,226,0.0
55,WEAgent1,YOUNG_HIGH_INCOME,52,773.0,14,205.33333333333331
55,WEAgent2,FEMALE_YOUNG_HIGH_INCOME,17,256.0,16,234.66666666666663
55,WEAgent0,MALE_LOW_INCOME,247,3631.0,163,1705.246963562756
55,WEAgent5,FEMALE_OLD,191,2808.0,44,646.8691099476438
55,WEAgent3,MALE_HIGH_INCOME,90,1325.0,104,0.0
55,WEAgent4,OLD_HIGH_INCOME,82,1215.0,40,588.0628272251307
55,SIAgent3,FEMALE_LOW_INCOME,298,4381.0,732,3798.666666666653
55,SIAgent4,MALE_LOW_INCOME,247,3631.0,247,3630.9999999999836
55,SIAgent1,MALE_LOW_INCOME,247,3631.0,290,3630.9999999999836
55,SIAgent2,FEMALE_YOUNG_LOW_INCOME,135,1980.0,0,0.0
55,SIAgent0,FEMALE_YOUNG,152,2236.0,152,2234.0838926174556
56,WEAgent1,MALE_OLD_HIGH_INCOME,55,808.0,99,0.0
56,WEAgent2,MALE_YOUNG_HIGH_INCOME,35,517.0,31,455.4181818181818
56,WEAgent0,MALE_LOW_INCOME,247,3631.0,175,2570.40000000001
56,WEAgent5,MALE_HIGH_INCOME,90,1325.0,38,558.2545454545456
56,WEAgent3,MALE_LOW_INCOME,247,3631.0,202,2966.976000000013
56,WEAgent4,MALE_YOUNG_HIGH_INCOME,35,517.0,28,411.3454545454545
56,SIAgent3,FEMALE_HIGH_INCOME,45,663.0,117,661.9736842105265
56,SIAgent4,FEMALE_YOUNG,152,2236.0,396,0.0
56,SIAgent1,FEMALE_OLD_LOW_INCOME,163,2401.0,458,0.0
56,SIAgent2,MALE_OLD_HIGH_INCOME,55,808.0,54,793.3090909090919
56,SIAgent0,MALE_YOUNG_LOW_INCOME,125,1836.0,384,0.0
57,WEAgent1,FEMALE_OLD,191,2808.0,21,308.5090909090909
57,WEAgent2,MALE_HIGH_INCOME,90,1325.0,88,0.0
57,WEAgent0,FEMALE_OLD_HIGH_INCOME,27,407.0,21,308.5090909090909
57,WEAgent5,YOUNG_LOW_INCOME,260,3816.0,241,0.0
57,WEAgent3,OLD_HIGH_INCOME,82,1215.0,16,235.05454545454543
57,WEAgent4,OLD_HIGH_INCOME,82,1215.0,22,323.2
57,SIAgent3,MALE_OLD_HIGH_INCOME,55,808.0,146,0.0
57,SIAgent4,MALE_YOUNG,160,2353.0,160,2348.3076923076915
57,SIAgent1,FEMALE_YOUNG,152,2236.0,456,0.0
57,SIAgent2,OLD_LOW_INCOME,286,4196.0,812,0.0
57,SIAgent0,FEMALE_YOUNG_HIGH_INCOME,17,256.0,17,250.07894736842113
58,WEAgent1,MALE_OLD_LOW_INCOME,122,1795.0,75,1102.530364372471
58,WEAgent2,YOUNG_HIGH_INCOME,52,773.0,13,190.66666666666666
58,WEAgent0,FEMALE_YOUNG_HIGH_INCOME,17,256.0,12,176.0
58,WEAgent5,MALE_HIGH_INCOME,90,1325.0,102,0.0
58,WEAgent3,FEMALE_LOW_INCOME,298,4381.0,251,3681.3333333333208
58,WEAgent4,MALE_LOW_INCOME,247,3631.0,83,1220.133603238868
58,SIAgent3,FEMALE_YOUNG,152,2236.0,152,2229.3333333333358
58,SIAgent4,FEMALE_YOUNG_LOW_INCOME,135,1980.0,0,0.0
58,SIAgent1,FEMALE_OLD,191,2808.0,404,0.0
58,SIAgent2,FEMALE_OLD_LOW_INCOME,163,2401.0,163,2396.3560209424077
58,SIAgent0,MALE_OLD,177,2603.0,266,2601.971659919025
59,WEAgent1,YOUNG_LOW_INCOME,260,3816.0,197,0.0
59,WEAgent2,MALE_OLD_HIGH_INCOME,55,808.0,0,0.0
59,WEAgent0,MALE_OLD,177,2603.0,0,0.0
59,WEAgent5,FEMALE_OLD,191,2808.0,28,411.64397905759154
59,WEAgent3,FEMALE_HIGH_INCOME,45,663.0,23,338.1361256544502
59,WEAgent4,MALE_OLD_LOW_INCOME,122,1795.0,122,1794.158192090398
59,SIAgent3,FEMALE_OLD_LOW_INCOME,163,2401.0,477,0.0
59,SIAgent4,MALE_OLD,177,2603.0,405,2409.309090909092
59,SIAgent1,MALE_YOUNG,160,2353.0,221,2348.3076923076915
59,SIAgent2,FEMALE_HIGH_INCOME,45,663.0,52,661.570680628272
59,SIAgent0,FEMALE_YOUNG_HIGH_INCOME,17,256.0,17,250.46666666666655
60,WEAgent1,FEMALE_YOUNG_LOW_INCOME,135,1980.0,244,1892.0000000000034
60,WEAgent2,FEMALE_YOUNG_LOW_INCOME,135,1980.0,134,1965.3333333333371
60,WEAgent0,MALE_YOUNG_HIGH_INCOME,35,517.0,108,0.0
60,WEAgent5,MALE_OLD_HIGH_INCOME,55,808.0,104,0.0
60,WEAgent3,MALE_OLD_LOW_INCOME,122,1795.0,43,632.1174089068827
60,WEAgent4,FEMALE_YOUNG,152,2236.0,50,0.0
60,SIAgent3,FEMALE_OLD_HIGH_INCOME,27,407.0,84,0.0
60,SIAgent4,MALE_OLD_LOW_INCOME,122,1795.0,122,1794.9999999999982
60,SIAgent1,MALE_OLD_LOW_INCOME,122,1795.0,122,1794.9999999999982
60,SIAgent2,MALE_OLD_HIGH_INCOME,55,808.0,54,793.3090909090919
60,SIAgent0,MALE_LOW_INCOME,247,3631.0,435,852.6234817813772
61,WEAgent1,MALE_LOW_INCOME,247,3631.0,359,0.0
61,WEAgent2,YOUNG_HIGH_INCOME,52,773.0,48,0.0
61,WEAgent0,MALE_OLD,177,2603.0,128,0.0
61,WEAgent5,YOUNG_LOW_INCOME,260,3816.0,43,630.6666666666666
61,WEAgent3,MALE_HIGH_INCOME,90,1325.0,72,0.0
61,WEAgent4,FEMALE_YOUNG_LOW_INCOME,135,1980.0,35,513.3333333333336
61,SIAgent3,FEMALE_YOUNG_LOW_INCOME,135,1980.0,0,0.0
61,SIAgent4,FEMALE_LOW_INCOME,298,4381.0,502,4370.666666666655
61,SIAgent1,MALE_HIGH_INCOME,90,1325.0,90,1321.9200000000014
61,SIAgent2,MALE_YOUNG_LOW_INCOME,125,1836.0,372,0.0
61,SIAgent0,FEMALE_OLD,191,2808.0,218,2807.956375838928
62,WEAgent1,MALE_YOUNG,160,2353.0,3,44.118750000000006
62,WEAgent2,FEMALE_OLD_HIGH_INCOME,27,407.0,27,400.06097560975604
62,WEAgent0,FEMALE_LOW_INCOME,298,4381.0,206,3028.4765100671143
62,WEAgent5,MALE_OLD_LOW_INCOME,122,1795.0,122,1793.4493927125538
62,WEAgent3,MALE_YOUNG,160,2353.0,8,117.64999999999999
62,WEAgent4,FEMALE_OLD_LOW_INCOME,163,2401.0,163,2396.318791946314
62,SIAgent3,MALE_LOW_INCOME,247,3631.0,588,1646.4453441295575
62,SIAgent4,YOUNG_HIGH_INCOME,52,773.0,81,768.1142857142867
62,SIAgent1,OLD_HIGH_INCOME,82,1215.0,240,0.0
62,SIAgent2,MALE_YOUNG_HIGH_INCOME,35,517.0,35,514.7187500000002
62,SIAgent0,FEMALE_LOW_INCOME,298,4381.0,507,3057.8791946308725
63,WEAgent1,MALE_OLD_LOW_INCOME,122,1795.0,95,0.0
63,WEAgent2,MALE_YOUNG,160,2353.0,102,0.0
63,WEAgent0,FEMALE_YOUNG,152,2236.0,65,0.0
63,WEAgent5,YOUNG_LOW_INCOME,260,3816.0,78,1143.9999999999995
63,WEAgent3,FEMALE_YOUNG_LOW_INCOME,135,1980.0,69,1011.999999999999
63,WEAgent4,MALE_YOUNG_LOW_INCOME,125,1836.0,118,0.0
63,SIAgent3,MALE_LOW_INCOME,247,3631.0,247,3630.9999999999836
63,SIAgent4,OLD_HIGH_INCOME,82,1215.0,234,0.0
63,SIAgent1,FEMALE_LOW_INCOME,298,4381.0,298,4380.99999999999
63,SIAgent2,FEMALE_LOW_INCOME,298,4381.0,298,4380.99999999999
63,SIAgent0,MALE_LOW_INCOME,247,3631.0,247,3630.975190283385
64,WEAgent1,FEMALE_YOUNG,152,2236.0,254,0.0
64,WEAgent2,FEMALE_HIGH_INCOME,45,663.0,10,147.10526315789477
64,WEAgent0,OLD_LOW_INCOME,286,4196.0,357,0.0
64,WEAgent5,FEMALE_HIGH_INCOME,45,663.0,11,161.81578947368425
64,WEAgent3,OLD_HIGH_INCOME,82,1215.0,16,235.36842105263165
64,WEAgent4,MALE_YOUNG,160,2353.0,0,0.0
64,SIAgent3,FEMALE_HIGH_INCOME,45,663.0,45,661.9736842105265
64,SIAgent4,FEMALE_YOUNG_HIGH_INCOME,17,256.0,17,250.46666666666655
64,SIAgent1,FEMALE_YOUNG,152,2236.0,152,2235.999999999994
64,SIAgent2,FEMALE_OLD_HIGH_INCOME,27,407.0,27,397.8
64,SIAgent0,MALE_HIGH_INCOME,90,1325.0,238,1308.8562499999978
65,WEAgent1,OLD_HIGH_INCOME,82,1215.0,43,632.1675392670155
65,WEAgent2,FEMALE_YOUNG,152,2236.0,17,249.9228187919463
65,WEAgent0,FEMALE_YOUNG,152,2236.0,24,352.8322147651007
65,WEAgent5,OLD_HIGH_INCOME,82,1215.0,45,661.570680628272
65,WEAgent3,MALE_HIGH_INCOME,90,1325.0,26,0.0
65,WEAgent4,MALE_OLD,177,2603.0,40,0.0
65,SIAgent3,MALE_HIGH_INCOME,90,1325.0,90,1324.672885147689
65,SIAgent4,YOUNG_HIGH_INCOME,52,773.0,52,765.2005965697234
65,SIAgent1,FEMALE_LOW_INCOME,298,4381.0,642,0.0
65,SIAgent2,FEMALE_OLD,191,2808.0,191,2807.956375838928
65,SIAgent0,MALE_HIGH_INCOME,90,1325.0,90,1324.9999999999975
66,WEAgent1,FEMALE_YOUNG_HIGH_INCOME,17,256.0,50,0.0
66,WEAgent2,FEMALE_HIGH_INCOME,45,663.0,17,249.9267015706806
66,WEAgent0,FEMALE_OLD,191,2808.0,29,426.3455497382198
66,WEAgent5,FEMALE_LOW_INCOME,298,4381.0,52,762.6666666666663
66,WEAgent3,FEMALE_YOUNG_LOW_INCOME,135,1980.0,52,762.6666666666663
66,WEAgent4,OLD_LOW_INCOME,286,4196.0,0,0.0
66,SIAgent3,FEMALE_OLD_HIGH_INCOME,27,407.0,27,396.9424083769633
66,SIAgent4,MALE_LOW_INCOME,247,3631.0,489,1511.1468531468513
66,SIAgent1,MALE_OLD,177,2603.0,177,2602.9999999999977
66,SIAgent2,MALE_OLD,177,2603.0,180,2602.9999999999977
66,SIAgent0,FEMALE_LOW_INCOME,298,4381.0,681,4370.666666666655
67,WEAgent1,MALE_YOUNG,160,2353.0,102,0.0
67,WEAgent2,MALE_LOW_INCOME,247,3631.0,247,3625.2000000000126
67,WEAgent0,FEMALE_HIGH_INCOME,45,663.0,22,322.8923076923077
67,WEAgent5,YOUNG_HIGH_INCOME,52,773.0,18,264.1846153846155
67,WEAgent3,MALE_OLD_LOW_INCOME,122,1795.0,362,0.0
67,WEAgent4,MALE_OLD_HIGH_INCOME,55,808.0,169,0.0
67,SIAgent3,YOUNG_LOW_INCOME,260,3816.0,244,3581.169230769243
67,SIAgent4,FEMALE_OLD_HIGH_INCOME,27,407.0,27,407.0
67,SIAgent1,YOUNG_LOW_INCOME,260,3816.0,257,3771.969230769245
67,SIAgent2,FEMALE_YOUNG_HIGH_INCOME,17,256.0,17,249.5076923076924
67,SIAgent0,FEMALE_OLD_HIGH_INCOME,27,407.0,54,256.25925925925924
68,WEAgent1,MALE_YOUNG_HIGH_INCOME,35,517.0,40,0.0
68,WEAgent2,YOUNG_HIGH_INCOME,52,773.0,32,0.0
68,WEAgent0,FEMALE_OLD_HIGH_INCOME,27,407.0,55,316.55555555555554
68,WEAgent5,FEMALE_OLD_HIGH_INCOME,27,407.0,27,407.0
68,WEAgent3,MALE_OLD,177,2603.0,176,0.0
68,WEAgent4,FEMALE_OLD_LOW_INCOME,163,2401.0,163,2396.318791946314
68,SIAgent3,FEMALE_YOUNG_HIGH_INCOME,17,256.0,17,251.1142857142857
68,SIAgent4,FEMALE_LOW_INCOME,298,4381.0,493,4370.666666666655
68,SIAgent1,MALE_YOUNG_HIGH_INCOME,35,517.0,34,502.22857142857174
68,SIAgent2,FEMALE_YOUNG_LOW_INCOME,135,1980.0,85,0.0
68,SIAgent0,MALE_YOUNG_HIGH_INCOME,35,517.0,34,502.22857142857185
69,WEAgent1,MALE_OLD_HIGH_INCOME,55,808.0,54,793.3090909090919
69,WEAgent2,MALE_LOW_INCOME,247,3631.0,218,0.0
69,WEAgent0,FEMALE_YOUNG,152,2236.0,0,0.0
69,WEAgent5,FEMALE_HIGH_INCOME,45,663.0,45,661.570680628272
69,WEAgent3,MALE_YOUNG,160,2353.0,40,0.0
69,WEAgent4,MALE_OLD,177,2603.0,120,558.2545454545456
69,SIAgent3,FEMALE_YOUNG,152,2236.0,424,279.50000000000006
69,SIAgent4,FEMALE_OLD,191,2808.0,533,0.0
69,SIAgent1,MALE_OLD_LOW_INCOME,122,1795.0,122,1793.4493927125538
69,SIAgent2,YOUNG_HIGH_INCOME,52,773.0,51,758.1346153846163
69,SIAgent0,YOUNG_HIGH_INCOME,52,773.0,52,772.6860070850211
70,WEAgent1,MALE_OLD,177,2603.0,107,734.5454545454553
70,WEAgent2,FEMALE_YOUNG_LOW_INCOME,135,1980.0,0,0.0
70,WEAgent0,MALE_OLD_HIGH_INCOME,55,808.0,54,793.3090909090919
70,WEAgent5,MALE_YOUNG_LOW_INCOME,125,1836.0,204,0.0
70,WEAgent3,FEMALE_YOUNG,152,2236.0,9,0.0
70,WEAgent4,FEMALE_YOUNG,152,2236.0,0,0.0
70,SIAgent3,FEMALE_YOUNG_LOW_INCOME,135,1980.0,0,0.0
70,SIAgent4,FEMALE_LOW_INCOME,298,4381.0,727,3754.6666666666533
70,SIAgent1,FEMALE_HIGH_INCOME,45,663.0,104,661.1842105263156
70,SIAgent2,MALE_YOUNG,160,2353.0,213,2350.0800000000086
70,SIAgent0,FEMALE_YOUNG,152,2236.0,152,2234.604026845644
71,WEAgent1,FEMALE_LOW_INCOME,298,4381.0,234,0.0
71,WEAgent2,MALE_OLD_HIGH_INCOME,55,808.0,112,0.0
71,WEAgent0,FEMALE_HIGH_INCOME,45,663.0,29,0.0
71,WEAgent5,MALE_OLD_LOW_INCOME,122,1795.0,122,1789.9020979020954
71,WEAgent3,MALE_YOUNG_LOW_INCOME,125,1836.0,345,0.0
71,WEAgent4,FEMALE_OLD,191,2808.0,83,0.0
71,SIAgent3,OLD_LOW_INCOME,286,4196.0,466,1379.1048951048936
71,SIAgent4,FEMALE_YOUNG,152,2236.0,152,2234.604026845644
71,SIAgent1,MALE_OLD,177,2603.0,177,2596.825174825179
71,SIAgent2,FEMALE_OLD_LOW_INCOME,163,2401.0,163,2391.426573426575
71,SIAgent0,FEMALE_YOUNG_HIGH_INCOME,17,256.0,17,250.06976333451084
72,WEAgent1,MALE_OLD_HIGH_INCOME,55,808.0,189,0.0
72,WEAgent2,MALE_LOW_INCOME,247,3631.0,109,1602.3441295546586
72,WEAgent0,FEMALE_LOW_INCOME,298,4381.0,193,2832.646153846158
72,WEAgent5,MALE_YOUNG,160,2353.0,118,0.0
72,WEAgent3,MALE_OLD_LOW_INCOME,122,1795.0,81,1190.7327935222688
72,WEAgent4,YOUNG_LOW_INCOME,260,3816.0,197,2891.353846153851
72,SIAgent3,FEMALE_OLD_HIGH_INCOME,27,407.0,27,396.9424083769632
72,SIAgent4,MALE_LOW_INCOME,247,3631.0,247,3625.740080971666
72,SIAgent1,FEMALE_OLD,191,2808.0,531,0.0
72,SIAgent2,YOUNG_LOW_INCOME,260,3816.0,135,0.0
72,SIAgent0,MALE_OLD_LOW_INCOME,122,1795.0,122,1793.4493927125538
73,WEAgent1,FEMALE_LOW_INCOME,298,4381.0,42,616.0
73,WEAgent2,FEMALE_HIGH_INCOME,45,663.0,20,294.0314136125654
73,WEAgent0,MALE_HIGH_INCOME,90,1325.0,86,0.0
73,WEAgent5,FEMALE_YOUNG_LOW_INCOME,135,1980.0,47,689.3333333333331
73,WEAgent3,FEMALE_LOW_INCOME,298,4381.0,42,616.0
73,WEAgent4,FEMALE_OLD_HIGH_INCOME,27,407.0,25,367.53926701570674
73,SIAgent3,FEMALE_OLD,191,2808.0,474,0.0
73,SIAgent4,YOUNG_LOW_INCOME,260,3816.0,513,3813.3333333333194
73,SIAgent1,MALE_OLD_HIGH_INCOME,55,808.0,164,0.0
73,SIAgent2,FEMALE_HIGH_INCOME,45,663.0,76,661.570680628272
73,SIAgent0,FEMALE_YOUNG_LOW_INCOME,135,1980.0,0,0.0
74,WEAgent1,MALE_HIGH_INCOME,90,1325.0,20,294.4444444444445
74,WEAgent2,MALE_YOUNG_HIGH_INCOME,35,517.0,19,279.7222222222223
74,WEAgent0,FEMALE_YOUNG,152,2236.0,0,0.0
74,WEAgent5,FEMALE_OLD,191,2808.0,0,0.0
74,WEAgent3,MALE_HIGH_INCOME,90,1325.0,29,426.94444444444457
74,WEAgent4,YOUNG_LOW_INCOME,260,3816.0,384,0.0
74,SIAgent3,MALE_OLD_LOW_INCOME,122,1795.0,361,0.0
74,SIAgent4,MALE_YOUNG_HIGH_INCOME,35,517.0,35,515.2777777777779
74,SIAgent1,FEMALE_HIGH_INCOME,45,663.0,32,471.46666666666675
74,SIAgent2,FEMALE_HIGH_INCOME,45,663.0,21,309.3999999999999
74,SIAgent0,OLD_HIGH_INCOME,82,1215.0,240,1105.0000000000007
75,WEAgent1,OLD_LOW_INCOME,286,4196.0,125,1833.9160839160813
75,WEAgent2,FEMALE_YOUNG,152,2236.0,321,0.0
75,WEAgent0,MALE_OLD_LOW_INCOME,122,1795.0,105,1540.4895104895086
75,WEAgent5,FEMALE_YOUNG_HIGH_INCOME,17,256.0,0,0.0
75,WEAgent3,MALE_OLD_LOW_INCOME,122,1795.0,118,1731.2167832167809
75,WEAgent4,MALE_HIGH_INCOME,90,1325.0,0,0.0
75,SIAgent3,MALE_YOUNG,160,2353.0,372,0.0
75,SIAgent4,MALE_HIGH_INCOME,90,1325.0,217,897.081249999999
75,SIAgent1,FEMALE_YOUNG_HIGH_INCOME,17,256.0,17,250.07894736842113
75,SIAgent2,FEMALE_YOUNG,152,2236.0,152,2235.999999999994
75,SIAgent0,MALE_YOUNG_HIGH_INCOME,35,517.0,35,515.2777777777779
76,WEAgent1,YOUNG_HIGH_INCOME,52,773.0,33,0.0
76,WEAgent2,OLD_HIGH_INCOME,82,1215.0,53,0.0
76,WEAgent0,MALE_LOW_INCOME,247,3631.0,214,0.0
76,WEAgent5,FEMALE_YOUNG_HIGH_INCOME,17,256.0,0,0.0
76,WEAgent3,FEMALE_OLD_LOW_INCOME,163,2401.0,163,2396.318791946314
76,WEAgent4,YOUNG_HIGH_INCOME,52,773.0,63,0.0
76,SIAgent3,FEMALE_YOUNG,152,2236.0,152,2234.604026845644
76,SIAgent4,FEMALE_OLD_HIGH_INCOME,27,407.0,27,396.910931174089
76,SIAgent1,MALE_OLD,177,2603.0,264,2601.971659919025
76,SIAgent2,FEMALE_LOW_INCOME,298,4381.0,558,0.0
76,SIAgent0,YOUNG_HIGH_INCOME,52,773.0,52,764.6442953020135
77,WEAgent1,MALE_YOUNG_HIGH_INCOME,35,517.0,29,426.4812500000002
77,WEAgent2,YOUNG_LOW_INCOME,260,3816.0,200,0.0
77,WEAgent0,YOUNG_HIGH_INCOME,52,773.0,32,0.0
77,WEAgent5,FEMALE_OLD,191,2808.0,87,0.0
77,WEAgent3,MALE_HIGH_INCOME,90,1325.0,37,544.1312500000001
77,WEAgent4,OLD_LOW_INCOME,286,4196.0,104,1525.81818181818
77,SIAgent3,FEMALE_YOUNG,152,2236.0,152,2234.1644811564324
77,SIAgent4,OLD_LOW_INCOME,286,4196.0,226,3315.7202797202935
77,SIAgent1,MALE_YOUNG,160,2353.0,409,470.60000000000025
77,SIAgent2,FEMALE_LOW_INCOME,298,4381.0,298,4372.346853146873
77,SIAgent0,OLD_LOW_INCOME,286,4196.0,260,3814.545454545475
78,WEAgent1,MALE_YOUNG,160,2353.0,35,514.0799999999997
78,WEAgent2,FEMALE_YOUNG_HIGH_INCOME,17,256.0,17,250.4666666666668
78,WEAgent0,FEMALE_HIGH_INCOME,45,663.0,35,456.7333333333337
78,WEAgent5,MALE_YOUNG_LOW_INCOME,125,1836.0,124,1821.312000000005
78,WEAgent3,MALE_HIGH_INCOME,90,1325.0,34,499.3919999999997
78,WEAgent4,OLD_HIGH_INCOME,82,1215.0,86,0.0
78,SIAgent3,MALE_YOUNG_HIGH_INCOME,35,517.0,35,514.0799999999997
78,SIAgent4,OLD_LOW_INCOME,286,4196.0,362,0.0
78,SIAgent1,MALE_YOUNG_LOW_INCOME,125,1836.0,248,1512.8640000000028
78,SIAgent2,FEMALE_OLD_LOW_INCOME,163,2401.0,163,2396.318791946314
78,SIAgent0,FEMALE_LOW_INCOME,298,4381.0,694,4372.055944055964
79,WEAgent1,YOUNG_HIGH_INCOME,52,773.0,12,176.25599999999997
79,WEAgent2,MALE_LOW_INCOME,247,3631.0,239,0.0
79,WEAgent0,MALE_YOUNG_HIGH_INCOME,35,517.0,8,117.504
79,WEAgent5,YOUNG_HIGH_INCOME,52,773.0,11,161.56799999999998
79,WEAgent3,FEMALE_LOW_INCOME,298,4381.0,384,0.0
79,WEAgent4,MALE_YOUNG,160,2353.0,7,102.816
79,SIAgent3,MALE_YOUNG_LOW_INCOME,125,1836.0,367,0.0
79,SIAgent4,MALE_HIGH_INCOME,90,1325.0,241,1321.9200000000014
79,SIAgent1,FEMALE_HIGH_INCOME,45,663.0,79,660.9599999999996
79,SIAgent2,MALE_OLD_LOW_INCOME,122,1795.0,122,1791.9360000000047
79,SIAgent0,FEMALE_OLD_HIGH_INCOME,27,407.0,27,397.8
80,WEAgent1,MALE_YOUNG_LOW_INCOME,125,1836.0,202,0.0
80,WEAgent2,MALE_HIGH_INCOME,90,1325.0,23,337.82399999999984
80,WEAgent0,MALE_YOUNG_HIGH_INCOME,35,517.0,28,411.2639999999998
80,WEAgent5,MALE_LOW_INCOME,247,3631.0,346,0.0
80,WEAgent3,FEMALE_OLD_LOW_INCOME,163,2401.0,163,2396.318791946314
80,WEAgent4,FEMALE_YOUNG_LOW_INCOME,135,1980.0,0,0.0
80,SIAgent3,YOUNG_HIGH_INCOME,52,773.0,52,764.8019736842102
80,SIAgent4,FEMALE_YOUNG,152,2236.0,153,2234.604026845644
80,SIAgent1,OLD_HIGH_INCOME,82,1215.0,259,0.0
80,SIAgent2,FEMALE_LOW_INCOME,298,4381.0,581,4062.66666666665
80,SIAgent0,MALE_YOUNG,160,2353.0,160,2350.0800000000086
81,WEAgent1,MALE_YOUNG_HIGH_INCOME,35,517.0,35,516.9999999999995
81,WEAgent2,FEMALE_YOUNG_HIGH_INCOME,17,256.0,17,250.46666666666655
81,WEAgent0,FEMALE_YOUNG_LOW_INCOME,135,1980.0,0,0.0
81,WEAgent5,FEMALE_OLD_HIGH_INCOME,27,407.0,27,396.9424083769632
81,WEAgent3,FEMALE_OLD_LOW_INCOME,163,2401.0,163,2400.9999999999955
81,WEAgent4,MALE_YOUNG_HIGH_INCOME,35,517.0,81,428.3714285714282
81,SIAgent3,FEMALE_HIGH_INCOME,45,663.0,66,661.570680628272
81,SIAgent4,FEMALE_OLD_LOW_INCOME,163,2401.0,163,2400.9999999999955
81,SIAgent1,FEMALE_LOW_INCOME,298,4381.0,298,4373.723076923097
81,SIAgent2,YOUNG_LOW_INCOME,260,3816.0,490,1554.6666666666683
81,SIAgent0,FEMALE_OLD,191,2808.0,146,338.1308724832215
82,WEAgent1,OLD_HIGH_INCOME,82,1215.0,26,381.4545454545456
82,WEAgent2,FEMALE_LOW_INCOME,298,4381.0,129,1892.0000000000034
82,WEAgent0,OLD_HIGH_INCOME,82,1215.0,26,381.4545454545456
82,WEAgent5,FEMALE_YOUNG_HIGH_INCOME,17,256.0,41,0.0
82,WEAgent3,FEMALE_OLD,191,2808.0,31,454.8111888111891
82,WEAgent4,FEMALE_YOUNG_LOW_INCOME,135,1980.0,123,1804.000000000003
82,SIAgent3,MALE_OLD,177,2603.0,177,2598.2937062937112
82,SIAgent4,OLD_LOW_INCOME,286,4196.0,627,0.0
82,SIAgent1,FEMALE_YOUNG,152,2236.0,152,2229.3333333333358
82,SIAgent2,MALE_OLD_LOW_INCOME,122,1795.0,122,1794.158192090398
82,SIAgent0,MALE_OLD_HIGH_INCOME,55,808.0,79,0.0
83,WEAgent1,FEMALE_YOUNG_LOW_INCOME,135,1980.0,379,0.0
83,WEAgent2,OLD_HIGH_INCOME,82,1215.0,50,736.666666666667
83,WEAgent0,MALE_OLD_LOW_INCOME,122,1795.0,122,1793.4493927125538
83,WEAgent5,MALE_HIGH_INCOME,90,1325.0,77,88.2375
83,WEAgent3,MALE_LOW_INCOME,247,3631.0,125,1837.5506072874527
83,WEAgent4,YOUNG_HIGH_INCOME,52,773.0,0,0.0
83,SIAgent3,MALE_LOW_INCOME,247,3631.0,358,1866.951417004052
83,SIAgent4,YOUNG_HIGH_INCOME,52,773.0,52,765.3479166666666
83,SIAgent1,FEMALE_OLD_HIGH_INCOME,27,407.0,27,400.06097560975604
83,SIAgent2,MALE_YOUNG,160,2353.0,160,2352.099848178139
83,SIAgent0,FEMALE_HIGH_INCOME,45,663.0,37,544.1312500000001
84,WEAgent1,FEMALE_OLD,191,2808.0,51,749.7801047120416
84,WEAgent2,MALE_YOUNG_LOW_INCOME,125,1836.0,71,1042.0615384615396
84,WEAgent0,MALE_HIGH_INCOME,90,1325.0,73,0.0
84,WEAgent5,YOUNG_HIGH_INCOME,52,773.0,31,0.0
84,WEAgent3,MALE_YOUNG_LOW_INCOME,125,1836.0,59,865.9384615384623
84,WEAgent4,MALE_OLD_HIGH_INCOME,55,808.0,171,0.0
84,SIAgent3,FEMALE_OLD,191,2808.0,459,0.0
84,SIAgent4,MALE_LOW_INCOME,247,3631.0,483,3625.2000000000126
84,SIAgent1,FEMALE_OLD_HIGH_INCOME,27,407.0,27,396.9424083769633
84,SIAgent2,YOUNG_HIGH_INCOME,52,773.0,52,763.9272727272736
84,SIAgent0,YOUNG_LOW_INCOME,260,3816.0,388,0.0
85,WEAgent1,YOUNG_LOW_INCOME,260,3816.0,32,469.6615384615383
85,WEAgent2,MALE_OLD,177,2603.0,89,1043.0545454545472
85,WEAgent0,YOUNG_LOW_INCOME,260,3816.0,38,557.7230769230769
85,WEAgent5,YOUNG_LOW_INCOME,260,3816.0,28,410.9538461538461
85,WEAgent3,MALE_OLD_HIGH_INCOME,55,808.0,54,793.3090909090919
85,WEAgent4,MALE_YOUNG_LOW_INCOME,125,1836.0,125,1834.6153846153818
85,SIAgent3,YOUNG_HIGH_INCOME,52,773.0,127,0.0
85,SIAgent4,YOUNG_LOW_INCOME,260,3816.0,249,0.0
85,SIAgent1,FEMALE_LOW_INCOME,298,4381.0,529,4373.723076923097
85,SIAgent2,FEMALE_YOUNG_HIGH_INCOME,17,256.0,17,252.71153846153845
85,SIAgent0,FEMALE_OLD_LOW_INCOME,163,2401.0,163,2396.318791946314
86,WEAgent1,YOUNG_LOW_INCOME,260,3816.0,263,2128.153846153843
86,WEAgent2,MALE_OLD_LOW_INCOME,122,1795.0,122,1794.158192090398
86,WEAgent0,MALE_YOUNG_LOW_INCOME,125,1836.0,125,1834.6153846153818
86,WEAgent5,FEMALE_OLD_HIGH_INCOME,27,407.0,0,0.0
86,WEAgent3,MALE_OLD_HIGH_INCOME,55,808.0,0,0.0
86,WEAgent4,MALE_YOUNG,160,2353.0,101,0.0
86,SIAgent3,FEMALE_HIGH_INCOME,45,663.0,44,648.2666666666669
86,SIAgent4,FEMALE_HIGH_INCOME,45,663.0,46,662.745454545455
86,SIAgent1,MALE_OLD,177,2603.0,329,1395.6363636363667
86,SIAgent2,OLD_HIGH_INCOME,82,1215.0,82,1206.3706214689269
86,SIAgent0,FEMALE_OLD_HIGH_INCOME,27,407.0,27,400.06097560975604
87,WEAgent1,FEMALE_YOUNG_HIGH_INCOME,17,256.0,0,0.0
87,WEAgent2,FEMALE_HIGH_INCOME,45,663.0,0,0.0
87,WEAgent0,FEMALE_OLD,191,2808.0,17,249.41258741258736
87,WEAgent5,OLD_HIGH_INCOME,82,1215.0,14,205.39860139860136
87,WEAgent3,FEMALE_YOUNG,152,2236.0,0,0.0
87,WEAgent4,FEMALE_OLD_LOW_INCOME,163,2401.0,163,2391.426573426575
87,SIAgent3,OLD_LOW_INCOME,286,4196.0,527,0.0
87,SIAgent4,FEMALE_HIGH_INCOME,45,663.0,45,660.2097902097902
87,SIAgent1,MALE_OLD,177,2603.0,235,2596.825174825179
87,SIAgent2,FEMALE_YOUNG_HIGH_INCOME,17,256.0,17,252.71153846153845
87,SIAgent0,YOUNG_HIGH_INCOME,52,773.0,139,529.4699300699302
88,WEAgent1,MALE_OLD_LOW_INCOME,122,1795.0,122,1789.9020979020954
88,WEAgent2,OLD_LOW_INCOME,286,4196.0,134,1965.958041958039
88,WEAgent0,FEMALE_HIGH_INCOME,45,663.0,37,0.0
88,WEAgent5,FEMALE_YOUNG_LOW_INCOME,135,1980.0,134,1965.3333333333371
88,WEAgent3,MALE_LOW_INCOME,247,3631.0,115,1687.202797202795
88,WEAgent4,FEMALE_LOW_INCOME,298,4381.0,268,1994.6666666666706
88,SIAgent3,OLD_HIGH_INCOME,82,1215.0,82,1204.6545454545478
88,SIAgent4,FEMALE_OLD_HIGH_INCOME,27,407.0,40,407.0
88,SIAgent1,MALE_YOUNG_LOW_INCOME,125,1836.0,362,0.0
88,SIAgent2,FEMALE_OLD_HIGH_INCOME,27,407.0,27,407.0
88,SIAgent0,MALE_OLD_HIGH_INCOME,55,808.0,96,0.0
89,WEAgent1,MALE_YOUNG_HIGH_INCOME,35,517.0,24,353.3333333333334
89,WEAgent2,FEMALE_YOUNG_HIGH_INCOME,17,256.0,17,256.0
89,WEAgent0,MALE_YOUNG_HIGH_INCOME,35,517.0,11,161.94444444444449
89,WEAgent5,OLD_HIGH_INCOME,82,1215.0,82,1205.528795811518
89,WEAgent3,MALE_HIGH_INCOME,90,1325.0,19,279.7222222222223
89,WEAgent4,MALE_YOUNG_HIGH_INCOME,35,517.0,18,265.00000000000006
89,SIAgent3,FEMALE_OLD,191,2808.0,346,0.0
89,SIAgent4,MALE_YOUNG_HIGH_INCOME,35,517.0,35,515.2777777777779
89,SIAgent1,FEMALE_YOUNG_HIGH_INCOME,17,256.0,45,225.8823529411765
89,SIAgent2,MALE_OLD_LOW_INCOME,122,1795.0,362,0.0
89,SIAgent0,FEMALE_OLD_LOW_INCOME,163,2401.0,163,2396.3560209424077
90,WEAgent1,MALE_OLD_HIGH_INCOME,55,808.0,167,0.0
90,WEAgent2,YOUNG_HIGH_INCOME,52,773.0,0,0.0
90,WEAgent0,YOUNG_LOW_INCOME,260,3816.0,0,0.0
90,WEAgent5,MALE_HIGH_INCOME,90,1325.0,68,0.0
90,WEAgent3,FEMALE_OLD,191,2808.0,28,411.64397905759154
90,WEAgent4,FEMALE_OLD,191,2808.0,29,426.3455497382198
90,SIAgent3,MALE_YOUNG_LOW_INCOME,125,1836.0,0,0.0
90,SIAgent4,MALE_LOW_INCOME,247,3631.0,580,3290.112000000015
90,SIAgent1,FEMALE_YOUNG,152,2236.0,493,821.907692307693
90,SIAgent2,MALE_YOUNG,160,2353.0,160,2351.1959514170044
90,SIAgent0,FEMALE_OLD_LOW_INCOME,163,2401.0,475,0.0
91,WEAgent1,OLD_HIGH_INCOME,82,1215.0,23,337.8909090909091
91,WEAgent2,FEMALE_HIGH_INCOME,45,663.0,24,352.58181818181816
91,WEAgent0,YOUNG_LOW_INCOME,260,3816.0,98,0.0
91,WEAgent5,MALE_YOUNG,160,2353.0,35,514.7187500000002
91,WEAgent3,MALE_YOUNG_HIGH_INCOME,35,517.0,31,455.89375000000024
91,WEAgent4,MALE_LOW_INCOME,247,3631.0,353,0.0
91,SIAgent3,FEMALE_LOW_INCOME,298,4381.0,499,4373.723076923097
91,SIAgent4,MALE_YOUNG_HIGH_INCOME,35,517.0,35,514.7187500000002
91,SIAgent1,MALE_OLD_HIGH_INCOME,55,808.0,111,0.0
91,SIAgent2,OLD_HIGH_INCOME,82,1215.0,82,1204.6545454545478
91,SIAgent0,FEMALE_OLD_LOW_INCOME,163,2401.0,163,2396.318791946314
92,WEAgent1,YOUNG_LOW_INCOME,260,3816.0,84,1232.0
92,WEAgent2,FEMALE_LOW_INCOME,298,4381.0,105,1540.0000000000016
92,WEAgent0,MALE_OLD_LOW_INCOME,122,1795.0,347,0.0
92,WEAgent5,MALE_HIGH_INCOME,90,1325.0,74,0.0
92,WEAgent3,FEMALE_YOUNG_LOW_INCOME,135,1980.0,83,1217.3333333333333
92,WEAgent4,FEMALE_YOUNG_LOW_INCOME,135,1980.0,89,1305.3333333333337
92,SIAgent3,FEMALE_HIGH_INCOME,45,663.0,56,661.570680628272
92,SIAgent4,FEMALE_OLD,191,2808.0,375,2396.3560209424077
92,SIAgent1,FEMALE_OLD,191,2808.0,191,2807.999999999999
92,SIAgent2,FEMALE_YOUNG_HIGH_INCOME,17,256.0,17,252.71153846153845
92,SIAgent0,YOUNG_HIGH_INCOME,52,773.0,52,765.5999999999996
93,WEAgent1,MALE_OLD_LOW_INCOME,122,1795.0,122,1794.9999999999982
93,WEAgent2,FEMALE_OLD,191,2808.0,18,264.6282722513089
93,WEAgent0,FEMALE_YOUNG_HIGH_INCOME,17,256.0,0,0.0
93,WEAgent5,MALE_YOUNG,160,2353.0,85,0.0
93,WEAgent3,MALE_OLD,177,2603.0,63,926.4915254237279
93,WEAgent4,OLD_HIGH_INCOME,82,1215.0,14,205.8219895287958
93,SIAgent3,MALE_OLD,177,2603.0,176,985.3163841807899
93,SIAgent4,FEMALE_YOUNG,152,2236.0,469,867.9210526315792
93,SIAgent1,MALE_OLD_LOW_INCOME,122,1795.0,122,1794.158192090398
93,SIAgent2,FEMALE_OLD_HIGH_INCOME,27,407.0,27,407.0
93,SIAgent0,FEMALE_OLD_HIGH_INCOME,27,407.0,27,403.2749660655419
94,WEAgent1,OLD_HIGH_INCOME,82,1215.0,46,0.0
94,WEAgent2,MALE_YOUNG,160,2353.0,47,690.3359999999996
94,WEAgent0,MALE_OLD,177,2603.0,88,0.0
94,WEAgent5,MALE_YOUNG_LOW_INCOME,125,1836.0,371,0.0
94,WEAgent3,MALE_YOUNG,160,2353.0,51,749.0879999999995
94,WEAgent4,FEMALE_YOUNG,152,2236.0,47,0.0
94,SIAgent3,OLD_HIGH_INCOME,82,1215.0,82,1205.0025680534147
94,SIAgent4,OLD_LOW_INCOME,286,4196.0,541,0.0
94,SIAgent1,MALE_OLD,177,2603.0,177,2596.825174825179
94,SIAgent2,FEMALE_OLD_LOW_INCOME,163,2401.0,163,2391.426573426575
94,SIAgent0,FEMALE_YOUNG_HIGH_INCOME,17,256.0,17,250.07894736842113
95,WEAgent1,FEMALE_YOUNG_HIGH_INCOME,17,256.0,46,0.0
95,WEAgent2,MALE_YOUNG_LOW_INCOME,125,1836.0,371,0.0
95,WEAgent0,OLD_LOW_INCOME,286,4196.0,44,645.5384615384615
95,WEAgent5,OLD_LOW_INCOME,286,4196.0,51,748.237762237762
95,WEAgent3,MALE_OLD,177,2603.0,54,792.2517482517479
95,WEAgent4,MALE_LOW_INCOME,247,3631.0,51,748.237762237762
95,SIAgent3,FEMALE_OLD,191,2808.0,236,2807.956375838928
95,SIAgent4,FEMALE_LOW_INCOME,298,4381.0,535,1760.5594405594381
95,SIAgent1,FEMALE_OLD_LOW_INCOME,163,2401.0,163,2396.3560209424077
95,SIAgent2,OLD_LOW_INCOME,286,4196.0,52,762.9090909090907
95,SIAgent0,MALE_OLD_LOW_INCOME,122,1795.0,122,1789.9020979020954
96,WEAgent1,FEMALE_HIGH_INCOME,45,663.0,31,0.0
96,WEAgent2,MALE_OLD_HIGH_INCOME,55,808.0,55,806.9230769230766
96,WEAgent0,FEMALE_OLD_HIGH_INCOME,27,407.0,82,0.0
96,WEAgent5,OLD_LOW_INCOME,286,4196.0,181,2655.5104895104946
96,WEAgent3,MALE_LOW_INCOME,247,3631.0,168,2464.7832167832194
96,WEAgent4,MALE_OLD,177,2603.0,124,1129.6923076923067
96,SIAgent3,FEMALE_YOUNG_HIGH_INCOME,17,256.0,17,250.4666666666668
96,SIAgent4,YOUNG_LOW_INCOME,260,3816.0,243,3566.4923076923196
96,SIAgent1,FEMALE_LOW_INCOME,298,4381.0,638,4373.723076923097
96,SIAgent2,MALE_YOUNG_HIGH_INCOME,35,517.0,100,0.0
96,SIAgent0,YOUNG_LOW_INCOME,260,3816.0,240,3522.46153846155
97,WEAgent1,FEMALE_YOUNG,152,2236.0,6,88.20942408376965
97,WEAgent2,OLD_HIGH_INCOME,82,1215.0,116,161.717277486911
97,WEAgent0,FEMALE_OLD,191,2808.0,11,161.717277486911
97,WEAgent5,FEMALE_OLD,191,2808.0,7,102.91099476439793
97,WEAgent3,FEMALE_YOUNG_HIGH_INCOME,17,256.0,4,58.806282722513096
97,WEAgent4,MALE_YOUNG_LOW_INCOME,125,1836.0,150,0.0
97,SIAgent3,OLD_HIGH_INCOME,82,1215.0,82,1206.2275741710293
97,SIAgent4,FEMALE_YOUNG_HIGH_INCOME,17,256.0,17,250.46666666666655
97,SIAgent1,MALE_LOW_INCOME,247,3631.0,474,3627.9360000000174
97,SIAgent2,FEMALE_OLD_LOW_INCOME,163,2401.0,479,0.0
97,SIAgent0,FEMALE_HIGH_INCOME,45,663.0,45,661.570680628272
98,WEAgent1,FEMALE_HIGH_INCOME,45,663.0,18,264.1846153846155
98,WEAgent2,YOUNG_HIGH_INCOME,52,773.0,29,425.63076923076915
98,WEAgent0,MALE_YOUNG_HIGH_INCOME,35,517.0,67,0.0
98,WEAgent5,FEMALE_OLD,191,2808.0,0,0.0
98,WEAgent3,FEMALE_OLD_LOW_INCOME,163,2401.0,163,2396.3560209424077
98,WEAgent4,YOUNG_LOW_INCOME,260,3816.0,233,3419.7230769230873
98,SIAgent3,MALE_OLD_LOW_INCOME,122,1795.0,122,1794.9999999999982
98,SIAgent4,YOUNG_LOW_INCOME,260,3816.0,420,0.0
98,SIAgent1,FEMALE_OLD,191,2808.0,390,1174.1538461538466
98,SIAgent2,MALE_YOUNG,160,2353.0,160,2348.3076923076915
98,SIAgent0,MALE_OLD_LOW_INCOME,122,1795.0,228,1383.0327868852446
99,WEAgent1,YOUNG_HIGH_INCOME,52,773.0,31,0.0
99,WEAgent2,OLD_LOW_INCOME,286,4196.0,64,938.9650349650343
99,WEAgent0,MALE_OLD_HIGH_INCOME,55,808.0,107,0.0
99,WEAgent5,MALE_YOUNG,160,2353.0,96,0.0
99,WEAgent3,OLD_LOW_INCOME,286,4196.0,75,1100.3496503496494
99,WEAgent4,FEMALE_YOUNG_LOW_INCOME,135,1980.0,134,1965.3333333333371
99,SIAgent3,MALE_OLD_HIGH_INCOME,55,808.0,54,793.3090909090919
99,SIAgent4,MALE_OLD_LOW_INCOME,122,1795.0,122,1789.9020979020954
99,SIAgent1,FEMALE_YOUNG,152,2236.0,152,2229.3333333333358
99,SIAgent2,FEMALE_YOUNG_LOW_INCOME,135,1980.0,170,0.0
99,SIAgent0,OLD_LOW_INCOME,286,4196.0,561,1305.7482517482504

