0,SIAgent3,FEMALE_YOUNG_HIGH_INCOME,21,256.0,49,0.0
0,WFAgent0,OLD_LOW_INCOME,349,4196.0,343,0.0
0,SIAgent4,FEMALE_OLD,234,2808.0,510,0.0
0,WFAgent1,FEMALE_HIGH_INCOME,55,663.0,0,0.0
0,SIAgent1,MALE_OLD_HIGH_INCOME,67,808.0,151,0.0
0,WFAgent2,FEMALE_OLD_HIGH_INCOME,33,407.0,33,397.8000000000002
0,SIAgent2,MALE_YOUNG_HIGH_INCOME,43,517.0,69,504.97674418604635
0,WFAgent3,FEMALE_OLD_HIGH_INCOME,33,407.0,33,396.0
0,SIAgent0,MALE_YOUNG_HIGH_INCOME,43,517.0,43,516.9999999999999
1,SIAgent3,MALE_OLD_LOW_INCOME,149,1795.0,112,1349.261744966445
1,WFAgent0,YOUNG_LOW_INCOME,318,3816.0,0,0.0
1,SIAgent4,OLD_HIGH_INCOME,101,1215.0,179,0.0
1,WFAgent1,MALE_OLD_LOW_INCOME,149,1795.0,112,1349.261744966445
1,SIAgent1,FEMALE_LOW_INCOME,365,4381.0,868,0.0
1,WFAgent2,OLD_HIGH_INCOME,101,1215.0,0,0.0
1,SIAgent2,MALE_OLD,216,2603.0,216,2600.990099009903
1,WFAgent3,YOUNG_HIGH_INCOME,64,773.0,51,0.0
1,SIAgent0,MALE_YOUNG_LOW_INCOME,153,1836.0,365,0.0
2,SIAgent3,MALE_OLD_LOW_INCOME,149,1795.0,326,0.0
2,WFAgent0,OLD_HIGH_INCOME,101,1215.0,30,360.89108910891076
2,SIAgent4,OLD_HIGH_INCOME,101,1215.0,65,781.9306930693078
2,WFAgent1,MALE_OLD_HIGH_INCOME,67,808.0,40,481.188118811881
2,SIAgent1,MALE_YOUNG_LOW_INCOME,153,1836.0,254,1584.0
2,WFAgent2,FEMALE_OLD_LOW_INCOME,200,2401.0,492,0.0
2,SIAgent2,OLD_HIGH_INCOME,101,1215.0,49,589.4554455445545
2,WFAgent3,MALE_OLD_HIGH_INCOME,67,808.0,45,541.3366336633662
2,SIAgent0,MALE_YOUNG_LOW_INCOME,153,1836.0,153,1836.0
3,SIAgent3,FEMALE_YOUNG_HIGH_INCOME,21,256.0,12,146.28571428571428
3,WFAgent0,MALE_HIGH_INCOME,110,1325.0,163,0.0
3,SIAgent4,FEMALE_OLD_LOW_INCOME,200,2401.0,477,0.0
3,WFAgent1,FEMALE_YOUNG_HIGH_INCOME,21,256.0,8,97.52380952380952
3,SIAgent1,MALE_YOUNG_HIGH_INCOME,43,517.0,49,0.0
3,WFAgent2,FEMALE_OLD_HIGH_INCOME,33,407.0,69,0.0
3,SIAgent2,FEMALE_YOUNG_HIGH_INCOME,21,256.0,15,182.8571428571429
3,WFAgent3,FEMALE_OLD_LOW_INCOME,200,2401.0,0,0.0
3,SIAgent0,YOUNG_HIGH_INCOME,64,773.0,64,769.488372093023
4,SIAgent3,MALE_YOUNG,196,2353.0,196,2352.0
4,WFAgent0,FEMALE_OLD,234,2808.0,234,2808.0
4,SIAgent4,MALE_YOUNG_HIGH_INCOME,43,517.0,42,0.0
4,WFAgent1,OLD_LOW_INCOME,349,4196.0,379,0.0
4,SIAgent1,MALE_YOUNG_LOW_INCOME,153,1836.0,60,720.0
4,WFAgent2,FEMALE_OLD,234,2808.0,267,2712.0
4,SIAgent2,YOUNG_LOW_INCOME,318,3816.0,427,684.0
4,WFAgent3,MALE_YOUNG_LOW_INCOME,153,1836.0,50,600.0
4,SIAgent0,YOUNG_HIGH_INCOME,64,773.0,92,769.488372093023
5,SIAgent3,FEMALE_OLD_HIGH_INCOME,33,407.0,81,0.0
5,WFAgent0,FEMALE_OLD_LOW_INCOME,200,2401.0,0,0.0
5,SIAgent4,MALE_OLD_LOW_INCOME,149,1795.0,149,1791.4154727793748
5,WFAgent1,MALE_OLD_HIGH_INCOME,67,808.0,191,0.0
5,SIAgent1,OLD_LOW_INCOME,349,4196.0,709,0.0
5,WFAgent2,MALE_YOUNG_LOW_INCOME,153,1836.0,0,0.0
5,SIAgent2,FEMALE_YOUNG_HIGH_INCOME,21,256.0,28,134.09523809523807
5,WFAgent3,FEMALE_YOUNG_HIGH_INCOME,21,256.0,20,243.8095238095239
5,SIAgent0,YOUNG_LOW_INCOME,318,3816.0,730,0.0
6,SIAgent3,MALE_OLD,216,2603.0,413,481.188118811881
6,WFAgent0,FEMALE_YOUNG_LOW_INCOME,165,1980.0,391,0.0
6,SIAgent4,OLD_HIGH_INCOME,101,1215.0,51,0.0
6,WFAgent1,MALE_YOUNG_LOW_INCOME,153,1836.0,368,0.0
6,SIAgent1,MALE_OLD_HIGH_INCOME,67,808.0,67,807.9824488667779
6,WFAgent2,OLD_HIGH_INCOME,101,1215.0,0,0.0
6,SIAgent2,MALE_OLD_HIGH_INCOME,67,808.0,66,795.9402985074632
6,WFAgent3,MALE_YOUNG,196,2353.0,93,0.0
6,SIAgent0,FEMALE_OLD_HIGH_INCOME,33,407.0,33,396.98019801980183
7,SIAgent3,FEMALE_OLD,234,2808.0,211,0.0
7,WFAgent0,MALE_YOUNG_LOW_INCOME,153,1836.0,0,0.0
7,SIAgent4,OLD_LOW_INCOME,349,4196.0,588,4188.0
7,WFAgent1,MALE_YOUNG,196,2353.0,195,2340.994897959192
7,SIAgent1,MALE_HIGH_INCOME,110,1325.0,188,1320.5612244897995
7,WFAgent2,MALE_YOUNG_HIGH_INCOME,43,517.0,1,12.005102040816327
7,SIAgent2,MALE_OLD_HIGH_INCOME,67,808.0,67,807.0454545454537
7,WFAgent3,YOUNG_HIGH_INCOME,64,773.0,43,0.0
7,SIAgent0,MALE_YOUNG,196,2353.0,187,2172.9234693877625
8,SIAgent3,MALE_YOUNG,196,2353.0,178,0.0
8,WFAgent0,MALE_OLD,216,2603.0,110,482.037037037037
8,SIAgent4,MALE_LOW_INCOME,302,3631.0,431,3625.5408163265447
8,WFAgent1,MALE_HIGH_INCOME,110,1325.0,0,0.0
8,SIAgent1,MALE_OLD,216,2603.0,216,2598.0055187637913
8,WFAgent2,FEMALE_YOUNG_HIGH_INCOME,21,256.0,50,0.0
8,SIAgent2,FEMALE_YOUNG_LOW_INCOME,165,1980.0,166,0.0
8,WFAgent3,FEMALE_OLD_LOW_INCOME,200,2401.0,347,1896.4328767123245
8,SIAgent0,FEMALE_LOW_INCOME,365,4381.0,365,4380.375342465749
9,SIAgent3,MALE_OLD,216,2603.0,216,2602.202895848876
9,WFAgent0,MALE_HIGH_INCOME,110,1325.0,101,0.0
9,SIAgent4,FEMALE_YOUNG_HIGH_INCOME,21,256.0,48,0.0
9,WFAgent1,FEMALE_OLD,234,2808.0,0,0.0
9,SIAgent1,MALE_OLD_HIGH_INCOME,67,808.0,67,807.4120370370383
9,WFAgent2,MALE_OLD,216,2603.0,88,156.66203703703704
9,SIAgent2,MALE_OLD_LOW_INCOME,149,1795.0,166,0.0
9,WFAgent3,FEMALE_YOUNG,186,2236.0,0,0.0
9,SIAgent0,FEMALE_LOW_INCOME,365,4381.0,872,0.0
10,SIAgent3,MALE_LOW_INCOME,302,3631.0,588,2043.9403973509955
10,WFAgent0,MALE_OLD,216,2603.0,56,674.5454545454542
10,SIAgent4,MALE_HIGH_INCOME,110,1325.0,93,1120.227272727271
10,WFAgent1,MALE_OLD_LOW_INCOME,149,1795.0,149,1791.4536423841078
10,SIAgent1,MALE_HIGH_INCOME,110,1325.0,95,1144.31818181818
10,WFAgent2,FEMALE_OLD_LOW_INCOME,200,2401.0,498,0.0
10,SIAgent2,FEMALE_YOUNG_LOW_INCOME,165,1980.0,235,1752.0
10,WFAgent3,YOUNG_LOW_INCOME,318,3816.0,0,0.0
10,SIAgent0,FEMALE_YOUNG_LOW_INCOME,165,1980.0,165,1980.0
11,SIAgent3,MALE_YOUNG_LOW_INCOME,153,1836.0,370,0.0
11,WFAgent0,MALE_YOUNG_HIGH_INCOME,43,517.0,0,0.0
11,SIAgent4,OLD_LOW_INCOME,349,4196.0,349,4195.999999999979
11,WFAgent1,FEMALE_YOUNG,186,2236.0,29,348.62365591397844
11,SIAgent1,MALE_YOUNG_HIGH_INCOME,43,517.0,92,0.0
11,WFAgent2,OLD_LOW_INCOME,349,4196.0,283,2272.332378223499
11,SIAgent2,FEMALE_YOUNG,186,2236.0,418,300.5376344086022
11,WFAgent3,MALE_OLD,216,2603.0,214,1911.6446991404068
11,SIAgent0,OLD_HIGH_INCOME,101,1215.0,245,0.0
12,SIAgent3,FEMALE_LOW_INCOME,365,4381.0,277,3324.7589041095803
12,WFAgent0,MALE_HIGH_INCOME,110,1325.0,155,0.0
12,SIAgent4,MALE_YOUNG,196,2353.0,196,0.0
12,WFAgent1,FEMALE_HIGH_INCOME,55,663.0,46,0.0
12,SIAgent1,FEMALE_YOUNG_LOW_INCOME,165,1980.0,0,0.0
12,WFAgent2,FEMALE_OLD_LOW_INCOME,200,2401.0,107,1284.2931506849293
12,SIAgent2,MALE_LOW_INCOME,302,3631.0,597,3625.5408163265447
12,WFAgent3,FEMALE_OLD_LOW_INCOME,200,2401.0,200,2400.5479452054738
12,SIAgent0,FEMALE_LOW_INCOME,365,4381.0,269,3228.7369863013614
13,SIAgent3,FEMALE_YOUNG_HIGH_INCOME,21,256.0,21,253.640625
13,WFAgent0,OLD_HIGH_INCOME,101,1215.0,88,0.0
13,SIAgent4,YOUNG_HIGH_INCOME,64,773.0,112,108.703125
13,WFAgent1,FEMALE_YOUNG_HIGH_INCOME,21,256.0,13,157.015625
13,SIAgent1,FEMALE_OLD_LOW_INCOME,200,2401.0,473,0.0
13,WFAgent2,MALE_YOUNG_HIGH_INCOME,43,517.0,0,0.0
13,SIAgent2,MALE_YOUNG_LOW_INCOME,153,1836.0,358,0.0
13,WFAgent3,FEMALE_YOUNG,186,2236.0,0,0.0
13,SIAgent0,FEMALE_YOUNG,186,2236.0,407,0.0
14,SIAgent3,FEMALE_OLD_HIGH_INCOME,33,407.0,33,406.99999999999983
14,WFAgent0,FEMALE_YOUNG_LOW_INCOME,165,1980.0,0,0.0
14,SIAgent4,MALE_OLD_LOW_INCOME,149,1795.0,137,0.0
14,WFAgent1,MALE_YOUNG_LOW_INCOME,153,1836.0,374,0.0
14,SIAgent1,MALE_YOUNG_HIGH_INCOME,43,517.0,110,0.0
14,WFAgent2,FEMALE_OLD,234,2808.0,473,0.0
14,SIAgent2,FEMALE_YOUNG_LOW_INCOME,165,1980.0,408,0.0
14,WFAgent3,FEMALE_OLD_HIGH_INCOME,33,407.0,30,369.9999999999999
14,SIAgent0,MALE_OLD,216,2603.0,335,2602.147651006717
15,SIAgent3,FEMALE_HIGH_INCOME,55,663.0,51,614.781818181818
15,WFAgent0,MALE_OLD_HIGH_INCOME,67,808.0,131,0.0
15,SIAgent4,FEMALE_HIGH_INCOME,55,663.0,43,518.3454545454548
15,WFAgent1,YOUNG_HIGH_INCOME,64,773.0,47,564.2397959183676
15,SIAgent1,MALE_YOUNG,196,2353.0,422,708.3010204081642
15,WFAgent2,FEMALE_YOUNG,186,2236.0,0,0.0
15,SIAgent2,FEMALE_YOUNG_LOW_INCOME,165,1980.0,216,0.0
15,WFAgent3,FEMALE_OLD_HIGH_INCOME,33,407.0,24,289.309090909091
15,SIAgent0,FEMALE_YOUNG,186,2236.0,186,2232.0
16,SIAgent3,FEMALE_HIGH_INCOME,55,663.0,95,120.21505376344084
16,WFAgent0,MALE_YOUNG_HIGH_INCOME,43,517.0,0,0.0
16,SIAgent4,MALE_LOW_INCOME,302,3631.0,742,0.0
16,WFAgent1,FEMALE_HIGH_INCOME,55,663.0,0,0.0
16,SIAgent1,FEMALE_YOUNG_HIGH_INCOME,21,256.0,20,243.8095238095239
16,WFAgent2,FEMALE_YOUNG_HIGH_INCOME,21,256.0,21,255.72813852813863
16,SIAgent2,FEMALE_YOUNG,186,2236.0,186,2235.9999999999973
16,WFAgent3,FEMALE_YOUNG,186,2236.0,217,1947.4838709677394
16,SIAgent0,MALE_HIGH_INCOME,110,1325.0,256,0.0
17,SIAgent3,FEMALE_OLD,234,2808.0,488,0.0
17,WFAgent0,MALE_YOUNG_HIGH_INCOME,43,517.0,37,444.86046511627893
17,SIAgent4,MALE_YOUNG_HIGH_INCOME,43,517.0,43,516.9999999999999
17,WFAgent1,FEMALE_LOW_INCOME,365,4381.0,419,0.0
17,SIAgent1,FEMALE_HIGH_INCOME,55,663.0,71,660.0
17,WFAgent2,MALE_YOUNG,196,2353.0,380,0.0
17,SIAgent2,MALE_OLD_LOW_INCOME,149,1795.0,343,0.0
17,WFAgent3,FEMALE_YOUNG,186,2236.0,19,0.0
17,SIAgent0,MALE_YOUNG_HIGH_INCOME,43,517.0,35,420.81395348837196
18,SIAgent3,FEMALE_OLD,234,2808.0,484,0.0
18,WFAgent0,MALE_OLD_HIGH_INCOME,67,808.0,159,0.0
18,SIAgent4,FEMALE_OLD_HIGH_INCOME,33,407.0,33,406.99999999999983
18,WFAgent1,FEMALE_YOUNG_HIGH_INCOME,21,256.0,52,0.0
18,SIAgent1,MALE_YOUNG,196,2353.0,261,2352.0
18,WFAgent2,FEMALE_LOW_INCOME,365,4381.0,402,0.0
18,SIAgent2,MALE_OLD_LOW_INCOME,149,1795.0,368,0.0
18,WFAgent3,FEMALE_OLD_HIGH_INCOME,33,407.0,33,403.33333333333337
18,SIAgent0,MALE_YOUNG_LOW_INCOME,153,1836.0,164,0.0
19,SIAgent3,FEMALE_YOUNG_HIGH_INCOME,21,256.0,21,252.45161290322588
19,WFAgent0,OLD_HIGH_INCOME,101,1215.0,0,0.0
19,SIAgent4,FEMALE_YOUNG,186,2236.0,433,0.0
19,WFAgent1,MALE_YOUNG_LOW_INCOME,153,1836.0,377,0.0
19,SIAgent1,MALE_YOUNG_HIGH_INCOME,43,517.0,60,0.0
19,WFAgent2,MALE_YOUNG,196,2353.0,0,0.0
19,SIAgent2,MALE_HIGH_INCOME,110,1325.0,110,1323.0352291043064
19,WFAgent3,FEMALE_OLD,234,2808.0,486,0.0
19,SIAgent0,OLD_HIGH_INCOME,101,1215.0,183,0.0
20,SIAgent3,OLD_HIGH_INCOME,101,1215.0,110,1214.7920792079221
20,WFAgent0,FEMALE_LOW_INCOME,365,4381.0,365,4380.0
20,SIAgent4,FEMALE_OLD,234,2808.0,100,0.0
20,WFAgent1,YOUNG_HIGH_INCOME,64,773.0,102,0.0
20,SIAgent1,OLD_HIGH_INCOME,101,1215.0,100,1202.970297029704
20,WFAgent2,FEMALE_LOW_INCOME,365,4381.0,0,0.0
20,SIAgent2,FEMALE_YOUNG,186,2236.0,436,0.0
20,WFAgent3,MALE_YOUNG,196,2353.0,382,0.0
20,SIAgent0,FEMALE_YOUNG_HIGH_INCOME,21,256.0,21,252.45161290322588
21,SIAgent3,MALE_OLD,216,2603.0,216,2598.4545454545378
21,WFAgent0,FEMALE_OLD,234,2808.0,64,0.0
21,SIAgent4,FEMALE_YOUNG_LOW_INCOME,165,1980.0,43,0.0
21,WFAgent1,MALE_HIGH_INCOME,110,1325.0,0,0.0
21,SIAgent1,MALE_LOW_INCOME,302,3631.0,585,0.0
21,WFAgent2,MALE_YOUNG_HIGH_INCOME,43,517.0,2,24.046511627906977
21,SIAgent2,MALE_HIGH_INCOME,110,1325.0,196,1322.5581395348834
21,WFAgent3,MALE_YOUNG_HIGH_INCOME,43,517.0,0,0.0
21,SIAgent0,FEMALE_LOW_INCOME,365,4381.0,763,4380.0
22,SIAgent3,MALE_YOUNG_LOW_INCOME,153,1836.0,0,0.0
22,WFAgent0,OLD_LOW_INCOME,349,4196.0,0,0.0
22,SIAgent4,OLD_HIGH_INCOME,101,1215.0,245,0.0
22,WFAgent1,MALE_LOW_INCOME,302,3631.0,178,2140.12582781457
22,SIAgent1,YOUNG_HIGH_INCOME,64,773.0,93,769.488372093023
22,WFAgent2,MALE_YOUNG_HIGH_INCOME,43,517.0,0,0.0
22,SIAgent2,MALE_LOW_INCOME,302,3631.0,543,2236.3112582781446
22,WFAgent3,FEMALE_OLD_LOW_INCOME,200,2401.0,472,0.0
22,SIAgent0,MALE_YOUNG_HIGH_INCOME,43,517.0,36,0.0
23,SIAgent3,MALE_OLD_LOW_INCOME,149,1795.0,339,0.0
23,WFAgent0,FEMALE_OLD_HIGH_INCOME,33,407.0,33,396.0
23,SIAgent4,FEMALE_YOUNG,186,2236.0,186,2232.0
23,WFAgent1,FEMALE_OLD_LOW_INCOME,200,2401.0,200,2400.0
23,SIAgent1,FEMALE_YOUNG_HIGH_INCOME,21,256.0,53,252.45161290322588
23,WFAgent2,FEMALE_YOUNG,186,2236.0,228,0.0
23,SIAgent2,FEMALE_OLD,234,2808.0,341,2700.0
23,WFAgent3,FEMALE_YOUNG_LOW_INCOME,165,1980.0,0,0.0
23,SIAgent0,MALE_OLD_HIGH_INCOME,67,808.0,163,0.0
24,SIAgent3,FEMALE_LOW_INCOME,365,4381.0,333,3996.9123287671123
24,WFAgent0,FEMALE_YOUNG_LOW_INCOME,165,1980.0,0,0.0
24,SIAgent4,FEMALE_LOW_INCOME,365,4381.0,320,3840.8767123287566
24,WFAgent1,FEMALE_HIGH_INCOME,55,663.0,23,277.25454545454556
24,SIAgent1,MALE_YOUNG_LOW_INCOME,153,1836.0,153,1836.0
24,WFAgent2,OLD_LOW_INCOME,349,4196.0,372,0.0
24,SIAgent2,YOUNG_LOW_INCOME,318,3816.0,246,2052.0
24,WFAgent3,FEMALE_HIGH_INCOME,55,663.0,23,277.25454545454556
24,SIAgent0,FEMALE_OLD_LOW_INCOME,200,2401.0,200,2400.5479452054738
25,SIAgent3,OLD_LOW_INCOME,349,4196.0,620,4188.0
25,WFAgent0,FEMALE_OLD,234,2808.0,0,0.0
25,SIAgent4,FEMALE_OLD,234,2808.0,85,1020.0
25,WFAgent1,MALE_YOUNG_LOW_INCOME,153,1836.0,0,0.0
25,SIAgent1,MALE_HIGH_INCOME,110,1325.0,194,1190.940594059407
25,WFAgent2,FEMALE_OLD,234,2808.0,60,720.0
25,SIAgent2,MALE_OLD_HIGH_INCOME,67,808.0,67,807.0454545454537
25,WFAgent3,MALE_LOW_INCOME,302,3631.0,364,0.0
25,SIAgent0,OLD_HIGH_INCOME,101,1215.0,81,972.0
26,SIAgent3,MALE_OLD,216,2603.0,332,2602.147651006717
26,WFAgent0,FEMALE_LOW_INCOME,365,4381.0,0,0.0
26,SIAgent4,OLD_LOW_INCOME,349,4196.0,508,0.0
26,WFAgent1,FEMALE_YOUNG_LOW_INCOME,165,1980.0,382,0.0
26,SIAgent1,FEMALE_HIGH_INCOME,55,663.0,145,0.0
26,WFAgent2,YOUNG_HIGH_INCOME,64,773.0,47,564.2397959183676
26,SIAgent2,MALE_YOUNG,196,2353.0,402,612.2602040816331
26,WFAgent3,MALE_YOUNG_LOW_INCOME,153,1836.0,0,0.0
26,SIAgent0,MALE_OLD_LOW_INCOME,149,1795.0,131,1575.0028653295171
27,SIAgent3,MALE_OLD_HIGH_INCOME,67,808.0,67,807.0454545454537
27,WFAgent0,FEMALE_OLD,234,2808.0,247,2556.0
27,SIAgent4,MALE_HIGH_INCOME,110,1325.0,187,0.0
27,WFAgent1,YOUNG_LOW_INCOME,318,3816.0,199,0.0
27,SIAgent1,FEMALE_OLD_HIGH_INCOME,33,407.0,33,396.0
27,WFAgent2,FEMALE_OLD_HIGH_INCOME,33,407.0,23,252.0
27,SIAgent2,FEMALE_OLD,234,2808.0,234,2808.0
27,WFAgent3,YOUNG_LOW_INCOME,318,3816.0,180,0.0
27,SIAgent0,FEMALE_YOUNG_HIGH_INCOME,21,256.0,56,0.0
28,SIAgent3,FEMALE_HIGH_INCOME,55,663.0,71,661.633663366337
28,WFAgent0,YOUNG_HIGH_INCOME,64,773.0,39,396.1683673469388
28,SIAgent4,MALE_YOUNG,196,2353.0,195,2340.994897959192
28,WFAgent1,FEMALE_OLD_LOW_INCOME,200,2401.0,492,0.0
28,SIAgent1,OLD_HIGH_INCOME,101,1215.0,128,0.0
28,WFAgent2,MALE_OLD,216,2603.0,338,0.0
28,SIAgent2,MALE_OLD_HIGH_INCOME,67,808.0,67,805.990099009902
28,WFAgent3,FEMALE_YOUNG_HIGH_INCOME,21,256.0,21,253.14545454545464
28,SIAgent0,MALE_YOUNG,196,2353.0,221,2340.994897959192
29,SIAgent3,OLD_LOW_INCOME,349,4196.0,422,2416.6074498567345
29,WFAgent0,FEMALE_YOUNG,186,2236.0,0,0.0
29,SIAgent4,FEMALE_YOUNG_HIGH_INCOME,21,256.0,21,253.14545454545464
29,WFAgent1,OLD_LOW_INCOME,349,4196.0,250,3005.7306590257804
29,SIAgent1,FEMALE_HIGH_INCOME,55,663.0,149,0.0
29,WFAgent2,MALE_LOW_INCOME,302,3631.0,365,0.0
29,SIAgent2,MALE_YOUNG_HIGH_INCOME,43,517.0,95,0.0
29,WFAgent3,MALE_HIGH_INCOME,110,1325.0,178,0.0
29,SIAgent0,MALE_OLD_LOW_INCOME,149,1795.0,149,1791.4154727793748
30,SIAgent3,FEMALE_OLD_HIGH_INCOME,33,407.0,33,406.99999999999983
30,WFAgent0,MALE_OLD_LOW_INCOME,149,1795.0,149,1791.4154727793748
30,SIAgent4,MALE_YOUNG,196,2353.0,490,0.0
30,WFAgent1,MALE_OLD_LOW_INCOME,149,1795.0,79,949.8108882521507
30,SIAgent1,FEMALE_HIGH_INCOME,55,663.0,61,0.0
30,WFAgent2,FEMALE_OLD_LOW_INCOME,200,2401.0,0,0.0
30,SIAgent2,FEMALE_OLD_HIGH_INCOME,33,407.0,33,405.3272727272727
30,WFAgent3,OLD_HIGH_INCOME,101,1215.0,0,0.0
30,SIAgent0,OLD_LOW_INCOME,349,4196.0,613,1322.5214899713499
31,SIAgent3,MALE_LOW_INCOME,302,3631.0,639,3625.5408163265447
31,WFAgent0,OLD_HIGH_INCOME,101,1215.0,0,0.0
31,SIAgent4,FEMALE_OLD_HIGH_INCOME,33,407.0,33,406.99999999999983
31,WFAgent1,FEMALE_OLD_HIGH_INCOME,33,407.0,16,197.33333333333337
31,SIAgent1,FEMALE_OLD_HIGH_INCOME,33,407.0,33,406.99999999999983
31,WFAgent2,MALE_HIGH_INCOME,110,1325.0,61,732.3112244897969
31,SIAgent2,FEMALE_YOUNG_LOW_INCOME,165,1980.0,343,0.0
31,WFAgent3,MALE_YOUNG,196,2353.0,0,0.0
31,SIAgent0,MALE_YOUNG,196,2353.0,128,600.2551020408167
32,SIAgent3,MALE_OLD_HIGH_INCOME,67,808.0,177,0.0
32,WFAgent0,YOUNG_LOW_INCOME,318,3816.0,361,0.0
32,SIAgent4,FEMALE_OLD_HIGH_INCOME,33,407.0,33,406.99999999999983
32,WFAgent1,MALE_OLD_LOW_INCOME,149,1795.0,149,1791.4154727793748
32,SIAgent1,OLD_LOW_INCOME,349,4196.0,660,2176.148997134675
32,WFAgent2,FEMALE_YOUNG_LOW_INCOME,165,1980.0,226,0.0
32,SIAgent2,FEMALE_OLD_HIGH_INCOME,33,407.0,47,332.99999999999994
32,WFAgent3,MALE_YOUNG_HIGH_INCOME,43,517.0,103,0.0
32,SIAgent0,FEMALE_YOUNG,186,2236.0,211,2232.0
33,SIAgent3,MALE_YOUNG,196,2353.0,384,0.0
33,WFAgent0,FEMALE_OLD,234,2808.0,0,0.0
33,SIAgent4,FEMALE_YOUNG,186,2236.0,206,2232.5095890410907
33,WFAgent1,MALE_OLD_LOW_INCOME,149,1795.0,149,1791.4154727793748
33,SIAgent1,OLD_LOW_INCOME,349,4196.0,349,4189.723114966424
33,WFAgent2,MALE_OLD_LOW_INCOME,149,1795.0,165,372.7106017191976
33,SIAgent2,MALE_HIGH_INCOME,110,1325.0,245,1296.5510204081668
33,WFAgent3,YOUNG_LOW_INCOME,318,3816.0,0,0.0
33,SIAgent0,FEMALE_LOW_INCOME,365,4381.0,400,0.0
34,SIAgent3,FEMALE_LOW_INCOME,365,4381.0,811,4380.0
34,WFAgent0,MALE_OLD,216,2603.0,0,0.0
34,SIAgent4,MALE_OLD_HIGH_INCOME,67,808.0,172,0.0
34,WFAgent1,FEMALE_OLD,234,2808.0,47,0.0
34,SIAgent1,MALE_OLD_LOW_INCOME,149,1795.0,345,0.0
34,WFAgent2,MALE_LOW_INCOME,302,3631.0,0,0.0
34,SIAgent2,YOUNG_LOW_INCOME,318,3816.0,383,180.0
34,WFAgent3,FEMALE_YOUNG_LOW_INCOME,165,1980.0,19,228.0
34,SIAgent0,FEMALE_HIGH_INCOME,55,663.0,129,0.0
35,SIAgent3,MALE_OLD_LOW_INCOME,149,1795.0,372,0.0
35,WFAgent0,YOUNG_HIGH_INCOME,64,773.0,120,0.0
35,SIAgent4,MALE_OLD_HIGH_INCOME,67,808.0,146,0.0
35,WFAgent1,YOUNG_LOW_INCOME,318,3816.0,372,0.0
35,SIAgent1,FEMALE_HIGH_INCOME,55,663.0,131,276.49462365591404
35,WFAgent2,OLD_HIGH_INCOME,101,1215.0,0,0.0
35,SIAgent2,FEMALE_YOUNG,186,2236.0,186,2232.0
35,WFAgent3,FEMALE_YOUNG_LOW_INCOME,165,1980.0,221,0.0
35,SIAgent0,FEMALE_OLD_LOW_INCOME,200,2401.0,452,0.0
36,SIAgent3,YOUNG_LOW_INCOME,318,3816.0,382,0.0
36,WFAgent0,MALE_OLD_HIGH_INCOME,67,808.0,67,807.0454545454537
36,SIAgent4,FEMALE_OLD_HIGH_INCOME,33,407.0,79,0.0
36,WFAgent1,MALE_OLD,216,2603.0,354,0.0
36,SIAgent1,FEMALE_YOUNG,186,2236.0,186,2232.791073795841
36,WFAgent2,FEMALE_YOUNG_HIGH_INCOME,21,256.0,41,144.25806451612902
36,SIAgent2,MALE_HIGH_INCOME,110,1325.0,203,0.0
36,WFAgent3,YOUNG_LOW_INCOME,318,3816.0,0,0.0
36,SIAgent0,FEMALE_LOW_INCOME,365,4381.0,688,2820.0
37,SIAgent3,YOUNG_HIGH_INCOME,64,773.0,64,772.7256540697674
37,WFAgent0,MALE_OLD,216,2603.0,161,0.0
37,SIAgent4,YOUNG_HIGH_INCOME,64,773.0,64,773.0
37,WFAgent1,YOUNG_LOW_INCOME,318,3816.0,0,0.0
37,SIAgent1,MALE_YOUNG_LOW_INCOME,153,1836.0,153,1836.0
37,WFAgent2,YOUNG_HIGH_INCOME,64,773.0,17,132.859375
37,SIAgent2,MALE_YOUNG_HIGH_INCOME,43,517.0,21,0.0
37,WFAgent3,FEMALE_YOUNG,186,2236.0,411,0.0
37,SIAgent0,MALE_YOUNG_LOW_INCOME,153,1836.0,208,1644.0
38,SIAgent3,YOUNG_HIGH_INCOME,64,773.0,181,0.0
38,WFAgent0,MALE_HIGH_INCOME,110,1325.0,0,0.0
38,SIAgent4,FEMALE_OLD_HIGH_INCOME,33,407.0,77,0.0
38,WFAgent1,MALE_OLD_LOW_INCOME,149,1795.0,369,0.0
38,SIAgent1,FEMALE_OLD_LOW_INCOME,200,2401.0,469,0.0
38,WFAgent2,FEMALE_LOW_INCOME,365,4381.0,0,0.0
38,SIAgent2,MALE_OLD_HIGH_INCOME,67,808.0,133,0.0
38,WFAgent3,OLD_LOW_INCOME,349,4196.0,0,0.0
38,SIAgent0,FEMALE_YOUNG_LOW_INCOME,165,1980.0,401,0.0
39,SIAgent3,FEMALE_YOUNG_LOW_INCOME,165,1980.0,15,180.0
39,WFAgent0,MALE_HIGH_INCOME,110,1325.0,93,0.0
39,SIAgent4,YOUNG_LOW_INCOME,318,3816.0,382,156.0
39,WFAgent1,FEMALE_OLD_HIGH_INCOME,33,407.0,96,0.0
39,SIAgent1,FEMALE_LOW_INCOME,365,4381.0,809,4380.0
39,WFAgent2,OLD_HIGH_INCOME,101,1215.0,0,0.0
39,SIAgent2,MALE_OLD,216,2603.0,313,2518.6435185185223
39,WFAgent3,YOUNG_HIGH_INCOME,64,773.0,43,0.0
39,SIAgent0,MALE_OLD,216,2603.0,215,2590.949074074079
40,SIAgent3,OLD_LOW_INCOME,349,4196.0,588,1166.2234957020082
40,WFAgent0,MALE_YOUNG,196,2353.0,382,0.0
40,SIAgent4,FEMALE_YOUNG_HIGH_INCOME,21,256.0,21,252.45161290322588
40,WFAgent1,MALE_OLD_HIGH_INCOME,67,808.0,158,0.0
40,SIAgent1,MALE_OLD_LOW_INCOME,149,1795.0,149,1791.4154727793748
40,WFAgent2,MALE_OLD_LOW_INCOME,149,1795.0,109,1310.4985673352467
40,SIAgent2,MALE_YOUNG_HIGH_INCOME,43,517.0,88,0.0
40,WFAgent3,MALE_OLD,216,2603.0,0,0.0
40,SIAgent0,FEMALE_YOUNG,186,2236.0,435,0.0
41,SIAgent3,MALE_HIGH_INCOME,110,1325.0,87,1047.954545454544
41,WFAgent0,FEMALE_OLD_LOW_INCOME,200,2401.0,200,2400.5479452054738
41,SIAgent4,MALE_OLD_HIGH_INCOME,67,808.0,67,807.0454545454537
41,WFAgent1,FEMALE_OLD,234,2808.0,0,0.0
41,SIAgent1,MALE_HIGH_INCOME,110,1325.0,73,879.3181818181807
41,WFAgent2,FEMALE_HIGH_INCOME,55,663.0,62,0.0
41,SIAgent2,FEMALE_LOW_INCOME,365,4381.0,683,3540.5616438356105
41,WFAgent3,MALE_OLD_HIGH_INCOME,67,808.0,37,445.6818181818183
41,SIAgent0,FEMALE_OLD,234,2808.0,81,0.0
42,SIAgent3,MALE_OLD_LOW_INCOME,149,1795.0,342,0.0
42,WFAgent0,OLD_LOW_INCOME,349,4196.0,0,0.0
42,SIAgent4,FEMALE_YOUNG_HIGH_INCOME,21,256.0,53,0.0
42,WFAgent1,FEMALE_YOUNG_LOW_INCOME,165,1980.0,165,1980.0
42,SIAgent1,YOUNG_LOW_INCOME,318,3816.0,287,1680.0
42,WFAgent2,MALE_LOW_INCOME,302,3631.0,302,3624.0
42,SIAgent2,MALE_YOUNG_HIGH_INCOME,43,517.0,89,0.0
42,WFAgent3,MALE_YOUNG,196,2353.0,0,0.0
42,SIAgent0,FEMALE_OLD,234,2808.0,595,0.0
43,SIAgent3,MALE_LOW_INCOME,302,3631.0,726,0.0
43,WFAgent0,MALE_HIGH_INCOME,110,1325.0,34,409.5454545454546
43,SIAgent4,FEMALE_YOUNG_HIGH_INCOME,21,256.0,56,0.0
43,WFAgent1,YOUNG_LOW_INCOME,318,3816.0,0,0.0
43,SIAgent1,MALE_HIGH_INCOME,110,1325.0,64,770.9090909090902
43,WFAgent2,FEMALE_LOW_INCOME,365,4381.0,464,0.0
43,SIAgent2,MALE_OLD_HIGH_INCOME,67,808.0,67,807.0454545454537
43,WFAgent3,YOUNG_HIGH_INCOME,64,773.0,0,0.0
43,SIAgent0,MALE_HIGH_INCOME,110,1325.0,98,1180.4545454545434
44,SIAgent3,FEMALE_LOW_INCOME,365,4381.0,365,4380.345205479448
44,WFAgent0,MALE_YOUNG,196,2353.0,377,0.0
44,SIAgent4,OLD_HIGH_INCOME,101,1215.0,187,661.633663366337
44,WFAgent1,FEMALE_HIGH_INCOME,55,663.0,0,0.0
44,SIAgent1,FEMALE_YOUNG_LOW_INCOME,165,1980.0,194,0.0
44,WFAgent2,FEMALE_LOW_INCOME,365,4381.0,319,1704.3890410958868
44,SIAgent2,YOUNG_HIGH_INCOME,64,773.0,131,0.0
44,WFAgent3,MALE_OLD_HIGH_INCOME,67,808.0,67,805.990099009902
44,SIAgent0,MALE_OLD_LOW_INCOME,149,1795.0,360,0.0
45,SIAgent3,MALE_YOUNG_LOW_INCOME,153,1836.0,178,0.0
45,WFAgent0,FEMALE_OLD,234,2808.0,508,0.0
45,SIAgent4,YOUNG_HIGH_INCOME,64,773.0,64,768.5233706385789
45,WFAgent1,FEMALE_YOUNG,186,2236.0,28,0.0
45,SIAgent1,MALE_OLD_LOW_INCOME,149,1795.0,374,0.0
45,WFAgent2,FEMALE_YOUNG,186,2236.0,196,1860.0
45,SIAgent2,FEMALE_YOUNG_LOW_INCOME,165,1980.0,165,1980.0
45,WFAgent3,YOUNG_HIGH_INCOME,64,773.0,45,60.025510204081634
45,SIAgent0,MALE_YOUNG,196,2353.0,196,2352.040816326531
46,SIAgent3,MALE_LOW_INCOME,302,3631.0,619,3624.0
46,WFAgent0,FEMALE_OLD_HIGH_INCOME,33,407.0,62,289.309090909091
46,SIAgent4,FEMALE_YOUNG,186,2236.0,186,2235.9999999999973
46,WFAgent1,MALE_HIGH_INCOME,110,1325.0,101,0.0
46,SIAgent1,YOUNG_LOW_INCOME,318,3816.0,92,0.0
46,WFAgent2,OLD_HIGH_INCOME,101,1215.0,0,0.0
46,SIAgent2,FEMALE_HIGH_INCOME,55,663.0,55,662.074877810361
46,WFAgent3,MALE_HIGH_INCOME,110,1325.0,0,0.0
46,SIAgent0,FEMALE_YOUNG,186,2236.0,191,2235.1827956989227
47,SIAgent3,MALE_HIGH_INCOME,110,1325.0,123,1323.2673267326736
47,WFAgent0,OLD_HIGH_INCOME,101,1215.0,0,0.0
47,SIAgent4,OLD_LOW_INCOME,349,4196.0,616,4188.9561643835505
47,WFAgent1,MALE_YOUNG_LOW_INCOME,153,1836.0,363,0.0
47,SIAgent1,FEMALE_LOW_INCOME,365,4381.0,541,0.0
47,WFAgent2,MALE_YOUNG,196,2353.0,27,0.0
47,SIAgent2,OLD_HIGH_INCOME,101,1215.0,120,0.0
47,WFAgent3,YOUNG_HIGH_INCOME,64,773.0,20,0.0
47,SIAgent0,YOUNG_HIGH_INCOME,64,773.0,101,770.9090909090902
48,SIAgent3,OLD_HIGH_INCOME,101,1215.0,71,457.12871287128695
48,WFAgent0,MALE_YOUNG_LOW_INCOME,153,1836.0,0,0.0
48,SIAgent4,MALE_OLD_HIGH_INCOME,67,808.0,66,795.9402985074632
48,WFAgent1,FEMALE_OLD_HIGH_INCOME,33,407.0,25,300.74257425742564
48,SIAgent1,MALE_OLD_HIGH_INCOME,67,808.0,67,807.8200088665591
48,WFAgent2,FEMALE_OLD_LOW_INCOME,200,2401.0,200,2400.0
48,SIAgent2,FEMALE_OLD,234,2808.0,261,2544.0
48,WFAgent3,FEMALE_OLD_HIGH_INCOME,33,407.0,25,300.74257425742564
48,SIAgent0,YOUNG_LOW_INCOME,318,3816.0,812,0.0
49,SIAgent3,FEMALE_HIGH_INCOME,55,663.0,26,313.41818181818195
49,WFAgent0,OLD_HIGH_INCOME,101,1215.0,0,0.0
49,SIAgent4,OLD_HIGH_INCOME,101,1215.0,90,1034.5544554455464
49,WFAgent1,FEMALE_OLD_LOW_INCOME,200,2401.0,476,0.0
49,SIAgent1,MALE_OLD_LOW_INCOME,149,1795.0,357,0.0
49,WFAgent2,FEMALE_OLD_HIGH_INCOME,33,407.0,20,241.09090909090918
49,SIAgent2,FEMALE_OLD_HIGH_INCOME,33,407.0,33,397.8000000000002
49,WFAgent3,MALE_OLD_HIGH_INCOME,67,808.0,67,805.990099009902
49,SIAgent0,YOUNG_HIGH_INCOME,64,773.0,145,554.509090909091
50,SIAgent3,MALE_YOUNG,196,2353.0,204,2352.8979591836805
50,WFAgent0,YOUNG_LOW_INCOME,318,3816.0,22,264.0
50,SIAgent4,FEMALE_OLD,234,2808.0,95,0.0
50,WFAgent1,MALE_OLD_HIGH_INCOME,67,808.0,160,0.0
50,SIAgent1,YOUNG_LOW_INCOME,318,3816.0,181,252.0
50,WFAgent2,FEMALE_LOW_INCOME,365,4381.0,365,4380.449315068488
50,SIAgent2,MALE_YOUNG,196,2353.0,195,2340.994897959192
50,WFAgent3,MALE_OLD,216,2603.0,0,0.0
50,SIAgent0,FEMALE_LOW_INCOME,365,4381.0,365,4380.402739726022
51,SIAgent3,MALE_OLD,216,2603.0,448,735.1064814814824
51,WFAgent0,YOUNG_LOW_INCOME,318,3816.0,188,2196.0
51,SIAgent4,YOUNG_LOW_INCOME,318,3816.0,318,3816.0
51,WFAgent1,MALE_OLD_HIGH_INCOME,67,808.0,67,807.4120370370383
51,SIAgent1,FEMALE_YOUNG,186,2236.0,186,2232.0
51,WFAgent2,MALE_LOW_INCOME,302,3631.0,0,0.0
51,SIAgent2,FEMALE_YOUNG_HIGH_INCOME,21,256.0,45,219.4285714285715
51,WFAgent3,FEMALE_YOUNG_LOW_INCOME,165,1980.0,102,1176.0
51,SIAgent0,FEMALE_YOUNG_HIGH_INCOME,21,256.0,20,243.8095238095239
52,SIAgent3,FEMALE_OLD_LOW_INCOME,200,2401.0,328,1896.7900000000077
52,WFAgent0,MALE_LOW_INCOME,302,3631.0,191,2296.4271523178786
52,SIAgent4,MALE_YOUNG_HIGH_INCOME,43,517.0,93,0.0
52,WFAgent1,MALE_YOUNG_LOW_INCOME,153,1836.0,0,0.0
52,SIAgent1,FEMALE_HIGH_INCOME,55,663.0,142,0.0
52,WFAgent2,MALE_OLD_HIGH_INCOME,67,808.0,173,0.0
52,SIAgent2,FEMALE_OLD_LOW_INCOME,200,2401.0,199,2388.995000000012
52,WFAgent3,MALE_HIGH_INCOME,110,1325.0,0,0.0
52,SIAgent0,MALE_LOW_INCOME,302,3631.0,497,2128.1026490066233
53,SIAgent3,MALE_OLD_HIGH_INCOME,67,808.0,66,795.9402985074632
53,WFAgent0,FEMALE_YOUNG_LOW_INCOME,165,1980.0,0,0.0
53,SIAgent4,FEMALE_YOUNG,186,2236.0,186,2235.9999999999973
53,WFAgent1,MALE_LOW_INCOME,302,3631.0,0,0.0
53,SIAgent1,MALE_OLD_HIGH_INCOME,67,808.0,107,723.5820895522393
53,WFAgent2,MALE_LOW_INCOME,302,3631.0,368,0.0
53,SIAgent2,FEMALE_YOUNG,186,2236.0,186,2235.9812343496806
53,WFAgent3,FEMALE_LOW_INCOME,365,4381.0,221,2652.6054794520483
53,SIAgent0,FEMALE_LOW_INCOME,365,4381.0,310,2940.671232876705
54,SIAgent3,MALE_YOUNG_LOW_INCOME,153,1836.0,153,1836.0
54,WFAgent0,FEMALE_LOW_INCOME,365,4381.0,131,0.0
54,SIAgent4,FEMALE_YOUNG,186,2236.0,186,2232.0
54,WFAgent1,MALE_HIGH_INCOME,110,1325.0,0,0.0
54,SIAgent1,OLD_LOW_INCOME,349,4196.0,631,4188.0
54,WFAgent2,YOUNG_HIGH_INCOME,64,773.0,20,241.5625
54,SIAgent2,YOUNG_LOW_INCOME,318,3816.0,421,1968.0
54,WFAgent3,FEMALE_OLD,234,2808.0,0,0.0
54,SIAgent0,YOUNG_HIGH_INCOME,64,773.0,114,289.875
55,SIAgent3,FEMALE_OLD_LOW_INCOME,200,2401.0,87,1044.435
55,WFAgent0,FEMALE_LOW_INCOME,365,4381.0,0,0.0
55,SIAgent4,OLD_HIGH_INCOME,101,1215.0,223,0.0
55,WFAgent1,MALE_YOUNG_HIGH_INCOME,43,517.0,0,0.0
55,SIAgent1,FEMALE_YOUNG_LOW_INCOME,165,1980.0,399,0.0
55,WFAgent2,MALE_YOUNG_LOW_INCOME,153,1836.0,357,0.0
55,SIAgent2,OLD_LOW_INCOME,349,4196.0,571,4189.745000000028
55,WFAgent3,MALE_HIGH_INCOME,110,1325.0,107,0.0
55,SIAgent0,FEMALE_OLD_LOW_INCOME,200,2401.0,95,1140.4750000000008
56,SIAgent3,FEMALE_OLD,234,2808.0,263,2208.0
56,WFAgent0,MALE_YOUNG_HIGH_INCOME,43,517.0,0,0.0
56,SIAgent4,MALE_OLD_HIGH_INCOME,67,808.0,67,807.4120370370383
56,WFAgent1,FEMALE_OLD_LOW_INCOME,200,2401.0,200,2400.0
56,SIAgent1,MALE_OLD,216,2603.0,424,998.4653465346553
56,WFAgent2,YOUNG_HIGH_INCOME,64,773.0,26,314.03125
56,SIAgent2,YOUNG_HIGH_INCOME,64,773.0,137,410.65625
56,WFAgent3,MALE_YOUNG_LOW_INCOME,153,1836.0,383,0.0
56,SIAgent0,OLD_HIGH_INCOME,101,1215.0,101,1212.0
57,SIAgent3,FEMALE_OLD_HIGH_INCOME,33,407.0,88,0.0
57,WFAgent0,OLD_LOW_INCOME,349,4196.0,226,2717.180515759309
57,SIAgent4,FEMALE_YOUNG,186,2236.0,186,2232.1505376344085
57,WFAgent1,MALE_YOUNG,196,2353.0,370,0.0
57,SIAgent1,OLD_LOW_INCOME,349,4196.0,457,2705.157593123206
57,WFAgent2,MALE_HIGH_INCOME,110,1325.0,154,0.0
57,SIAgent2,FEMALE_YOUNG_LOW_INCOME,165,1980.0,224,0.0
57,WFAgent3,YOUNG_HIGH_INCOME,64,773.0,41,120.21505376344084
57,SIAgent0,MALE_OLD_LOW_INCOME,149,1795.0,149,1791.4154727793748
58,SIAgent3,OLD_LOW_INCOME,349,4196.0,474,0.0
58,WFAgent0,YOUNG_LOW_INCOME,318,3816.0,0,0.0
58,SIAgent4,MALE_OLD_LOW_INCOME,149,1795.0,149,1791.4536423841078
58,WFAgent1,FEMALE_YOUNG_LOW_INCOME,165,1980.0,165,1980.0
58,SIAgent1,MALE_LOW_INCOME,302,3631.0,560,2548.8595988538673
58,WFAgent2,FEMALE_OLD,234,2808.0,0,0.0
58,SIAgent2,MALE_OLD_HIGH_INCOME,67,808.0,169,0.0
58,WFAgent3,FEMALE_OLD_HIGH_INCOME,33,407.0,73,0.0
58,SIAgent0,FEMALE_YOUNG_LOW_INCOME,165,1980.0,263,1932.0
59,SIAgent3,MALE_OLD_HIGH_INCOME,67,808.0,66,795.9402985074632
59,WFAgent0,MALE_YOUNG_HIGH_INCOME,43,517.0,101,0.0
59,SIAgent4,OLD_LOW_INCOME,349,4196.0,629,2885.5014326647506
59,WFAgent1,YOUNG_LOW_INCOME,318,3816.0,361,0.0
59,SIAgent1,MALE_OLD_HIGH_INCOME,67,808.0,82,651.2238805970153
59,WFAgent2,FEMALE_YOUNG_LOW_INCOME,165,1980.0,54,0.0
59,SIAgent2,FEMALE_YOUNG,186,2236.0,193,2235.569892473116
59,WFAgent3,OLD_LOW_INCOME,349,4196.0,256,3077.868194842398
59,SIAgent0,FEMALE_YOUNG,186,2236.0,186,2235.9999999999973
60,SIAgent3,FEMALE_YOUNG_HIGH_INCOME,21,256.0,14,170.66666666666669
60,WFAgent0,FEMALE_YOUNG,186,2236.0,0,0.0
60,SIAgent4,MALE_YOUNG_LOW_INCOME,153,1836.0,355,0.0
60,WFAgent1,FEMALE_YOUNG_HIGH_INCOME,21,256.0,18,219.4285714285715
60,SIAgent1,FEMALE_YOUNG_HIGH_INCOME,21,256.0,20,243.8095238095239
60,WFAgent2,FEMALE_OLD_LOW_INCOME,200,2401.0,0,0.0
60,SIAgent2,OLD_LOW_INCOME,349,4196.0,831,0.0
60,WFAgent3,OLD_HIGH_INCOME,101,1215.0,84,0.0
60,SIAgent0,MALE_HIGH_INCOME,110,1325.0,281,0.0
61,SIAgent3,OLD_LOW_INCOME,349,4196.0,538,3558.7851002865173
61,WFAgent0,FEMALE_YOUNG_HIGH_INCOME,21,256.0,21,253.14545454545464
61,SIAgent4,FEMALE_HIGH_INCOME,55,663.0,92,192.87272727272733
61,WFAgent1,MALE_HIGH_INCOME,110,1325.0,147,0.0
61,SIAgent1,FEMALE_YOUNG_HIGH_INCOME,21,256.0,21,253.14545454545464
61,WFAgent2,MALE_YOUNG,196,2353.0,113,0.0
61,SIAgent2,MALE_YOUNG_LOW_INCOME,153,1836.0,349,0.0
61,WFAgent3,FEMALE_OLD,234,2808.0,0,0.0
61,SIAgent0,OLD_LOW_INCOME,349,4196.0,349,4195.999999999979
62,SIAgent3,FEMALE_YOUNG_HIGH_INCOME,21,256.0,21,252.45161290322588
62,WFAgent0,FEMALE_LOW_INCOME,365,4381.0,0,0.0
62,SIAgent4,FEMALE_YOUNG,186,2236.0,422,0.0
62,WFAgent1,MALE_OLD_LOW_INCOME,149,1795.0,149,1791.4154727793748
62,SIAgent1,MALE_OLD_HIGH_INCOME,67,808.0,67,807.0454545454537
62,WFAgent2,MALE_LOW_INCOME,302,3631.0,359,0.0
62,SIAgent2,MALE_HIGH_INCOME,110,1325.0,146,554.0909090909091
62,WFAgent3,MALE_OLD_HIGH_INCOME,67,808.0,46,554.0909090909091
62,SIAgent0,OLD_LOW_INCOME,349,4196.0,702,0.0
63,SIAgent3,MALE_YOUNG_LOW_INCOME,153,1836.0,208,1536.0
63,WFAgent0,FEMALE_LOW_INCOME,365,4381.0,476,0.0
63,SIAgent4,MALE_OLD_LOW_INCOME,149,1795.0,341,0.0
63,WFAgent1,FEMALE_YOUNG_HIGH_INCOME,21,256.0,18,217.40625
63,SIAgent1,YOUNG_HIGH_INCOME,64,773.0,64,773.0
63,WFAgent2,MALE_OLD_HIGH_INCOME,67,808.0,170,0.0
63,SIAgent2,YOUNG_HIGH_INCOME,64,773.0,79,664.296875
63,WFAgent3,FEMALE_YOUNG,186,2236.0,409,0.0
63,SIAgent0,MALE_YOUNG_LOW_INCOME,153,1836.0,153,1836.0
64,SIAgent3,FEMALE_OLD,234,2808.0,531,0.0
64,WFAgent0,MALE_OLD_LOW_INCOME,149,1795.0,377,0.0
64,SIAgent4,MALE_YOUNG_HIGH_INCOME,43,517.0,0,0.0
64,WFAgent1,FEMALE_YOUNG_HIGH_INCOME,21,256.0,39,96.43636363636364
64,SIAgent1,MALE_HIGH_INCOME,110,1325.0,181,1274.4651162790694
64,WFAgent2,MALE_HIGH_INCOME,110,1325.0,0,0.0
64,SIAgent2,FEMALE_HIGH_INCOME,55,663.0,55,660.9272727272726
64,WFAgent3,MALE_YOUNG_LOW_INCOME,153,1836.0,360,0.0
64,SIAgent0,MALE_OLD_HIGH_INCOME,67,808.0,67,807.0454545454537
65,SIAgent3,MALE_OLD_HIGH_INCOME,67,808.0,153,0.0
65,WFAgent0,MALE_OLD_LOW_INCOME,149,1795.0,271,1142.1776504298018
65,SIAgent4,FEMALE_LOW_INCOME,365,4381.0,585,4380.0
65,WFAgent1,FEMALE_OLD,234,2808.0,15,0.0
65,SIAgent1,FEMALE_YOUNG_LOW_INCOME,165,1980.0,14,0.0
65,WFAgent2,YOUNG_HIGH_INCOME,64,773.0,40,0.0
65,SIAgent2,OLD_LOW_INCOME,349,4196.0,349,4191.0148212112745
65,WFAgent3,MALE_YOUNG,196,2353.0,372,0.0
65,SIAgent0,MALE_YOUNG_HIGH_INCOME,43,517.0,116,0.0
66,SIAgent3,MALE_YOUNG_HIGH_INCOME,43,517.0,102,0.0
66,WFAgent0,YOUNG_HIGH_INCOME,64,773.0,0,0.0
66,SIAgent4,FEMALE_YOUNG_HIGH_INCOME,21,256.0,48,0.0
66,WFAgent1,FEMALE_OLD_LOW_INCOME,200,2401.0,156,1872.4273972602698
66,SIAgent1,MALE_OLD,216,2603.0,532,0.0
66,WFAgent2,FEMALE_OLD_LOW_INCOME,200,2401.0,160,1920.4383561643792
66,SIAgent2,FEMALE_LOW_INCOME,365,4381.0,550,1764.4027397260236
66,WFAgent3,MALE_OLD_LOW_INCOME,149,1795.0,0,0.0
66,SIAgent0,FEMALE_OLD,234,2808.0,62,0.0
67,SIAgent3,FEMALE_OLD_HIGH_INCOME,33,407.0,33,406.99999999999983
67,WFAgent0,FEMALE_YOUNG,186,2236.0,0,0.0
67,SIAgent4,FEMALE_HIGH_INCOME,55,663.0,62,396.7096774193547
67,WFAgent1,FEMALE_LOW_INCOME,365,4381.0,0,0.0
67,SIAgent1,YOUNG_HIGH_INCOME,64,773.0,64,771.1454545454537
67,WFAgent2,FEMALE_OLD_HIGH_INCOME,33,407.0,33,403.37575757575775
67,SIAgent2,MALE_HIGH_INCOME,110,1325.0,218,0.0
67,WFAgent3,FEMALE_YOUNG,186,2236.0,0,0.0
67,SIAgent0,FEMALE_LOW_INCOME,365,4381.0,896,0.0
68,SIAgent3,FEMALE_YOUNG_HIGH_INCOME,21,256.0,57,0.0
68,WFAgent0,FEMALE_OLD,234,2808.0,171,0.0
68,SIAgent4,MALE_OLD,216,2603.0,317,2596.951289398279
68,WFAgent1,MALE_OLD_LOW_INCOME,149,1795.0,120,96.1833810888252
68,SIAgent1,OLD_LOW_INCOME,349,4196.0,349,4188.275071633237
68,WFAgent2,FEMALE_OLD,234,2808.0,0,0.0
68,SIAgent2,MALE_YOUNG_HIGH_INCOME,43,517.0,102,0.0
68,WFAgent3,FEMALE_YOUNG,186,2236.0,0,0.0
68,SIAgent0,FEMALE_OLD_HIGH_INCOME,33,407.0,88,0.0
69,SIAgent3,MALE_OLD,216,2603.0,533,0.0
69,WFAgent0,FEMALE_OLD_LOW_INCOME,200,2401.0,479,0.0
69,SIAgent4,MALE_YOUNG_LOW_INCOME,153,1836.0,207,0.0
69,WFAgent1,OLD_HIGH_INCOME,101,1215.0,0,0.0
69,SIAgent1,FEMALE_OLD_HIGH_INCOME,33,407.0,80,0.0
69,WFAgent2,MALE_YOUNG_HIGH_INCOME,43,517.0,75,264.1122448979592
69,SIAgent2,MALE_YOUNG,196,2353.0,196,2352.0969387755113
69,WFAgent3,FEMALE_YOUNG,186,2236.0,25,300.5376344086022
69,SIAgent0,FEMALE_YOUNG,186,2236.0,405,336.6021505376344
70,SIAgent3,YOUNG_LOW_INCOME,318,3816.0,399,0.0
70,WFAgent0,MALE_LOW_INCOME,302,3631.0,275,3302.271523178809
70,SIAgent4,FEMALE_HIGH_INCOME,55,663.0,111,0.0
70,WFAgent1,MALE_YOUNG_LOW_INCOME,153,1836.0,0,0.0
70,SIAgent1,OLD_LOW_INCOME,349,4196.0,631,0.0
70,WFAgent2,FEMALE_LOW_INCOME,365,4381.0,0,0.0
70,SIAgent2,MALE_LOW_INCOME,302,3631.0,302,3630.945947740924
70,WFAgent3,MALE_YOUNG_LOW_INCOME,153,1836.0,0,0.0
70,SIAgent0,FEMALE_YOUNG_HIGH_INCOME,21,256.0,21,253.14545454545464
71,SIAgent3,MALE_OLD_LOW_INCOME,149,1795.0,348,0.0
71,WFAgent0,FEMALE_HIGH_INCOME,55,663.0,38,456.0
71,SIAgent4,FEMALE_YOUNG_HIGH_INCOME,21,256.0,43,0.0
71,WFAgent1,FEMALE_YOUNG,186,2236.0,0,0.0
71,SIAgent1,MALE_YOUNG_LOW_INCOME,153,1836.0,368,0.0
71,WFAgent2,FEMALE_OLD_LOW_INCOME,200,2401.0,200,2400.0
71,SIAgent2,MALE_YOUNG_HIGH_INCOME,43,517.0,96,0.0
71,WFAgent3,MALE_HIGH_INCOME,110,1325.0,168,0.0
71,SIAgent0,FEMALE_OLD,234,2808.0,338,2808.0
72,SIAgent3,OLD_HIGH_INCOME,101,1215.0,242,768.0
72,WFAgent0,FEMALE_HIGH_INCOME,55,663.0,0,0.0
72,SIAgent4,FEMALE_HIGH_INCOME,55,663.0,55,661.9069306930694
72,WFAgent1,MALE_OLD_LOW_INCOME,149,1795.0,148,1782.9530201342313
72,SIAgent1,MALE_LOW_INCOME,302,3631.0,445,0.0
72,WFAgent2,FEMALE_YOUNG_HIGH_INCOME,21,256.0,30,96.43636363636364
72,SIAgent2,MALE_OLD_LOW_INCOME,149,1795.0,149,1794.7857904795799
72,WFAgent3,FEMALE_LOW_INCOME,365,4381.0,360,0.0
72,SIAgent0,FEMALE_OLD,234,2808.0,473,0.0
73,SIAgent3,FEMALE_OLD_LOW_INCOME,200,2401.0,200,2400.5479452054738
73,WFAgent0,MALE_YOUNG_LOW_INCOME,153,1836.0,0,0.0
73,SIAgent4,MALE_OLD_LOW_INCOME,149,1795.0,387,0.0
73,WFAgent1,FEMALE_OLD_HIGH_INCOME,33,407.0,84,0.0
73,SIAgent1,MALE_YOUNG_LOW_INCOME,153,1836.0,153,1836.0
73,WFAgent2,MALE_LOW_INCOME,302,3631.0,0,0.0
73,SIAgent2,YOUNG_LOW_INCOME,318,3816.0,220,1836.0
73,WFAgent3,FEMALE_HIGH_INCOME,55,663.0,57,0.0
73,SIAgent0,FEMALE_LOW_INCOME,365,4381.0,599,4380.0
74,SIAgent3,FEMALE_LOW_INCOME,365,4381.0,677,4380.0
74,WFAgent0,MALE_YOUNG,196,2353.0,0,0.0
74,SIAgent4,MALE_OLD_LOW_INCOME,149,1795.0,149,1791.4536423841078
74,WFAgent1,YOUNG_LOW_INCOME,318,3816.0,0,0.0
74,SIAgent1,MALE_LOW_INCOME,302,3631.0,582,0.0
74,WFAgent2,FEMALE_HIGH_INCOME,55,663.0,58,0.0
74,SIAgent2,FEMALE_OLD,234,2808.0,176,0.0
74,WFAgent3,MALE_HIGH_INCOME,110,1325.0,40,481.818181818182
74,SIAgent0,MALE_HIGH_INCOME,110,1325.0,220,578.1818181818181
75,SIAgent3,MALE_LOW_INCOME,302,3631.0,302,3627.5300859598756
75,WFAgent0,MALE_YOUNG,196,2353.0,0,0.0
75,SIAgent4,YOUNG_LOW_INCOME,318,3816.0,634,0.0
75,WFAgent1,MALE_YOUNG_HIGH_INCOME,43,517.0,100,0.0
75,SIAgent1,FEMALE_OLD,234,2808.0,170,0.0
75,WFAgent2,OLD_HIGH_INCOME,101,1215.0,0,0.0
75,SIAgent2,OLD_LOW_INCOME,349,4196.0,483,4188.0
75,WFAgent3,FEMALE_OLD_HIGH_INCOME,33,407.0,33,396.0
75,SIAgent0,MALE_OLD_HIGH_INCOME,67,808.0,163,0.0
76,SIAgent3,YOUNG_LOW_INCOME,318,3816.0,429,0.0
76,WFAgent0,MALE_OLD,216,2603.0,56,674.8518518518525
76,SIAgent4,MALE_OLD,216,2603.0,216,2597.7835418199597
76,WFAgent1,MALE_YOUNG_LOW_INCOME,153,1836.0,0,0.0
76,SIAgent1,MALE_YOUNG,196,2353.0,55,660.2806122448986
76,WFAgent2,FEMALE_YOUNG,186,2236.0,60,0.0
76,SIAgent2,MALE_YOUNG,196,2353.0,71,852.3622448979607
76,WFAgent3,MALE_OLD,216,2603.0,80,964.0740740740761
76,SIAgent0,MALE_LOW_INCOME,302,3631.0,472,3625.5408163265447
77,SIAgent3,MALE_HIGH_INCOME,110,1325.0,263,1116.474489795921
77,WFAgent0,YOUNG_LOW_INCOME,318,3816.0,0,0.0
77,SIAgent4,FEMALE_OLD_HIGH_INCOME,33,407.0,78,0.0
77,WFAgent1,MALE_LOW_INCOME,302,3631.0,329,0.0
77,SIAgent1,MALE_YOUNG_LOW_INCOME,153,1836.0,0,0.0
77,WFAgent2,MALE_YOUNG_LOW_INCOME,153,1836.0,0,0.0
77,SIAgent2,MALE_YOUNG,196,2353.0,117,1404.5969387755142
77,WFAgent3,MALE_YOUNG,196,2353.0,133,1596.6785714285763
77,SIAgent0,MALE_YOUNG,196,2353.0,127,1524.647959183678
78,SIAgent3,MALE_OLD,216,2603.0,481,0.0
78,WFAgent0,MALE_LOW_INCOME,302,3631.0,120,1440.0
78,SIAgent4,FEMALE_YOUNG_LOW_INCOME,165,1980.0,18,216.0
78,WFAgent1,YOUNG_LOW_INCOME,318,3816.0,130,1560.0
78,SIAgent1,FEMALE_LOW_INCOME,365,4381.0,617,4380.0
78,WFAgent2,OLD_LOW_INCOME,349,4196.0,0,0.0
78,SIAgent2,FEMALE_OLD_LOW_INCOME,200,2401.0,200,2400.5479452054738
78,WFAgent3,MALE_YOUNG_HIGH_INCOME,43,517.0,110,0.0
78,SIAgent0,YOUNG_LOW_INCOME,318,3816.0,149,1788.0
79,SIAgent3,FEMALE_HIGH_INCOME,55,663.0,136,0.0
79,WFAgent0,MALE_LOW_INCOME,302,3631.0,0,0.0
79,SIAgent4,MALE_OLD,216,2603.0,524,2107.9545454545405
79,WFAgent1,MALE_YOUNG_HIGH_INCOME,43,517.0,0,0.0
79,SIAgent1,MALE_YOUNG_HIGH_INCOME,43,517.0,0,0.0
79,WFAgent2,FEMALE_YOUNG,186,2236.0,0,0.0
79,SIAgent2,MALE_YOUNG_LOW_INCOME,153,1836.0,351,0.0
79,WFAgent3,YOUNG_HIGH_INCOME,64,773.0,44,530.0000000000001
79,SIAgent0,MALE_HIGH_INCOME,110,1325.0,47,566.1363636363636
80,SIAgent3,MALE_OLD_LOW_INCOME,149,1795.0,355,0.0
80,WFAgent0,OLD_HIGH_INCOME,101,1215.0,86,0.0
80,SIAgent4,FEMALE_YOUNG,186,2236.0,162,1947.4838709677394
80,WFAgent1,FEMALE_YOUNG,186,2236.0,134,1610.8817204301056
80,SIAgent1,FEMALE_LOW_INCOME,365,4381.0,469,0.0
80,WFAgent2,OLD_LOW_INCOME,349,4196.0,0,0.0
80,SIAgent2,FEMALE_YOUNG,186,2236.0,153,1839.2903225806429
80,WFAgent3,MALE_YOUNG_LOW_INCOME,153,1836.0,375,0.0
80,SIAgent0,MALE_OLD_HIGH_INCOME,67,808.0,161,0.0
81,SIAgent3,MALE_LOW_INCOME,302,3631.0,302,3627.3484930396007
81,WFAgent0,MALE_OLD_LOW_INCOME,149,1795.0,149,1791.4433955103545
81,SIAgent4,OLD_LOW_INCOME,349,4196.0,369,4188.0
81,WFAgent1,FEMALE_OLD,234,2808.0,73,876.0
81,SIAgent1,FEMALE_OLD,234,2808.0,147,696.0
81,WFAgent2,MALE_HIGH_INCOME,110,1325.0,0,0.0
81,SIAgent2,MALE_YOUNG,196,2353.0,162,0.0
81,WFAgent3,MALE_YOUNG_LOW_INCOME,153,1836.0,0,0.0
81,SIAgent0,MALE_HIGH_INCOME,110,1325.0,259,1176.500000000003
82,SIAgent3,OLD_LOW_INCOME,349,4196.0,395,4189.745000000028
82,WFAgent0,YOUNG_LOW_INCOME,318,3816.0,340,0.0
82,SIAgent4,FEMALE_YOUNG_LOW_INCOME,165,1980.0,165,1980.0
82,WFAgent1,MALE_OLD,216,2603.0,66,0.0
82,SIAgent1,FEMALE_OLD_LOW_INCOME,200,2401.0,128,0.0
82,WFAgent2,FEMALE_HIGH_INCOME,55,663.0,50,0.0
82,SIAgent2,MALE_OLD,216,2603.0,327,2596.951289398279
82,WFAgent3,FEMALE_YOUNG_LOW_INCOME,165,1980.0,253,1752.0
82,SIAgent0,MALE_YOUNG_HIGH_INCOME,43,517.0,116,0.0
83,SIAgent3,OLD_LOW_INCOME,349,4196.0,676,0.0
83,WFAgent0,MALE_YOUNG,196,2353.0,0,0.0
83,SIAgent4,FEMALE_OLD_HIGH_INCOME,33,407.0,92,0.0
83,WFAgent1,YOUNG_HIGH_INCOME,64,773.0,23,277.796875
83,SIAgent1,MALE_YOUNG_LOW_INCOME,153,1836.0,385,0.0
83,WFAgent2,MALE_HIGH_INCOME,110,1325.0,0,0.0
83,SIAgent2,MALE_OLD,216,2603.0,216,2597.931404542077
83,WFAgent3,MALE_OLD,216,2603.0,124,506.13888888888886
83,SIAgent0,YOUNG_HIGH_INCOME,64,773.0,116,193.25
84,SIAgent3,MALE_OLD_HIGH_INCOME,67,808.0,67,807.4120370370383
84,WFAgent0,MALE_OLD,216,2603.0,72,24.10185185185185
84,SIAgent4,MALE_YOUNG_HIGH_INCOME,43,517.0,110,0.0
84,WFAgent1,MALE_HIGH_INCOME,110,1325.0,0,0.0
84,SIAgent1,FEMALE_OLD_HIGH_INCOME,33,407.0,79,0.0
84,WFAgent2,FEMALE_YOUNG,186,2236.0,0,0.0
84,SIAgent2,OLD_LOW_INCOME,349,4196.0,600,0.0
84,WFAgent3,FEMALE_YOUNG_HIGH_INCOME,21,256.0,46,0.0
84,SIAgent0,MALE_OLD,216,2603.0,216,2597.175315716864
85,SIAgent3,MALE_YOUNG,196,2353.0,385,0.0
85,WFAgent0,MALE_OLD_HIGH_INCOME,67,808.0,67,806.7304230423052
85,SIAgent4,OLD_HIGH_INCOME,101,1215.0,103,276.6831683168316
85,WFAgent1,YOUNG_HIGH_INCOME,64,773.0,0,0.0
85,SIAgent1,FEMALE_YOUNG_HIGH_INCOME,21,256.0,47,0.0
85,WFAgent2,FEMALE_OLD_LOW_INCOME,200,2401.0,0,0.0
85,SIAgent2,FEMALE_OLD_LOW_INCOME,200,2401.0,455,0.0
85,WFAgent3,FEMALE_OLD_HIGH_INCOME,33,407.0,33,396.98019801980183
85,SIAgent0,MALE_HIGH_INCOME,110,1325.0,110,1322.7402597402602
86,SIAgent3,FEMALE_OLD,234,2808.0,173,0.0
86,WFAgent0,FEMALE_OLD,234,2808.0,0,0.0
86,SIAgent4,FEMALE_LOW_INCOME,365,4381.0,680,4380.0
86,WFAgent1,FEMALE_HIGH_INCOME,55,663.0,0,0.0
86,SIAgent1,MALE_OLD_HIGH_INCOME,67,808.0,66,795.9402985074632
86,WFAgent2,FEMALE_YOUNG_HIGH_INCOME,21,256.0,67,0.0
86,SIAgent2,MALE_LOW_INCOME,302,3631.0,747,0.0
86,WFAgent3,OLD_LOW_INCOME,349,4196.0,0,0.0
86,SIAgent0,MALE_OLD_HIGH_INCOME,67,808.0,96,711.5223880597019
87,SIAgent3,MALE_LOW_INCOME,302,3631.0,479,1442.7814569536438
87,WFAgent0,MALE_HIGH_INCOME,110,1325.0,58,698.3033826638479
87,SIAgent4,MALE_YOUNG_HIGH_INCOME,43,517.0,0,0.0
87,WFAgent1,MALE_OLD_LOW_INCOME,149,1795.0,122,1466.8278145695378
87,SIAgent1,MALE_HIGH_INCOME,110,1325.0,110,1324.9999999999975
87,WFAgent2,MALE_OLD,216,2603.0,111,987.7272727272713
87,SIAgent2,OLD_LOW_INCOME,349,4196.0,471,0.0
87,WFAgent3,FEMALE_YOUNG_LOW_INCOME,165,1980.0,374,0.0
87,SIAgent0,MALE_OLD_LOW_INCOME,149,1795.0,149,1791.4536423841078
88,SIAgent3,FEMALE_YOUNG,186,2236.0,211,2232.5095890410907
88,WFAgent0,MALE_HIGH_INCOME,110,1325.0,95,0.0
88,SIAgent4,FEMALE_LOW_INCOME,365,4381.0,496,2064.4712328767077
88,WFAgent1,MALE_OLD,216,2603.0,252,937.8079470198684
88,SIAgent1,MALE_LOW_INCOME,302,3631.0,302,3626.6192052980045
88,WFAgent2,OLD_HIGH_INCOME,101,1215.0,80,0.0
88,SIAgent2,MALE_YOUNG_LOW_INCOME,153,1836.0,92,1104.0
88,WFAgent3,FEMALE_OLD_LOW_INCOME,200,2401.0,200,2400.5479452054738
88,SIAgent0,MALE_YOUNG_LOW_INCOME,153,1836.0,86,1032.0
89,SIAgent3,YOUNG_HIGH_INCOME,64,773.0,69,768.3265306122461
89,WFAgent0,MALE_LOW_INCOME,302,3631.0,203,2437.035714285723
89,SIAgent4,MALE_YOUNG,196,2353.0,221,2316.984693877559
89,WFAgent1,FEMALE_LOW_INCOME,365,4381.0,236,2832.0
89,SIAgent1,FEMALE_OLD,234,2808.0,307,2772.0
89,WFAgent2,OLD_LOW_INCOME,349,4196.0,354,0.0
89,SIAgent2,FEMALE_YOUNG_HIGH_INCOME,21,256.0,21,253.640625
89,WFAgent3,MALE_OLD_HIGH_INCOME,67,808.0,159,0.0
89,SIAgent0,YOUNG_LOW_INCOME,318,3816.0,416,0.0
90,SIAgent3,FEMALE_OLD,234,2808.0,31,0.0
90,WFAgent0,MALE_HIGH_INCOME,110,1325.0,103,0.0
90,SIAgent4,FEMALE_HIGH_INCOME,55,663.0,55,660.9272727272726
90,WFAgent1,FEMALE_HIGH_INCOME,55,663.0,0,0.0
90,SIAgent1,YOUNG_LOW_INCOME,318,3816.0,820,0.0
90,WFAgent2,FEMALE_YOUNG_HIGH_INCOME,21,256.0,34,120.54545454545456
90,SIAgent2,FEMALE_OLD_LOW_INCOME,200,2401.0,137,1644.0
90,WFAgent3,FEMALE_LOW_INCOME,365,4381.0,0,0.0
90,SIAgent0,OLD_LOW_INCOME,349,4196.0,578,4189.745000000028
91,SIAgent3,OLD_HIGH_INCOME,101,1215.0,135,661.633663366337
91,WFAgent0,OLD_HIGH_INCOME,101,1215.0,31,372.9207920792078
91,SIAgent4,MALE_YOUNG,196,2353.0,251,2352.0
91,WFAgent1,MALE_YOUNG,196,2353.0,48,0.0
91,SIAgent1,MALE_YOUNG_LOW_INCOME,153,1836.0,184,0.0
91,WFAgent2,FEMALE_YOUNG,186,2236.0,71,0.0
91,SIAgent2,FEMALE_OLD_LOW_INCOME,200,2401.0,485,0.0
91,WFAgent3,MALE_OLD_LOW_INCOME,149,1795.0,338,0.0
91,SIAgent0,MALE_OLD_HIGH_INCOME,67,808.0,67,805.990099009902
92,SIAgent3,MALE_YOUNG,196,2353.0,195,2340.994897959192
92,WFAgent0,FEMALE_YOUNG,186,2236.0,0,0.0
92,SIAgent4,MALE_YOUNG,196,2353.0,207,2352.8571428571495
92,WFAgent1,MALE_OLD_HIGH_INCOME,67,808.0,170,0.0
92,SIAgent1,FEMALE_YOUNG_HIGH_INCOME,21,256.0,62,0.0
92,WFAgent2,FEMALE_OLD_LOW_INCOME,200,2401.0,465,0.0
92,SIAgent2,MALE_YOUNG_HIGH_INCOME,43,517.0,43,516.219387755102
92,WFAgent3,MALE_OLD,216,2603.0,0,0.0
92,SIAgent0,YOUNG_LOW_INCOME,318,3816.0,385,0.0
93,SIAgent3,MALE_OLD,216,2603.0,252,1916.0972222222201
93,WFAgent0,MALE_OLD_LOW_INCOME,149,1795.0,0,0.0
93,SIAgent4,MALE_OLD_HIGH_INCOME,67,808.0,67,807.4120370370383
93,WFAgent1,YOUNG_LOW_INCOME,318,3816.0,88,1056.0
93,SIAgent1,YOUNG_HIGH_INCOME,64,773.0,146,0.0
93,WFAgent2,YOUNG_LOW_INCOME,318,3816.0,86,1032.0
93,SIAgent2,MALE_OLD,216,2603.0,215,2590.949074074079
93,WFAgent3,YOUNG_LOW_INCOME,318,3816.0,88,1056.0
93,SIAgent0,MALE_YOUNG_LOW_INCOME,153,1836.0,96,1152.0
94,SIAgent3,OLD_HIGH_INCOME,101,1215.0,220,420.0
94,WFAgent0,MALE_HIGH_INCOME,110,1325.0,62,637.2325581395347
94,SIAgent4,FEMALE_YOUNG,186,2236.0,469,0.0
94,WFAgent1,FEMALE_OLD_LOW_INCOME,200,2401.0,200,2400.0
94,SIAgent1,FEMALE_OLD,234,2808.0,256,2400.0
94,WFAgent2,FEMALE_YOUNG,186,2236.0,0,0.0
94,SIAgent2,FEMALE_HIGH_INCOME,55,663.0,55,661.4615138933251
94,WFAgent3,MALE_OLD,216,2603.0,352,0.0
94,SIAgent0,MALE_YOUNG_HIGH_INCOME,43,517.0,43,516.9999999999999
95,SIAgent3,MALE_YOUNG_LOW_INCOME,153,1836.0,0,0.0
95,WFAgent0,MALE_LOW_INCOME,302,3631.0,179,2152.149006622517
95,SIAgent4,YOUNG_HIGH_INCOME,64,773.0,112,770.9090909090902
95,WFAgent1,FEMALE_LOW_INCOME,365,4381.0,483,0.0
95,SIAgent1,MALE_HIGH_INCOME,110,1325.0,214,420.81395348837196
95,WFAgent2,MALE_LOW_INCOME,302,3631.0,160,1923.7086092715251
95,SIAgent2,MALE_OLD_LOW_INCOME,149,1795.0,370,0.0
95,WFAgent3,FEMALE_LOW_INCOME,365,4381.0,0,0.0
95,SIAgent0,MALE_YOUNG_HIGH_INCOME,43,517.0,0,0.0
96,SIAgent3,YOUNG_LOW_INCOME,318,3816.0,482,0.0
96,WFAgent0,OLD_HIGH_INCOME,101,1215.0,0,0.0
96,SIAgent4,FEMALE_HIGH_INCOME,55,663.0,78,180.81818181818187
96,WFAgent1,MALE_YOUNG_HIGH_INCOME,43,517.0,96,0.0
96,SIAgent1,FEMALE_OLD_HIGH_INCOME,33,407.0,33,397.8000000000002
96,WFAgent2,FEMALE_HIGH_INCOME,55,663.0,18,216.98181818181826
96,SIAgent2,FEMALE_YOUNG_HIGH_INCOME,21,256.0,21,253.14545454545464
96,WFAgent3,MALE_OLD_HIGH_INCOME,67,808.0,149,0.0
96,SIAgent0,MALE_LOW_INCOME,302,3631.0,608,3624.0
97,SIAgent3,FEMALE_OLD_LOW_INCOME,200,2401.0,491,0.0
97,WFAgent0,FEMALE_HIGH_INCOME,55,663.0,25,300.5376344086022
97,SIAgent4,MALE_LOW_INCOME,302,3631.0,465,1298.5033112582794
97,WFAgent1,FEMALE_OLD,234,2808.0,0,0.0
97,SIAgent1,OLD_HIGH_INCOME,101,1215.0,162,0.0
97,WFAgent2,MALE_OLD,216,2603.0,107,1286.4801324503323
97,SIAgent2,MALE_OLD,216,2603.0,216,2597.4567897186994
97,WFAgent3,FEMALE_YOUNG,186,2236.0,25,300.5376344086022
97,SIAgent0,FEMALE_YOUNG,186,2236.0,401,264.47311827957
98,SIAgent3,MALE_OLD,216,2603.0,393,397.68055555555554
98,WFAgent0,FEMALE_YOUNG_LOW_INCOME,165,1980.0,396,0.0
98,SIAgent4,OLD_HIGH_INCOME,101,1215.0,18,216.53465346534645
98,WFAgent1,MALE_OLD,216,2603.0,33,397.68055555555554
98,SIAgent1,FEMALE_OLD_HIGH_INCOME,33,407.0,33,396.98019801980183
98,WFAgent2,MALE_OLD_HIGH_INCOME,67,808.0,28,337.4259259259259
98,SIAgent2,MALE_OLD_HIGH_INCOME,67,808.0,67,807.4120370370383
98,WFAgent3,OLD_HIGH_INCOME,101,1215.0,22,264.6534653465346
98,SIAgent0,MALE_YOUNG_LOW_INCOME,153,1836.0,389,0.0
99,SIAgent3,FEMALE_YOUNG_LOW_INCOME,165,1980.0,101,1212.0
99,WFAgent0,FEMALE_YOUNG,186,2236.0,186,2232.0
99,SIAgent4,FEMALE_HIGH_INCOME,55,663.0,44,530.4000000000002
99,WFAgent1,MALE_YOUNG,196,2353.0,387,0.0
99,SIAgent1,FEMALE_YOUNG_HIGH_INCOME,21,256.0,21,253.640625
99,WFAgent2,FEMALE_YOUNG,186,2236.0,112,1344.0
99,SIAgent2,YOUNG_HIGH_INCOME,64,773.0,132,325.4727272727274
99,WFAgent3,MALE_HIGH_INCOME,110,1325.0,176,0.0
99,SIAgent0,FEMALE_HIGH_INCOME,55,663.0,40,482.1818181818184

