0,WFAgent6,MALE_OLD,102,2603.0,0,0.0
0,WFAgent7,MALE_YOUNG_LOW_INCOME,72,1836.0,0,0.0
0,SIAgent9,FEMALE_OLD,110,2808.0,0,0.0
0,SIAgent7,OLD_HIGH_INCOME,47,1215.0,0,0.0
0,SIAgent8,FEMALE_YOUNG_LOW_INCOME,78,1980.0,0,0.0
0,SIAgent5,YOUNG_LOW_INCOME,150,3816.0,0,0.0
0,SIAgent6,MALE_LOW_INCOME,143,3631.0,0,0.0
0,SIAgent3,MALE_OLD_LOW_INCOME,70,1795.0,0,0.0
0,SIAgent4,MALE_LOW_INCOME,143,3631.0,0,0.0
0,SIAgent1,FEMALE_YOUNG_HIGH_INCOME,10,256.0,0,0.0
0,SIAgent2,FEMALE_YOUNG_LOW_INCOME,78,1980.0,0,0.0
0,SIAgent10,FEMALE_YOUNG,88,2236.0,0,0.0
0,SIAgent0,OLD_LOW_INCOME,165,4196.0,0,0.0
0,WFAgent0,FEMALE_LOW_INCOME,172,4381.0,0,0.0
0,WFAgent1,MALE_OLD_LOW_INCOME,70,1795.0,0,0.0
0,WFAgent2,FEMALE_YOUNG_LOW_INCOME,78,1980.0,0,0.0
0,WFAgent3,FEMALE_OLD,110,2808.0,0,0.0
0,WFAgent4,FEMALE_LOW_INCOME,172,4381.0,0,0.0
0,WFAgent5,FEMALE_YOUNG,88,2236.0,0,0.0
1,WFAgent6,MALE_OLD,102,2603.0,0,0.0
1,WFAgent7,FEMALE_OLD_HIGH_INCOME,16,407.0,0,0.0
1,SIAgent9,MALE_HIGH_INCOME,52,1325.0,0,0.0
1,SIAgent7,FEMALE_OLD_LOW_INCOME,94,2401.0,0,0.0
1,SIAgent8,FEMALE_OLD,110,2808.0,0,0.0
1,SIAgent5,YOUNG_HIGH_INCOME,30,773.0,0,0.0
1,SIAgent6,MALE_HIGH_INCOME,52,1325.0,0,0.0
1,SIAgent3,FEMALE_OLD,110,2808.0,0,0.0
1,SIAgent4,FEMALE_YOUNG_HIGH_INCOME,10,256.0,0,0.0
1,SIAgent1,FEMALE_HIGH_INCOME,26,663.0,0,0.0
1,SIAgent2,FEMALE_YOUNG_HIGH_INCOME,10,256.0,0,0.0
1,SIAgent10,FEMALE_YOUNG_LOW_INCOME,78,1980.0,1,0.0
1,SIAgent0,MALE_OLD,102,2603.0,0,0.0
1,WFAgent0,OLD_LOW_INCOME,165,4196.0,0,0.0
1,WFAgent1,MALE_YOUNG_HIGH_INCOME,20,517.0,0,0.0
1,WFAgent2,MALE_OLD_HIGH_INCOME,31,808.0,0,0.0
1,WFAgent3,MALE_LOW_INCOME,143,3631.0,0,0.0
1,WFAgent4,MALE_YOUNG_LOW_INCOME,72,1836.0,0,0.0
1,WFAgent5,MALE_YOUNG,92,2353.0,0,0.0
2,WFAgent6,MALE_YOUNG_LOW_INCOME,72,1836.0,0,0.0
2,WFAgent7,FEMALE_LOW_INCOME,172,4381.0,1,0.0
2,SIAgent9,MALE_LOW_INCOME,143,3631.0,0,0.0
2,SIAgent7,YOUNG_HIGH_INCOME,30,773.0,0,0.0
2,SIAgent8,FEMALE_YOUNG_HIGH_INCOME,10,256.0,0,0.0
2,SIAgent5,FEMALE_OLD_HIGH_INCOME,16,407.0,0,0.0
2,SIAgent6,MALE_YOUNG,92,2353.0,0,0.0
2,SIAgent3,YOUNG_LOW_INCOME,150,3816.0,0,0.0
2,SIAgent4,FEMALE_OLD_HIGH_INCOME,16,407.0,0,0.0
2,SIAgent1,FEMALE_YOUNG_LOW_INCOME,78,1980.0,0,0.0
2,SIAgent2,MALE_YOUNG_LOW_INCOME,72,1836.0,0,0.0
2,SIAgent10,MALE_HIGH_INCOME,52,1325.0,0,0.0
2,SIAgent0,MALE_HIGH_INCOME,52,1325.0,0,0.0
2,WFAgent0,FEMALE_YOUNG_LOW_INCOME,78,1980.0,0,0.0
2,WFAgent1,MALE_OLD,102,2603.0,0,0.0
2,WFAgent2,MALE_YOUNG,92,2353.0,0,0.0
2,WFAgent3,YOUNG_HIGH_INCOME,30,773.0,0,0.0
2,WFAgent4,FEMALE_YOUNG_HIGH_INCOME,10,256.0,0,0.0
2,WFAgent5,OLD_LOW_INCOME,165,4196.0,0,0.0
3,WFAgent6,FEMALE_YOUNG_HIGH_INCOME,10,256.0,0,0.0
3,WFAgent7,FEMALE_OLD_HIGH_INCOME,16,407.0,0,0.0
3,SIAgent9,OLD_HIGH_INCOME,47,1215.0,0,0.0
3,SIAgent7,MALE_YOUNG,92,2353.0,0,0.0
3,SIAgent8,FEMALE_HIGH_INCOME,26,663.0,0,0.0
3,SIAgent5,FEMALE_OLD_LOW_INCOME,94,2401.0,0,0.0
3,SIAgent6,YOUNG_HIGH_INCOME,30,773.0,0,0.0
3,SIAgent3,FEMALE_YOUNG,88,2236.0,0,0.0
3,SIAgent4,FEMALE_OLD,110,2808.0,0,0.0
3,SIAgent1,FEMALE_HIGH_INCOME,26,663.0,0,0.0
3,SIAgent2,FEMALE_LOW_INCOME,172,4381.0,0,0.0
3,SIAgent10,FEMALE_YOUNG_HIGH_INCOME,10,256.0,0,0.0
3,SIAgent0,FEMALE_YOUNG_HIGH_INCOME,10,256.0,0,0.0
3,WFAgent0,FEMALE_LOW_INCOME,172,4381.0,0,0.0
3,WFAgent1,MALE_YOUNG,92,2353.0,0,0.0
3,WFAgent2,FEMALE_HIGH_INCOME,26,663.0,0,0.0
3,WFAgent3,MALE_YOUNG_LOW_INCOME,72,1836.0,0,0.0
3,WFAgent4,MALE_OLD_LOW_INCOME,70,1795.0,1,0.0
3,WFAgent5,FEMALE_HIGH_INCOME,26,663.0,0,0.0
4,WFAgent6,FEMALE_YOUNG_LOW_INCOME,78,1980.0,0,0.0
4,WFAgent7,MALE_HIGH_INCOME,52,1325.0,0,0.0
4,SIAgent9,FEMALE_YOUNG_HIGH_INCOME,10,256.0,0,0.0
4,SIAgent7,FEMALE_YOUNG_LOW_INCOME,78,1980.0,1,25.384615384615383
4,SIAgent8,FEMALE_HIGH_INCOME,26,663.0,0,0.0
4,SIAgent5,FEMALE_OLD_LOW_INCOME,94,2401.0,0,0.0
4,SIAgent6,MALE_OLD,102,2603.0,0,0.0
4,SIAgent3,MALE_YOUNG,92,2353.0,0,0.0
4,SIAgent4,FEMALE_YOUNG_HIGH_INCOME,10,256.0,0,0.0
4,SIAgent1,MALE_OLD,102,2603.0,0,0.0
4,SIAgent2,MALE_YOUNG_HIGH_INCOME,20,517.0,0,0.0
4,SIAgent10,YOUNG_HIGH_INCOME,30,773.0,0,0.0
4,SIAgent0,MALE_YOUNG_LOW_INCOME,72,1836.0,0,0.0
4,WFAgent0,FEMALE_YOUNG,88,2236.0,0,0.0
4,WFAgent1,MALE_YOUNG,92,2353.0,0,0.0
4,WFAgent2,FEMALE_YOUNG,88,2236.0,0,0.0
4,WFAgent3,MALE_LOW_INCOME,143,3631.0,0,0.0
4,WFAgent4,FEMALE_OLD,110,2808.0,0,0.0
4,WFAgent5,MALE_OLD_LOW_INCOME,70,1795.0,0,0.0
5,WFAgent6,FEMALE_OLD_HIGH_INCOME,16,407.0,0,0.0
5,WFAgent7,MALE_HIGH_INCOME,52,1325.0,0,0.0
5,SIAgent9,MALE_YOUNG,92,2353.0,0,0.0
5,SIAgent7,YOUNG_LOW_INCOME,150,3816.0,0,0.0
5,SIAgent8,FEMALE_YOUNG,88,2236.0,0,0.0
5,SIAgent5,MALE_OLD_LOW_INCOME,70,1795.0,0,0.0
5,SIAgent6,OLD_HIGH_INCOME,47,1215.0,0,0.0
5,SIAgent3,MALE_OLD,102,2603.0,0,0.0
5,SIAgent4,FEMALE_LOW_INCOME,172,4381.0,0,0.0
5,SIAgent1,FEMALE_YOUNG_HIGH_INCOME,10,256.0,0,0.0
5,SIAgent2,FEMALE_YOUNG,88,2236.0,0,0.0
5,SIAgent10,MALE_YOUNG_HIGH_INCOME,20,517.0,0,0.0
5,SIAgent0,MALE_OLD_HIGH_INCOME,31,808.0,0,0.0
5,WFAgent0,FEMALE_YOUNG_LOW_INCOME,78,1980.0,0,0.0
5,WFAgent1,OLD_HIGH_INCOME,47,1215.0,0,0.0
5,WFAgent2,FEMALE_YOUNG_HIGH_INCOME,10,256.0,1,25.6
5,WFAgent3,FEMALE_YOUNG_LOW_INCOME,78,1980.0,0,0.0
5,WFAgent4,OLD_LOW_INCOME,165,4196.0,0,0.0
5,WFAgent5,MALE_HIGH_INCOME,52,1325.0,0,0.0
6,WFAgent6,YOUNG_LOW_INCOME,150,3816.0,0,0.0
6,WFAgent7,MALE_YOUNG,92,2353.0,0,0.0
6,SIAgent9,OLD_HIGH_INCOME,47,1215.0,0,0.0
6,SIAgent7,MALE_OLD,102,2603.0,0,0.0
6,SIAgent8,YOUNG_HIGH_INCOME,30,773.0,0,0.0
6,SIAgent5,MALE_OLD_LOW_INCOME,70,1795.0,0,0.0
6,SIAgent6,OLD_LOW_INCOME,165,4196.0,0,0.0
6,SIAgent3,MALE_YOUNG_HIGH_INCOME,20,517.0,0,0.0
6,SIAgent4,YOUNG_HIGH_INCOME,30,773.0,0,0.0
6,SIAgent1,YOUNG_LOW_INCOME,150,3816.0,1,25.44
6,SIAgent2,FEMALE_HIGH_INCOME,26,663.0,0,0.0
6,SIAgent10,FEMALE_YOUNG,88,2236.0,0,0.0
6,SIAgent0,OLD_LOW_INCOME,165,4196.0,0,0.0
6,WFAgent0,MALE_HIGH_INCOME,52,1325.0,0,0.0
6,WFAgent1,YOUNG_HIGH_INCOME,30,773.0,0,0.0
6,WFAgent2,FEMALE_HIGH_INCOME,26,663.0,0,0.0
6,WFAgent3,FEMALE_YOUNG,88,2236.0,0,0.0
6,WFAgent4,OLD_HIGH_INCOME,47,1215.0,0,0.0
6,WFAgent5,FEMALE_YOUNG_LOW_INCOME,78,1980.0,0,0.0
7,WFAgent6,MALE_OLD,102,2603.0,0,0.0
7,WFAgent7,MALE_LOW_INCOME,143,3631.0,0,0.0
7,SIAgent9,FEMALE_YOUNG_HIGH_INCOME,10,256.0,0,0.0
7,SIAgent7,FEMALE_YOUNG,88,2236.0,0,0.0
7,SIAgent8,OLD_HIGH_INCOME,47,1215.0,0,0.0
7,SIAgent5,OLD_LOW_INCOME,165,4196.0,1,0.0
7,SIAgent6,MALE_YOUNG_HIGH_INCOME,20,517.0,0,0.0
7,SIAgent3,YOUNG_LOW_INCOME,150,3816.0,0,0.0
7,SIAgent4,MALE_YOUNG_HIGH_INCOME,20,517.0,0,0.0
7,SIAgent1,MALE_YOUNG_HIGH_INCOME,20,517.0,0,0.0
7,SIAgent2,OLD_HIGH_INCOME,47,1215.0,0,0.0
7,SIAgent10,MALE_YOUNG_LOW_INCOME,72,1836.0,0,0.0
7,SIAgent0,MALE_YOUNG_HIGH_INCOME,20,517.0,0,0.0
7,WFAgent0,MALE_HIGH_INCOME,52,1325.0,0,0.0
7,WFAgent1,FEMALE_YOUNG_LOW_INCOME,78,1980.0,0,0.0
7,WFAgent2,FEMALE_OLD_HIGH_INCOME,16,407.0,0,0.0
7,WFAgent3,FEMALE_OLD_HIGH_INCOME,16,407.0,0,0.0
7,WFAgent4,FEMALE_YOUNG_HIGH_INCOME,10,256.0,0,0.0
7,WFAgent5,MALE_OLD,102,2603.0,0,0.0
8,WFAgent6,FEMALE_OLD,110,2808.0,0,0.0
8,WFAgent7,OLD_LOW_INCOME,165,4196.0,0,0.0
8,SIAgent9,MALE_YOUNG_LOW_INCOME,72,1836.0,0,0.0
8,SIAgent7,MALE_OLD_HIGH_INCOME,31,808.0,0,0.0
8,SIAgent8,FEMALE_YOUNG_LOW_INCOME,78,1980.0,0,0.0
8,SIAgent5,MALE_YOUNG_HIGH_INCOME,20,517.0,0,0.0
8,SIAgent6,MALE_YOUNG_LOW_INCOME,72,1836.0,0,0.0
8,SIAgent3,FEMALE_HIGH_INCOME,26,663.0,0,0.0
8,SIAgent4,YOUNG_HIGH_INCOME,30,773.0,0,0.0
8,SIAgent1,FEMALE_YOUNG,88,2236.0,0,0.0
8,SIAgent2,OLD_LOW_INCOME,165,4196.0,1,0.0
8,SIAgent10,FEMALE_OLD,110,2808.0,0,0.0
8,SIAgent0,FEMALE_HIGH_INCOME,26,663.0,0,0.0
8,WFAgent0,FEMALE_OLD_LOW_INCOME,94,2401.0,0,0.0
8,WFAgent1,FEMALE_OLD,110,2808.0,0,0.0
8,WFAgent2,FEMALE_LOW_INCOME,172,4381.0,0,0.0
8,WFAgent3,FEMALE_OLD,110,2808.0,0,0.0
8,WFAgent4,MALE_LOW_INCOME,143,3631.0,0,0.0
8,WFAgent5,OLD_HIGH_INCOME,47,1215.0,0,0.0
9,WFAgent6,MALE_YOUNG_HIGH_INCOME,20,517.0,0,0.0
9,WFAgent7,FEMALE_OLD_LOW_INCOME,94,2401.0,0,0.0
9,SIAgent9,MALE_OLD,102,2603.0,0,0.0
9,SIAgent7,YOUNG_HIGH_INCOME,30,773.0,0,0.0
9,SIAgent8,MALE_OLD,102,2603.0,0,0.0
9,SIAgent5,MALE_YOUNG,92,2353.0,0,0.0
9,SIAgent6,FEMALE_YOUNG,88,2236.0,0,0.0
9,SIAgent3,MALE_YOUNG,92,2353.0,0,0.0
9,SIAgent4,FEMALE_YOUNG_HIGH_INCOME,10,256.0,0,0.0
9,SIAgent1,YOUNG_HIGH_INCOME,30,773.0,0,0.0
9,SIAgent2,FEMALE_YOUNG_HIGH_INCOME,10,256.0,0,0.0
9,SIAgent10,FEMALE_OLD_LOW_INCOME,94,2401.0,0,0.0
9,SIAgent0,MALE_HIGH_INCOME,52,1325.0,0,0.0
9,WFAgent0,MALE_LOW_INCOME,143,3631.0,0,0.0
9,WFAgent1,MALE_YOUNG_LOW_INCOME,72,1836.0,0,0.0
9,WFAgent2,YOUNG_LOW_INCOME,150,3816.0,0,0.0
9,WFAgent3,YOUNG_LOW_INCOME,150,3816.0,0,0.0
9,WFAgent4,YOUNG_LOW_INCOME,150,3816.0,0,0.0
9,WFAgent5,FEMALE_YOUNG_HIGH_INCOME,10,256.0,0,0.0
10,WFAgent6,MALE_HIGH_INCOME,52,1325.0,0,0.0
10,WFAgent7,YOUNG_LOW_INCOME,150,3816.0,0,0.0
10,SIAgent9,FEMALE_YOUNG,88,2236.0,0,0.0
10,SIAgent7,MALE_OLD,102,2603.0,0,0.0
10,SIAgent8,FEMALE_HIGH_INCOME,26,663.0,0,0.0
10,SIAgent5,FEMALE_OLD,110,2808.0,1,0.0
10,SIAgent6,MALE_OLD_LOW_INCOME,70,1795.0,0,0.0
10,SIAgent3,MALE_YOUNG_HIGH_INCOME,20,517.0,0,0.0
10,SIAgent4,MALE_OLD_HIGH_INCOME,31,808.0,0,0.0
10,SIAgent1,MALE_YOUNG_LOW_INCOME,72,1836.0,0,0.0
10,SIAgent2,YOUNG_LOW_INCOME,150,3816.0,0,0.0
10,SIAgent10,FEMALE_YOUNG_LOW_INCOME,78,1980.0,0,0.0
10,SIAgent0,MALE_OLD_HIGH_INCOME,31,808.0,0,0.0
10,WFAgent0,FEMALE_YOUNG,88,2236.0,0,0.0
10,WFAgent1,OLD_LOW_INCOME,165,4196.0,0,0.0
10,WFAgent2,MALE_LOW_INCOME,143,3631.0,0,0.0
10,WFAgent3,FEMALE_OLD,110,2808.0,0,0.0
10,WFAgent4,MALE_YOUNG,92,2353.0,0,0.0
10,WFAgent5,MALE_YOUNG_LOW_INCOME,72,1836.0,0,0.0
11,WFAgent6,MALE_YOUNG,92,2353.0,0,0.0
11,WFAgent7,MALE_LOW_INCOME,143,3631.0,0,0.0
11,SIAgent9,FEMALE_LOW_INCOME,172,4381.0,0,0.0
11,SIAgent7,MALE_OLD,102,2603.0,0,0.0
11,SIAgent8,YOUNG_LOW_INCOME,150,3816.0,1,25.39160839160839
11,SIAgent5,FEMALE_OLD_LOW_INCOME,94,2401.0,0,0.0
11,SIAgent6,FEMALE_OLD,110,2808.0,0,0.0
11,SIAgent3,YOUNG_HIGH_INCOME,30,773.0,0,0.0
11,SIAgent4,OLD_HIGH_INCOME,47,1215.0,0,0.0
11,SIAgent1,FEMALE_YOUNG_HIGH_INCOME,10,256.0,0,0.0
11,SIAgent2,FEMALE_OLD_HIGH_INCOME,16,407.0,0,0.0
11,SIAgent10,FEMALE_LOW_INCOME,172,4381.0,0,0.0
11,SIAgent0,MALE_OLD,102,2603.0,0,0.0
11,WFAgent0,MALE_LOW_INCOME,143,3631.0,0,0.0
11,WFAgent1,OLD_HIGH_INCOME,47,1215.0,0,0.0
11,WFAgent2,YOUNG_HIGH_INCOME,30,773.0,0,0.0
11,WFAgent3,FEMALE_YOUNG,88,2236.0,0,0.0
11,WFAgent4,FEMALE_OLD,110,2808.0,0,0.0
11,WFAgent5,FEMALE_HIGH_INCOME,26,663.0,0,0.0
12,WFAgent6,YOUNG_LOW_INCOME,150,3816.0,0,0.0
12,WFAgent7,FEMALE_YOUNG,88,2236.0,0,0.0
12,SIAgent9,FEMALE_LOW_INCOME,172,4381.0,0,0.0
12,SIAgent7,MALE_OLD_LOW_INCOME,70,1795.0,1,25.642857142857142
12,SIAgent8,MALE_OLD,102,2603.0,0,0.0
12,SIAgent5,FEMALE_LOW_INCOME,172,4381.0,0,0.0
12,SIAgent6,FEMALE_OLD_LOW_INCOME,94,2401.0,0,0.0
12,SIAgent3,MALE_OLD,102,2603.0,0,0.0
12,SIAgent4,FEMALE_YOUNG,88,2236.0,0,0.0
12,SIAgent1,OLD_LOW_INCOME,165,4196.0,0,0.0
12,SIAgent2,MALE_OLD_LOW_INCOME,70,1795.0,0,0.0
12,SIAgent10,MALE_OLD,102,2603.0,0,0.0
12,SIAgent0,MALE_YOUNG_LOW_INCOME,72,1836.0,0,0.0
12,WFAgent0,MALE_OLD_HIGH_INCOME,31,808.0,0,0.0
12,WFAgent1,FEMALE_OLD,110,2808.0,0,0.0
12,WFAgent2,YOUNG_LOW_INCOME,150,3816.0,0,0.0
12,WFAgent3,FEMALE_HIGH_INCOME,26,663.0,0,0.0
12,WFAgent4,FEMALE_OLD_HIGH_INCOME,16,407.0,0,0.0
12,WFAgent5,YOUNG_LOW_INCOME,150,3816.0,0,0.0
13,WFAgent6,FEMALE_OLD_HIGH_INCOME,16,407.0,0,0.0
13,WFAgent7,FEMALE_HIGH_INCOME,26,663.0,0,0.0
13,SIAgent9,MALE_HIGH_INCOME,52,1325.0,0,0.0
13,SIAgent7,MALE_OLD_HIGH_INCOME,31,808.0,0,0.0
13,SIAgent8,FEMALE_YOUNG_HIGH_INCOME,10,256.0,0,0.0
13,SIAgent5,MALE_OLD,102,2603.0,0,0.0
13,SIAgent6,MALE_HIGH_INCOME,52,1325.0,0,0.0
13,SIAgent3,MALE_YOUNG,92,2353.0,0,0.0
13,SIAgent4,FEMALE_YOUNG_LOW_INCOME,78,1980.0,1,25.384615384615383
13,SIAgent1,MALE_YOUNG,92,2353.0,0,0.0
13,SIAgent2,YOUNG_HIGH_INCOME,30,773.0,0,0.0
13,SIAgent10,FEMALE_YOUNG_HIGH_INCOME,10,256.0,0,0.0
13,SIAgent0,FEMALE_OLD_HIGH_INCOME,16,407.0,0,0.0
13,WFAgent0,FEMALE_YOUNG_HIGH_INCOME,10,256.0,0,0.0
13,WFAgent1,FEMALE_OLD,110,2808.0,0,0.0
13,WFAgent2,MALE_YOUNG,92,2353.0,0,0.0
13,WFAgent3,FEMALE_YOUNG_LOW_INCOME,78,1980.0,0,0.0
13,WFAgent4,FEMALE_OLD,110,2808.0,0,0.0
13,WFAgent5,FEMALE_YOUNG_LOW_INCOME,78,1980.0,0,0.0
14,WFAgent6,FEMALE_LOW_INCOME,172,4381.0,0,0.0
14,WFAgent7,MALE_YOUNG_LOW_INCOME,72,1836.0,0,0.0
14,SIAgent9,FEMALE_OLD_LOW_INCOME,94,2401.0,0,0.0
14,SIAgent7,MALE_YOUNG_HIGH_INCOME,20,517.0,0,0.0
14,SIAgent8,MALE_HIGH_INCOME,52,1325.0,0,0.0
14,SIAgent5,OLD_LOW_INCOME,165,4196.0,0,0.0
14,SIAgent6,FEMALE_OLD_HIGH_INCOME,16,407.0,0,0.0
14,SIAgent3,MALE_YOUNG_HIGH_INCOME,20,517.0,0,0.0
14,SIAgent4,MALE_YOUNG,92,2353.0,0,0.0
14,SIAgent1,FEMALE_LOW_INCOME,172,4381.0,0,0.0
14,SIAgent2,OLD_HIGH_INCOME,47,1215.0,0,0.0
14,SIAgent10,OLD_LOW_INCOME,165,4196.0,0,0.0
14,SIAgent0,MALE_OLD_LOW_INCOME,70,1795.0,1,25.43030303030303
14,WFAgent0,YOUNG_HIGH_INCOME,30,773.0,0,0.0
14,WFAgent1,MALE_HIGH_INCOME,52,1325.0,0,0.0
14,WFAgent2,MALE_YOUNG_HIGH_INCOME,20,517.0,0,0.0
14,WFAgent3,FEMALE_YOUNG_LOW_INCOME,78,1980.0,0,0.0
14,WFAgent4,YOUNG_HIGH_INCOME,30,773.0,0,0.0
14,WFAgent5,MALE_YOUNG,92,2353.0,0,0.0
15,WFAgent6,YOUNG_HIGH_INCOME,30,773.0,0,0.0
15,WFAgent7,YOUNG_HIGH_INCOME,30,773.0,0,0.0
15,SIAgent9,FEMALE_YOUNG_LOW_INCOME,78,1980.0,1,0.0
15,SIAgent7,MALE_HIGH_INCOME,52,1325.0,0,0.0
15,SIAgent8,FEMALE_OLD,110,2808.0,0,0.0
15,SIAgent5,MALE_YOUNG_LOW_INCOME,72,1836.0,0,0.0
15,SIAgent6,MALE_OLD,102,2603.0,0,0.0
15,SIAgent3,FEMALE_OLD,110,2808.0,0,0.0
15,SIAgent4,MALE_OLD_HIGH_INCOME,31,808.0,0,0.0
15,SIAgent1,MALE_YOUNG,92,2353.0,0,0.0
15,SIAgent2,MALE_OLD_LOW_INCOME,70,1795.0,0,0.0
15,SIAgent10,MALE_OLD_HIGH_INCOME,31,808.0,0,0.0
15,SIAgent0,MALE_YOUNG_HIGH_INCOME,20,517.0,0,0.0
15,WFAgent0,FEMALE_YOUNG,88,2236.0,0,0.0
15,WFAgent1,MALE_YOUNG_LOW_INCOME,72,1836.0,0,0.0
15,WFAgent2,FEMALE_OLD_LOW_INCOME,94,2401.0,0,0.0
15,WFAgent3,FEMALE_OLD_LOW_INCOME,94,2401.0,0,0.0
15,WFAgent4,MALE_OLD_HIGH_INCOME,31,808.0,0,0.0
15,WFAgent5,MALE_HIGH_INCOME,52,1325.0,0,0.0
16,WFAgent6,MALE_OLD_HIGH_INCOME,31,808.0,0,0.0
16,WFAgent7,FEMALE_YOUNG_LOW_INCOME,78,1980.0,0,0.0
16,SIAgent9,FEMALE_HIGH_INCOME,26,663.0,0,0.0
16,SIAgent7,YOUNG_LOW_INCOME,150,3816.0,0,0.0
16,SIAgent8,FEMALE_OLD_HIGH_INCOME,16,407.0,0,0.0
16,SIAgent5,FEMALE_HIGH_INCOME,26,663.0,0,0.0
16,SIAgent6,YOUNG_HIGH_INCOME,30,773.0,0,0.0
16,SIAgent3,MALE_YOUNG,92,2353.0,0,0.0
16,SIAgent4,FEMALE_LOW_INCOME,172,4381.0,0,0.0
16,SIAgent1,YOUNG_LOW_INCOME,150,3816.0,0,0.0
16,SIAgent2,OLD_LOW_INCOME,165,4196.0,0,0.0
16,SIAgent10,MALE_OLD,102,2603.0,0,0.0
16,SIAgent0,FEMALE_OLD,110,2808.0,1,25.527272727272727
16,WFAgent0,MALE_OLD_HIGH_INCOME,31,808.0,0,0.0
16,WFAgent1,YOUNG_HIGH_INCOME,30,773.0,0,0.0
16,WFAgent2,FEMALE_YOUNG_HIGH_INCOME,10,256.0,0,0.0
16,WFAgent3,YOUNG_HIGH_INCOME,30,773.0,0,0.0
16,WFAgent4,FEMALE_OLD_LOW_INCOME,94,2401.0,0,0.0
16,WFAgent5,FEMALE_LOW_INCOME,172,4381.0,0,0.0
17,WFAgent6,MALE_YOUNG_LOW_INCOME,72,1836.0,0,0.0
17,WFAgent7,MALE_OLD,102,2603.0,0,0.0
17,SIAgent9,MALE_LOW_INCOME,143,3631.0,0,0.0
17,SIAgent7,MALE_OLD,102,2603.0,0,0.0
17,SIAgent8,OLD_LOW_INCOME,165,4196.0,0,0.0
17,SIAgent5,MALE_OLD_HIGH_INCOME,31,808.0,0,0.0
17,SIAgent6,YOUNG_HIGH_INCOME,30,773.0,0,0.0
17,SIAgent3,MALE_LOW_INCOME,143,3631.0,0,0.0
17,SIAgent4,MALE_OLD,102,2603.0,0,0.0
17,SIAgent1,MALE_OLD,102,2603.0,0,0.0
17,SIAgent2,YOUNG_HIGH_INCOME,30,773.0,0,0.0
17,SIAgent10,MALE_YOUNG_LOW_INCOME,72,1836.0,0,0.0
17,SIAgent0,FEMALE_YOUNG,88,2236.0,0,0.0
17,WFAgent0,MALE_HIGH_INCOME,52,1325.0,0,0.0
17,WFAgent1,MALE_OLD_HIGH_INCOME,31,808.0,0,0.0
17,WFAgent2,FEMALE_YOUNG_LOW_INCOME,78,1980.0,0,0.0
17,WFAgent3,FEMALE_LOW_INCOME,172,4381.0,1,25.40909090909091
17,WFAgent4,MALE_OLD_LOW_INCOME,70,1795.0,0,0.0
17,WFAgent5,MALE_YOUNG_HIGH_INCOME,20,517.0,0,0.0
18,WFAgent6,FEMALE_YOUNG,88,2236.0,0,0.0
18,WFAgent7,MALE_OLD,102,2603.0,0,0.0
18,SIAgent9,MALE_OLD_HIGH_INCOME,31,808.0,1,25.48076923076923
18,SIAgent7,MALE_YOUNG_LOW_INCOME,72,1836.0,0,0.0
18,SIAgent8,FEMALE_LOW_INCOME,172,4381.0,0,0.0
18,SIAgent5,MALE_HIGH_INCOME,52,1325.0,0,0.0
18,SIAgent6,MALE_YOUNG_HIGH_INCOME,20,517.0,0,0.0
18,SIAgent3,MALE_HIGH_INCOME,52,1325.0,0,0.0
18,SIAgent4,FEMALE_LOW_INCOME,172,4381.0,0,0.0
18,SIAgent1,YOUNG_LOW_INCOME,150,3816.0,0,0.0
18,SIAgent2,FEMALE_OLD_HIGH_INCOME,16,407.0,0,0.0
18,SIAgent10,FEMALE_OLD_HIGH_INCOME,16,407.0,0,0.0
18,SIAgent0,MALE_LOW_INCOME,143,3631.0,0,0.0
18,WFAgent0,FEMALE_OLD_LOW_INCOME,94,2401.0,0,0.0
18,WFAgent1,FEMALE_OLD_HIGH_INCOME,16,407.0,0,0.0
18,WFAgent2,MALE_OLD,102,2603.0,0,0.0
18,WFAgent3,FEMALE_YOUNG_LOW_INCOME,78,1980.0,0,0.0
18,WFAgent4,YOUNG_LOW_INCOME,150,3816.0,0,0.0
18,WFAgent5,MALE_YOUNG_LOW_INCOME,72,1836.0,0,0.0
19,WFAgent6,FEMALE_LOW_INCOME,172,4381.0,0,0.0
19,WFAgent7,MALE_LOW_INCOME,143,3631.0,0,0.0
19,SIAgent9,FEMALE_YOUNG_LOW_INCOME,78,1980.0,0,0.0
19,SIAgent7,FEMALE_YOUNG_LOW_INCOME,78,1980.0,0,0.0
19,SIAgent8,MALE_OLD_HIGH_INCOME,31,808.0,0,0.0
19,SIAgent5,FEMALE_OLD_LOW_INCOME,94,2401.0,0,0.0
19,SIAgent6,MALE_YOUNG,92,2353.0,0,0.0
19,SIAgent3,MALE_LOW_INCOME,143,3631.0,1,25.39160839160839
19,SIAgent4,MALE_LOW_INCOME,143,3631.0,0,0.0
19,SIAgent1,FEMALE_YOUNG_LOW_INCOME,78,1980.0,0,0.0
19,SIAgent2,MALE_YOUNG_HIGH_INCOME,20,517.0,0,0.0
19,SIAgent10,FEMALE_OLD_LOW_INCOME,94,2401.0,0,0.0
19,SIAgent0,MALE_OLD_HIGH_INCOME,31,808.0,0,0.0
19,WFAgent0,FEMALE_YOUNG_HIGH_INCOME,10,256.0,0,0.0
19,WFAgent1,FEMALE_YOUNG_HIGH_INCOME,10,256.0,0,0.0
19,WFAgent2,MALE_OLD_LOW_INCOME,70,1795.0,0,0.0
19,WFAgent3,MALE_OLD_LOW_INCOME,70,1795.0,0,0.0
19,WFAgent4,MALE_YOUNG_HIGH_INCOME,20,517.0,0,0.0
19,WFAgent5,MALE_LOW_INCOME,143,3631.0,0,0.0
20,WFAgent6,YOUNG_LOW_INCOME,150,3816.0,0,0.0
20,WFAgent7,MALE_OLD,102,2603.0,0,0.0
20,SIAgent9,FEMALE_YOUNG_LOW_INCOME,78,1980.0,0,0.0
20,SIAgent7,MALE_OLD_HIGH_INCOME,31,808.0,0,0.0
20,SIAgent8,MALE_YOUNG_LOW_INCOME,72,1836.0,0,0.0
20,SIAgent5,MALE_YOUNG_LOW_INCOME,72,1836.0,0,0.0
20,SIAgent6,OLD_LOW_INCOME,165,4196.0,0,0.0
20,SIAgent3,FEMALE_HIGH_INCOME,26,663.0,0,0.0
20,SIAgent4,FEMALE_LOW_INCOME,172,4381.0,1,25.44
20,SIAgent1,MALE_OLD_LOW_INCOME,70,1795.0,0,0.0
20,SIAgent2,YOUNG_LOW_INCOME,150,3816.0,0,0.0
20,SIAgent10,OLD_HIGH_INCOME,47,1215.0,0,0.0
20,SIAgent0,MALE_YOUNG_HIGH_INCOME,20,517.0,0,0.0
20,WFAgent0,FEMALE_HIGH_INCOME,26,663.0,0,0.0
20,WFAgent1,MALE_LOW_INCOME,143,3631.0,0,0.0
20,WFAgent2,FEMALE_YOUNG_LOW_INCOME,78,1980.0,0,0.0
20,WFAgent3,OLD_HIGH_INCOME,47,1215.0,0,0.0
20,WFAgent4,MALE_YOUNG_LOW_INCOME,72,1836.0,0,0.0
20,WFAgent5,YOUNG_LOW_INCOME,150,3816.0,0,0.0
21,WFAgent6,FEMALE_YOUNG_HIGH_INCOME,10,256.0,0,0.0
21,WFAgent7,MALE_YOUNG_HIGH_INCOME,20,517.0,0,0.0
21,SIAgent9,FEMALE_YOUNG,88,2236.0,0,0.0
21,SIAgent7,OLD_LOW_INCOME,165,4196.0,0,0.0
21,SIAgent8,FEMALE_YOUNG,88,2236.0,0,0.0
21,SIAgent5,MALE_YOUNG_HIGH_INCOME,20,517.0,0,0.0
21,SIAgent6,FEMALE_OLD,110,2808.0,0,0.0
21,SIAgent3,MALE_OLD_HIGH_INCOME,31,808.0,0,0.0
21,SIAgent4,MALE_YOUNG_HIGH_INCOME,20,517.0,0,0.0
21,SIAgent1,MALE_OLD_HIGH_INCOME,31,808.0,0,0.0
21,SIAgent2,OLD_HIGH_INCOME,47,1215.0,0,0.0
21,SIAgent10,FEMALE_OLD,110,2808.0,1,25.527272727272727
21,SIAgent0,MALE_OLD_LOW_INCOME,70,1795.0,0,0.0
21,WFAgent0,OLD_HIGH_INCOME,47,1215.0,0,0.0
21,WFAgent1,FEMALE_LOW_INCOME,172,4381.0,0,0.0
21,WFAgent2,YOUNG_LOW_INCOME,150,3816.0,0,0.0
21,WFAgent3,MALE_YOUNG_LOW_INCOME,72,1836.0,0,0.0
21,WFAgent4,FEMALE_OLD_HIGH_INCOME,16,407.0,0,0.0
21,WFAgent5,OLD_LOW_INCOME,165,4196.0,0,0.0
22,WFAgent6,YOUNG_HIGH_INCOME,30,773.0,0,0.0
22,WFAgent7,FEMALE_OLD,110,2808.0,0,0.0
22,SIAgent9,MALE_YOUNG_LOW_INCOME,72,1836.0,0,0.0
22,SIAgent7,MALE_YOUNG_HIGH_INCOME,20,517.0,0,0.0
22,SIAgent8,FEMALE_YOUNG_HIGH_INCOME,10,256.0,0,0.0
22,SIAgent5,OLD_LOW_INCOME,165,4196.0,0,0.0
22,SIAgent6,MALE_OLD_HIGH_INCOME,31,808.0,0,0.0
22,SIAgent3,MALE_OLD_HIGH_INCOME,31,808.0,0,0.0
22,SIAgent4,FEMALE_OLD_HIGH_INCOME,16,407.0,0,0.0
22,SIAgent1,FEMALE_YOUNG_LOW_INCOME,78,1980.0,0,0.0
22,SIAgent2,FEMALE_HIGH_INCOME,26,663.0,0,0.0
22,SIAgent10,FEMALE_LOW_INCOME,172,4381.0,1,25.384615384615383
22,SIAgent0,MALE_OLD,102,2603.0,0,0.0
22,WFAgent0,MALE_OLD_HIGH_INCOME,31,808.0,0,0.0
22,WFAgent1,FEMALE_OLD,110,2808.0,0,0.0
22,WFAgent2,FEMALE_OLD_LOW_INCOME,94,2401.0,0,0.0
22,WFAgent3,MALE_YOUNG_HIGH_INCOME,20,517.0,0,0.0
22,WFAgent4,YOUNG_HIGH_INCOME,30,773.0,0,0.0
22,WFAgent5,MALE_YOUNG_LOW_INCOME,72,1836.0,0,0.0
23,WFAgent6,YOUNG_LOW_INCOME,150,3816.0,0,0.0
23,WFAgent7,FEMALE_YOUNG_LOW_INCOME,78,1980.0,0,0.0
23,SIAgent9,FEMALE_HIGH_INCOME,26,663.0,0,0.0
23,SIAgent7,MALE_LOW_INCOME,143,3631.0,0,0.0
23,SIAgent8,MALE_YOUNG_HIGH_INCOME,20,517.0,0,0.0
23,SIAgent5,FEMALE_HIGH_INCOME,26,663.0,0,0.0
23,SIAgent6,FEMALE_OLD_HIGH_INCOME,16,407.0,0,0.0
23,SIAgent3,YOUNG_LOW_INCOME,150,3816.0,0,0.0
23,SIAgent4,MALE_OLD_LOW_INCOME,70,1795.0,0,0.0
23,SIAgent1,FEMALE_LOW_INCOME,172,4381.0,1,25.44
23,SIAgent2,YOUNG_LOW_INCOME,150,3816.0,0,0.0
23,SIAgent10,FEMALE_OLD_HIGH_INCOME,16,407.0,0,0.0
23,SIAgent0,MALE_YOUNG_LOW_INCOME,72,1836.0,0,0.0
23,WFAgent0,MALE_HIGH_INCOME,52,1325.0,0,0.0
23,WFAgent1,FEMALE_YOUNG_HIGH_INCOME,10,256.0,0,0.0
23,WFAgent2,MALE_YOUNG_HIGH_INCOME,20,517.0,0,0.0
23,WFAgent3,FEMALE_OLD_HIGH_INCOME,16,407.0,0,0.0
23,WFAgent4,MALE_YOUNG_HIGH_INCOME,20,517.0,0,0.0
23,WFAgent5,FEMALE_LOW_INCOME,172,4381.0,0,0.0
24,WFAgent6,MALE_OLD_LOW_INCOME,70,1795.0,0,0.0
24,WFAgent7,MALE_LOW_INCOME,143,3631.0,0,0.0
24,SIAgent9,FEMALE_HIGH_INCOME,26,663.0,0,0.0
24,SIAgent7,MALE_YOUNG_LOW_INCOME,72,1836.0,0,0.0
24,SIAgent8,MALE_OLD_LOW_INCOME,70,1795.0,0,0.0
24,SIAgent5,FEMALE_LOW_INCOME,172,4381.0,0,0.0
24,SIAgent6,FEMALE_YOUNG_LOW_INCOME,78,1980.0,0,0.0
24,SIAgent3,MALE_OLD_LOW_INCOME,70,1795.0,0,0.0
24,SIAgent4,FEMALE_YOUNG_LOW_INCOME,78,1980.0,0,0.0
24,SIAgent1,MALE_YOUNG_LOW_INCOME,72,1836.0,0,0.0
24,SIAgent2,MALE_YOUNG,92,2353.0,0,0.0
24,SIAgent10,FEMALE_LOW_INCOME,172,4381.0,1,25.47093023255814
24,SIAgent0,FEMALE_YOUNG_LOW_INCOME,78,1980.0,0,0.0
24,WFAgent0,FEMALE_YOUNG_LOW_INCOME,78,1980.0,0,0.0
24,WFAgent1,FEMALE_HIGH_INCOME,26,663.0,0,0.0
24,WFAgent2,FEMALE_YOUNG,88,2236.0,0,0.0
24,WFAgent3,FEMALE_HIGH_INCOME,26,663.0,0,0.0
24,WFAgent4,FEMALE_YOUNG_HIGH_INCOME,10,256.0,0,0.0
24,WFAgent5,OLD_LOW_INCOME,165,4196.0,0,0.0
25,WFAgent6,MALE_OLD_HIGH_INCOME,31,808.0,0,0.0
25,WFAgent7,FEMALE_OLD,110,2808.0,0,0.0
25,SIAgent9,OLD_LOW_INCOME,165,4196.0,0,0.0
25,SIAgent7,FEMALE_OLD,110,2808.0,0,0.0
25,SIAgent8,MALE_YOUNG_HIGH_INCOME,20,517.0,0,0.0
25,SIAgent5,MALE_LOW_INCOME,143,3631.0,0,0.0
25,SIAgent6,MALE_YOUNG_HIGH_INCOME,20,517.0,0,0.0
25,SIAgent3,FEMALE_YOUNG_HIGH_INCOME,10,256.0,0,0.0
25,SIAgent4,MALE_HIGH_INCOME,52,1325.0,0,0.0
25,SIAgent1,FEMALE_OLD,110,2808.0,0,0.0
25,SIAgent2,MALE_HIGH_INCOME,52,1325.0,0,0.0
25,SIAgent10,OLD_LOW_INCOME,165,4196.0,0,0.0
25,SIAgent0,MALE_YOUNG_LOW_INCOME,72,1836.0,1,25.44
25,WFAgent0,OLD_LOW_INCOME,165,4196.0,0,0.0
25,WFAgent1,MALE_OLD,102,2603.0,0,0.0
25,WFAgent2,FEMALE_YOUNG,88,2236.0,0,0.0
25,WFAgent3,YOUNG_LOW_INCOME,150,3816.0,0,0.0
25,WFAgent4,YOUNG_LOW_INCOME,150,3816.0,0,0.0
25,WFAgent5,FEMALE_OLD_LOW_INCOME,94,2401.0,0,0.0
26,WFAgent6,MALE_OLD_LOW_INCOME,70,1795.0,0,0.0
26,WFAgent7,MALE_LOW_INCOME,143,3631.0,0,0.0
26,SIAgent9,FEMALE_LOW_INCOME,172,4381.0,0,0.0
26,SIAgent7,YOUNG_HIGH_INCOME,30,773.0,0,0.0
26,SIAgent8,OLD_LOW_INCOME,165,4196.0,0,0.0
26,SIAgent5,FEMALE_OLD,110,2808.0,0,0.0
26,SIAgent6,MALE_OLD,102,2603.0,0,0.0
26,SIAgent3,MALE_YOUNG,92,2353.0,1,0.0
26,SIAgent4,MALE_OLD_LOW_INCOME,70,1795.0,0,0.0
26,SIAgent1,FEMALE_LOW_INCOME,172,4381.0,0,0.0
26,SIAgent2,FEMALE_HIGH_INCOME,26,663.0,0,0.0
26,SIAgent10,MALE_OLD_HIGH_INCOME,31,808.0,0,0.0
26,SIAgent0,MALE_OLD_HIGH_INCOME,31,808.0,0,0.0
26,WFAgent0,FEMALE_HIGH_INCOME,26,663.0,0,0.0
26,WFAgent1,FEMALE_OLD,110,2808.0,0,0.0
26,WFAgent2,FEMALE_YOUNG_HIGH_INCOME,10,256.0,0,0.0
26,WFAgent3,FEMALE_OLD,110,2808.0,0,0.0
26,WFAgent4,FEMALE_OLD,110,2808.0,0,0.0
26,WFAgent5,FEMALE_OLD_HIGH_INCOME,16,407.0,0,0.0
27,WFAgent6,YOUNG_LOW_INCOME,150,3816.0,0,0.0
27,WFAgent7,YOUNG_LOW_INCOME,150,3816.0,0,0.0
27,SIAgent9,FEMALE_HIGH_INCOME,26,663.0,0,0.0
27,SIAgent7,MALE_YOUNG_HIGH_INCOME,20,517.0,0,0.0
27,SIAgent8,MALE_LOW_INCOME,143,3631.0,0,0.0
27,SIAgent5,MALE_LOW_INCOME,143,3631.0,0,0.0
27,SIAgent6,MALE_YOUNG_LOW_INCOME,72,1836.0,0,0.0
27,SIAgent3,FEMALE_HIGH_INCOME,26,663.0,0,0.0
27,SIAgent4,FEMALE_OLD_HIGH_INCOME,16,407.0,0,0.0
27,SIAgent1,YOUNG_HIGH_INCOME,30,773.0,0,0.0
27,SIAgent2,YOUNG_HIGH_INCOME,30,773.0,0,0.0
27,SIAgent10,MALE_HIGH_INCOME,52,1325.0,0,0.0
27,SIAgent0,FEMALE_YOUNG_LOW_INCOME,78,1980.0,0,0.0
27,WFAgent0,FEMALE_OLD_HIGH_INCOME,16,407.0,0,0.0
27,WFAgent1,FEMALE_YOUNG_LOW_INCOME,78,1980.0,0,0.0
27,WFAgent2,FEMALE_OLD_LOW_INCOME,94,2401.0,1,0.0
27,WFAgent3,FEMALE_OLD_HIGH_INCOME,16,407.0,0,0.0
27,WFAgent4,MALE_YOUNG,92,2353.0,0,0.0
27,WFAgent5,MALE_OLD_HIGH_INCOME,31,808.0,0,0.0
28,WFAgent6,FEMALE_OLD,110,2808.0,0,0.0
28,WFAgent7,FEMALE_YOUNG_LOW_INCOME,78,1980.0,0,0.0
28,SIAgent9,MALE_YOUNG_LOW_INCOME,72,1836.0,0,0.0
28,SIAgent7,FEMALE_YOUNG,88,2236.0,0,0.0
28,SIAgent8,MALE_OLD,102,2603.0,0,0.0
28,SIAgent5,FEMALE_YOUNG_HIGH_INCOME,10,256.0,0,0.0
28,SIAgent6,MALE_LOW_INCOME,143,3631.0,0,0.0
28,SIAgent3,MALE_OLD,102,2603.0,0,0.0
28,SIAgent4,FEMALE_LOW_INCOME,172,4381.0,1,25.44
28,SIAgent1,MALE_YOUNG_LOW_INCOME,72,1836.0,0,0.0
28,SIAgent2,YOUNG_LOW_INCOME,150,3816.0,0,0.0
28,SIAgent10,MALE_YOUNG_LOW_INCOME,72,1836.0,0,0.0
28,SIAgent0,MALE_YOUNG_HIGH_INCOME,20,517.0,0,0.0
28,WFAgent0,MALE_OLD_LOW_INCOME,70,1795.0,0,0.0
28,WFAgent1,MALE_YOUNG_LOW_INCOME,72,1836.0,0,0.0
28,WFAgent2,FEMALE_YOUNG_HIGH_INCOME,10,256.0,0,0.0
28,WFAgent3,MALE_OLD_LOW_INCOME,70,1795.0,0,0.0
28,WFAgent4,FEMALE_OLD_LOW_INCOME,94,2401.0,0,0.0
28,WFAgent5,MALE_YOUNG_HIGH_INCOME,20,517.0,0,0.0
29,WFAgent6,MALE_LOW_INCOME,143,3631.0,0,0.0
29,WFAgent7,FEMALE_YOUNG_HIGH_INCOME,10,256.0,0,0.0
29,SIAgent9,FEMALE_LOW_INCOME,172,4381.0,1,25.47093023255814
29,SIAgent7,MALE_HIGH_INCOME,52,1325.0,0,0.0
29,SIAgent8,MALE_YOUNG,92,2353.0,0,0.0
29,SIAgent5,FEMALE_YOUNG_HIGH_INCOME,10,256.0,0,0.0
29,SIAgent6,OLD_HIGH_INCOME,47,1215.0,0,0.0
29,SIAgent3,MALE_YOUNG_HIGH_INCOME,20,517.0,0,0.0
29,SIAgent4,FEMALE_LOW_INCOME,172,4381.0,0,0.0
29,SIAgent1,MALE_OLD,102,2603.0,0,0.0
29,SIAgent2,FEMALE_LOW_INCOME,172,4381.0,0,0.0
29,SIAgent10,MALE_LOW_INCOME,143,3631.0,0,0.0
29,SIAgent0,YOUNG_HIGH_INCOME,30,773.0,0,0.0
29,WFAgent0,FEMALE_OLD_HIGH_INCOME,16,407.0,0,0.0
29,WFAgent1,MALE_YOUNG,92,2353.0,0,0.0
29,WFAgent2,FEMALE_LOW_INCOME,172,4381.0,0,0.0
29,WFAgent3,MALE_OLD,102,2603.0,0,0.0
29,WFAgent4,FEMALE_YOUNG_HIGH_INCOME,10,256.0,0,0.0
29,WFAgent5,OLD_LOW_INCOME,165,4196.0,0,0.0
30,WFAgent6,FEMALE_YOUNG_LOW_INCOME,78,1980.0,0,0.0
30,WFAgent7,OLD_LOW_INCOME,165,4196.0,0,0.0
30,SIAgent9,FEMALE_OLD,110,2808.0,0,0.0
30,SIAgent7,MALE_OLD_LOW_INCOME,70,1795.0,0,0.0
30,SIAgent8,FEMALE_OLD,110,2808.0,0,0.0
30,SIAgent5,FEMALE_YOUNG,88,2236.0,0,0.0
30,SIAgent6,MALE_YOUNG_HIGH_INCOME,20,517.0,0,0.0
30,SIAgent3,MALE_YOUNG_LOW_INCOME,72,1836.0,1,0.0
30,SIAgent4,MALE_OLD,102,2603.0,0,0.0
30,SIAgent1,MALE_YOUNG_HIGH_INCOME,20,517.0,0,0.0
30,SIAgent2,FEMALE_YOUNG,88,2236.0,0,0.0
30,SIAgent10,YOUNG_HIGH_INCOME,30,773.0,0,0.0
30,SIAgent0,MALE_YOUNG_HIGH_INCOME,20,517.0,0,0.0
30,WFAgent0,YOUNG_HIGH_INCOME,30,773.0,0,0.0
30,WFAgent1,FEMALE_YOUNG_HIGH_INCOME,10,256.0,0,0.0
30,WFAgent2,YOUNG_LOW_INCOME,150,3816.0,0,0.0
30,WFAgent3,YOUNG_HIGH_INCOME,30,773.0,0,0.0
30,WFAgent4,FEMALE_OLD,110,2808.0,0,0.0
30,WFAgent5,MALE_OLD,102,2603.0,0,0.0
31,WFAgent6,MALE_OLD_HIGH_INCOME,31,808.0,0,0.0
31,WFAgent7,MALE_YOUNG_HIGH_INCOME,20,517.0,0,0.0
31,SIAgent9,FEMALE_HIGH_INCOME,26,663.0,0,0.0
31,SIAgent7,MALE_HIGH_INCOME,52,1325.0,0,0.0
31,SIAgent8,FEMALE_HIGH_INCOME,26,663.0,0,0.0
31,SIAgent5,FEMALE_YOUNG_LOW_INCOME,78,1980.0,0,0.0
31,SIAgent6,FEMALE_YOUNG_LOW_INCOME,78,1980.0,0,0.0
31,SIAgent3,YOUNG_HIGH_INCOME,30,773.0,0,0.0
31,SIAgent4,MALE_OLD_HIGH_INCOME,31,808.0,0,0.0
31,SIAgent1,MALE_HIGH_INCOME,52,1325.0,0,0.0
31,SIAgent2,MALE_LOW_INCOME,143,3631.0,0,0.0
31,SIAgent10,MALE_OLD_LOW_INCOME,70,1795.0,0,0.0
31,SIAgent0,OLD_HIGH_INCOME,47,1215.0,0,0.0
31,WFAgent0,MALE_YOUNG,92,2353.0,0,0.0
31,WFAgent1,MALE_YOUNG_LOW_INCOME,72,1836.0,0,0.0
31,WFAgent2,MALE_OLD,102,2603.0,0,0.0
31,WFAgent3,YOUNG_HIGH_INCOME,30,773.0,0,0.0
31,WFAgent4,MALE_OLD_LOW_INCOME,70,1795.0,0,0.0
31,WFAgent5,MALE_HIGH_INCOME,52,1325.0,0,0.0
32,WFAgent6,MALE_YOUNG_LOW_INCOME,72,1836.0,0,0.0
32,WFAgent7,MALE_OLD_LOW_INCOME,70,1795.0,0,0.0
32,SIAgent9,MALE_YOUNG_HIGH_INCOME,20,517.0,0,0.0
32,SIAgent7,FEMALE_OLD_LOW_INCOME,94,2401.0,0,0.0
32,SIAgent8,MALE_OLD_LOW_INCOME,70,1795.0,0,0.0
32,SIAgent5,MALE_LOW_INCOME,143,3631.0,0,0.0
32,SIAgent6,FEMALE_OLD,110,2808.0,0,0.0
32,SIAgent3,FEMALE_YOUNG_HIGH_INCOME,10,256.0,0,0.0
32,SIAgent4,YOUNG_LOW_INCOME,150,3816.0,0,0.0
32,SIAgent1,MALE_OLD_HIGH_INCOME,31,808.0,0,0.0
32,SIAgent2,FEMALE_LOW_INCOME,172,4381.0,1,25.44
32,SIAgent10,OLD_LOW_INCOME,165,4196.0,0,0.0
32,SIAgent0,MALE_OLD_LOW_INCOME,70,1795.0,0,0.0
32,WFAgent0,MALE_LOW_INCOME,143,3631.0,0,0.0
32,WFAgent1,MALE_OLD_HIGH_INCOME,31,808.0,0,0.0
32,WFAgent2,MALE_OLD_LOW_INCOME,70,1795.0,0,0.0
32,WFAgent3,MALE_OLD_LOW_INCOME,70,1795.0,0,0.0
32,WFAgent4,FEMALE_OLD_HIGH_INCOME,16,407.0,0,0.0
32,WFAgent5,OLD_HIGH_INCOME,47,1215.0,0,0.0
33,WFAgent6,MALE_OLD_HIGH_INCOME,31,808.0,0,0.0
33,WFAgent7,FEMALE_LOW_INCOME,172,4381.0,0,0.0
33,SIAgent9,MALE_YOUNG_LOW_INCOME,72,1836.0,0,0.0
33,SIAgent7,FEMALE_YOUNG,88,2236.0,0,0.0
33,SIAgent8,MALE_OLD,102,2603.0,0,0.0
33,SIAgent5,YOUNG_HIGH_INCOME,30,773.0,0,0.0
33,SIAgent6,FEMALE_YOUNG,88,2236.0,0,0.0
33,SIAgent3,MALE_YOUNG,92,2353.0,0,0.0
33,SIAgent4,FEMALE_LOW_INCOME,172,4381.0,1,25.43030303030303
33,SIAgent1,FEMALE_OLD_HIGH_INCOME,16,407.0,0,0.0
33,SIAgent2,FEMALE_YOUNG,88,2236.0,0,0.0
33,SIAgent10,OLD_HIGH_INCOME,47,1215.0,0,0.0
33,SIAgent0,OLD_LOW_INCOME,165,4196.0,0,0.0
33,WFAgent0,YOUNG_LOW_INCOME,150,3816.0,0,0.0
33,WFAgent1,FEMALE_OLD,110,2808.0,0,0.0
33,WFAgent2,MALE_OLD_HIGH_INCOME,31,808.0,0,0.0
33,WFAgent3,OLD_LOW_INCOME,165,4196.0,0,0.0
33,WFAgent4,FEMALE_YOUNG_HIGH_INCOME,10,256.0,0,0.0
33,WFAgent5,FEMALE_YOUNG_HIGH_INCOME,10,256.0,0,0.0
34,WFAgent6,FEMALE_HIGH_INCOME,26,663.0,0,0.0
34,WFAgent7,MALE_HIGH_INCOME,52,1325.0,0,0.0
34,SIAgent9,MALE_LOW_INCOME,143,3631.0,0,0.0
34,SIAgent7,OLD_HIGH_INCOME,47,1215.0,0,0.0
34,SIAgent8,FEMALE_LOW_INCOME,172,4381.0,0,0.0
34,SIAgent5,FEMALE_OLD_HIGH_INCOME,16,407.0,0,0.0
34,SIAgent6,OLD_HIGH_INCOME,47,1215.0,0,0.0
34,SIAgent3,FEMALE_YOUNG_LOW_INCOME,78,1980.0,0,0.0
34,SIAgent4,OLD_HIGH_INCOME,47,1215.0,0,0.0
34,SIAgent1,YOUNG_LOW_INCOME,150,3816.0,0,0.0
34,SIAgent2,MALE_YOUNG,92,2353.0,0,0.0
34,SIAgent10,MALE_OLD,102,2603.0,0,0.0
34,SIAgent0,FEMALE_OLD_HIGH_INCOME,16,407.0,0,0.0
34,WFAgent0,MALE_OLD,102,2603.0,0,0.0
34,WFAgent1,MALE_OLD_LOW_INCOME,70,1795.0,1,25.519607843137255
34,WFAgent2,MALE_YOUNG,92,2353.0,0,0.0
34,WFAgent3,MALE_YOUNG_LOW_INCOME,72,1836.0,0,0.0
34,WFAgent4,YOUNG_HIGH_INCOME,30,773.0,0,0.0
34,WFAgent5,MALE_YOUNG_LOW_INCOME,72,1836.0,0,0.0
35,WFAgent6,MALE_OLD_HIGH_INCOME,31,808.0,0,0.0
35,WFAgent7,FEMALE_YOUNG_LOW_INCOME,78,1980.0,0,0.0
35,SIAgent9,FEMALE_YOUNG_LOW_INCOME,78,1980.0,0,0.0
35,SIAgent7,YOUNG_HIGH_INCOME,30,773.0,0,0.0
35,SIAgent8,YOUNG_HIGH_INCOME,30,773.0,0,0.0
35,SIAgent5,MALE_LOW_INCOME,143,3631.0,0,0.0
35,SIAgent6,MALE_OLD_HIGH_INCOME,31,808.0,0,0.0
35,SIAgent3,MALE_YOUNG_HIGH_INCOME,20,517.0,0,0.0
35,SIAgent4,MALE_YOUNG_LOW_INCOME,72,1836.0,0,0.0
35,SIAgent1,FEMALE_YOUNG,88,2236.0,0,0.0
35,SIAgent2,MALE_OLD,102,2603.0,0,0.0
35,SIAgent10,FEMALE_YOUNG,88,2236.0,0,0.0
35,SIAgent0,FEMALE_YOUNG_LOW_INCOME,78,1980.0,0,0.0
35,WFAgent0,OLD_LOW_INCOME,165,4196.0,0,0.0
35,WFAgent1,MALE_OLD,102,2603.0,0,0.0
35,WFAgent2,MALE_YOUNG,92,2353.0,0,0.0
35,WFAgent3,MALE_YOUNG_LOW_INCOME,72,1836.0,0,0.0
35,WFAgent4,FEMALE_YOUNG_LOW_INCOME,78,1980.0,0,0.0
35,WFAgent5,YOUNG_LOW_INCOME,150,3816.0,0,0.0
36,WFAgent6,FEMALE_OLD,110,2808.0,0,0.0
36,WFAgent7,FEMALE_OLD_LOW_INCOME,94,2401.0,0,0.0
36,SIAgent9,MALE_OLD,102,2603.0,0,0.0
36,SIAgent7,FEMALE_OLD,110,2808.0,0,0.0
36,SIAgent8,FEMALE_YOUNG_LOW_INCOME,78,1980.0,0,0.0
36,SIAgent5,FEMALE_YOUNG,88,2236.0,0,0.0
36,SIAgent6,MALE_HIGH_INCOME,52,1325.0,0,0.0
36,SIAgent3,MALE_OLD,102,2603.0,0,0.0
36,SIAgent4,MALE_YOUNG_HIGH_INCOME,20,517.0,0,0.0
36,SIAgent1,FEMALE_YOUNG_HIGH_INCOME,10,256.0,0,0.0
36,SIAgent2,YOUNG_LOW_INCOME,150,3816.0,0,0.0
36,SIAgent10,MALE_YOUNG,92,2353.0,0,0.0
36,SIAgent0,MALE_HIGH_INCOME,52,1325.0,0,0.0
36,WFAgent0,FEMALE_OLD_LOW_INCOME,94,2401.0,1,25.54255319148936
36,WFAgent1,FEMALE_YOUNG_LOW_INCOME,78,1980.0,0,0.0
36,WFAgent2,FEMALE_OLD_LOW_INCOME,94,2401.0,0,0.0
36,WFAgent3,OLD_HIGH_INCOME,47,1215.0,0,0.0
36,WFAgent4,YOUNG_LOW_INCOME,150,3816.0,0,0.0
36,WFAgent5,YOUNG_LOW_INCOME,150,3816.0,0,0.0
37,WFAgent6,FEMALE_OLD_LOW_INCOME,94,2401.0,0,0.0
37,WFAgent7,FEMALE_LOW_INCOME,172,4381.0,1,25.384615384615383
37,SIAgent9,FEMALE_HIGH_INCOME,26,663.0,0,0.0
37,SIAgent7,FEMALE_OLD_HIGH_INCOME,16,407.0,0,0.0
37,SIAgent8,OLD_LOW_INCOME,165,4196.0,0,0.0
37,SIAgent5,FEMALE_HIGH_INCOME,26,663.0,0,0.0
37,SIAgent6,OLD_LOW_INCOME,165,4196.0,0,0.0
37,SIAgent3,FEMALE_YOUNG_LOW_INCOME,78,1980.0,0,0.0
37,SIAgent4,MALE_HIGH_INCOME,52,1325.0,0,0.0
37,SIAgent1,MALE_OLD_HIGH_INCOME,31,808.0,0,0.0
37,SIAgent2,FEMALE_OLD_LOW_INCOME,94,2401.0,0,0.0
37,SIAgent10,MALE_HIGH_INCOME,52,1325.0,0,0.0
37,SIAgent0,MALE_HIGH_INCOME,52,1325.0,0,0.0
37,WFAgent0,MALE_YOUNG_HIGH_INCOME,20,517.0,0,0.0
37,WFAgent1,FEMALE_OLD,110,2808.0,0,0.0
37,WFAgent2,MALE_OLD,102,2603.0,0,0.0
37,WFAgent3,MALE_HIGH_INCOME,52,1325.0,0,0.0
37,WFAgent4,OLD_HIGH_INCOME,47,1215.0,0,0.0
37,WFAgent5,MALE_LOW_INCOME,143,3631.0,0,0.0
38,WFAgent6,MALE_YOUNG_HIGH_INCOME,20,517.0,0,0.0
38,WFAgent7,MALE_HIGH_INCOME,52,1325.0,0,0.0
38,SIAgent9,FEMALE_OLD_LOW_INCOME,94,2401.0,0,0.0
38,SIAgent7,FEMALE_YOUNG_LOW_INCOME,78,1980.0,0,0.0
38,SIAgent8,OLD_LOW_INCOME,165,4196.0,0,0.0
38,SIAgent5,FEMALE_OLD_HIGH_INCOME,16,407.0,0,0.0
38,SIAgent6,FEMALE_HIGH_INCOME,26,663.0,0,0.0
38,SIAgent3,MALE_YOUNG_HIGH_INCOME,20,517.0,0,0.0
38,SIAgent4,MALE_YOUNG,92,2353.0,0,0.0
38,SIAgent1,FEMALE_YOUNG,88,2236.0,0,0.0
38,SIAgent2,FEMALE_HIGH_INCOME,26,663.0,0,0.0
38,SIAgent10,FEMALE_YOUNG_HIGH_INCOME,10,256.0,0,0.0
38,SIAgent0,FEMALE_OLD_LOW_INCOME,94,2401.0,1,25.54255319148936
38,WFAgent0,FEMALE_OLD_LOW_INCOME,94,2401.0,0,0.0
38,WFAgent1,FEMALE_LOW_INCOME,172,4381.0,0,0.0
38,WFAgent2,YOUNG_HIGH_INCOME,30,773.0,0,0.0
38,WFAgent3,OLD_LOW_INCOME,165,4196.0,0,0.0
38,WFAgent4,FEMALE_YOUNG_LOW_INCOME,78,1980.0,0,0.0
38,WFAgent5,MALE_OLD_HIGH_INCOME,31,808.0,0,0.0
39,WFAgent6,FEMALE_YOUNG_HIGH_INCOME,10,256.0,0,0.0
39,WFAgent7,FEMALE_OLD,110,2808.0,0,0.0
39,SIAgent9,FEMALE_YOUNG,88,2236.0,0,0.0
39,SIAgent7,MALE_LOW_INCOME,143,3631.0,0,0.0
39,SIAgent8,MALE_OLD,102,2603.0,0,0.0
39,SIAgent5,MALE_YOUNG,92,2353.0,0,0.0
39,SIAgent6,MALE_OLD_HIGH_INCOME,31,808.0,0,0.0
39,SIAgent3,FEMALE_OLD_LOW_INCOME,94,2401.0,1,25.43030303030303
39,SIAgent4,YOUNG_LOW_INCOME,150,3816.0,0,0.0
39,SIAgent1,MALE_YOUNG_HIGH_INCOME,20,517.0,0,0.0
39,SIAgent2,OLD_LOW_INCOME,165,4196.0,0,0.0
39,SIAgent10,FEMALE_YOUNG,88,2236.0,0,0.0
39,SIAgent0,FEMALE_OLD_HIGH_INCOME,16,407.0,0,0.0
39,WFAgent0,MALE_OLD_LOW_INCOME,70,1795.0,0,0.0
39,WFAgent1,MALE_YOUNG_LOW_INCOME,72,1836.0,0,0.0
39,WFAgent2,OLD_LOW_INCOME,165,4196.0,0,0.0
39,WFAgent3,FEMALE_YOUNG_HIGH_INCOME,10,256.0,0,0.0
39,WFAgent4,MALE_YOUNG_LOW_INCOME,72,1836.0,0,0.0
39,WFAgent5,FEMALE_HIGH_INCOME,26,663.0,0,0.0
40,WFAgent6,MALE_HIGH_INCOME,52,1325.0,0,0.0
40,WFAgent7,FEMALE_OLD_HIGH_INCOME,16,407.0,0,0.0
40,SIAgent9,MALE_OLD_HIGH_INCOME,31,808.0,1,0.0
40,SIAgent7,FEMALE_YOUNG_LOW_INCOME,78,1980.0,0,0.0
40,SIAgent8,FEMALE_YOUNG,88,2236.0,0,0.0
40,SIAgent5,MALE_YOUNG_LOW_INCOME,72,1836.0,0,0.0
40,SIAgent6,FEMALE_OLD_HIGH_INCOME,16,407.0,0,0.0
40,SIAgent3,MALE_YOUNG_HIGH_INCOME,20,517.0,0,0.0
40,SIAgent4,MALE_YOUNG_HIGH_INCOME,20,517.0,0,0.0
40,SIAgent1,FEMALE_YOUNG_LOW_INCOME,78,1980.0,0,0.0
40,SIAgent2,FEMALE_YOUNG_HIGH_INCOME,10,256.0,0,0.0
40,SIAgent10,MALE_YOUNG_HIGH_INCOME,20,517.0,0,0.0
40,SIAgent0,FEMALE_YOUNG,88,2236.0,0,0.0
40,WFAgent0,FEMALE_LOW_INCOME,172,4381.0,0,0.0
40,WFAgent1,FEMALE_YOUNG_HIGH_INCOME,10,256.0,0,0.0
40,WFAgent2,MALE_YOUNG_HIGH_INCOME,20,517.0,0,0.0
40,WFAgent3,YOUNG_LOW_INCOME,150,3816.0,0,0.0
40,WFAgent4,FEMALE_YOUNG,88,2236.0,0,0.0
40,WFAgent5,FEMALE_YOUNG_HIGH_INCOME,10,256.0,0,0.0
41,WFAgent6,FEMALE_YOUNG_HIGH_INCOME,10,256.0,0,0.0
41,WFAgent7,FEMALE_YOUNG,88,2236.0,0,0.0
41,SIAgent9,FEMALE_YOUNG,88,2236.0,0,0.0
41,SIAgent7,FEMALE_YOUNG_LOW_INCOME,78,1980.0,0,0.0
41,SIAgent8,OLD_HIGH_INCOME,47,1215.0,0,0.0
41,SIAgent5,MALE_YOUNG_LOW_INCOME,72,1836.0,1,25.5
41,SIAgent6,MALE_OLD_LOW_INCOME,70,1795.0,0,0.0
41,SIAgent3,FEMALE_OLD_HIGH_INCOME,16,407.0,0,0.0
41,SIAgent4,YOUNG_LOW_INCOME,150,3816.0,0,0.0
41,SIAgent1,OLD_HIGH_INCOME,47,1215.0,0,0.0
41,SIAgent2,FEMALE_YOUNG_LOW_INCOME,78,1980.0,0,0.0
41,SIAgent10,FEMALE_OLD,110,2808.0,0,0.0
41,SIAgent0,OLD_LOW_INCOME,165,4196.0,0,0.0
41,WFAgent0,MALE_YOUNG,92,2353.0,0,0.0
41,WFAgent1,MALE_YOUNG_LOW_INCOME,72,1836.0,0,0.0
41,WFAgent2,FEMALE_OLD_HIGH_INCOME,16,407.0,0,0.0
41,WFAgent3,FEMALE_YOUNG_HIGH_INCOME,10,256.0,0,0.0
41,WFAgent4,OLD_LOW_INCOME,165,4196.0,0,0.0
41,WFAgent5,YOUNG_HIGH_INCOME,30,773.0,0,0.0
42,WFAgent6,FEMALE_YOUNG_HIGH_INCOME,10,256.0,0,0.0
42,WFAgent7,FEMALE_OLD,110,2808.0,1,0.0
42,SIAgent9,MALE_OLD_HIGH_INCOME,31,808.0,0,0.0
42,SIAgent7,MALE_OLD_HIGH_INCOME,31,808.0,0,0.0
42,SIAgent8,MALE_YOUNG_HIGH_INCOME,20,517.0,0,0.0
42,SIAgent5,MALE_YOUNG,92,2353.0,0,0.0
42,SIAgent6,MALE_LOW_INCOME,143,3631.0,0,0.0
42,SIAgent3,MALE_YOUNG,92,2353.0,0,0.0
42,SIAgent4,MALE_LOW_INCOME,143,3631.0,0,0.0
42,SIAgent1,OLD_HIGH_INCOME,47,1215.0,0,0.0
42,SIAgent2,MALE_YOUNG_LOW_INCOME,72,1836.0,0,0.0
42,SIAgent10,FEMALE_YOUNG_LOW_INCOME,78,1980.0,0,0.0
42,SIAgent0,MALE_YOUNG_HIGH_INCOME,20,517.0,0,0.0
42,WFAgent0,FEMALE_LOW_INCOME,172,4381.0,0,0.0
42,WFAgent1,FEMALE_HIGH_INCOME,26,663.0,0,0.0
42,WFAgent2,OLD_LOW_INCOME,165,4196.0,0,0.0
42,WFAgent3,MALE_OLD,102,2603.0,0,0.0
42,WFAgent4,MALE_LOW_INCOME,143,3631.0,0,0.0
42,WFAgent5,MALE_YOUNG,92,2353.0,0,0.0
43,WFAgent6,FEMALE_OLD_LOW_INCOME,94,2401.0,0,0.0
43,WFAgent7,MALE_OLD_HIGH_INCOME,31,808.0,0,0.0
43,SIAgent9,MALE_OLD_LOW_INCOME,70,1795.0,1,25.43030303030303
43,SIAgent7,FEMALE_YOUNG_HIGH_INCOME,10,256.0,0,0.0
43,SIAgent8,FEMALE_YOUNG,88,2236.0,0,0.0
43,SIAgent5,MALE_OLD_HIGH_INCOME,31,808.0,0,0.0
43,SIAgent6,FEMALE_OLD,110,2808.0,0,0.0
43,SIAgent3,MALE_YOUNG,92,2353.0,0,0.0
43,SIAgent4,FEMALE_YOUNG_HIGH_INCOME,10,256.0,0,0.0
43,SIAgent1,MALE_LOW_INCOME,143,3631.0,0,0.0
43,SIAgent2,OLD_LOW_INCOME,165,4196.0,0,0.0
43,SIAgent10,OLD_LOW_INCOME,165,4196.0,0,0.0
43,SIAgent0,OLD_LOW_INCOME,165,4196.0,0,0.0
43,WFAgent0,FEMALE_OLD_LOW_INCOME,94,2401.0,0,0.0
43,WFAgent1,OLD_LOW_INCOME,165,4196.0,0,0.0
43,WFAgent2,FEMALE_YOUNG_HIGH_INCOME,10,256.0,0,0.0
43,WFAgent3,MALE_OLD_HIGH_INCOME,31,808.0,0,0.0
43,WFAgent4,MALE_OLD_HIGH_INCOME,31,808.0,0,0.0
43,WFAgent5,YOUNG_LOW_INCOME,150,3816.0,0,0.0
44,WFAgent6,FEMALE_OLD_LOW_INCOME,94,2401.0,0,0.0
44,WFAgent7,MALE_YOUNG_LOW_INCOME,72,1836.0,1,0.0
44,SIAgent9,FEMALE_OLD_HIGH_INCOME,16,407.0,0,0.0
44,SIAgent7,MALE_YOUNG_HIGH_INCOME,20,517.0,0,0.0
44,SIAgent8,FEMALE_OLD,110,2808.0,0,0.0
44,SIAgent5,FEMALE_OLD_HIGH_INCOME,16,407.0,0,0.0
44,SIAgent6,MALE_OLD_HIGH_INCOME,31,808.0,0,0.0
44,SIAgent3,FEMALE_YOUNG,88,2236.0,0,0.0
44,SIAgent4,OLD_LOW_INCOME,165,4196.0,0,0.0
44,SIAgent1,OLD_HIGH_INCOME,47,1215.0,0,0.0
44,SIAgent2,YOUNG_HIGH_INCOME,30,773.0,0,0.0
44,SIAgent10,OLD_HIGH_INCOME,47,1215.0,0,0.0
44,SIAgent0,MALE_OLD,102,2603.0,0,0.0
44,WFAgent0,MALE_HIGH_INCOME,52,1325.0,0,0.0
44,WFAgent1,FEMALE_HIGH_INCOME,26,663.0,0,0.0
44,WFAgent2,FEMALE_LOW_INCOME,172,4381.0,0,0.0
44,WFAgent3,FEMALE_YOUNG,88,2236.0,0,0.0
44,WFAgent4,FEMALE_OLD_LOW_INCOME,94,2401.0,0,0.0
44,WFAgent5,FEMALE_YOUNG_HIGH_INCOME,10,256.0,0,0.0
45,WFAgent6,MALE_OLD_LOW_INCOME,70,1795.0,0,0.0
45,WFAgent7,FEMALE_OLD_HIGH_INCOME,16,407.0,0,0.0
45,SIAgent9,FEMALE_OLD,110,2808.0,0,0.0
45,SIAgent7,FEMALE_OLD,110,2808.0,0,0.0
45,SIAgent8,MALE_OLD_LOW_INCOME,70,1795.0,0,0.0
45,SIAgent5,MALE_LOW_INCOME,143,3631.0,0,0.0
45,SIAgent6,OLD_LOW_INCOME,165,4196.0,0,0.0
45,SIAgent3,MALE_OLD_LOW_INCOME,70,1795.0,0,0.0
45,SIAgent4,FEMALE_YOUNG_HIGH_INCOME,10,256.0,0,0.0
45,SIAgent1,MALE_OLD,102,2603.0,0,0.0
45,SIAgent2,MALE_OLD_HIGH_INCOME,31,808.0,0,0.0
45,SIAgent10,FEMALE_YOUNG_LOW_INCOME,78,1980.0,0,0.0
45,SIAgent0,YOUNG_HIGH_INCOME,30,773.0,0,0.0
45,WFAgent0,MALE_YOUNG_HIGH_INCOME,20,517.0,1,25.766666666666666
45,WFAgent1,FEMALE_OLD_HIGH_INCOME,16,407.0,0,0.0
45,WFAgent2,FEMALE_OLD,110,2808.0,0,0.0
45,WFAgent3,FEMALE_OLD_HIGH_INCOME,16,407.0,0,0.0
45,WFAgent4,FEMALE_OLD_HIGH_INCOME,16,407.0,0,0.0
45,WFAgent5,MALE_YOUNG,92,2353.0,0,0.0
46,WFAgent6,FEMALE_OLD_HIGH_INCOME,16,407.0,0,0.0
46,WFAgent7,FEMALE_YOUNG_HIGH_INCOME,10,256.0,0,0.0
46,SIAgent9,MALE_YOUNG,92,2353.0,0,0.0
46,SIAgent7,FEMALE_YOUNG,88,2236.0,0,0.0
46,SIAgent8,FEMALE_OLD_HIGH_INCOME,16,407.0,0,0.0
46,SIAgent5,YOUNG_LOW_INCOME,150,3816.0,0,0.0
46,SIAgent6,MALE_YOUNG_LOW_INCOME,72,1836.0,0,0.0
46,SIAgent3,OLD_HIGH_INCOME,47,1215.0,1,25.519607843137255
46,SIAgent4,MALE_LOW_INCOME,143,3631.0,0,0.0
46,SIAgent1,MALE_YOUNG_LOW_INCOME,72,1836.0,0,0.0
46,SIAgent2,FEMALE_HIGH_INCOME,26,663.0,0,0.0
46,SIAgent10,FEMALE_YOUNG,88,2236.0,0,0.0
46,SIAgent0,MALE_OLD,102,2603.0,0,0.0
46,WFAgent0,FEMALE_HIGH_INCOME,26,663.0,0,0.0
46,WFAgent1,FEMALE_HIGH_INCOME,26,663.0,0,0.0
46,WFAgent2,MALE_OLD_LOW_INCOME,70,1795.0,0,0.0
46,WFAgent3,MALE_OLD_LOW_INCOME,70,1795.0,0,0.0
46,WFAgent4,FEMALE_YOUNG,88,2236.0,0,0.0
46,WFAgent5,MALE_YOUNG_LOW_INCOME,72,1836.0,0,0.0
47,WFAgent6,OLD_HIGH_INCOME,47,1215.0,0,0.0
47,WFAgent7,MALE_OLD_HIGH_INCOME,31,808.0,0,0.0
47,SIAgent9,MALE_YOUNG,92,2353.0,0,0.0
47,SIAgent7,MALE_OLD_HIGH_INCOME,31,808.0,0,0.0
47,SIAgent8,MALE_YOUNG_LOW_INCOME,72,1836.0,0,0.0
47,SIAgent5,YOUNG_LOW_INCOME,150,3816.0,0,0.0
47,SIAgent6,MALE_YOUNG,92,2353.0,0,0.0
47,SIAgent3,FEMALE_YOUNG,88,2236.0,0,0.0
47,SIAgent4,FEMALE_YOUNG_HIGH_INCOME,10,256.0,0,0.0
47,SIAgent1,OLD_HIGH_INCOME,47,1215.0,0,0.0
47,SIAgent2,OLD_HIGH_INCOME,47,1215.0,0,0.0
47,SIAgent10,FEMALE_LOW_INCOME,172,4381.0,0,0.0
47,SIAgent0,FEMALE_OLD_HIGH_INCOME,16,407.0,0,0.0
47,WFAgent0,FEMALE_YOUNG_LOW_INCOME,78,1980.0,0,0.0
47,WFAgent1,MALE_OLD_HIGH_INCOME,31,808.0,0,0.0
47,WFAgent2,FEMALE_OLD_LOW_INCOME,94,2401.0,1,25.47093023255814
47,WFAgent3,MALE_OLD_HIGH_INCOME,31,808.0,0,0.0
47,WFAgent4,MALE_LOW_INCOME,143,3631.0,0,0.0
47,WFAgent5,MALE_OLD_HIGH_INCOME,31,808.0,0,0.0
48,WFAgent6,MALE_LOW_INCOME,143,3631.0,0,0.0
48,WFAgent7,MALE_OLD,102,2603.0,0,0.0
48,SIAgent9,YOUNG_LOW_INCOME,150,3816.0,0,0.0
48,SIAgent7,OLD_HIGH_INCOME,47,1215.0,0,0.0
48,SIAgent8,FEMALE_YOUNG_HIGH_INCOME,10,256.0,0,0.0
48,SIAgent5,MALE_OLD,102,2603.0,0,0.0
48,SIAgent6,FEMALE_LOW_INCOME,172,4381.0,0,0.0
48,SIAgent3,FEMALE_OLD,110,2808.0,1,25.47093023255814
48,SIAgent4,MALE_LOW_INCOME,143,3631.0,0,0.0
48,SIAgent1,MALE_OLD_HIGH_INCOME,31,808.0,0,0.0
48,SIAgent2,MALE_OLD_LOW_INCOME,70,1795.0,0,0.0
48,SIAgent10,YOUNG_LOW_INCOME,150,3816.0,0,0.0
48,SIAgent0,OLD_HIGH_INCOME,47,1215.0,0,0.0
48,WFAgent0,MALE_OLD_HIGH_INCOME,31,808.0,0,0.0
48,WFAgent1,MALE_YOUNG_HIGH_INCOME,20,517.0,0,0.0
48,WFAgent2,MALE_YOUNG,92,2353.0,0,0.0
48,WFAgent3,FEMALE_OLD_HIGH_INCOME,16,407.0,0,0.0
48,WFAgent4,MALE_HIGH_INCOME,52,1325.0,0,0.0
48,WFAgent5,MALE_LOW_INCOME,143,3631.0,0,0.0
49,WFAgent6,FEMALE_OLD,110,2808.0,0,0.0
49,WFAgent7,MALE_OLD_LOW_INCOME,70,1795.0,0,0.0
49,SIAgent9,MALE_OLD,102,2603.0,0,0.0
49,SIAgent7,FEMALE_YOUNG,88,2236.0,0,0.0
49,SIAgent8,MALE_OLD_LOW_INCOME,70,1795.0,0,0.0
49,SIAgent5,FEMALE_OLD_HIGH_INCOME,16,407.0,0,0.0
49,SIAgent6,YOUNG_HIGH_INCOME,30,773.0,0,0.0
49,SIAgent3,FEMALE_OLD_HIGH_INCOME,16,407.0,0,0.0
49,SIAgent4,YOUNG_LOW_INCOME,150,3816.0,0,0.0
49,SIAgent1,FEMALE_YOUNG_HIGH_INCOME,10,256.0,0,0.0
49,SIAgent2,YOUNG_HIGH_INCOME,30,773.0,0,0.0
49,SIAgent10,MALE_YOUNG_LOW_INCOME,72,1836.0,0,0.0
49,SIAgent0,MALE_OLD_HIGH_INCOME,31,808.0,0,0.0
49,WFAgent0,MALE_LOW_INCOME,143,3631.0,0,0.0
49,WFAgent1,MALE_YOUNG,92,2353.0,0,0.0
49,WFAgent2,FEMALE_LOW_INCOME,172,4381.0,1,0.0
49,WFAgent3,OLD_HIGH_INCOME,47,1215.0,0,0.0
49,WFAgent4,MALE_LOW_INCOME,143,3631.0,0,0.0
49,WFAgent5,YOUNG_LOW_INCOME,150,3816.0,0,0.0
50,WFAgent6,FEMALE_OLD,110,2808.0,0,0.0
50,WFAgent7,MALE_YOUNG_LOW_INCOME,72,1836.0,1,25.44
50,SIAgent9,FEMALE_OLD_HIGH_INCOME,16,407.0,0,0.0
50,SIAgent7,YOUNG_LOW_INCOME,150,3816.0,0,0.0
50,SIAgent8,OLD_HIGH_INCOME,47,1215.0,0,0.0
50,SIAgent5,MALE_OLD_HIGH_INCOME,31,808.0,0,0.0
50,SIAgent6,FEMALE_YOUNG,88,2236.0,0,0.0
50,SIAgent3,FEMALE_HIGH_INCOME,26,663.0,0,0.0
50,SIAgent4,FEMALE_LOW_INCOME,172,4381.0,0,0.0
50,SIAgent1,YOUNG_LOW_INCOME,150,3816.0,0,0.0
50,SIAgent2,MALE_OLD,102,2603.0,0,0.0
50,SIAgent10,MALE_YOUNG_HIGH_INCOME,20,517.0,0,0.0
50,SIAgent0,MALE_OLD_HIGH_INCOME,31,808.0,0,0.0
50,WFAgent0,FEMALE_LOW_INCOME,172,4381.0,0,0.0
50,WFAgent1,FEMALE_YOUNG,88,2236.0,0,0.0
50,WFAgent2,MALE_OLD_HIGH_INCOME,31,808.0,0,0.0
50,WFAgent3,MALE_HIGH_INCOME,52,1325.0,0,0.0
50,WFAgent4,FEMALE_OLD,110,2808.0,0,0.0
50,WFAgent5,MALE_LOW_INCOME,143,3631.0,0,0.0
51,WFAgent6,MALE_YOUNG,92,2353.0,0,0.0
51,WFAgent7,FEMALE_LOW_INCOME,172,4381.0,1,0.0
51,SIAgent9,FEMALE_HIGH_INCOME,26,663.0,0,0.0
51,SIAgent7,MALE_HIGH_INCOME,52,1325.0,0,0.0
51,SIAgent8,MALE_YOUNG_LOW_INCOME,72,1836.0,0,0.0
51,SIAgent5,FEMALE_YOUNG_HIGH_INCOME,10,256.0,0,0.0
51,SIAgent6,FEMALE_HIGH_INCOME,26,663.0,0,0.0
51,SIAgent3,MALE_YOUNG_HIGH_INCOME,20,517.0,0,0.0
51,SIAgent4,MALE_YOUNG_LOW_INCOME,72,1836.0,0,0.0
51,SIAgent1,FEMALE_OLD,110,2808.0,0,0.0
51,SIAgent2,FEMALE_HIGH_INCOME,26,663.0,0,0.0
51,SIAgent10,FEMALE_OLD_LOW_INCOME,94,2401.0,0,0.0
51,SIAgent0,MALE_HIGH_INCOME,52,1325.0,0,0.0
51,WFAgent0,OLD_HIGH_INCOME,47,1215.0,0,0.0
51,WFAgent1,MALE_YOUNG_LOW_INCOME,72,1836.0,0,0.0
51,WFAgent2,MALE_OLD,102,2603.0,0,0.0
51,WFAgent3,FEMALE_HIGH_INCOME,26,663.0,0,0.0
51,WFAgent4,MALE_YOUNG,92,2353.0,0,0.0
51,WFAgent5,MALE_OLD_LOW_INCOME,70,1795.0,0,0.0
52,WFAgent6,FEMALE_YOUNG,88,2236.0,0,0.0
52,WFAgent7,MALE_OLD,102,2603.0,0,0.0
52,SIAgent9,MALE_LOW_INCOME,143,3631.0,0,0.0
52,SIAgent7,OLD_HIGH_INCOME,47,1215.0,0,0.0
52,SIAgent8,FEMALE_OLD,110,2808.0,0,0.0
52,SIAgent5,MALE_OLD_LOW_INCOME,70,1795.0,0,0.0
52,SIAgent6,MALE_OLD,102,2603.0,0,0.0
52,SIAgent3,FEMALE_HIGH_INCOME,26,663.0,0,0.0
52,SIAgent4,FEMALE_OLD,110,2808.0,0,0.0
52,SIAgent1,OLD_LOW_INCOME,165,4196.0,0,0.0
52,SIAgent2,MALE_YOUNG_LOW_INCOME,72,1836.0,1,25.39160839160839
52,SIAgent10,FEMALE_OLD,110,2808.0,0,0.0
52,SIAgent0,MALE_HIGH_INCOME,52,1325.0,0,0.0
52,WFAgent0,FEMALE_HIGH_INCOME,26,663.0,0,0.0
52,WFAgent1,FEMALE_HIGH_INCOME,26,663.0,0,0.0
52,WFAgent2,FEMALE_YOUNG_LOW_INCOME,78,1980.0,0,0.0
52,WFAgent3,MALE_HIGH_INCOME,52,1325.0,0,0.0
52,WFAgent4,FEMALE_YOUNG_LOW_INCOME,78,1980.0,0,0.0
52,WFAgent5,FEMALE_YOUNG,88,2236.0,0,0.0
53,WFAgent6,FEMALE_OLD,110,2808.0,0,0.0
53,WFAgent7,FEMALE_YOUNG,88,2236.0,0,0.0
53,SIAgent9,OLD_HIGH_INCOME,47,1215.0,0,0.0
53,SIAgent7,FEMALE_HIGH_INCOME,26,663.0,0,0.0
53,SIAgent8,MALE_OLD_HIGH_INCOME,31,808.0,0,0.0
53,SIAgent5,FEMALE_HIGH_INCOME,26,663.0,0,0.0
53,SIAgent6,OLD_HIGH_INCOME,47,1215.0,0,0.0
53,SIAgent3,MALE_YOUNG,92,2353.0,1,25.57608695652174
53,SIAgent4,FEMALE_OLD_LOW_INCOME,94,2401.0,0,0.0
53,SIAgent1,OLD_LOW_INCOME,165,4196.0,0,0.0
53,SIAgent2,MALE_OLD,102,2603.0,0,0.0
53,SIAgent10,MALE_OLD_HIGH_INCOME,31,808.0,0,0.0
53,SIAgent0,FEMALE_YOUNG_LOW_INCOME,78,1980.0,0,0.0
53,WFAgent0,MALE_HIGH_INCOME,52,1325.0,0,0.0
53,WFAgent1,MALE_YOUNG_LOW_INCOME,72,1836.0,0,0.0
53,WFAgent2,MALE_HIGH_INCOME,52,1325.0,0,0.0
53,WFAgent3,MALE_YOUNG,92,2353.0,0,0.0
53,WFAgent4,YOUNG_LOW_INCOME,150,3816.0,0,0.0
53,WFAgent5,FEMALE_LOW_INCOME,172,4381.0,0,0.0
54,WFAgent6,FEMALE_OLD_LOW_INCOME,94,2401.0,0,0.0
54,WFAgent7,MALE_OLD_HIGH_INCOME,31,808.0,1,26.06451612903226
54,SIAgent9,FEMALE_YOUNG_HIGH_INCOME,10,256.0,0,0.0
54,SIAgent7,MALE_LOW_INCOME,143,3631.0,0,0.0
54,SIAgent8,MALE_OLD_HIGH_INCOME,31,808.0,0,0.0
54,SIAgent5,MALE_HIGH_INCOME,52,1325.0,0,0.0
54,SIAgent6,MALE_OLD_HIGH_INCOME,31,808.0,0,0.0
54,SIAgent3,MALE_OLD_HIGH_INCOME,31,808.0,0,0.0
54,SIAgent4,MALE_OLD,102,2603.0,0,0.0
54,SIAgent1,FEMALE_YOUNG_HIGH_INCOME,10,256.0,0,0.0
54,SIAgent2,YOUNG_HIGH_INCOME,30,773.0,0,0.0
54,SIAgent10,FEMALE_LOW_INCOME,172,4381.0,0,0.0
54,SIAgent0,MALE_YOUNG_LOW_INCOME,72,1836.0,0,0.0
54,WFAgent0,FEMALE_YOUNG_LOW_INCOME,78,1980.0,0,0.0
54,WFAgent1,FEMALE_HIGH_INCOME,26,663.0,0,0.0
54,WFAgent2,FEMALE_YOUNG_HIGH_INCOME,10,256.0,0,0.0
54,WFAgent3,MALE_YOUNG_LOW_INCOME,72,1836.0,0,0.0
54,WFAgent4,FEMALE_OLD,110,2808.0,0,0.0
54,WFAgent5,MALE_LOW_INCOME,143,3631.0,0,0.0
55,WFAgent6,MALE_OLD,102,2603.0,0,0.0
55,WFAgent7,MALE_LOW_INCOME,143,3631.0,0,0.0
55,SIAgent9,YOUNG_LOW_INCOME,150,3816.0,0,0.0
55,SIAgent7,MALE_HIGH_INCOME,52,1325.0,0,0.0
55,SIAgent8,FEMALE_OLD,110,2808.0,1,25.527272727272727
55,SIAgent5,MALE_YOUNG_LOW_INCOME,72,1836.0,0,0.0
55,SIAgent6,MALE_LOW_INCOME,143,3631.0,0,0.0
55,SIAgent3,MALE_YOUNG_HIGH_INCOME,20,517.0,0,0.0
55,SIAgent4,OLD_HIGH_INCOME,47,1215.0,0,0.0
55,SIAgent1,FEMALE_OLD,110,2808.0,0,0.0
55,SIAgent2,MALE_YOUNG,92,2353.0,0,0.0
55,SIAgent10,FEMALE_YOUNG,88,2236.0,0,0.0
55,SIAgent0,MALE_OLD_HIGH_INCOME,31,808.0,0,0.0
55,WFAgent0,FEMALE_OLD_HIGH_INCOME,16,407.0,0,0.0
55,WFAgent1,MALE_LOW_INCOME,143,3631.0,0,0.0
55,WFAgent2,FEMALE_YOUNG,88,2236.0,0,0.0
55,WFAgent3,MALE_YOUNG_HIGH_INCOME,20,517.0,0,0.0
55,WFAgent4,FEMALE_OLD_HIGH_INCOME,16,407.0,0,0.0
55,WFAgent5,MALE_OLD,102,2603.0,0,0.0
56,WFAgent6,FEMALE_OLD_LOW_INCOME,94,2401.0,0,0.0
56,WFAgent7,FEMALE_YOUNG_LOW_INCOME,78,1980.0,0,0.0
56,SIAgent9,FEMALE_YOUNG_LOW_INCOME,78,1980.0,0,0.0
56,SIAgent7,MALE_OLD_HIGH_INCOME,31,808.0,0,0.0
56,SIAgent8,MALE_OLD,102,2603.0,0,0.0
56,SIAgent5,MALE_HIGH_INCOME,52,1325.0,0,0.0
56,SIAgent6,MALE_YOUNG_LOW_INCOME,72,1836.0,0,0.0
56,SIAgent3,MALE_HIGH_INCOME,52,1325.0,0,0.0
56,SIAgent4,FEMALE_LOW_INCOME,172,4381.0,0,0.0
56,SIAgent1,FEMALE_HIGH_INCOME,26,663.0,0,0.0
56,SIAgent2,FEMALE_OLD_HIGH_INCOME,16,407.0,0,0.0
56,SIAgent10,MALE_YOUNG_HIGH_INCOME,20,517.0,0,0.0
56,SIAgent0,YOUNG_HIGH_INCOME,30,773.0,1,25.5
56,WFAgent0,YOUNG_LOW_INCOME,150,3816.0,0,0.0
56,WFAgent1,MALE_LOW_INCOME,143,3631.0,0,0.0
56,WFAgent2,FEMALE_HIGH_INCOME,26,663.0,0,0.0
56,WFAgent3,FEMALE_YOUNG_LOW_INCOME,78,1980.0,0,0.0
56,WFAgent4,FEMALE_HIGH_INCOME,26,663.0,0,0.0
56,WFAgent5,FEMALE_YOUNG,88,2236.0,0,0.0
57,WFAgent6,FEMALE_OLD_HIGH_INCOME,16,407.0,0,0.0
57,WFAgent7,MALE_OLD_LOW_INCOME,70,1795.0,0,0.0
57,SIAgent9,OLD_HIGH_INCOME,47,1215.0,1,25.519607843137255
57,SIAgent7,FEMALE_HIGH_INCOME,26,663.0,0,0.0
57,SIAgent8,FEMALE_OLD,110,2808.0,0,0.0
57,SIAgent5,FEMALE_YOUNG_HIGH_INCOME,10,256.0,0,0.0
57,SIAgent6,MALE_OLD,102,2603.0,0,0.0
57,SIAgent3,MALE_OLD,102,2603.0,0,0.0
57,SIAgent4,OLD_LOW_INCOME,165,4196.0,0,0.0
57,SIAgent1,YOUNG_HIGH_INCOME,30,773.0,0,0.0
57,SIAgent2,MALE_HIGH_INCOME,52,1325.0,0,0.0
57,SIAgent10,FEMALE_LOW_INCOME,172,4381.0,0,0.0
57,SIAgent0,MALE_YOUNG_HIGH_INCOME,20,517.0,0,0.0
57,WFAgent0,MALE_OLD_LOW_INCOME,70,1795.0,0,0.0
57,WFAgent1,FEMALE_LOW_INCOME,172,4381.0,0,0.0
57,WFAgent2,MALE_HIGH_INCOME,52,1325.0,0,0.0
57,WFAgent3,MALE_OLD,102,2603.0,0,0.0
57,WFAgent4,MALE_YOUNG_LOW_INCOME,72,1836.0,0,0.0
57,WFAgent5,MALE_YOUNG_HIGH_INCOME,20,517.0,0,0.0
58,WFAgent6,YOUNG_LOW_INCOME,150,3816.0,0,0.0
58,WFAgent7,OLD_LOW_INCOME,165,4196.0,0,0.0
58,SIAgent9,OLD_HIGH_INCOME,47,1215.0,1,25.519607843137255
58,SIAgent7,YOUNG_HIGH_INCOME,30,773.0,0,0.0
58,SIAgent8,FEMALE_YOUNG,88,2236.0,0,0.0
58,SIAgent5,FEMALE_OLD_LOW_INCOME,94,2401.0,0,0.0
58,SIAgent6,FEMALE_HIGH_INCOME,26,663.0,0,0.0
58,SIAgent3,YOUNG_HIGH_INCOME,30,773.0,0,0.0
58,SIAgent4,FEMALE_YOUNG_LOW_INCOME,78,1980.0,0,0.0
58,SIAgent1,MALE_OLD,102,2603.0,0,0.0
58,SIAgent2,MALE_OLD_LOW_INCOME,70,1795.0,0,0.0
58,SIAgent10,MALE_YOUNG_LOW_INCOME,72,1836.0,0,0.0
58,SIAgent0,MALE_YOUNG,92,2353.0,0,0.0
58,WFAgent0,FEMALE_HIGH_INCOME,26,663.0,0,0.0
58,WFAgent1,MALE_YOUNG,92,2353.0,0,0.0
58,WFAgent2,YOUNG_LOW_INCOME,150,3816.0,0,0.0
58,WFAgent3,YOUNG_LOW_INCOME,150,3816.0,0,0.0
58,WFAgent4,FEMALE_OLD_HIGH_INCOME,16,407.0,0,0.0
58,WFAgent5,FEMALE_OLD_HIGH_INCOME,16,407.0,0,0.0
59,WFAgent6,FEMALE_OLD_LOW_INCOME,94,2401.0,0,0.0
59,WFAgent7,FEMALE_YOUNG_LOW_INCOME,78,1980.0,0,0.0
59,SIAgent9,MALE_OLD_LOW_INCOME,70,1795.0,0,0.0
59,SIAgent7,MALE_OLD_HIGH_INCOME,31,808.0,0,0.0
59,SIAgent8,MALE_YOUNG_HIGH_INCOME,20,517.0,0,0.0
59,SIAgent5,YOUNG_HIGH_INCOME,30,773.0,0,0.0
59,SIAgent6,MALE_OLD,102,2603.0,0,0.0
59,SIAgent3,FEMALE_YOUNG_LOW_INCOME,78,1980.0,0,0.0
59,SIAgent4,MALE_LOW_INCOME,143,3631.0,0,0.0
59,SIAgent1,YOUNG_LOW_INCOME,150,3816.0,0,0.0
59,SIAgent2,FEMALE_YOUNG_LOW_INCOME,78,1980.0,0,0.0
59,SIAgent10,MALE_HIGH_INCOME,52,1325.0,0,0.0
59,SIAgent0,MALE_YOUNG_LOW_INCOME,72,1836.0,0,0.0
59,WFAgent0,MALE_YOUNG_LOW_INCOME,72,1836.0,0,0.0
59,WFAgent1,MALE_LOW_INCOME,143,3631.0,0,0.0
59,WFAgent2,FEMALE_YOUNG,88,2236.0,0,0.0
59,WFAgent3,FEMALE_OLD_LOW_INCOME,94,2401.0,1,0.0
59,WFAgent4,YOUNG_HIGH_INCOME,30,773.0,0,0.0
59,WFAgent5,MALE_YOUNG_LOW_INCOME,72,1836.0,0,0.0
60,WFAgent6,FEMALE_YOUNG,88,2236.0,0,0.0
60,WFAgent7,FEMALE_LOW_INCOME,172,4381.0,0,0.0
60,SIAgent9,FEMALE_OLD_HIGH_INCOME,16,407.0,0,0.0
60,SIAgent7,OLD_HIGH_INCOME,47,1215.0,0,0.0
60,SIAgent8,FEMALE_YOUNG,88,2236.0,0,0.0
60,SIAgent5,FEMALE_OLD,110,2808.0,0,0.0
60,SIAgent6,MALE_OLD_LOW_INCOME,70,1795.0,0,0.0
60,SIAgent3,FEMALE_OLD_LOW_INCOME,94,2401.0,1,25.527272727272727
60,SIAgent4,FEMALE_OLD,110,2808.0,0,0.0
60,SIAgent1,MALE_OLD_HIGH_INCOME,31,808.0,0,0.0
60,SIAgent2,FEMALE_YOUNG_LOW_INCOME,78,1980.0,0,0.0
60,SIAgent10,OLD_HIGH_INCOME,47,1215.0,0,0.0
60,SIAgent0,FEMALE_OLD_HIGH_INCOME,16,407.0,0,0.0
60,WFAgent0,FEMALE_YOUNG_HIGH_INCOME,10,256.0,0,0.0
60,WFAgent1,FEMALE_OLD_HIGH_INCOME,16,407.0,0,0.0
60,WFAgent2,MALE_HIGH_INCOME,52,1325.0,0,0.0
60,WFAgent3,FEMALE_OLD,110,2808.0,0,0.0
60,WFAgent4,FEMALE_OLD,110,2808.0,0,0.0
60,WFAgent5,MALE_YOUNG_HIGH_INCOME,20,517.0,0,0.0
61,WFAgent6,FEMALE_YOUNG_LOW_INCOME,78,1980.0,0,0.0
61,WFAgent7,MALE_OLD_HIGH_INCOME,31,808.0,0,0.0
61,SIAgent9,FEMALE_OLD_LOW_INCOME,94,2401.0,1,25.54255319148936
61,SIAgent7,FEMALE_LOW_INCOME,172,4381.0,0,0.0
61,SIAgent8,MALE_YOUNG,92,2353.0,0,0.0
61,SIAgent5,MALE_YOUNG,92,2353.0,0,0.0
61,SIAgent6,FEMALE_OLD_LOW_INCOME,94,2401.0,0,0.0
61,SIAgent3,YOUNG_LOW_INCOME,150,3816.0,0,0.0
61,SIAgent4,FEMALE_YOUNG_LOW_INCOME,78,1980.0,0,0.0
61,SIAgent1,YOUNG_HIGH_INCOME,30,773.0,0,0.0
61,SIAgent2,OLD_LOW_INCOME,165,4196.0,0,0.0
61,SIAgent10,MALE_YOUNG_HIGH_INCOME,20,517.0,0,0.0
61,SIAgent0,FEMALE_OLD_HIGH_INCOME,16,407.0,0,0.0
61,WFAgent0,YOUNG_HIGH_INCOME,30,773.0,0,0.0
61,WFAgent1,MALE_OLD_LOW_INCOME,70,1795.0,0,0.0
61,WFAgent2,MALE_YOUNG_HIGH_INCOME,20,517.0,0,0.0
61,WFAgent3,FEMALE_OLD,110,2808.0,0,0.0
61,WFAgent4,MALE_HIGH_INCOME,52,1325.0,0,0.0
61,WFAgent5,MALE_LOW_INCOME,143,3631.0,0,0.0
62,WFAgent6,FEMALE_OLD,110,2808.0,0,0.0
62,WFAgent7,FEMALE_OLD,110,2808.0,0,0.0
62,SIAgent9,OLD_LOW_INCOME,165,4196.0,0,0.0
62,SIAgent7,OLD_HIGH_INCOME,47,1215.0,0,0.0
62,SIAgent8,MALE_OLD_HIGH_INCOME,31,808.0,0,0.0
62,SIAgent5,OLD_HIGH_INCOME,47,1215.0,1,25.851063829787233
62,SIAgent6,YOUNG_LOW_INCOME,150,3816.0,0,0.0
62,SIAgent3,MALE_LOW_INCOME,143,3631.0,0,0.0
62,SIAgent4,MALE_OLD_HIGH_INCOME,31,808.0,0,0.0
62,SIAgent1,MALE_YOUNG_HIGH_INCOME,20,517.0,0,0.0
62,SIAgent2,MALE_YOUNG,92,2353.0,0,0.0
62,SIAgent10,YOUNG_HIGH_INCOME,30,773.0,0,0.0
62,SIAgent0,FEMALE_HIGH_INCOME,26,663.0,0,0.0
62,WFAgent0,MALE_YOUNG,92,2353.0,0,0.0
62,WFAgent1,OLD_LOW_INCOME,165,4196.0,0,0.0
62,WFAgent2,MALE_YOUNG_LOW_INCOME,72,1836.0,0,0.0
62,WFAgent3,FEMALE_OLD_LOW_INCOME,94,2401.0,0,0.0
62,WFAgent4,MALE_OLD_HIGH_INCOME,31,808.0,0,0.0
62,WFAgent5,FEMALE_YOUNG_LOW_INCOME,78,1980.0,0,0.0
63,WFAgent6,MALE_HIGH_INCOME,52,1325.0,0,0.0
63,WFAgent7,FEMALE_YOUNG_LOW_INCOME,78,1980.0,0,0.0
63,SIAgent9,FEMALE_OLD_LOW_INCOME,94,2401.0,0,0.0
63,SIAgent7,FEMALE_HIGH_INCOME,26,663.0,0,0.0
63,SIAgent8,YOUNG_LOW_INCOME,150,3816.0,0,0.0
63,SIAgent5,MALE_YOUNG_LOW_INCOME,72,1836.0,0,0.0
63,SIAgent6,MALE_YOUNG,92,2353.0,0,0.0
63,SIAgent3,FEMALE_HIGH_INCOME,26,663.0,0,0.0
63,SIAgent4,FEMALE_OLD_HIGH_INCOME,16,407.0,0,0.0
63,SIAgent1,MALE_OLD_HIGH_INCOME,31,808.0,0,0.0
63,SIAgent2,MALE_OLD_HIGH_INCOME,31,808.0,0,0.0
63,SIAgent10,MALE_OLD,102,2603.0,1,25.39160839160839
63,SIAgent0,MALE_LOW_INCOME,143,3631.0,0,0.0
63,WFAgent0,MALE_HIGH_INCOME,52,1325.0,0,0.0
63,WFAgent1,FEMALE_LOW_INCOME,172,4381.0,0,0.0
63,WFAgent2,MALE_LOW_INCOME,143,3631.0,0,0.0
63,WFAgent3,MALE_HIGH_INCOME,52,1325.0,0,0.0
63,WFAgent4,YOUNG_HIGH_INCOME,30,773.0,0,0.0
63,WFAgent5,OLD_LOW_INCOME,165,4196.0,0,0.0
64,WFAgent6,MALE_OLD,102,2603.0,0,0.0
64,WFAgent7,MALE_OLD_LOW_INCOME,70,1795.0,0,0.0
64,SIAgent9,YOUNG_LOW_INCOME,150,3816.0,0,0.0
64,SIAgent7,YOUNG_HIGH_INCOME,30,773.0,1,25.766666666666666
64,SIAgent8,MALE_YOUNG,92,2353.0,0,0.0
64,SIAgent5,MALE_HIGH_INCOME,52,1325.0,0,0.0
64,SIAgent6,FEMALE_OLD,110,2808.0,0,0.0
64,SIAgent3,MALE_YOUNG,92,2353.0,0,0.0
64,SIAgent4,MALE_YOUNG_LOW_INCOME,72,1836.0,0,0.0
64,SIAgent1,FEMALE_YOUNG_HIGH_INCOME,10,256.0,0,0.0
64,SIAgent2,FEMALE_OLD_LOW_INCOME,94,2401.0,0,0.0
64,SIAgent10,FEMALE_OLD,110,2808.0,0,0.0
64,SIAgent0,FEMALE_YOUNG,88,2236.0,0,0.0
64,WFAgent0,FEMALE_YOUNG,88,2236.0,0,0.0
64,WFAgent1,YOUNG_LOW_INCOME,150,3816.0,0,0.0
64,WFAgent2,FEMALE_YOUNG_HIGH_INCOME,10,256.0,0,0.0
64,WFAgent3,FEMALE_LOW_INCOME,172,4381.0,0,0.0
64,WFAgent4,FEMALE_OLD_HIGH_INCOME,16,407.0,0,0.0
64,WFAgent5,MALE_YOUNG_HIGH_INCOME,20,517.0,0,0.0
65,WFAgent6,MALE_OLD,102,2603.0,0,0.0
65,WFAgent7,OLD_LOW_INCOME,165,4196.0,0,0.0
65,SIAgent9,MALE_YOUNG_LOW_INCOME,72,1836.0,0,0.0
65,SIAgent7,FEMALE_YOUNG_LOW_INCOME,78,1980.0,0,0.0
65,SIAgent8,YOUNG_HIGH_INCOME,30,773.0,0,0.0
65,SIAgent5,MALE_YOUNG_LOW_INCOME,72,1836.0,0,0.0
65,SIAgent6,FEMALE_YOUNG_HIGH_INCOME,10,256.0,0,0.0
65,SIAgent3,MALE_YOUNG,92,2353.0,0,0.0
65,SIAgent4,OLD_HIGH_INCOME,47,1215.0,0,0.0
65,SIAgent1,MALE_LOW_INCOME,143,3631.0,0,0.0
65,SIAgent2,FEMALE_YOUNG_LOW_INCOME,78,1980.0,0,0.0
65,SIAgent10,FEMALE_YOUNG,88,2236.0,1,25.384615384615383
65,SIAgent0,MALE_HIGH_INCOME,52,1325.0,0,0.0
65,WFAgent0,MALE_HIGH_INCOME,52,1325.0,0,0.0
65,WFAgent1,FEMALE_YOUNG_HIGH_INCOME,10,256.0,0,0.0
65,WFAgent2,MALE_YOUNG_LOW_INCOME,72,1836.0,0,0.0
65,WFAgent3,MALE_OLD,102,2603.0,0,0.0
65,WFAgent4,MALE_YOUNG,92,2353.0,0,0.0
65,WFAgent5,YOUNG_LOW_INCOME,150,3816.0,0,0.0
66,WFAgent6,FEMALE_YOUNG_LOW_INCOME,78,1980.0,0,0.0
66,WFAgent7,YOUNG_LOW_INCOME,150,3816.0,0,0.0
66,SIAgent9,FEMALE_YOUNG_LOW_INCOME,78,1980.0,0,0.0
66,SIAgent7,FEMALE_OLD_LOW_INCOME,94,2401.0,0,0.0
66,SIAgent8,YOUNG_HIGH_INCOME,30,773.0,0,0.0
66,SIAgent5,FEMALE_YOUNG_LOW_INCOME,78,1980.0,0,0.0
66,SIAgent6,MALE_HIGH_INCOME,52,1325.0,0,0.0
66,SIAgent3,OLD_LOW_INCOME,165,4196.0,0,0.0
66,SIAgent4,MALE_HIGH_INCOME,52,1325.0,0,0.0
66,SIAgent1,YOUNG_LOW_INCOME,150,3816.0,1,25.384615384615383
66,SIAgent2,OLD_HIGH_INCOME,47,1215.0,0,0.0
66,SIAgent10,MALE_YOUNG,92,2353.0,0,0.0
66,SIAgent0,FEMALE_YOUNG_HIGH_INCOME,10,256.0,0,0.0
66,WFAgent0,FEMALE_YOUNG_LOW_INCOME,78,1980.0,0,0.0
66,WFAgent1,FEMALE_OLD,110,2808.0,0,0.0
66,WFAgent2,FEMALE_OLD_HIGH_INCOME,16,407.0,0,0.0
66,WFAgent3,OLD_HIGH_INCOME,47,1215.0,0,0.0
66,WFAgent4,MALE_OLD,102,2603.0,0,0.0
66,WFAgent5,FEMALE_OLD,110,2808.0,0,0.0
67,WFAgent6,OLD_LOW_INCOME,165,4196.0,0,0.0
67,WFAgent7,MALE_YOUNG_LOW_INCOME,72,1836.0,0,0.0
67,SIAgent9,FEMALE_LOW_INCOME,172,4381.0,0,0.0
67,SIAgent7,MALE_YOUNG_LOW_INCOME,72,1836.0,0,0.0
67,SIAgent8,FEMALE_YOUNG,88,2236.0,0,0.0
67,SIAgent5,FEMALE_YOUNG_LOW_INCOME,78,1980.0,0,0.0
67,SIAgent6,MALE_YOUNG_LOW_INCOME,72,1836.0,0,0.0
67,SIAgent3,FEMALE_HIGH_INCOME,26,663.0,0,0.0
67,SIAgent4,MALE_OLD_HIGH_INCOME,31,808.0,0,0.0
67,SIAgent1,FEMALE_YOUNG_LOW_INCOME,78,1980.0,0,0.0
67,SIAgent2,MALE_OLD,102,2603.0,0,0.0
67,SIAgent10,MALE_YOUNG,92,2353.0,0,0.0
67,SIAgent0,MALE_YOUNG,92,2353.0,0,0.0
67,WFAgent0,FEMALE_YOUNG,88,2236.0,0,0.0
67,WFAgent1,FEMALE_HIGH_INCOME,26,663.0,0,0.0
67,WFAgent2,FEMALE_OLD_LOW_INCOME,94,2401.0,1,25.47093023255814
67,WFAgent3,YOUNG_HIGH_INCOME,30,773.0,0,0.0
67,WFAgent4,YOUNG_HIGH_INCOME,30,773.0,0,0.0
67,WFAgent5,FEMALE_YOUNG,88,2236.0,0,0.0
68,WFAgent6,FEMALE_YOUNG,88,2236.0,0,0.0
68,WFAgent7,FEMALE_OLD_HIGH_INCOME,16,407.0,0,0.0
68,SIAgent9,MALE_YOUNG_LOW_INCOME,72,1836.0,0,0.0
68,SIAgent7,FEMALE_OLD_LOW_INCOME,94,2401.0,0,0.0
68,SIAgent8,FEMALE_YOUNG_HIGH_INCOME,10,256.0,0,0.0
68,SIAgent5,OLD_LOW_INCOME,165,4196.0,0,0.0
68,SIAgent6,FEMALE_OLD_HIGH_INCOME,16,407.0,0,0.0
68,SIAgent3,MALE_YOUNG,92,2353.0,1,25.5
68,SIAgent4,FEMALE_LOW_INCOME,172,4381.0,0,0.0
68,SIAgent1,FEMALE_YOUNG,88,2236.0,0,0.0
68,SIAgent2,MALE_OLD,102,2603.0,0,0.0
68,SIAgent10,FEMALE_YOUNG_LOW_INCOME,78,1980.0,0,0.0
68,SIAgent0,MALE_YOUNG_LOW_INCOME,72,1836.0,0,0.0
68,WFAgent0,MALE_YOUNG_HIGH_INCOME,20,517.0,0,0.0
68,WFAgent1,FEMALE_YOUNG_HIGH_INCOME,10,256.0,0,0.0
68,WFAgent2,OLD_LOW_INCOME,165,4196.0,0,0.0
68,WFAgent3,MALE_YOUNG_LOW_INCOME,72,1836.0,0,0.0
68,WFAgent4,MALE_LOW_INCOME,143,3631.0,0,0.0
68,WFAgent5,FEMALE_OLD_LOW_INCOME,94,2401.0,0,0.0
69,WFAgent6,FEMALE_YOUNG,88,2236.0,0,0.0
69,WFAgent7,FEMALE_OLD_HIGH_INCOME,16,407.0,0,0.0
69,SIAgent9,MALE_YOUNG_HIGH_INCOME,20,517.0,0,0.0
69,SIAgent7,MALE_LOW_INCOME,143,3631.0,0,0.0
69,SIAgent8,MALE_HIGH_INCOME,52,1325.0,0,0.0
69,SIAgent5,OLD_HIGH_INCOME,47,1215.0,1,25.48076923076923
69,SIAgent6,MALE_YOUNG,92,2353.0,0,0.0
69,SIAgent3,FEMALE_OLD_LOW_INCOME,94,2401.0,0,0.0
69,SIAgent4,OLD_LOW_INCOME,165,4196.0,0,0.0
69,SIAgent1,FEMALE_OLD_HIGH_INCOME,16,407.0,0,0.0
69,SIAgent2,MALE_YOUNG_LOW_INCOME,72,1836.0,0,0.0
69,SIAgent10,MALE_OLD_LOW_INCOME,70,1795.0,0,0.0
69,SIAgent0,FEMALE_OLD,110,2808.0,0,0.0
69,WFAgent0,MALE_LOW_INCOME,143,3631.0,0,0.0
69,WFAgent1,MALE_OLD_LOW_INCOME,70,1795.0,0,0.0
69,WFAgent2,FEMALE_YOUNG_LOW_INCOME,78,1980.0,0,0.0
69,WFAgent3,MALE_YOUNG_HIGH_INCOME,20,517.0,0,0.0
69,WFAgent4,FEMALE_YOUNG,88,2236.0,0,0.0
69,WFAgent5,FEMALE_YOUNG,88,2236.0,0,0.0
70,WFAgent6,FEMALE_OLD_HIGH_INCOME,16,407.0,0,0.0
70,WFAgent7,FEMALE_YOUNG_HIGH_INCOME,10,256.0,0,0.0
70,SIAgent9,FEMALE_HIGH_INCOME,26,663.0,0,0.0
70,SIAgent7,MALE_YOUNG,92,2353.0,0,0.0
70,SIAgent8,MALE_YOUNG,92,2353.0,0,0.0
70,SIAgent5,FEMALE_YOUNG_HIGH_INCOME,10,256.0,0,0.0
70,SIAgent6,FEMALE_YOUNG_HIGH_INCOME,10,256.0,0,0.0
70,SIAgent3,MALE_HIGH_INCOME,52,1325.0,0,0.0
70,SIAgent4,MALE_OLD,102,2603.0,0,0.0
70,SIAgent1,FEMALE_YOUNG,88,2236.0,0,0.0
70,SIAgent2,FEMALE_LOW_INCOME,172,4381.0,0,0.0
70,SIAgent10,MALE_YOUNG,92,2353.0,1,25.57608695652174
70,SIAgent0,MALE_YOUNG,92,2353.0,0,0.0
70,WFAgent0,MALE_LOW_INCOME,143,3631.0,0,0.0
70,WFAgent1,MALE_YOUNG_HIGH_INCOME,20,517.0,0,0.0
70,WFAgent2,OLD_LOW_INCOME,165,4196.0,0,0.0
70,WFAgent3,MALE_YOUNG_LOW_INCOME,72,1836.0,0,0.0
70,WFAgent4,MALE_HIGH_INCOME,52,1325.0,0,0.0
70,WFAgent5,FEMALE_OLD_HIGH_INCOME,16,407.0,0,0.0
71,WFAgent6,MALE_LOW_INCOME,143,3631.0,0,0.0
71,WFAgent7,FEMALE_OLD_LOW_INCOME,94,2401.0,1,25.54255319148936
71,SIAgent9,FEMALE_YOUNG_HIGH_INCOME,10,256.0,0,0.0
71,SIAgent7,FEMALE_OLD_LOW_INCOME,94,2401.0,0,0.0
71,SIAgent8,YOUNG_LOW_INCOME,150,3816.0,0,0.0
71,SIAgent5,MALE_OLD,102,2603.0,0,0.0
71,SIAgent6,OLD_HIGH_INCOME,47,1215.0,0,0.0
71,SIAgent3,MALE_YOUNG,92,2353.0,0,0.0
71,SIAgent4,MALE_LOW_INCOME,143,3631.0,0,0.0
71,SIAgent1,OLD_LOW_INCOME,165,4196.0,0,0.0
71,SIAgent2,FEMALE_YOUNG,88,2236.0,0,0.0
71,SIAgent10,MALE_YOUNG,92,2353.0,0,0.0
71,SIAgent0,FEMALE_LOW_INCOME,172,4381.0,0,0.0
71,WFAgent0,OLD_HIGH_INCOME,47,1215.0,0,0.0
71,WFAgent1,FEMALE_OLD_HIGH_INCOME,16,407.0,0,0.0
71,WFAgent2,MALE_YOUNG,92,2353.0,0,0.0
71,WFAgent3,MALE_HIGH_INCOME,52,1325.0,0,0.0
71,WFAgent4,MALE_OLD_HIGH_INCOME,31,808.0,0,0.0
71,WFAgent5,FEMALE_HIGH_INCOME,26,663.0,0,0.0
72,WFAgent6,OLD_HIGH_INCOME,47,1215.0,0,0.0
72,WFAgent7,FEMALE_YOUNG_HIGH_INCOME,10,256.0,0,0.0
72,SIAgent9,MALE_LOW_INCOME,143,3631.0,0,0.0
72,SIAgent7,MALE_YOUNG_LOW_INCOME,72,1836.0,0,0.0
72,SIAgent8,YOUNG_LOW_INCOME,150,3816.0,0,0.0
72,SIAgent5,FEMALE_YOUNG_HIGH_INCOME,10,256.0,0,0.0
72,SIAgent6,FEMALE_OLD_LOW_INCOME,94,2401.0,0,0.0
72,SIAgent3,FEMALE_YOUNG_LOW_INCOME,78,1980.0,0,0.0
72,SIAgent4,MALE_OLD,102,2603.0,0,0.0
72,SIAgent1,MALE_OLD,102,2603.0,0,0.0
72,SIAgent2,MALE_YOUNG_LOW_INCOME,72,1836.0,0,0.0
72,SIAgent10,MALE_OLD,102,2603.0,0,0.0
72,SIAgent0,MALE_YOUNG_HIGH_INCOME,20,517.0,1,0.0
72,WFAgent0,YOUNG_LOW_INCOME,150,3816.0,0,0.0
72,WFAgent1,FEMALE_YOUNG_LOW_INCOME,78,1980.0,0,0.0
72,WFAgent2,FEMALE_LOW_INCOME,172,4381.0,0,0.0
72,WFAgent3,FEMALE_OLD_HIGH_INCOME,16,407.0,0,0.0
72,WFAgent4,YOUNG_HIGH_INCOME,30,773.0,0,0.0
72,WFAgent5,OLD_LOW_INCOME,165,4196.0,0,0.0
73,WFAgent6,MALE_YOUNG_LOW_INCOME,72,1836.0,0,0.0
73,WFAgent7,FEMALE_YOUNG,88,2236.0,0,0.0
73,SIAgent9,YOUNG_LOW_INCOME,150,3816.0,0,0.0
73,SIAgent7,OLD_LOW_INCOME,165,4196.0,0,0.0
73,SIAgent8,FEMALE_LOW_INCOME,172,4381.0,0,0.0
73,SIAgent5,MALE_LOW_INCOME,143,3631.0,0,0.0
73,SIAgent6,FEMALE_YOUNG_HIGH_INCOME,10,256.0,0,0.0
73,SIAgent3,MALE_YOUNG,92,2353.0,0,0.0
73,SIAgent4,YOUNG_LOW_INCOME,150,3816.0,0,0.0
73,SIAgent1,FEMALE_HIGH_INCOME,26,663.0,0,0.0
73,SIAgent2,MALE_LOW_INCOME,143,3631.0,0,0.0
73,SIAgent10,FEMALE_YOUNG_HIGH_INCOME,10,256.0,0,0.0
73,SIAgent0,OLD_LOW_INCOME,165,4196.0,0,0.0
73,WFAgent0,MALE_OLD,102,2603.0,0,0.0
73,WFAgent1,OLD_HIGH_INCOME,47,1215.0,0,0.0
73,WFAgent2,MALE_OLD,102,2603.0,0,0.0
73,WFAgent3,YOUNG_HIGH_INCOME,30,773.0,0,0.0
73,WFAgent4,FEMALE_OLD,110,2808.0,0,0.0
73,WFAgent5,FEMALE_OLD,110,2808.0,1,25.47093023255814
74,WFAgent6,MALE_HIGH_INCOME,52,1325.0,0,0.0
74,WFAgent7,MALE_OLD_LOW_INCOME,70,1795.0,0,0.0
74,SIAgent9,FEMALE_YOUNG_LOW_INCOME,78,1980.0,1,0.0
74,SIAgent7,FEMALE_OLD_LOW_INCOME,94,2401.0,0,0.0
74,SIAgent8,MALE_YOUNG_LOW_INCOME,72,1836.0,0,0.0
74,SIAgent5,MALE_OLD_LOW_INCOME,70,1795.0,0,0.0
74,SIAgent6,FEMALE_YOUNG_HIGH_INCOME,10,256.0,0,0.0
74,SIAgent3,OLD_LOW_INCOME,165,4196.0,0,0.0
74,SIAgent4,MALE_OLD,102,2603.0,0,0.0
74,SIAgent1,FEMALE_OLD_HIGH_INCOME,16,407.0,0,0.0
74,SIAgent2,MALE_YOUNG_LOW_INCOME,72,1836.0,0,0.0
74,SIAgent10,MALE_YOUNG,92,2353.0,0,0.0
74,SIAgent0,FEMALE_OLD,110,2808.0,0,0.0
74,WFAgent0,FEMALE_YOUNG_HIGH_INCOME,10,256.0,0,0.0
74,WFAgent1,YOUNG_HIGH_INCOME,30,773.0,0,0.0
74,WFAgent2,FEMALE_OLD,110,2808.0,0,0.0
74,WFAgent3,FEMALE_YOUNG_HIGH_INCOME,10,256.0,0,0.0
74,WFAgent4,MALE_OLD,102,2603.0,0,0.0
74,WFAgent5,MALE_YOUNG,92,2353.0,0,0.0
75,WFAgent6,OLD_HIGH_INCOME,47,1215.0,0,0.0
75,WFAgent7,MALE_OLD,102,2603.0,0,0.0
75,SIAgent9,MALE_YOUNG_HIGH_INCOME,20,517.0,0,0.0
75,SIAgent7,YOUNG_HIGH_INCOME,30,773.0,0,0.0
75,SIAgent8,MALE_OLD_HIGH_INCOME,31,808.0,0,0.0
75,SIAgent5,FEMALE_YOUNG,88,2236.0,0,0.0
75,SIAgent6,FEMALE_YOUNG,88,2236.0,0,0.0
75,SIAgent3,MALE_HIGH_INCOME,52,1325.0,0,0.0
75,SIAgent4,FEMALE_YOUNG_HIGH_INCOME,10,256.0,0,0.0
75,SIAgent1,OLD_HIGH_INCOME,47,1215.0,0,0.0
75,SIAgent2,MALE_OLD_LOW_INCOME,70,1795.0,0,0.0
75,SIAgent10,MALE_OLD_LOW_INCOME,70,1795.0,0,0.0
75,SIAgent0,MALE_OLD_HIGH_INCOME,31,808.0,0,0.0
75,WFAgent0,MALE_OLD,102,2603.0,0,0.0
75,WFAgent1,MALE_YOUNG_HIGH_INCOME,20,517.0,0,0.0
75,WFAgent2,MALE_YOUNG,92,2353.0,0,0.0
75,WFAgent3,MALE_OLD,102,2603.0,0,0.0
75,WFAgent4,OLD_HIGH_INCOME,47,1215.0,0,0.0
75,WFAgent5,FEMALE_LOW_INCOME,172,4381.0,1,0.0
76,WFAgent6,FEMALE_OLD_LOW_INCOME,94,2401.0,0,0.0
76,WFAgent7,YOUNG_HIGH_INCOME,30,773.0,0,0.0
76,SIAgent9,OLD_HIGH_INCOME,47,1215.0,0,0.0
76,SIAgent7,FEMALE_LOW_INCOME,172,4381.0,0,0.0
76,SIAgent8,OLD_LOW_INCOME,165,4196.0,0,0.0
76,SIAgent5,MALE_HIGH_INCOME,52,1325.0,0,0.0
76,SIAgent6,OLD_LOW_INCOME,165,4196.0,0,0.0
76,SIAgent3,YOUNG_HIGH_INCOME,30,773.0,1,25.5
76,SIAgent4,FEMALE_OLD,110,2808.0,0,0.0
76,SIAgent1,MALE_HIGH_INCOME,52,1325.0,0,0.0
76,SIAgent2,MALE_OLD_HIGH_INCOME,31,808.0,0,0.0
76,SIAgent10,FEMALE_HIGH_INCOME,26,663.0,0,0.0
76,SIAgent0,FEMALE_YOUNG_LOW_INCOME,78,1980.0,0,0.0
76,WFAgent0,YOUNG_LOW_INCOME,150,3816.0,0,0.0
76,WFAgent1,MALE_YOUNG_LOW_INCOME,72,1836.0,0,0.0
76,WFAgent2,FEMALE_OLD_LOW_INCOME,94,2401.0,0,0.0
76,WFAgent3,FEMALE_YOUNG,88,2236.0,0,0.0
76,WFAgent4,FEMALE_OLD_LOW_INCOME,94,2401.0,0,0.0
76,WFAgent5,FEMALE_YOUNG_HIGH_INCOME,10,256.0,0,0.0
77,WFAgent6,MALE_LOW_INCOME,143,3631.0,0,0.0
77,WFAgent7,MALE_YOUNG_LOW_INCOME,72,1836.0,0,0.0
77,SIAgent9,FEMALE_OLD_HIGH_INCOME,16,407.0,0,0.0
77,SIAgent7,YOUNG_LOW_INCOME,150,3816.0,0,0.0
77,SIAgent8,MALE_YOUNG,92,2353.0,0,0.0
77,SIAgent5,FEMALE_YOUNG_LOW_INCOME,78,1980.0,0,0.0
77,SIAgent6,FEMALE_OLD_LOW_INCOME,94,2401.0,0,0.0
77,SIAgent3,OLD_LOW_INCOME,165,4196.0,0,0.0
77,SIAgent4,MALE_LOW_INCOME,143,3631.0,0,0.0
77,SIAgent1,MALE_YOUNG_HIGH_INCOME,20,517.0,1,25.766666666666666
77,SIAgent2,FEMALE_YOUNG,88,2236.0,0,0.0
77,SIAgent10,FEMALE_YOUNG_LOW_INCOME,78,1980.0,0,0.0
77,SIAgent0,YOUNG_HIGH_INCOME,30,773.0,0,0.0
77,WFAgent0,YOUNG_LOW_INCOME,150,3816.0,0,0.0
77,WFAgent1,FEMALE_YOUNG_HIGH_INCOME,10,256.0,0,0.0
77,WFAgent2,MALE_LOW_INCOME,143,3631.0,0,0.0
77,WFAgent3,FEMALE_OLD,110,2808.0,0,0.0
77,WFAgent4,FEMALE_HIGH_INCOME,26,663.0,0,0.0
77,WFAgent5,YOUNG_HIGH_INCOME,30,773.0,0,0.0
78,WFAgent6,MALE_HIGH_INCOME,52,1325.0,0,0.0
78,WFAgent7,MALE_HIGH_INCOME,52,1325.0,0,0.0
78,SIAgent9,MALE_YOUNG_LOW_INCOME,72,1836.0,0,0.0
78,SIAgent7,MALE_OLD_HIGH_INCOME,31,808.0,0,0.0
78,SIAgent8,OLD_HIGH_INCOME,47,1215.0,0,0.0
78,SIAgent5,MALE_OLD,102,2603.0,0,0.0
78,SIAgent6,FEMALE_OLD_LOW_INCOME,94,2401.0,0,0.0
78,SIAgent3,FEMALE_OLD_LOW_INCOME,94,2401.0,0,0.0
78,SIAgent4,OLD_HIGH_INCOME,47,1215.0,0,0.0
78,SIAgent1,FEMALE_YOUNG_LOW_INCOME,78,1980.0,0,0.0
78,SIAgent2,FEMALE_HIGH_INCOME,26,663.0,0,0.0
78,SIAgent10,FEMALE_OLD_HIGH_INCOME,16,407.0,0,0.0
78,SIAgent0,FEMALE_OLD,110,2808.0,0,0.0
78,WFAgent0,FEMALE_LOW_INCOME,172,4381.0,1,25.384615384615383
78,WFAgent1,FEMALE_OLD_HIGH_INCOME,16,407.0,0,0.0
78,WFAgent2,MALE_OLD_HIGH_INCOME,31,808.0,0,0.0
78,WFAgent3,FEMALE_YOUNG_LOW_INCOME,78,1980.0,0,0.0
78,WFAgent4,MALE_OLD,102,2603.0,0,0.0
78,WFAgent5,OLD_LOW_INCOME,165,4196.0,0,0.0
79,WFAgent6,MALE_YOUNG_HIGH_INCOME,20,517.0,0,0.0
79,WFAgent7,FEMALE_YOUNG,88,2236.0,0,0.0
79,SIAgent9,FEMALE_LOW_INCOME,172,4381.0,0,0.0
79,SIAgent7,FEMALE_YOUNG_LOW_INCOME,78,1980.0,0,0.0
79,SIAgent8,FEMALE_OLD_LOW_INCOME,94,2401.0,1,25.527272727272727
79,SIAgent5,MALE_OLD_LOW_INCOME,70,1795.0,0,0.0
79,SIAgent6,OLD_LOW_INCOME,165,4196.0,0,0.0
79,SIAgent3,OLD_LOW_INCOME,165,4196.0,0,0.0
79,SIAgent4,MALE_YOUNG_HIGH_INCOME,20,517.0,0,0.0
79,SIAgent1,YOUNG_HIGH_INCOME,30,773.0,0,0.0
79,SIAgent2,MALE_YOUNG_HIGH_INCOME,20,517.0,0,0.0
79,SIAgent10,MALE_YOUNG_HIGH_INCOME,20,517.0,0,0.0
79,SIAgent0,MALE_OLD,102,2603.0,0,0.0
79,WFAgent0,FEMALE_OLD_LOW_INCOME,94,2401.0,0,0.0
79,WFAgent1,FEMALE_YOUNG_HIGH_INCOME,10,256.0,0,0.0
79,WFAgent2,YOUNG_LOW_INCOME,150,3816.0,0,0.0
79,WFAgent3,OLD_LOW_INCOME,165,4196.0,0,0.0
79,WFAgent4,FEMALE_YOUNG_HIGH_INCOME,10,256.0,0,0.0
79,WFAgent5,FEMALE_OLD,110,2808.0,0,0.0
80,WFAgent6,MALE_YOUNG_HIGH_INCOME,20,517.0,0,0.0
80,WFAgent7,OLD_HIGH_INCOME,47,1215.0,0,0.0
80,SIAgent9,YOUNG_LOW_INCOME,150,3816.0,1,25.40909090909091
80,SIAgent7,FEMALE_OLD_LOW_INCOME,94,2401.0,0,0.0
80,SIAgent8,FEMALE_OLD,110,2808.0,0,0.0
80,SIAgent5,MALE_OLD,102,2603.0,0,0.0
80,SIAgent6,FEMALE_OLD,110,2808.0,0,0.0
80,SIAgent3,MALE_OLD_HIGH_INCOME,31,808.0,0,0.0
80,SIAgent4,FEMALE_OLD,110,2808.0,0,0.0
80,SIAgent1,MALE_YOUNG_LOW_INCOME,72,1836.0,0,0.0
80,SIAgent2,OLD_LOW_INCOME,165,4196.0,0,0.0
80,SIAgent10,FEMALE_YOUNG,88,2236.0,0,0.0
80,SIAgent0,MALE_OLD_LOW_INCOME,70,1795.0,0,0.0
80,WFAgent0,FEMALE_YOUNG_HIGH_INCOME,10,256.0,0,0.0
80,WFAgent1,MALE_OLD,102,2603.0,0,0.0
80,WFAgent2,YOUNG_HIGH_INCOME,30,773.0,0,0.0
80,WFAgent3,MALE_OLD_HIGH_INCOME,31,808.0,0,0.0
80,WFAgent4,FEMALE_LOW_INCOME,172,4381.0,0,0.0
80,WFAgent5,OLD_HIGH_INCOME,47,1215.0,0,0.0
81,WFAgent6,MALE_LOW_INCOME,143,3631.0,0,0.0
81,WFAgent7,MALE_HIGH_INCOME,52,1325.0,0,0.0
81,SIAgent9,FEMALE_YOUNG,88,2236.0,0,0.0
81,SIAgent7,MALE_OLD_HIGH_INCOME,31,808.0,0,0.0
81,SIAgent8,MALE_HIGH_INCOME,52,1325.0,0,0.0
81,SIAgent5,FEMALE_OLD,110,2808.0,0,0.0
81,SIAgent6,YOUNG_LOW_INCOME,150,3816.0,1,25.40909090909091
81,SIAgent3,MALE_HIGH_INCOME,52,1325.0,0,0.0
81,SIAgent4,FEMALE_HIGH_INCOME,26,663.0,0,0.0
81,SIAgent1,MALE_YOUNG_HIGH_INCOME,20,517.0,0,0.0
81,SIAgent2,FEMALE_OLD_HIGH_INCOME,16,407.0,0,0.0
81,SIAgent10,MALE_YOUNG_HIGH_INCOME,20,517.0,0,0.0
81,SIAgent0,MALE_OLD_HIGH_INCOME,31,808.0,0,0.0
81,WFAgent0,OLD_HIGH_INCOME,47,1215.0,0,0.0
81,WFAgent1,FEMALE_HIGH_INCOME,26,663.0,0,0.0
81,WFAgent2,YOUNG_HIGH_INCOME,30,773.0,0,0.0
81,WFAgent3,MALE_YOUNG_LOW_INCOME,72,1836.0,0,0.0
81,WFAgent4,MALE_LOW_INCOME,143,3631.0,0,0.0
81,WFAgent5,FEMALE_OLD,110,2808.0,0,0.0
82,WFAgent6,MALE_HIGH_INCOME,52,1325.0,0,0.0
82,WFAgent7,FEMALE_OLD_HIGH_INCOME,16,407.0,0,0.0
82,SIAgent9,FEMALE_OLD,110,2808.0,1,25.43030303030303
82,SIAgent7,MALE_YOUNG_HIGH_INCOME,20,517.0,0,0.0
82,SIAgent8,MALE_YOUNG_HIGH_INCOME,20,517.0,0,0.0
82,SIAgent5,MALE_YOUNG_HIGH_INCOME,20,517.0,0,0.0
82,SIAgent6,OLD_LOW_INCOME,165,4196.0,0,0.0
82,SIAgent3,OLD_LOW_INCOME,165,4196.0,0,0.0
82,SIAgent4,MALE_YOUNG_LOW_INCOME,72,1836.0,0,0.0
82,SIAgent1,YOUNG_LOW_INCOME,150,3816.0,0,0.0
82,SIAgent2,MALE_LOW_INCOME,143,3631.0,0,0.0
82,SIAgent10,FEMALE_YOUNG,88,2236.0,0,0.0
82,SIAgent0,MALE_OLD_HIGH_INCOME,31,808.0,0,0.0
82,WFAgent0,FEMALE_OLD_HIGH_INCOME,16,407.0,0,0.0
82,WFAgent1,YOUNG_LOW_INCOME,150,3816.0,0,0.0
82,WFAgent2,FEMALE_HIGH_INCOME,26,663.0,0,0.0
82,WFAgent3,YOUNG_HIGH_INCOME,30,773.0,0,0.0
82,WFAgent4,MALE_OLD_HIGH_INCOME,31,808.0,0,0.0
82,WFAgent5,MALE_YOUNG,92,2353.0,0,0.0
83,WFAgent6,FEMALE_OLD_LOW_INCOME,94,2401.0,0,0.0
83,WFAgent7,OLD_HIGH_INCOME,47,1215.0,1,25.519607843137255
83,SIAgent9,FEMALE_YOUNG_LOW_INCOME,78,1980.0,0,0.0
83,SIAgent7,FEMALE_HIGH_INCOME,26,663.0,0,0.0
83,SIAgent8,FEMALE_HIGH_INCOME,26,663.0,0,0.0
83,SIAgent5,MALE_LOW_INCOME,143,3631.0,0,0.0
83,SIAgent6,MALE_OLD,102,2603.0,0,0.0
83,SIAgent3,FEMALE_OLD_HIGH_INCOME,16,407.0,0,0.0
83,SIAgent4,OLD_LOW_INCOME,165,4196.0,0,0.0
83,SIAgent1,FEMALE_OLD_LOW_INCOME,94,2401.0,0,0.0
83,SIAgent2,FEMALE_OLD_HIGH_INCOME,16,407.0,0,0.0
83,SIAgent10,FEMALE_LOW_INCOME,172,4381.0,0,0.0
83,SIAgent0,FEMALE_OLD,110,2808.0,0,0.0
83,WFAgent0,MALE_YOUNG_LOW_INCOME,72,1836.0,0,0.0
83,WFAgent1,FEMALE_YOUNG_LOW_INCOME,78,1980.0,0,0.0
83,WFAgent2,FEMALE_OLD,110,2808.0,0,0.0
83,WFAgent3,FEMALE_OLD_LOW_INCOME,94,2401.0,0,0.0
83,WFAgent4,FEMALE_OLD_LOW_INCOME,94,2401.0,0,0.0
83,WFAgent5,FEMALE_LOW_INCOME,172,4381.0,0,0.0
84,WFAgent6,FEMALE_OLD_LOW_INCOME,94,2401.0,0,0.0
84,WFAgent7,MALE_OLD,102,2603.0,0,0.0
84,SIAgent9,MALE_HIGH_INCOME,52,1325.0,0,0.0
84,SIAgent7,FEMALE_LOW_INCOME,172,4381.0,0,0.0
84,SIAgent8,FEMALE_LOW_INCOME,172,4381.0,0,0.0
84,SIAgent5,MALE_LOW_INCOME,143,3631.0,0,0.0
84,SIAgent6,FEMALE_YOUNG_LOW_INCOME,78,1980.0,0,0.0
84,SIAgent3,FEMALE_OLD,110,2808.0,0,0.0
84,SIAgent4,FEMALE_OLD_HIGH_INCOME,16,407.0,0,0.0
84,SIAgent1,FEMALE_OLD_LOW_INCOME,94,2401.0,0,0.0
84,SIAgent2,MALE_YOUNG,92,2353.0,0,0.0
84,SIAgent10,MALE_OLD_LOW_INCOME,70,1795.0,0,0.0
84,SIAgent0,MALE_OLD_LOW_INCOME,70,1795.0,1,25.642857142857142
84,WFAgent0,MALE_OLD_HIGH_INCOME,31,808.0,0,0.0
84,WFAgent1,MALE_OLD_LOW_INCOME,70,1795.0,0,0.0
84,WFAgent2,YOUNG_HIGH_INCOME,30,773.0,0,0.0
84,WFAgent3,FEMALE_LOW_INCOME,172,4381.0,0,0.0
84,WFAgent4,FEMALE_OLD_LOW_INCOME,94,2401.0,0,0.0
84,WFAgent5,YOUNG_HIGH_INCOME,30,773.0,0,0.0
85,WFAgent6,YOUNG_HIGH_INCOME,30,773.0,0,0.0
85,WFAgent7,FEMALE_LOW_INCOME,172,4381.0,0,0.0
85,SIAgent9,YOUNG_LOW_INCOME,150,3816.0,0,0.0
85,SIAgent7,MALE_HIGH_INCOME,52,1325.0,0,0.0
85,SIAgent8,FEMALE_OLD,110,2808.0,0,0.0
85,SIAgent5,MALE_YOUNG,92,2353.0,0,0.0
85,SIAgent6,FEMALE_OLD_HIGH_INCOME,16,407.0,0,0.0
85,SIAgent3,FEMALE_YOUNG_HIGH_INCOME,10,256.0,0,0.0
85,SIAgent4,FEMALE_OLD_LOW_INCOME,94,2401.0,0,0.0
85,SIAgent1,YOUNG_HIGH_INCOME,30,773.0,0,0.0
85,SIAgent2,YOUNG_LOW_INCOME,150,3816.0,1,25.44
85,SIAgent10,FEMALE_OLD_LOW_INCOME,94,2401.0,0,0.0
85,SIAgent0,MALE_YOUNG_LOW_INCOME,72,1836.0,0,0.0
85,WFAgent0,MALE_OLD_HIGH_INCOME,31,808.0,0,0.0
85,WFAgent1,FEMALE_OLD,110,2808.0,0,0.0
85,WFAgent2,MALE_OLD_HIGH_INCOME,31,808.0,0,0.0
85,WFAgent3,MALE_YOUNG,92,2353.0,0,0.0
85,WFAgent4,MALE_YOUNG_LOW_INCOME,72,1836.0,0,0.0
85,WFAgent5,MALE_YOUNG,92,2353.0,0,0.0
86,WFAgent6,FEMALE_OLD_LOW_INCOME,94,2401.0,0,0.0
86,WFAgent7,MALE_LOW_INCOME,143,3631.0,0,0.0
86,SIAgent9,YOUNG_HIGH_INCOME,30,773.0,0,0.0
86,SIAgent7,MALE_OLD,102,2603.0,0,0.0
86,SIAgent8,MALE_OLD_LOW_INCOME,70,1795.0,0,0.0
86,SIAgent5,FEMALE_YOUNG_HIGH_INCOME,10,256.0,0,0.0
86,SIAgent6,MALE_OLD_HIGH_INCOME,31,808.0,0,0.0
86,SIAgent3,MALE_LOW_INCOME,143,3631.0,0,0.0
86,SIAgent4,MALE_HIGH_INCOME,52,1325.0,0,0.0
86,SIAgent1,MALE_YOUNG,92,2353.0,0,0.0
86,SIAgent2,FEMALE_LOW_INCOME,172,4381.0,0,0.0
86,SIAgent10,MALE_OLD_LOW_INCOME,70,1795.0,0,0.0
86,SIAgent0,OLD_LOW_INCOME,165,4196.0,0,0.0
86,WFAgent0,YOUNG_HIGH_INCOME,30,773.0,0,0.0
86,WFAgent1,FEMALE_YOUNG_HIGH_INCOME,10,256.0,0,0.0
86,WFAgent2,FEMALE_YOUNG_HIGH_INCOME,10,256.0,0,0.0
86,WFAgent3,MALE_OLD_HIGH_INCOME,31,808.0,0,0.0
86,WFAgent4,YOUNG_HIGH_INCOME,30,773.0,0,0.0
86,WFAgent5,FEMALE_OLD,110,2808.0,1,0.0
87,WFAgent6,FEMALE_OLD_LOW_INCOME,94,2401.0,0,0.0
87,WFAgent7,YOUNG_HIGH_INCOME,30,773.0,0,0.0
87,SIAgent9,MALE_HIGH_INCOME,52,1325.0,0,0.0
87,SIAgent7,YOUNG_HIGH_INCOME,30,773.0,0,0.0
87,SIAgent8,YOUNG_HIGH_INCOME,30,773.0,0,0.0
87,SIAgent5,MALE_HIGH_INCOME,52,1325.0,0,0.0
87,SIAgent6,MALE_OLD,102,2603.0,0,0.0
87,SIAgent3,MALE_OLD_HIGH_INCOME,31,808.0,0,0.0
87,SIAgent4,MALE_LOW_INCOME,143,3631.0,0,0.0
87,SIAgent1,MALE_YOUNG_LOW_INCOME,72,1836.0,0,0.0
87,SIAgent2,MALE_OLD,102,2603.0,0,0.0
87,SIAgent10,FEMALE_OLD,110,2808.0,0,0.0
87,SIAgent0,MALE_YOUNG,92,2353.0,1,25.5
87,WFAgent0,FEMALE_HIGH_INCOME,26,663.0,0,0.0
87,WFAgent1,FEMALE_OLD_LOW_INCOME,94,2401.0,0,0.0
87,WFAgent2,YOUNG_HIGH_INCOME,30,773.0,0,0.0
87,WFAgent3,FEMALE_HIGH_INCOME,26,663.0,0,0.0
87,WFAgent4,MALE_YOUNG_HIGH_INCOME,20,517.0,0,0.0
87,WFAgent5,MALE_OLD,102,2603.0,0,0.0
88,WFAgent6,FEMALE_OLD_HIGH_INCOME,16,407.0,0,0.0
88,WFAgent7,OLD_HIGH_INCOME,47,1215.0,0,0.0
88,SIAgent9,MALE_YOUNG,92,2353.0,1,25.39160839160839
88,SIAgent7,FEMALE_OLD_LOW_INCOME,94,2401.0,0,0.0
88,SIAgent8,MALE_LOW_INCOME,143,3631.0,0,0.0
88,SIAgent5,FEMALE_YOUNG,88,2236.0,0,0.0
88,SIAgent6,FEMALE_HIGH_INCOME,26,663.0,0,0.0
88,SIAgent3,FEMALE_OLD_LOW_INCOME,94,2401.0,0,0.0
88,SIAgent4,FEMALE_LOW_INCOME,172,4381.0,0,0.0
88,SIAgent1,MALE_LOW_INCOME,143,3631.0,0,0.0
88,SIAgent2,FEMALE_OLD,110,2808.0,0,0.0
88,SIAgent10,FEMALE_OLD_HIGH_INCOME,16,407.0,0,0.0
88,SIAgent0,MALE_HIGH_INCOME,52,1325.0,0,0.0
88,WFAgent0,FEMALE_OLD_HIGH_INCOME,16,407.0,0,0.0
88,WFAgent1,OLD_LOW_INCOME,165,4196.0,0,0.0
88,WFAgent2,MALE_HIGH_INCOME,52,1325.0,0,0.0
88,WFAgent3,MALE_HIGH_INCOME,52,1325.0,0,0.0
88,WFAgent4,MALE_OLD,102,2603.0,0,0.0
88,WFAgent5,MALE_YOUNG_HIGH_INCOME,20,517.0,0,0.0
89,WFAgent6,FEMALE_YOUNG,88,2236.0,0,0.0
89,WFAgent7,MALE_OLD,102,2603.0,0,0.0
89,SIAgent9,MALE_LOW_INCOME,143,3631.0,0,0.0
89,SIAgent7,MALE_OLD,102,2603.0,0,0.0
89,SIAgent8,MALE_YOUNG_LOW_INCOME,72,1836.0,0,0.0
89,SIAgent5,MALE_OLD_HIGH_INCOME,31,808.0,0,0.0
89,SIAgent6,MALE_LOW_INCOME,143,3631.0,0,0.0
89,SIAgent3,FEMALE_OLD_LOW_INCOME,94,2401.0,0,0.0
89,SIAgent4,FEMALE_YOUNG,88,2236.0,0,0.0
89,SIAgent1,MALE_HIGH_INCOME,52,1325.0,0,0.0
89,SIAgent2,MALE_OLD_LOW_INCOME,70,1795.0,0,0.0
89,SIAgent10,MALE_YOUNG,92,2353.0,1,25.5
89,SIAgent0,FEMALE_YOUNG_LOW_INCOME,78,1980.0,0,0.0
89,WFAgent0,FEMALE_YOUNG_HIGH_INCOME,10,256.0,0,0.0
89,WFAgent1,MALE_YOUNG_LOW_INCOME,72,1836.0,0,0.0
89,WFAgent2,MALE_OLD,102,2603.0,0,0.0
89,WFAgent3,FEMALE_YOUNG_HIGH_INCOME,10,256.0,0,0.0
89,WFAgent4,OLD_HIGH_INCOME,47,1215.0,0,0.0
89,WFAgent5,YOUNG_HIGH_INCOME,30,773.0,0,0.0
90,WFAgent6,FEMALE_OLD,110,2808.0,0,0.0
90,WFAgent7,MALE_OLD_HIGH_INCOME,31,808.0,0,0.0
90,SIAgent9,FEMALE_OLD_LOW_INCOME,94,2401.0,0,0.0
90,SIAgent7,FEMALE_HIGH_INCOME,26,663.0,0,0.0
90,SIAgent8,MALE_YOUNG,92,2353.0,0,0.0
90,SIAgent5,MALE_OLD,102,2603.0,0,0.0
90,SIAgent6,MALE_OLD,102,2603.0,0,0.0
90,SIAgent3,MALE_YOUNG_LOW_INCOME,72,1836.0,0,0.0
90,SIAgent4,FEMALE_YOUNG_HIGH_INCOME,10,256.0,0,0.0
90,SIAgent1,MALE_OLD_HIGH_INCOME,31,808.0,0,0.0
90,SIAgent2,FEMALE_OLD,110,2808.0,0,0.0
90,SIAgent10,FEMALE_HIGH_INCOME,26,663.0,0,0.0
90,SIAgent0,MALE_OLD_HIGH_INCOME,31,808.0,0,0.0
90,WFAgent0,OLD_LOW_INCOME,165,4196.0,0,0.0
90,WFAgent1,OLD_LOW_INCOME,165,4196.0,0,0.0
90,WFAgent2,MALE_YOUNG_HIGH_INCOME,20,517.0,0,0.0
90,WFAgent3,FEMALE_OLD_HIGH_INCOME,16,407.0,0,0.0
90,WFAgent4,MALE_OLD_LOW_INCOME,70,1795.0,0,0.0
90,WFAgent5,YOUNG_HIGH_INCOME,30,773.0,0,0.0
91,WFAgent6,MALE_OLD_LOW_INCOME,70,1795.0,0,0.0
91,WFAgent7,FEMALE_LOW_INCOME,172,4381.0,0,0.0
91,SIAgent9,FEMALE_OLD_LOW_INCOME,94,2401.0,0,0.0
91,SIAgent7,FEMALE_LOW_INCOME,172,4381.0,0,0.0
91,SIAgent8,FEMALE_HIGH_INCOME,26,663.0,0,0.0
91,SIAgent5,FEMALE_YOUNG_HIGH_INCOME,10,256.0,0,0.0
91,SIAgent6,MALE_HIGH_INCOME,52,1325.0,0,0.0
91,SIAgent3,FEMALE_HIGH_INCOME,26,663.0,0,0.0
91,SIAgent4,MALE_HIGH_INCOME,52,1325.0,0,0.0
91,SIAgent1,FEMALE_LOW_INCOME,172,4381.0,0,0.0
91,SIAgent2,MALE_YOUNG_HIGH_INCOME,20,517.0,0,0.0
91,SIAgent10,MALE_OLD,102,2603.0,0,0.0
91,SIAgent0,MALE_YOUNG_LOW_INCOME,72,1836.0,1,0.0
91,WFAgent0,FEMALE_OLD_HIGH_INCOME,16,407.0,0,0.0
91,WFAgent1,MALE_YOUNG,92,2353.0,0,0.0
91,WFAgent2,YOUNG_LOW_INCOME,150,3816.0,0,0.0
91,WFAgent3,OLD_HIGH_INCOME,47,1215.0,0,0.0
91,WFAgent4,OLD_HIGH_INCOME,47,1215.0,0,0.0
91,WFAgent5,MALE_LOW_INCOME,143,3631.0,0,0.0
92,WFAgent6,FEMALE_YOUNG,88,2236.0,0,0.0
92,WFAgent7,FEMALE_OLD_LOW_INCOME,94,2401.0,0,0.0
92,SIAgent9,OLD_HIGH_INCOME,47,1215.0,0,0.0
92,SIAgent7,OLD_HIGH_INCOME,47,1215.0,0,0.0
92,SIAgent8,MALE_OLD,102,2603.0,0,0.0
92,SIAgent5,MALE_LOW_INCOME,143,3631.0,0,0.0
92,SIAgent6,MALE_LOW_INCOME,143,3631.0,0,0.0
92,SIAgent3,MALE_OLD,102,2603.0,0,0.0
92,SIAgent4,MALE_HIGH_INCOME,52,1325.0,0,0.0
92,SIAgent1,MALE_OLD_HIGH_INCOME,31,808.0,0,0.0
92,SIAgent2,MALE_OLD,102,2603.0,0,0.0
92,SIAgent10,OLD_HIGH_INCOME,47,1215.0,0,0.0
92,SIAgent0,YOUNG_LOW_INCOME,150,3816.0,1,0.0
92,WFAgent0,FEMALE_OLD_HIGH_INCOME,16,407.0,0,0.0
92,WFAgent1,FEMALE_OLD_LOW_INCOME,94,2401.0,0,0.0
92,WFAgent2,YOUNG_LOW_INCOME,150,3816.0,0,0.0
92,WFAgent3,FEMALE_YOUNG_HIGH_INCOME,10,256.0,0,0.0
92,WFAgent4,FEMALE_LOW_INCOME,172,4381.0,0,0.0
92,WFAgent5,MALE_YOUNG_HIGH_INCOME,20,517.0,0,0.0
93,WFAgent6,YOUNG_LOW_INCOME,150,3816.0,0,0.0
93,WFAgent7,FEMALE_OLD_LOW_INCOME,94,2401.0,0,0.0
93,SIAgent9,FEMALE_YOUNG_HIGH_INCOME,10,256.0,0,0.0
93,SIAgent7,FEMALE_HIGH_INCOME,26,663.0,0,0.0
93,SIAgent8,YOUNG_HIGH_INCOME,30,773.0,0,0.0
93,SIAgent5,YOUNG_LOW_INCOME,150,3816.0,0,0.0
93,SIAgent6,OLD_LOW_INCOME,165,4196.0,0,0.0
93,SIAgent3,FEMALE_OLD_HIGH_INCOME,16,407.0,0,0.0
93,SIAgent4,OLD_LOW_INCOME,165,4196.0,0,0.0
93,SIAgent1,FEMALE_YOUNG_HIGH_INCOME,10,256.0,0,0.0
93,SIAgent2,OLD_LOW_INCOME,165,4196.0,0,0.0
93,SIAgent10,FEMALE_OLD,110,2808.0,0,0.0
93,SIAgent0,MALE_OLD_HIGH_INCOME,31,808.0,0,0.0
93,WFAgent0,MALE_YOUNG_LOW_INCOME,72,1836.0,1,25.44
93,WFAgent1,MALE_YOUNG,92,2353.0,0,0.0
93,WFAgent2,MALE_OLD,102,2603.0,0,0.0
93,WFAgent3,MALE_HIGH_INCOME,52,1325.0,0,0.0
93,WFAgent4,FEMALE_OLD_HIGH_INCOME,16,407.0,0,0.0
93,WFAgent5,MALE_YOUNG,92,2353.0,0,0.0
94,WFAgent6,MALE_HIGH_INCOME,52,1325.0,0,0.0
94,WFAgent7,FEMALE_YOUNG_HIGH_INCOME,10,256.0,0,0.0
94,SIAgent9,YOUNG_HIGH_INCOME,30,773.0,0,0.0
94,SIAgent7,FEMALE_YOUNG_HIGH_INCOME,10,256.0,0,0.0
94,SIAgent8,OLD_LOW_INCOME,165,4196.0,0,0.0
94,SIAgent5,OLD_LOW_INCOME,165,4196.0,0,0.0
94,SIAgent6,OLD_LOW_INCOME,165,4196.0,0,0.0
94,SIAgent3,FEMALE_OLD_HIGH_INCOME,16,407.0,0,0.0
94,SIAgent4,YOUNG_LOW_INCOME,150,3816.0,1,0.0
94,SIAgent1,FEMALE_HIGH_INCOME,26,663.0,0,0.0
94,SIAgent2,OLD_HIGH_INCOME,47,1215.0,0,0.0
94,SIAgent10,FEMALE_YOUNG_HIGH_INCOME,10,256.0,0,0.0
94,SIAgent0,FEMALE_HIGH_INCOME,26,663.0,0,0.0
94,WFAgent0,MALE_LOW_INCOME,143,3631.0,0,0.0
94,WFAgent1,FEMALE_YOUNG_LOW_INCOME,78,1980.0,0,0.0
94,WFAgent2,MALE_LOW_INCOME,143,3631.0,0,0.0
94,WFAgent3,FEMALE_OLD,110,2808.0,0,0.0
94,WFAgent4,FEMALE_YOUNG,88,2236.0,0,0.0
94,WFAgent5,YOUNG_LOW_INCOME,150,3816.0,0,0.0
95,WFAgent6,FEMALE_LOW_INCOME,172,4381.0,0,0.0
95,WFAgent7,MALE_OLD_LOW_INCOME,70,1795.0,0,0.0
95,SIAgent9,YOUNG_HIGH_INCOME,30,773.0,0,0.0
95,SIAgent7,FEMALE_OLD,110,2808.0,0,0.0
95,SIAgent8,FEMALE_YOUNG_LOW_INCOME,78,1980.0,0,0.0
95,SIAgent5,FEMALE_OLD_LOW_INCOME,94,2401.0,1,25.527272727272727
95,SIAgent6,MALE_OLD_LOW_INCOME,70,1795.0,0,0.0
95,SIAgent3,MALE_YOUNG,92,2353.0,0,0.0
95,SIAgent4,YOUNG_LOW_INCOME,150,3816.0,0,0.0
95,SIAgent1,MALE_HIGH_INCOME,52,1325.0,0,0.0
95,SIAgent2,MALE_OLD_HIGH_INCOME,31,808.0,0,0.0
95,SIAgent10,FEMALE_HIGH_INCOME,26,663.0,0,0.0
95,SIAgent0,MALE_YOUNG_LOW_INCOME,72,1836.0,0,0.0
95,WFAgent0,FEMALE_HIGH_INCOME,26,663.0,0,0.0
95,WFAgent1,OLD_LOW_INCOME,165,4196.0,0,0.0
95,WFAgent2,MALE_OLD_LOW_INCOME,70,1795.0,0,0.0
95,WFAgent3,FEMALE_YOUNG_HIGH_INCOME,10,256.0,0,0.0
95,WFAgent4,YOUNG_HIGH_INCOME,30,773.0,0,0.0
95,WFAgent5,FEMALE_YOUNG,88,2236.0,0,0.0
96,WFAgent6,YOUNG_LOW_INCOME,150,3816.0,0,0.0
96,WFAgent7,FEMALE_OLD_HIGH_INCOME,16,407.0,0,0.0
96,SIAgent9,MALE_YOUNG_LOW_INCOME,72,1836.0,0,0.0
96,SIAgent7,MALE_YOUNG_LOW_INCOME,72,1836.0,0,0.0
96,SIAgent8,FEMALE_OLD_HIGH_INCOME,16,407.0,0,0.0
96,SIAgent5,OLD_HIGH_INCOME,47,1215.0,0,0.0
96,SIAgent6,MALE_OLD,102,2603.0,0,0.0
96,SIAgent3,OLD_HIGH_INCOME,47,1215.0,0,0.0
96,SIAgent4,FEMALE_LOW_INCOME,172,4381.0,1,25.40909090909091
96,SIAgent1,FEMALE_OLD_LOW_INCOME,94,2401.0,0,0.0
96,SIAgent2,MALE_OLD_LOW_INCOME,70,1795.0,0,0.0
96,SIAgent10,FEMALE_YOUNG,88,2236.0,0,0.0
96,SIAgent0,FEMALE_HIGH_INCOME,26,663.0,0,0.0
96,WFAgent0,MALE_YOUNG_LOW_INCOME,72,1836.0,0,0.0
96,WFAgent1,FEMALE_YOUNG_HIGH_INCOME,10,256.0,0,0.0
96,WFAgent2,MALE_LOW_INCOME,143,3631.0,0,0.0
96,WFAgent3,OLD_LOW_INCOME,165,4196.0,0,0.0
96,WFAgent4,MALE_YOUNG_LOW_INCOME,72,1836.0,0,0.0
96,WFAgent5,FEMALE_YOUNG_LOW_INCOME,78,1980.0,0,0.0
97,WFAgent6,FEMALE_OLD_LOW_INCOME,94,2401.0,0,0.0
97,WFAgent7,MALE_OLD_HIGH_INCOME,31,808.0,0,0.0
97,SIAgent9,FEMALE_OLD_LOW_INCOME,94,2401.0,0,0.0
97,SIAgent7,FEMALE_YOUNG_LOW_INCOME,78,1980.0,0,0.0
97,SIAgent8,FEMALE_OLD_LOW_INCOME,94,2401.0,0,0.0
97,SIAgent5,FEMALE_YOUNG_HIGH_INCOME,10,256.0,0,0.0
97,SIAgent6,MALE_YOUNG_HIGH_INCOME,20,517.0,0,0.0
97,SIAgent3,FEMALE_LOW_INCOME,172,4381.0,1,25.384615384615383
97,SIAgent4,MALE_OLD_LOW_INCOME,70,1795.0,0,0.0
97,SIAgent1,FEMALE_YOUNG_HIGH_INCOME,10,256.0,0,0.0
97,SIAgent2,MALE_OLD_HIGH_INCOME,31,808.0,0,0.0
97,SIAgent10,MALE_HIGH_INCOME,52,1325.0,0,0.0
97,SIAgent0,FEMALE_HIGH_INCOME,26,663.0,0,0.0
97,WFAgent0,OLD_LOW_INCOME,165,4196.0,0,0.0
97,WFAgent1,MALE_YOUNG,92,2353.0,0,0.0
97,WFAgent2,OLD_LOW_INCOME,165,4196.0,0,0.0
97,WFAgent3,FEMALE_YOUNG_LOW_INCOME,78,1980.0,0,0.0
97,WFAgent4,FEMALE_OLD,110,2808.0,0,0.0
97,WFAgent5,MALE_OLD,102,2603.0,0,0.0
98,WFAgent6,MALE_OLD_LOW_INCOME,70,1795.0,0,0.0
98,WFAgent7,FEMALE_YOUNG_LOW_INCOME,78,1980.0,0,0.0
98,SIAgent9,YOUNG_HIGH_INCOME,30,773.0,0,0.0
98,SIAgent7,FEMALE_YOUNG_LOW_INCOME,78,1980.0,0,0.0
98,SIAgent8,MALE_YOUNG_HIGH_INCOME,20,517.0,0,0.0
98,SIAgent5,MALE_LOW_INCOME,143,3631.0,0,0.0
98,SIAgent6,MALE_YOUNG_LOW_INCOME,72,1836.0,0,0.0
98,SIAgent3,MALE_LOW_INCOME,143,3631.0,0,0.0
98,SIAgent4,FEMALE_HIGH_INCOME,26,663.0,0,0.0
98,SIAgent1,MALE_YOUNG_HIGH_INCOME,20,517.0,0,0.0
98,SIAgent2,MALE_LOW_INCOME,143,3631.0,1,25.39160839160839
98,SIAgent10,MALE_OLD_HIGH_INCOME,31,808.0,0,0.0
98,SIAgent0,MALE_HIGH_INCOME,52,1325.0,0,0.0
98,WFAgent0,FEMALE_YOUNG_LOW_INCOME,78,1980.0,0,0.0
98,WFAgent1,MALE_YOUNG_HIGH_INCOME,20,517.0,0,0.0
98,WFAgent2,MALE_HIGH_INCOME,52,1325.0,0,0.0
98,WFAgent3,MALE_HIGH_INCOME,52,1325.0,0,0.0
98,WFAgent4,FEMALE_YOUNG_LOW_INCOME,78,1980.0,0,0.0
98,WFAgent5,FEMALE_YOUNG_LOW_INCOME,78,1980.0,0,0.0
99,WFAgent6,YOUNG_HIGH_INCOME,30,773.0,0,0.0
99,WFAgent7,MALE_YOUNG_LOW_INCOME,72,1836.0,0,0.0
99,SIAgent9,MALE_YOUNG_HIGH_INCOME,20,517.0,0,0.0
99,SIAgent7,MALE_LOW_INCOME,143,3631.0,0,0.0
99,SIAgent8,MALE_HIGH_INCOME,52,1325.0,0,0.0
99,SIAgent5,MALE_YOUNG_HIGH_INCOME,20,517.0,0,0.0
99,SIAgent6,OLD_LOW_INCOME,165,4196.0,0,0.0
99,SIAgent3,YOUNG_HIGH_INCOME,30,773.0,0,0.0
99,SIAgent4,YOUNG_LOW_INCOME,150,3816.0,0,0.0
99,SIAgent1,MALE_YOUNG_LOW_INCOME,72,1836.0,0,0.0
99,SIAgent2,MALE_YOUNG_LOW_INCOME,72,1836.0,0,0.0
99,SIAgent10,MALE_LOW_INCOME,143,3631.0,0,0.0
99,SIAgent0,MALE_YOUNG_HIGH_INCOME,20,517.0,0,0.0
99,WFAgent0,FEMALE_OLD_LOW_INCOME,94,2401.0,1,25.54255319148936
99,WFAgent1,FEMALE_OLD_LOW_INCOME,94,2401.0,0,0.0
99,WFAgent2,MALE_YOUNG,92,2353.0,0,0.0
99,WFAgent3,MALE_OLD,102,2603.0,0,0.0
99,WFAgent4,MALE_OLD_HIGH_INCOME,31,808.0,0,0.0
99,WFAgent5,MALE_HIGH_INCOME,52,1325.0,0,0.0

