0,WFAgent6,MALE_LOW_INCOME,1452,1452.0,1832,659.5200000000199
0,WFAgent7,FEMALE_OLD_HIGH_INCOME,244,244.0,0,0.0
0,WFAgent0,OLD_HIGH_INCOME,243,243.0,243,243.0
0,WFAgent1,OLD_HIGH_INCOME,729,729.0,1027,506.68000000000967
0,WFAgent2,FEMALE_YOUNG,894,894.0,1020,893.2800000000022
0,WFAgent3,MALE_OLD_HIGH_INCOME,484,484.0,0,0.0
0,WFAgent4,FEMALE_OLD,1684,1684.0,2407,866.5200000000277
0,WFAgent5,FEMALE_LOW_INCOME,1752,1752.0,1217,987.2400000000049
1,WFAgent6,YOUNG_LOW_INCOME,2289,2289.0,0,0.0
1,WFAgent7,YOUNG_LOW_INCOME,763,763.0,1890,680.4000000000207
1,WFAgent0,MALE_HIGH_INCOME,530,530.0,1057,380.52000000000936
1,WFAgent1,FEMALE_YOUNG,1341,1341.0,0,0.0
1,WFAgent2,FEMALE_YOUNG_HIGH_INCOME,153,153.0,131,119.47999999999999
1,WFAgent3,MALE_LOW_INCOME,1452,1452.0,1779,640.4400000000192
1,WFAgent4,FEMALE_YOUNG_HIGH_INCOME,102,102.0,102,102.0
1,WFAgent5,MALE_YOUNG_HIGH_INCOME,206,206.0,255,91.79999999999988
2,WFAgent6,FEMALE_LOW_INCOME,2628,2628.0,4382,1577.51999999988
2,WFAgent7,FEMALE_YOUNG,894,894.0,0,0.0
2,WFAgent0,FEMALE_YOUNG_HIGH_INCOME,102,102.0,262,94.31999999999988
2,WFAgent1,OLD_LOW_INCOME,2517,2517.0,0,0.0
2,WFAgent2,OLD_HIGH_INCOME,486,486.0,1044,375.8400000000092
2,WFAgent3,FEMALE_OLD_HIGH_INCOME,162,162.0,193,69.47999999999992
2,WFAgent4,OLD_LOW_INCOME,839,839.0,1798,647.2800000000194
2,WFAgent5,FEMALE_LOW_INCOME,876,876.0,0,0.0
3,WFAgent6,YOUNG_LOW_INCOME,763,763.0,728,728.0
3,WFAgent7,MALE_YOUNG,470,470.0,525,189.00000000000213
3,WFAgent0,OLD_LOW_INCOME,2517,2517.0,2084,2084.0
3,WFAgent1,FEMALE_LOW_INCOME,876,876.0,0,0.0
3,WFAgent2,MALE_LOW_INCOME,2178,2178.0,1724,1724.0
3,WFAgent3,MALE_YOUNG_LOW_INCOME,367,367.0,367,367.0
3,WFAgent4,OLD_LOW_INCOME,1678,1678.0,1187,1187.0
3,WFAgent5,FEMALE_LOW_INCOME,876,876.0,1981,713.1600000000219
4,WFAgent6,OLD_HIGH_INCOME,729,729.0,738,590.8000000000031
4,WFAgent7,FEMALE_YOUNG,1341,1341.0,1416,509.76000000001426
4,WFAgent0,FEMALE_OLD,561,561.0,561,561.0
4,WFAgent1,MALE_HIGH_INCOME,265,265.0,486,174.9600000000016
4,WFAgent2,MALE_HIGH_INCOME,265,265.0,0,0.0
4,WFAgent3,MALE_OLD_HIGH_INCOME,484,484.0,395,395.0
4,WFAgent4,FEMALE_HIGH_INCOME,132,132.0,271,97.55999999999987
4,WFAgent5,FEMALE_LOW_INCOME,876,876.0,1558,875.7600000000134
5,WFAgent6,FEMALE_HIGH_INCOME,132,132.0,366,131.75999999999996
5,WFAgent7,MALE_YOUNG_LOW_INCOME,734,734.0,1827,657.7200000000198
5,WFAgent0,YOUNG_HIGH_INCOME,463,463.0,491,331.00000000000193
5,WFAgent1,MALE_OLD_LOW_INCOME,359,359.0,997,358.92000000000854
5,WFAgent2,MALE_HIGH_INCOME,265,265.0,265,265.0
5,WFAgent3,FEMALE_OLD_LOW_INCOME,1440,1440.0,0,0.0
5,WFAgent4,MALE_HIGH_INCOME,265,265.0,736,264.960000000005
5,WFAgent5,FEMALE_OLD,1684,1684.0,0,0.0
6,WFAgent6,OLD_LOW_INCOME,2517,2517.0,3084,1886.559999999927
6,WFAgent7,MALE_OLD,520,520.0,0,0.0
6,WFAgent0,FEMALE_LOW_INCOME,1752,1752.0,1027,1027.0
6,WFAgent1,FEMALE_YOUNG,1341,1341.0,1213,1051.080000000002
6,WFAgent2,OLD_HIGH_INCOME,729,729.0,1226,441.36000000001167
6,WFAgent3,FEMALE_LOW_INCOME,2628,2628.0,1110,1110.0
6,WFAgent4,MALE_YOUNG_LOW_INCOME,1101,1101.0,1826,657.3600000000198
6,WFAgent5,FEMALE_OLD,1684,1684.0,0,0.0
7,WFAgent6,MALE_OLD_HIGH_INCOME,161,161.0,447,160.92000000000107
7,WFAgent7,FEMALE_LOW_INCOME,2628,2628.0,3319,1783.6399999999128
7,WFAgent0,YOUNG_LOW_INCOME,1526,1526.0,596,214.5600000000031
7,WFAgent1,MALE_YOUNG,470,470.0,1305,469.80000000001274
7,WFAgent2,MALE_OLD_LOW_INCOME,1077,1077.0,1765,635.400000000019
7,WFAgent3,FEMALE_LOW_INCOME,1752,1752.0,994,994.0
7,WFAgent4,MALE_YOUNG_HIGH_INCOME,310,310.0,524,188.64000000000212
7,WFAgent5,FEMALE_YOUNG_LOW_INCOME,1188,1188.0,0,0.0
8,WFAgent6,FEMALE_OLD_HIGH_INCOME,244,244.0,383,137.8800000000002
8,WFAgent7,FEMALE_OLD_LOW_INCOME,1440,1440.0,1196,1196.0
8,WFAgent0,FEMALE_LOW_INCOME,2628,2628.0,2210,2210.0
8,WFAgent1,MALE_YOUNG_HIGH_INCOME,310,310.0,0,0.0
8,WFAgent2,MALE_OLD,1041,1041.0,2181,785.1600000000246
8,WFAgent3,YOUNG_LOW_INCOME,2289,2289.0,2850,1694.1599999999414
8,WFAgent4,YOUNG_LOW_INCOME,763,763.0,0,0.0
8,WFAgent5,MALE_HIGH_INCOME,795,795.0,928,334.0800000000076
9,WFAgent6,FEMALE_OLD_HIGH_INCOME,244,244.0,0,0.0
9,WFAgent7,YOUNG_HIGH_INCOME,154,154.0,269,96.83999999999988
9,WFAgent0,YOUNG_HIGH_INCOME,463,463.0,250,89.99999999999989
9,WFAgent1,FEMALE_OLD_HIGH_INCOME,162,162.0,391,140.7600000000003
9,WFAgent2,MALE_OLD_HIGH_INCOME,161,161.0,447,160.92000000000107
9,WFAgent3,FEMALE_YOUNG_HIGH_INCOME,153,153.0,247,88.91999999999989
9,WFAgent4,MALE_YOUNG,470,470.0,1305,469.80000000001274
9,WFAgent5,FEMALE_YOUNG,1341,1341.0,1986,714.960000000022
10,WFAgent6,MALE_YOUNG_HIGH_INCOME,103,103.0,286,102.95999999999987
10,WFAgent7,FEMALE_OLD_LOW_INCOME,1440,1440.0,0,0.0
10,WFAgent0,FEMALE_OLD_LOW_INCOME,960,960.0,2447,880.9200000000283
10,WFAgent1,FEMALE_HIGH_INCOME,265,265.0,417,150.12000000000066
10,WFAgent2,FEMALE_LOW_INCOME,876,876.0,2020,727.2000000000224
10,WFAgent3,MALE_YOUNG_LOW_INCOME,734,734.0,1842,663.12000000002
10,WFAgent4,MALE_OLD_HIGH_INCOME,323,323.0,786,282.96000000000566
10,WFAgent5,MALE_OLD_LOW_INCOME,718,718.0,1717,618.1200000000183
11,WFAgent6,FEMALE_LOW_INCOME,876,876.0,2390,860.4000000000275
11,WFAgent7,MALE_OLD_LOW_INCOME,1077,1077.0,1768,636.480000000019
11,WFAgent0,MALE_YOUNG_LOW_INCOME,1101,1101.0,0,0.0
11,WFAgent1,MALE_HIGH_INCOME,265,265.0,415,149.40000000000063
11,WFAgent2,MALE_HIGH_INCOME,265,265.0,395,142.20000000000036
11,WFAgent3,YOUNG_HIGH_INCOME,309,309.0,803,289.0800000000059
11,WFAgent4,FEMALE_YOUNG_LOW_INCOME,396,396.0,1099,395.64000000000993
11,WFAgent5,YOUNG_LOW_INCOME,1526,1526.0,1822,655.9200000000197
12,WFAgent6,FEMALE_YOUNG_HIGH_INCOME,51,51.0,141,50.75999999999994
12,WFAgent7,MALE_OLD,1041,1041.0,2610,939.6000000000305
12,WFAgent0,FEMALE_YOUNG_LOW_INCOME,1188,1188.0,0,0.0
12,WFAgent1,FEMALE_YOUNG_LOW_INCOME,792,792.0,2027,729.7200000000225
12,WFAgent2,OLD_LOW_INCOME,1678,1678.0,2403,865.0800000000277
12,WFAgent3,FEMALE_OLD_LOW_INCOME,960,960.0,0,0.0
12,WFAgent4,OLD_HIGH_INCOME,486,486.0,0,0.0
12,WFAgent5,FEMALE_OLD,1123,1123.0,0,0.0
13,WFAgent6,MALE_YOUNG_LOW_INCOME,367,367.0,367,367.0
13,WFAgent7,MALE_YOUNG_LOW_INCOME,367,367.0,367,367.0
13,WFAgent0,FEMALE_OLD_HIGH_INCOME,244,244.0,429,154.44000000000082
13,WFAgent1,MALE_LOW_INCOME,2178,2178.0,2480,1184.6399999999746
13,WFAgent2,MALE_YOUNG_HIGH_INCOME,206,206.0,572,205.92000000000277
13,WFAgent3,FEMALE_YOUNG_LOW_INCOME,792,792.0,1888,679.6800000000206
13,WFAgent4,MALE_YOUNG,470,470.0,470,470.0
13,WFAgent5,FEMALE_YOUNG_LOW_INCOME,396,396.0,0,0.0
14,WFAgent6,OLD_LOW_INCOME,1678,1678.0,1813,652.6800000000196
14,WFAgent7,FEMALE_YOUNG_LOW_INCOME,396,396.0,396,396.0
14,WFAgent0,MALE_YOUNG_LOW_INCOME,1101,1101.0,0,0.0
14,WFAgent1,YOUNG_LOW_INCOME,1526,1526.0,0,0.0
14,WFAgent2,FEMALE_LOW_INCOME,1752,1752.0,0,0.0
14,WFAgent3,OLD_HIGH_INCOME,729,729.0,802,288.7200000000059
14,WFAgent4,FEMALE_OLD,1123,1123.0,2765,995.4000000000326
14,WFAgent5,FEMALE_LOW_INCOME,1752,1752.0,1601,840.6800000000162
15,WFAgent6,MALE_YOUNG_HIGH_INCOME,310,310.0,0,0.0
15,WFAgent7,MALE_YOUNG,470,470.0,0,0.0
15,WFAgent0,FEMALE_YOUNG,447,447.0,1241,446.76000000001187
15,WFAgent1,YOUNG_LOW_INCOME,2289,2289.0,2736,984.9600000000322
15,WFAgent2,MALE_YOUNG_HIGH_INCOME,310,310.0,460,165.60000000000124
15,WFAgent3,FEMALE_LOW_INCOME,1752,1752.0,2452,882.7200000000283
15,WFAgent4,MALE_OLD_HIGH_INCOME,323,323.0,0,0.0
15,WFAgent5,MALE_OLD_HIGH_INCOME,323,323.0,811,291.960000000006
16,WFAgent6,MALE_YOUNG_LOW_INCOME,1101,1101.0,0,0.0
16,WFAgent7,OLD_HIGH_INCOME,729,729.0,0,0.0
16,WFAgent0,FEMALE_OLD_HIGH_INCOME,244,244.0,0,0.0
16,WFAgent1,MALE_YOUNG_LOW_INCOME,1101,1101.0,0,0.0
16,WFAgent2,OLD_LOW_INCOME,839,839.0,0,0.0
16,WFAgent3,OLD_HIGH_INCOME,729,729.0,0,0.0
16,WFAgent4,FEMALE_OLD,1684,1684.0,2817,1014.1200000000333
16,WFAgent5,YOUNG_LOW_INCOME,763,763.0,1973,710.2800000000218
17,WFAgent6,FEMALE_YOUNG,447,447.0,447,447.0
17,WFAgent7,FEMALE_YOUNG_HIGH_INCOME,153,153.0,241,86.75999999999989
17,WFAgent0,MALE_LOW_INCOME,1452,1452.0,897,322.9200000000072
17,WFAgent1,OLD_HIGH_INCOME,243,243.0,366,131.75999999999996
17,WFAgent2,OLD_LOW_INCOME,1678,1678.0,2392,861.1200000000275
17,WFAgent3,MALE_YOUNG_LOW_INCOME,367,367.0,958,344.880000000008
17,WFAgent4,OLD_HIGH_INCOME,486,486.0,841,302.7600000000064
17,WFAgent5,FEMALE_YOUNG_LOW_INCOME,792,792.0,1417,791.7200000000133
18,WFAgent6,FEMALE_YOUNG_LOW_INCOME,396,396.0,396,396.0
18,WFAgent7,YOUNG_HIGH_INCOME,463,463.0,620,292.32000000000556
18,WFAgent0,FEMALE_OLD,1684,1684.0,1092,393.12000000000984
18,WFAgent1,MALE_YOUNG_HIGH_INCOME,103,103.0,103,103.0
18,WFAgent2,YOUNG_LOW_INCOME,763,763.0,763,763.0
18,WFAgent3,FEMALE_OLD,561,561.0,1558,560.8800000000161
18,WFAgent4,FEMALE_YOUNG_LOW_INCOME,396,396.0,396,396.0
18,WFAgent5,YOUNG_LOW_INCOME,2289,2289.0,2327,1565.399999999889
19,WFAgent6,MALE_OLD,1041,1041.0,1735,624.6000000000186
19,WFAgent7,FEMALE_OLD,1684,1684.0,0,0.0
19,WFAgent0,FEMALE_YOUNG_HIGH_INCOME,102,102.0,255,91.79999999999988
19,WFAgent1,MALE_HIGH_INCOME,795,795.0,1019,563.9600000000081
19,WFAgent2,FEMALE_OLD,1684,1684.0,2902,1044.720000000028
19,WFAgent3,MALE_OLD_HIGH_INCOME,323,323.0,323,323.0
19,WFAgent4,MALE_HIGH_INCOME,530,530.0,0,0.0
19,WFAgent5,FEMALE_OLD_HIGH_INCOME,162,162.0,0,0.0
20,WFAgent6,FEMALE_OLD,1123,1123.0,1599,1122.8399999999785
20,WFAgent7,MALE_HIGH_INCOME,265,265.0,534,192.24000000000225
20,WFAgent0,OLD_LOW_INCOME,839,839.0,839,839.0
20,WFAgent1,MALE_LOW_INCOME,1452,1452.0,3717,1338.1199999999465
20,WFAgent2,MALE_YOUNG_LOW_INCOME,734,734.0,0,0.0
20,WFAgent3,MALE_OLD,1041,1041.0,811,291.960000000006
20,WFAgent4,FEMALE_HIGH_INCOME,265,265.0,0,0.0
20,WFAgent5,FEMALE_OLD_LOW_INCOME,1440,1440.0,0,0.0
21,WFAgent6,OLD_HIGH_INCOME,243,243.0,388,139.68000000000026
21,WFAgent7,MALE_YOUNG_HIGH_INCOME,310,310.0,502,180.72000000000182
21,WFAgent0,OLD_HIGH_INCOME,243,243.0,674,242.64000000000416
21,WFAgent1,OLD_LOW_INCOME,2517,2517.0,4173,1502.2799999999008
21,WFAgent2,OLD_HIGH_INCOME,486,486.0,134,48.239999999999945
21,WFAgent3,OLD_LOW_INCOME,1678,1678.0,0,0.0
21,WFAgent4,YOUNG_HIGH_INCOME,309,309.0,289,104.03999999999986
21,WFAgent5,YOUNG_LOW_INCOME,1526,1526.0,1859,669.2400000000202
22,WFAgent6,MALE_HIGH_INCOME,795,795.0,815,293.40000000000606
22,WFAgent7,MALE_YOUNG,1411,1411.0,1813,652.6800000000196
22,WFAgent0,FEMALE_LOW_INCOME,876,876.0,1242,875.9200000000066
22,WFAgent1,FEMALE_OLD_LOW_INCOME,960,960.0,1379,959.8000000000089
22,WFAgent2,FEMALE_YOUNG_HIGH_INCOME,153,153.0,240,86.39999999999989
22,WFAgent3,MALE_YOUNG_HIGH_INCOME,206,206.0,514,185.04000000000198
22,WFAgent4,FEMALE_OLD_HIGH_INCOME,244,244.0,403,145.08000000000047
22,WFAgent5,FEMALE_LOW_INCOME,1752,1752.0,1790,644.4000000000193
23,WFAgent6,OLD_LOW_INCOME,2517,2517.0,3265,1747.5599999998738
23,WFAgent7,OLD_HIGH_INCOME,486,486.0,772,485.9200000000049
23,WFAgent0,FEMALE_OLD_LOW_INCOME,960,960.0,960,960.0
23,WFAgent1,MALE_YOUNG_LOW_INCOME,367,367.0,1019,366.84000000000884
23,WFAgent2,FEMALE_OLD_LOW_INCOME,1440,1440.0,0,0.0
23,WFAgent3,MALE_OLD_HIGH_INCOME,323,323.0,323,323.0
23,WFAgent4,FEMALE_LOW_INCOME,876,876.0,1895,682.2000000000207
23,WFAgent5,FEMALE_HIGH_INCOME,265,265.0,0,0.0
24,WFAgent6,YOUNG_LOW_INCOME,2289,2289.0,3757,1352.5199999999425
24,WFAgent7,MALE_HIGH_INCOME,265,265.0,511,183.96000000000194
24,WFAgent0,YOUNG_HIGH_INCOME,154,154.0,0,0.0
24,WFAgent1,FEMALE_OLD_LOW_INCOME,1440,1440.0,0,0.0
24,WFAgent2,MALE_OLD_LOW_INCOME,718,718.0,1843,663.48000000002
24,WFAgent3,FEMALE_HIGH_INCOME,132,132.0,208,74.87999999999991
24,WFAgent4,FEMALE_OLD,1123,1123.0,2658,956.8800000000311
24,WFAgent5,MALE_OLD_HIGH_INCOME,161,161.0,447,160.92000000000107
25,WFAgent6,FEMALE_LOW_INCOME,2628,2628.0,0,0.0
25,WFAgent7,OLD_LOW_INCOME,839,839.0,622,622.0
25,WFAgent0,MALE_YOUNG,941,941.0,1834,660.2400000000199
25,WFAgent1,OLD_HIGH_INCOME,243,243.0,418,150.48000000000067
25,WFAgent2,FEMALE_OLD_LOW_INCOME,1440,1440.0,1311,1180.4399999999796
25,WFAgent3,OLD_LOW_INCOME,1678,1678.0,1678,1678.0
25,WFAgent4,FEMALE_YOUNG,1341,1341.0,0,0.0
25,WFAgent5,MALE_OLD,1041,1041.0,1443,927.8000000000094
26,WFAgent6,MALE_YOUNG_LOW_INCOME,1101,1101.0,1780,640.8000000000192
26,WFAgent7,FEMALE_YOUNG,1341,1341.0,1464,1033.2800000000059
26,WFAgent0,MALE_HIGH_INCOME,265,265.0,434,156.2400000000009
26,WFAgent1,FEMALE_YOUNG_LOW_INCOME,792,792.0,792,792.0
26,WFAgent2,MALE_HIGH_INCOME,530,530.0,394,141.84000000000034
26,WFAgent3,OLD_LOW_INCOME,1678,1678.0,2114,761.0400000000237
26,WFAgent4,OLD_LOW_INCOME,839,839.0,2063,742.680000000023
26,WFAgent5,MALE_YOUNG_HIGH_INCOME,206,206.0,524,188.64000000000212
27,WFAgent6,FEMALE_HIGH_INCOME,132,132.0,247,88.91999999999989
27,WFAgent7,YOUNG_LOW_INCOME,763,763.0,763,763.0
27,WFAgent0,YOUNG_LOW_INCOME,763,763.0,756,739.3600000000004
27,WFAgent1,MALE_YOUNG_LOW_INCOME,367,367.0,367,367.0
27,WFAgent2,FEMALE_YOUNG,1341,1341.0,2064,743.040000000023
27,WFAgent3,FEMALE_OLD_HIGH_INCOME,162,162.0,0,0.0
27,WFAgent4,FEMALE_OLD_HIGH_INCOME,162,162.0,388,139.68000000000026
27,WFAgent5,MALE_OLD_HIGH_INCOME,484,484.0,827,297.7200000000062
28,WFAgent6,FEMALE_HIGH_INCOME,132,132.0,34,12.24
28,WFAgent7,MALE_OLD_HIGH_INCOME,323,323.0,323,323.0
28,WFAgent0,OLD_HIGH_INCOME,486,486.0,809,485.8000000000055
28,WFAgent1,FEMALE_OLD,561,561.0,1558,560.8800000000161
28,WFAgent2,MALE_LOW_INCOME,726,726.0,0,0.0
28,WFAgent3,MALE_OLD,1041,1041.0,932,888.4800000000009
28,WFAgent4,MALE_LOW_INCOME,2178,2178.0,2680,1507.5199999999595
28,WFAgent5,FEMALE_OLD_HIGH_INCOME,81,81.0,0,0.0
29,WFAgent6,OLD_LOW_INCOME,1678,1678.0,2408,866.8800000000277
29,WFAgent7,MALE_OLD,520,520.0,793,285.48000000000576
29,WFAgent0,FEMALE_HIGH_INCOME,397,397.0,407,146.52000000000052
29,WFAgent1,FEMALE_YOUNG_LOW_INCOME,1188,1188.0,0,0.0
29,WFAgent2,MALE_YOUNG_HIGH_INCOME,310,310.0,342,265.8400000000016
29,WFAgent3,FEMALE_YOUNG,894,894.0,2194,789.8400000000248
29,WFAgent4,FEMALE_YOUNG_LOW_INCOME,792,792.0,0,0.0
29,WFAgent5,MALE_YOUNG_HIGH_INCOME,206,206.0,206,206.0
30,WFAgent6,FEMALE_OLD,1684,1684.0,0,0.0
30,WFAgent7,OLD_LOW_INCOME,1678,1678.0,1838,661.68000000002
30,WFAgent0,FEMALE_HIGH_INCOME,397,397.0,0,0.0
30,WFAgent1,FEMALE_LOW_INCOME,2628,2628.0,0,0.0
30,WFAgent2,FEMALE_YOUNG,1341,1341.0,0,0.0
30,WFAgent3,FEMALE_OLD_LOW_INCOME,480,480.0,1333,479.8800000000131
30,WFAgent4,FEMALE_LOW_INCOME,876,876.0,1968,708.4800000000217
30,WFAgent5,YOUNG_LOW_INCOME,2289,2289.0,1868,672.4800000000204
31,WFAgent6,YOUNG_LOW_INCOME,1526,1526.0,3836,1380.9599999999346
31,WFAgent7,FEMALE_YOUNG_LOW_INCOME,1188,1188.0,0,0.0
31,WFAgent0,MALE_YOUNG_LOW_INCOME,1101,1101.0,0,0.0
31,WFAgent1,MALE_YOUNG_HIGH_INCOME,310,310.0,530,190.8000000000022
31,WFAgent2,MALE_YOUNG,1411,1411.0,0,0.0
31,WFAgent3,MALE_YOUNG_HIGH_INCOME,103,103.0,0,0.0
31,WFAgent4,MALE_LOW_INCOME,1452,1452.0,1733,623.8800000000185
31,WFAgent5,FEMALE_YOUNG_HIGH_INCOME,102,102.0,280,100.79999999999987
32,WFAgent6,YOUNG_HIGH_INCOME,309,309.0,541,194.76000000000235
32,WFAgent7,MALE_YOUNG,470,470.0,470,470.0
32,WFAgent0,YOUNG_LOW_INCOME,1526,1526.0,1372,799.2000000000122
32,WFAgent1,FEMALE_OLD_LOW_INCOME,1440,1440.0,2321,835.5600000000265
32,WFAgent2,FEMALE_YOUNG,447,447.0,447,447.0
32,WFAgent3,FEMALE_LOW_INCOME,876,876.0,1086,668.0800000000089
32,WFAgent4,FEMALE_OLD,1123,1123.0,428,154.0800000000008
32,WFAgent5,FEMALE_YOUNG,447,447.0,447,447.0
33,WFAgent6,YOUNG_LOW_INCOME,2289,2289.0,1979,1834.9999999999775
33,WFAgent7,MALE_LOW_INCOME,2178,2178.0,0,0.0
33,WFAgent0,FEMALE_OLD_LOW_INCOME,960,960.0,2426,873.360000000028
33,WFAgent1,OLD_HIGH_INCOME,243,243.0,425,153.00000000000077
33,WFAgent2,MALE_LOW_INCOME,1452,1452.0,898,898.0
33,WFAgent3,FEMALE_YOUNG,894,894.0,0,0.0
33,WFAgent4,FEMALE_YOUNG,894,894.0,894,894.0
33,WFAgent5,MALE_LOW_INCOME,726,726.0,0,0.0
34,WFAgent6,FEMALE_YOUNG_LOW_INCOME,396,396.0,1099,395.64000000000993
34,WFAgent7,FEMALE_LOW_INCOME,1752,1752.0,1806,1280.5599999999808
34,WFAgent0,FEMALE_OLD_LOW_INCOME,1440,1440.0,1046,1046.0
34,WFAgent1,MALE_LOW_INCOME,726,726.0,947,340.92000000000786
34,WFAgent2,MALE_YOUNG,470,470.0,879,316.44000000000693
34,WFAgent3,YOUNG_HIGH_INCOME,463,463.0,0,0.0
34,WFAgent4,YOUNG_HIGH_INCOME,463,463.0,491,176.76000000000167
34,WFAgent5,FEMALE_OLD,561,561.0,706,560.0800000000023
35,WFAgent6,MALE_YOUNG_LOW_INCOME,734,734.0,1821,655.5600000000197
35,WFAgent7,FEMALE_OLD,561,561.0,561,561.0
35,WFAgent0,FEMALE_OLD,1684,1684.0,2257,1187.559999999971
35,WFAgent1,MALE_YOUNG_HIGH_INCOME,206,206.0,390,202.48000000000278
35,WFAgent2,MALE_YOUNG_HIGH_INCOME,103,103.0,103,103.0
35,WFAgent3,FEMALE_LOW_INCOME,876,876.0,1990,716.400000000022
35,WFAgent4,FEMALE_HIGH_INCOME,132,132.0,0,0.0
35,WFAgent5,FEMALE_YOUNG_HIGH_INCOME,153,153.0,247,88.91999999999989
36,WFAgent6,OLD_LOW_INCOME,1678,1678.0,880,880.0
36,WFAgent7,MALE_YOUNG_HIGH_INCOME,103,103.0,286,102.95999999999987
36,WFAgent0,FEMALE_YOUNG,1341,1341.0,1099,927.4800000000037
36,WFAgent1,MALE_OLD,1561,1561.0,1689,1171.2399999999984
36,WFAgent2,FEMALE_OLD_LOW_INCOME,480,480.0,0,0.0
36,WFAgent3,FEMALE_OLD_LOW_INCOME,960,960.0,0,0.0
36,WFAgent4,FEMALE_YOUNG,894,894.0,894,894.0
36,WFAgent5,FEMALE_OLD,1684,1684.0,2836,1020.9600000000336
37,WFAgent6,YOUNG_HIGH_INCOME,463,463.0,837,301.32000000000636
37,WFAgent7,MALE_HIGH_INCOME,265,265.0,0,0.0
37,WFAgent0,MALE_OLD,1041,1041.0,1489,1040.360000000007
37,WFAgent1,FEMALE_HIGH_INCOME,132,132.0,366,131.75999999999996
37,WFAgent2,MALE_LOW_INCOME,2178,2178.0,0,0.0
37,WFAgent3,MALE_YOUNG,470,470.0,0,0.0
37,WFAgent4,MALE_OLD_LOW_INCOME,1077,1077.0,1026,872.4000000000033
37,WFAgent5,MALE_LOW_INCOME,1452,1452.0,1777,639.7200000000191
38,WFAgent6,FEMALE_YOUNG_HIGH_INCOME,51,51.0,141,50.75999999999994
38,WFAgent7,MALE_LOW_INCOME,726,726.0,0,0.0
38,WFAgent0,MALE_OLD_LOW_INCOME,1077,1077.0,0,0.0
38,WFAgent1,FEMALE_OLD,1123,1123.0,2773,998.2800000000327
38,WFAgent2,MALE_OLD_LOW_INCOME,1077,1077.0,1803,649.0800000000195
38,WFAgent3,MALE_LOW_INCOME,1452,1452.0,1881,677.1600000000205
38,WFAgent4,MALE_LOW_INCOME,2178,2178.0,0,0.0
38,WFAgent5,MALE_HIGH_INCOME,265,265.0,523,188.2800000000021
39,WFAgent6,FEMALE_YOUNG_LOW_INCOME,792,792.0,1979,712.4400000000219
39,WFAgent7,FEMALE_LOW_INCOME,876,876.0,1113,400.6800000000101
39,WFAgent0,YOUNG_LOW_INCOME,2289,2289.0,0,0.0
39,WFAgent1,MALE_HIGH_INCOME,265,265.0,527,189.72000000000216
39,WFAgent2,FEMALE_YOUNG_HIGH_INCOME,51,51.0,141,50.75999999999994
39,WFAgent3,MALE_YOUNG,470,470.0,1305,469.80000000001274
39,WFAgent4,FEMALE_OLD_LOW_INCOME,480,480.0,1333,479.8800000000131
39,WFAgent5,OLD_HIGH_INCOME,243,243.0,390,140.4000000000003
40,WFAgent6,MALE_YOUNG_HIGH_INCOME,206,206.0,505,181.80000000000186
40,WFAgent7,FEMALE_YOUNG_LOW_INCOME,396,396.0,0,0.0
40,WFAgent0,FEMALE_YOUNG_HIGH_INCOME,102,102.0,263,94.67999999999988
40,WFAgent1,MALE_LOW_INCOME,726,726.0,1867,672.1200000000204
40,WFAgent2,MALE_OLD_HIGH_INCOME,484,484.0,889,320.04000000000707
40,WFAgent3,MALE_YOUNG_HIGH_INCOME,310,310.0,0,0.0
40,WFAgent4,FEMALE_YOUNG_LOW_INCOME,1188,1188.0,0,0.0
40,WFAgent5,FEMALE_YOUNG_LOW_INCOME,1188,1188.0,1942,699.1200000000214
41,WFAgent6,YOUNG_LOW_INCOME,2289,2289.0,3924,1412.6399999999257
41,WFAgent7,MALE_OLD_LOW_INCOME,359,359.0,359,359.0
41,WFAgent0,FEMALE_OLD,561,561.0,1558,560.8800000000161
41,WFAgent1,FEMALE_HIGH_INCOME,265,265.0,117,117.0
41,WFAgent2,FEMALE_HIGH_INCOME,265,265.0,141,141.0
41,WFAgent3,MALE_YOUNG_HIGH_INCOME,310,310.0,482,173.52000000000155
41,WFAgent4,MALE_OLD_LOW_INCOME,718,718.0,1366,717.6800000000138
41,WFAgent5,FEMALE_OLD_HIGH_INCOME,162,162.0,127,127.0
42,WFAgent6,OLD_LOW_INCOME,839,839.0,0,0.0
42,WFAgent7,OLD_LOW_INCOME,2517,2517.0,3010,1466.9599999999475
42,WFAgent0,MALE_YOUNG,1411,1411.0,0,0.0
42,WFAgent1,MALE_OLD,1041,1041.0,1378,877.5200000000091
42,WFAgent2,FEMALE_YOUNG_LOW_INCOME,396,396.0,1099,395.64000000000993
42,WFAgent3,MALE_LOW_INCOME,2178,2178.0,2431,1273.879999999982
42,WFAgent4,FEMALE_OLD,561,561.0,402,144.72000000000045
42,WFAgent5,FEMALE_OLD_LOW_INCOME,480,480.0,0,0.0
43,WFAgent6,FEMALE_OLD_HIGH_INCOME,162,162.0,407,146.52000000000052
43,WFAgent7,MALE_OLD_HIGH_INCOME,323,323.0,0,0.0
43,WFAgent0,MALE_OLD_LOW_INCOME,359,359.0,359,359.0
43,WFAgent1,MALE_OLD,1561,1561.0,1523,1019.960000000009
43,WFAgent2,MALE_YOUNG_LOW_INCOME,367,367.0,0,0.0
43,WFAgent3,MALE_LOW_INCOME,2178,2178.0,2447,1354.5199999999813
43,WFAgent4,FEMALE_YOUNG_HIGH_INCOME,153,153.0,269,96.83999999999988
43,WFAgent5,FEMALE_OLD_HIGH_INCOME,162,162.0,0,0.0
44,WFAgent6,MALE_OLD,1041,1041.0,1461,975.2400000000084
44,WFAgent7,FEMALE_OLD_LOW_INCOME,480,480.0,1333,479.8800000000131
44,WFAgent0,FEMALE_YOUNG_LOW_INCOME,792,792.0,2037,733.3200000000227
44,WFAgent1,YOUNG_HIGH_INCOME,154,154.0,427,153.7200000000008
44,WFAgent2,FEMALE_HIGH_INCOME,265,265.0,410,147.60000000000056
44,WFAgent3,MALE_LOW_INCOME,726,726.0,1828,658.0800000000198
44,WFAgent4,MALE_OLD_LOW_INCOME,1077,1077.0,686,686.0
44,WFAgent5,MALE_OLD_LOW_INCOME,359,359.0,359,359.0
45,WFAgent6,MALE_OLD_HIGH_INCOME,161,161.0,447,160.92000000000107
45,WFAgent7,MALE_YOUNG,1411,1411.0,1139,803.6400000000058
45,WFAgent0,FEMALE_YOUNG_HIGH_INCOME,51,51.0,58,50.959999999999994
45,WFAgent1,MALE_YOUNG_LOW_INCOME,734,734.0,639,639.0
45,WFAgent2,FEMALE_HIGH_INCOME,132,132.0,366,131.75999999999996
45,WFAgent3,FEMALE_YOUNG_HIGH_INCOME,51,51.0,51,51.0
45,WFAgent4,MALE_LOW_INCOME,2178,2178.0,2411,1273.719999999985
45,WFAgent5,FEMALE_YOUNG_LOW_INCOME,792,792.0,1969,708.8400000000217
46,WFAgent6,YOUNG_HIGH_INCOME,309,309.0,534,192.24000000000225
46,WFAgent7,YOUNG_LOW_INCOME,1526,1526.0,922,922.0
46,WFAgent0,MALE_OLD_HIGH_INCOME,161,161.0,447,160.92000000000107
46,WFAgent1,MALE_YOUNG_LOW_INCOME,734,734.0,0,0.0
46,WFAgent2,FEMALE_YOUNG_LOW_INCOME,396,396.0,1099,395.64000000000993
46,WFAgent3,MALE_OLD_LOW_INCOME,718,718.0,1804,649.4400000000195
46,WFAgent4,MALE_LOW_INCOME,1452,1452.0,911,911.0
46,WFAgent5,FEMALE_OLD_LOW_INCOME,480,480.0,1333,479.8800000000131
47,WFAgent6,FEMALE_HIGH_INCOME,265,265.0,449,161.6400000000011
47,WFAgent7,MALE_YOUNG_HIGH_INCOME,310,310.0,432,219.52000000000342
47,WFAgent0,MALE_YOUNG_HIGH_INCOME,103,103.0,103,103.0
47,WFAgent1,MALE_YOUNG_LOW_INCOME,367,367.0,892,321.1200000000071
47,WFAgent2,MALE_LOW_INCOME,2178,2178.0,2742,987.1200000000323
47,WFAgent3,MALE_OLD_HIGH_INCOME,323,323.0,836,300.96000000000635
47,WFAgent4,YOUNG_HIGH_INCOME,154,154.0,245,88.19999999999989
47,WFAgent5,FEMALE_YOUNG,447,447.0,1241,446.76000000001187
48,WFAgent6,MALE_YOUNG_LOW_INCOME,734,734.0,734,734.0
48,WFAgent7,MALE_LOW_INCOME,2178,2178.0,0,0.0
48,WFAgent0,FEMALE_YOUNG,894,894.0,1941,698.7600000000214
48,WFAgent1,MALE_HIGH_INCOME,530,530.0,0,0.0
48,WFAgent2,OLD_HIGH_INCOME,729,729.0,430,154.80000000000084
48,WFAgent3,MALE_YOUNG,941,941.0,1106,850.6400000000054
48,WFAgent4,FEMALE_YOUNG_HIGH_INCOME,153,153.0,246,88.55999999999989
48,WFAgent5,MALE_OLD,1041,1041.0,2623,944.2800000000307
49,WFAgent6,MALE_HIGH_INCOME,265,265.0,533,191.88000000000224
49,WFAgent7,FEMALE_YOUNG_HIGH_INCOME,102,102.0,0,0.0
49,WFAgent0,MALE_YOUNG_LOW_INCOME,1101,1101.0,1790,644.4000000000193
49,WFAgent1,FEMALE_OLD,561,561.0,1558,560.8800000000161
49,WFAgent2,YOUNG_LOW_INCOME,763,763.0,1958,704.8800000000216
49,WFAgent3,FEMALE_YOUNG_HIGH_INCOME,51,51.0,0,0.0
49,WFAgent4,FEMALE_YOUNG_HIGH_INCOME,153,153.0,258,92.87999999999988
49,WFAgent5,FEMALE_YOUNG_HIGH_INCOME,102,102.0,0,0.0
50,WFAgent6,FEMALE_OLD,1684,1684.0,2620,1043.0400000000238
50,WFAgent7,MALE_LOW_INCOME,726,726.0,1862,670.3200000000203
50,WFAgent0,YOUNG_HIGH_INCOME,463,463.0,543,195.48000000000238
50,WFAgent1,OLD_LOW_INCOME,1678,1678.0,1764,635.040000000019
50,WFAgent2,YOUNG_HIGH_INCOME,463,463.0,0,0.0
50,WFAgent3,FEMALE_HIGH_INCOME,132,132.0,250,89.99999999999989
50,WFAgent4,FEMALE_YOUNG_LOW_INCOME,396,396.0,1099,395.64000000000993
50,WFAgent5,FEMALE_OLD_HIGH_INCOME,162,162.0,162,162.0
51,WFAgent6,MALE_YOUNG_LOW_INCOME,734,734.0,1790,644.4000000000193
51,WFAgent7,FEMALE_OLD_HIGH_INCOME,81,81.0,225,80.9999999999999
51,WFAgent0,OLD_LOW_INCOME,1678,1678.0,2456,884.1600000000284
51,WFAgent1,MALE_OLD_LOW_INCOME,359,359.0,359,359.0
51,WFAgent2,MALE_OLD_LOW_INCOME,359,359.0,0,0.0
51,WFAgent3,MALE_OLD_LOW_INCOME,1077,1077.0,0,0.0
51,WFAgent4,MALE_YOUNG_HIGH_INCOME,103,103.0,286,102.95999999999987
51,WFAgent5,MALE_OLD_LOW_INCOME,1077,1077.0,1465,773.1600000000147
52,WFAgent6,FEMALE_HIGH_INCOME,265,265.0,421,151.5600000000007
52,WFAgent7,MALE_YOUNG_HIGH_INCOME,310,310.0,0,0.0
52,WFAgent0,MALE_OLD_HIGH_INCOME,323,323.0,420,151.2000000000007
52,WFAgent1,YOUNG_LOW_INCOME,1526,1526.0,872,872.0
52,WFAgent2,YOUNG_LOW_INCOME,1526,1526.0,970,970.0
52,WFAgent3,FEMALE_LOW_INCOME,2628,2628.0,4361,1569.959999999882
52,WFAgent4,MALE_HIGH_INCOME,530,530.0,743,383.96000000000583
52,WFAgent5,YOUNG_HIGH_INCOME,154,154.0,154,154.0
53,WFAgent6,FEMALE_LOW_INCOME,1752,1752.0,1111,399.9600000000101
53,WFAgent7,MALE_LOW_INCOME,726,726.0,1836,660.9600000000199
53,WFAgent0,MALE_OLD_LOW_INCOME,718,718.0,1790,644.4000000000193
53,WFAgent1,MALE_OLD_HIGH_INCOME,323,323.0,0,0.0
53,WFAgent2,FEMALE_LOW_INCOME,876,876.0,1992,717.1200000000221
53,WFAgent3,FEMALE_OLD_HIGH_INCOME,244,244.0,0,0.0
53,WFAgent4,MALE_OLD,1041,1041.0,798,287.2800000000058
53,WFAgent5,FEMALE_OLD,561,561.0,1558,560.8800000000161
54,WFAgent6,FEMALE_YOUNG_HIGH_INCOME,102,102.0,97,97.0
54,WFAgent7,FEMALE_YOUNG_LOW_INCOME,792,792.0,1971,709.5600000000218
54,WFAgent0,MALE_YOUNG_LOW_INCOME,1101,1101.0,0,0.0
54,WFAgent1,FEMALE_OLD,561,561.0,1186,426.9600000000111
54,WFAgent2,FEMALE_YOUNG_HIGH_INCOME,153,153.0,115,115.0
54,WFAgent3,YOUNG_LOW_INCOME,2289,2289.0,1847,664.9200000000201
54,WFAgent4,FEMALE_OLD,1123,1123.0,1172,421.92000000001093
54,WFAgent5,MALE_HIGH_INCOME,795,795.0,1342,483.12000000001325
55,WFAgent6,MALE_YOUNG_HIGH_INCOME,310,310.0,267,267.0
55,WFAgent7,YOUNG_HIGH_INCOME,309,309.0,247,247.0
55,WFAgent0,FEMALE_YOUNG_LOW_INCOME,792,792.0,1946,700.5600000000214
55,WFAgent1,FEMALE_HIGH_INCOME,132,132.0,366,131.75999999999996
55,WFAgent2,FEMALE_LOW_INCOME,876,876.0,0,0.0
55,WFAgent3,MALE_LOW_INCOME,1452,1452.0,1813,652.6800000000196
55,WFAgent4,MALE_LOW_INCOME,726,726.0,0,0.0
55,WFAgent5,MALE_LOW_INCOME,2178,2178.0,0,0.0
56,WFAgent6,OLD_HIGH_INCOME,729,729.0,0,0.0
56,WFAgent7,OLD_HIGH_INCOME,729,729.0,0,0.0
56,WFAgent0,FEMALE_HIGH_INCOME,397,397.0,0,0.0
56,WFAgent1,FEMALE_YOUNG_LOW_INCOME,1188,1188.0,1907,686.5200000000209
56,WFAgent2,MALE_HIGH_INCOME,795,795.0,911,327.96000000000737
56,WFAgent3,MALE_OLD_HIGH_INCOME,161,161.0,447,160.92000000000107
56,WFAgent4,FEMALE_OLD_LOW_INCOME,960,960.0,2367,852.1200000000272
56,WFAgent5,MALE_OLD_LOW_INCOME,718,718.0,1798,647.2800000000194
57,WFAgent6,MALE_OLD_LOW_INCOME,1077,1077.0,1829,658.4400000000198
57,WFAgent7,MALE_OLD_HIGH_INCOME,484,484.0,788,283.6800000000057
57,WFAgent0,MALE_HIGH_INCOME,795,795.0,400,226.5600000000037
57,WFAgent1,MALE_YOUNG,1411,1411.0,1406,842.160000000012
57,WFAgent2,MALE_YOUNG_HIGH_INCOME,103,103.0,103,103.0
57,WFAgent3,MALE_YOUNG,470,470.0,470,470.0
57,WFAgent4,FEMALE_OLD_HIGH_INCOME,162,162.0,441,158.76000000000099
57,WFAgent5,FEMALE_YOUNG_HIGH_INCOME,51,51.0,141,50.75999999999994
58,WFAgent6,FEMALE_LOW_INCOME,2628,2628.0,4394,1581.8399999998787
58,WFAgent7,MALE_OLD_HIGH_INCOME,161,161.0,430,154.80000000000084
58,WFAgent0,MALE_HIGH_INCOME,530,530.0,917,330.12000000000745
58,WFAgent1,MALE_YOUNG_HIGH_INCOME,206,206.0,0,0.0
58,WFAgent2,FEMALE_HIGH_INCOME,132,132.0,366,131.75999999999996
58,WFAgent3,OLD_LOW_INCOME,1678,1678.0,864,311.0400000000067
58,WFAgent4,MALE_OLD,520,520.0,900,324.0000000000072
58,WFAgent5,FEMALE_OLD,561,561.0,0,0.0
59,WFAgent6,FEMALE_OLD_LOW_INCOME,960,960.0,960,960.0
59,WFAgent7,FEMALE_LOW_INCOME,1752,1752.0,1941,698.7600000000214
59,WFAgent0,YOUNG_HIGH_INCOME,463,463.0,519,186.84000000000205
59,WFAgent1,FEMALE_OLD_LOW_INCOME,1440,1440.0,1412,1113.759999999978
59,WFAgent2,MALE_YOUNG_LOW_INCOME,1101,1101.0,874,874.0
59,WFAgent3,FEMALE_HIGH_INCOME,397,397.0,413,148.6800000000006
59,WFAgent4,MALE_YOUNG,1411,1411.0,950,950.0
59,WFAgent5,FEMALE_OLD,1684,1684.0,0,0.0
60,WFAgent6,YOUNG_LOW_INCOME,2289,2289.0,1969,708.8400000000217
60,WFAgent7,MALE_OLD_HIGH_INCOME,323,323.0,430,154.80000000000084
60,WFAgent0,MALE_OLD_LOW_INCOME,718,718.0,1783,641.8800000000192
60,WFAgent1,MALE_YOUNG,1411,1411.0,2336,840.9600000000268
60,WFAgent2,FEMALE_OLD_HIGH_INCOME,81,81.0,225,80.9999999999999
60,WFAgent3,MALE_YOUNG_LOW_INCOME,367,367.0,0,0.0
60,WFAgent4,FEMALE_YOUNG_LOW_INCOME,1188,1188.0,0,0.0
60,WFAgent5,OLD_HIGH_INCOME,729,729.0,587,211.32000000000298
61,WFAgent6,MALE_OLD_LOW_INCOME,718,718.0,718,718.0
61,WFAgent7,MALE_HIGH_INCOME,265,265.0,582,209.5200000000029
61,WFAgent0,MALE_YOUNG,941,941.0,1805,649.8000000000195
61,WFAgent1,FEMALE_OLD_HIGH_INCOME,81,81.0,225,80.9999999999999
61,WFAgent2,FEMALE_OLD_LOW_INCOME,960,960.0,815,815.0
61,WFAgent3,FEMALE_OLD_LOW_INCOME,960,960.0,769,769.0
61,WFAgent4,FEMALE_YOUNG_HIGH_INCOME,102,102.0,262,94.31999999999988
61,WFAgent5,OLD_LOW_INCOME,1678,1678.0,1850,1613.839999999963
62,WFAgent6,MALE_OLD_HIGH_INCOME,161,161.0,194,160.7200000000007
62,WFAgent7,MALE_OLD_HIGH_INCOME,161,161.0,161,161.0
62,WFAgent0,FEMALE_YOUNG_LOW_INCOME,1188,1188.0,1994,717.8400000000221
62,WFAgent1,MALE_LOW_INCOME,726,726.0,2016,725.7600000000224
62,WFAgent2,FEMALE_YOUNG,894,894.0,0,0.0
62,WFAgent3,YOUNG_LOW_INCOME,1526,1526.0,0,0.0
62,WFAgent4,OLD_HIGH_INCOME,486,486.0,870,313.2000000000068
62,WFAgent5,OLD_LOW_INCOME,2517,2517.0,3452,1242.719999999973
63,WFAgent6,MALE_HIGH_INCOME,265,265.0,579,208.44000000000287
63,WFAgent7,FEMALE_YOUNG,1341,1341.0,0,0.0
63,WFAgent0,FEMALE_OLD_LOW_INCOME,960,960.0,2377,855.7200000000273
63,WFAgent1,FEMALE_OLD_LOW_INCOME,960,960.0,0,0.0
63,WFAgent2,FEMALE_YOUNG,894,894.0,231,83.1599999999999
63,WFAgent3,FEMALE_LOW_INCOME,1752,1752.0,1978,712.0800000000219
63,WFAgent4,YOUNG_LOW_INCOME,763,763.0,1835,660.6000000000199
63,WFAgent5,MALE_HIGH_INCOME,530,530.0,809,291.240000000006
64,WFAgent6,MALE_OLD_LOW_INCOME,1077,1077.0,889,889.0
64,WFAgent7,FEMALE_OLD,1684,1684.0,1679,1399.959999999993
64,WFAgent0,MALE_YOUNG_HIGH_INCOME,310,310.0,284,264.8000000000004
64,WFAgent1,MALE_YOUNG_LOW_INCOME,1101,1101.0,1763,634.6800000000189
64,WFAgent2,YOUNG_LOW_INCOME,1526,1526.0,1964,707.0400000000217
64,WFAgent3,YOUNG_HIGH_INCOME,309,309.0,460,308.32000000000187
64,WFAgent4,OLD_LOW_INCOME,2517,2517.0,2111,2111.0
64,WFAgent5,MALE_OLD_HIGH_INCOME,484,484.0,833,299.8800000000063
65,WFAgent6,MALE_LOW_INCOME,1452,1452.0,1810,651.6000000000196
65,WFAgent7,FEMALE_OLD_LOW_INCOME,1440,1440.0,2469,888.8400000000286
65,WFAgent0,OLD_HIGH_INCOME,729,729.0,542,542.0
65,WFAgent1,MALE_HIGH_INCOME,795,795.0,916,588.3200000000055
65,WFAgent2,FEMALE_YOUNG_LOW_INCOME,396,396.0,1099,395.64000000000993
65,WFAgent3,FEMALE_OLD,1684,1684.0,0,0.0
65,WFAgent4,OLD_HIGH_INCOME,243,243.0,0,0.0
65,WFAgent5,OLD_HIGH_INCOME,243,243.0,206,206.0
66,WFAgent6,MALE_HIGH_INCOME,530,530.0,1279,460.4400000000124
66,WFAgent7,OLD_HIGH_INCOME,486,486.0,0,0.0
66,WFAgent0,FEMALE_OLD_LOW_INCOME,480,480.0,0,0.0
66,WFAgent1,MALE_LOW_INCOME,1452,1452.0,1855,667.8000000000202
66,WFAgent2,FEMALE_HIGH_INCOME,132,132.0,366,131.75999999999996
66,WFAgent3,FEMALE_YOUNG_HIGH_INCOME,51,51.0,141,50.75999999999994
66,WFAgent4,FEMALE_OLD,1684,1684.0,2367,852.1200000000272
66,WFAgent5,MALE_OLD_LOW_INCOME,359,359.0,997,358.92000000000854
67,WFAgent6,MALE_OLD_LOW_INCOME,1077,1077.0,1827,657.7200000000198
67,WFAgent7,FEMALE_LOW_INCOME,2628,2628.0,3029,1994.1199999998576
67,WFAgent0,MALE_YOUNG_HIGH_INCOME,310,310.0,565,203.40000000000268
67,WFAgent1,MALE_YOUNG,941,941.0,1409,721.6400000000147
67,WFAgent2,FEMALE_YOUNG_HIGH_INCOME,51,51.0,141,50.75999999999994
67,WFAgent3,MALE_YOUNG_LOW_INCOME,367,367.0,367,367.0
67,WFAgent4,FEMALE_LOW_INCOME,876,876.0,876,876.0
67,WFAgent5,FEMALE_OLD_LOW_INCOME,480,480.0,480,480.0
68,WFAgent6,MALE_LOW_INCOME,2178,2178.0,2791,1527.6399999999376
68,WFAgent7,FEMALE_OLD_HIGH_INCOME,244,244.0,406,146.1600000000005
68,WFAgent0,MALE_OLD,1041,1041.0,1513,1040.6800000000073
68,WFAgent1,MALE_HIGH_INCOME,265,265.0,497,178.92000000000175
68,WFAgent2,OLD_LOW_INCOME,1678,1678.0,1216,437.76000000001153
68,WFAgent3,MALE_OLD_LOW_INCOME,359,359.0,0,0.0
68,WFAgent4,FEMALE_OLD_LOW_INCOME,480,480.0,1263,454.68000000001217
68,WFAgent5,OLD_HIGH_INCOME,486,486.0,0,0.0
69,WFAgent6,FEMALE_YOUNG_HIGH_INCOME,153,153.0,231,83.1599999999999
69,WFAgent7,YOUNG_LOW_INCOME,1526,1526.0,2075,1229.559999999952
69,WFAgent0,OLD_LOW_INCOME,2517,2517.0,2992,1831.0399999999313
69,WFAgent1,OLD_LOW_INCOME,2517,2517.0,1239,1239.0
69,WFAgent2,MALE_LOW_INCOME,2178,2178.0,0,0.0
69,WFAgent3,YOUNG_LOW_INCOME,2289,2289.0,976,351.36000000000826
69,WFAgent4,OLD_HIGH_INCOME,729,729.0,1210,435.60000000001145
69,WFAgent5,MALE_YOUNG_LOW_INCOME,734,734.0,734,734.0
70,WFAgent6,MALE_YOUNG_HIGH_INCOME,310,310.0,385,248.6800000000029
70,WFAgent7,MALE_OLD_LOW_INCOME,1077,1077.0,1750,630.0000000000188
70,WFAgent0,YOUNG_HIGH_INCOME,154,154.0,154,154.0
70,WFAgent1,FEMALE_HIGH_INCOME,132,132.0,366,131.75999999999996
70,WFAgent2,FEMALE_YOUNG_LOW_INCOME,396,396.0,396,396.0
70,WFAgent3,FEMALE_YOUNG_LOW_INCOME,1188,1188.0,1648,844.8000000000171
70,WFAgent4,FEMALE_LOW_INCOME,876,876.0,2378,856.0800000000273
70,WFAgent5,MALE_HIGH_INCOME,795,795.0,844,303.84000000000646
71,WFAgent6,MALE_OLD_LOW_INCOME,359,359.0,997,358.92000000000854
71,WFAgent7,MALE_LOW_INCOME,726,726.0,726,726.0
71,WFAgent0,YOUNG_HIGH_INCOME,309,309.0,442,308.8800000000016
71,WFAgent1,OLD_LOW_INCOME,839,839.0,839,839.0
71,WFAgent2,MALE_YOUNG_HIGH_INCOME,310,310.0,288,243.20000000000095
71,WFAgent3,YOUNG_LOW_INCOME,2289,2289.0,2775,1478.3599999999612
71,WFAgent4,FEMALE_OLD,1684,1684.0,1880,1200.959999999958
71,WFAgent5,MALE_YOUNG_LOW_INCOME,367,367.0,367,367.0
72,WFAgent6,FEMALE_LOW_INCOME,876,876.0,0,0.0
72,WFAgent7,FEMALE_LOW_INCOME,2628,2628.0,3015,1518.0399999999354
72,WFAgent0,FEMALE_YOUNG,1341,1341.0,921,737.9600000000033
72,WFAgent1,FEMALE_LOW_INCOME,876,876.0,687,687.0
72,WFAgent2,MALE_LOW_INCOME,726,726.0,1836,660.9600000000199
72,WFAgent3,FEMALE_YOUNG_LOW_INCOME,396,396.0,0,0.0
72,WFAgent4,OLD_HIGH_INCOME,486,486.0,360,129.59999999999988
72,WFAgent5,MALE_OLD_HIGH_INCOME,484,484.0,842,303.1200000000064
73,WFAgent6,MALE_HIGH_INCOME,265,265.0,736,264.960000000005
73,WFAgent7,OLD_LOW_INCOME,1678,1678.0,1158,1158.0
73,WFAgent0,FEMALE_YOUNG_HIGH_INCOME,153,153.0,214,104.5599999999999
73,WFAgent1,OLD_LOW_INCOME,1678,1678.0,1202,1202.0
73,WFAgent2,FEMALE_YOUNG_HIGH_INCOME,51,51.0,51,51.0
73,WFAgent3,MALE_YOUNG_LOW_INCOME,1101,1101.0,922,922.0
73,WFAgent4,YOUNG_HIGH_INCOME,309,309.0,501,180.3600000000018
73,WFAgent5,MALE_YOUNG_LOW_INCOME,1101,1101.0,846,846.0
74,WFAgent6,MALE_OLD_HIGH_INCOME,161,161.0,405,145.8000000000005
74,WFAgent7,MALE_OLD_LOW_INCOME,718,718.0,718,718.0
74,WFAgent0,MALE_YOUNG_LOW_INCOME,367,367.0,1019,366.84000000000884
74,WFAgent1,FEMALE_LOW_INCOME,1752,1752.0,997,997.0
74,WFAgent2,MALE_OLD_HIGH_INCOME,484,484.0,391,140.7600000000003
74,WFAgent3,FEMALE_LOW_INCOME,2628,2628.0,3378,1874.63999999991
74,WFAgent4,OLD_LOW_INCOME,2517,2517.0,1097,820.5200000000059
74,WFAgent5,FEMALE_OLD_LOW_INCOME,960,960.0,0,0.0
75,WFAgent6,MALE_HIGH_INCOME,530,530.0,785,282.60000000000565
75,WFAgent7,FEMALE_YOUNG,1341,1341.0,1940,698.4000000000214
75,WFAgent0,MALE_YOUNG,470,470.0,1305,469.80000000001274
75,WFAgent1,FEMALE_OLD_HIGH_INCOME,162,162.0,418,150.48000000000067
75,WFAgent2,OLD_LOW_INCOME,1678,1678.0,2390,860.4000000000275
75,WFAgent3,FEMALE_OLD_LOW_INCOME,1440,1440.0,0,0.0
75,WFAgent4,MALE_OLD_LOW_INCOME,1077,1077.0,1795,646.2000000000194
75,WFAgent5,YOUNG_HIGH_INCOME,309,309.0,545,196.2000000000024
76,WFAgent6,MALE_YOUNG,470,470.0,470,470.0
76,WFAgent7,MALE_LOW_INCOME,2178,2178.0,2682,1259.9199999999532
76,WFAgent0,MALE_YOUNG,470,470.0,470,470.0
76,WFAgent1,MALE_YOUNG_LOW_INCOME,367,367.0,0,0.0
76,WFAgent2,MALE_HIGH_INCOME,265,265.0,736,264.960000000005
76,WFAgent3,FEMALE_OLD_HIGH_INCOME,244,244.0,433,155.88000000000088
76,WFAgent4,FEMALE_OLD,1684,1684.0,2457,884.5200000000284
76,WFAgent5,MALE_YOUNG_HIGH_INCOME,103,103.0,286,102.95999999999987
77,WFAgent6,MALE_OLD_HIGH_INCOME,484,484.0,395,395.0
77,WFAgent7,OLD_HIGH_INCOME,243,243.0,0,0.0
77,WFAgent0,FEMALE_OLD_LOW_INCOME,960,960.0,819,819.0
77,WFAgent1,MALE_OLD_HIGH_INCOME,484,484.0,421,421.0
77,WFAgent2,FEMALE_LOW_INCOME,2628,2628.0,2844,1559.5199999999486
77,WFAgent3,FEMALE_OLD,1684,1684.0,1102,950.9600000000032
77,WFAgent4,FEMALE_LOW_INCOME,2628,2628.0,0,0.0
77,WFAgent5,FEMALE_OLD_HIGH_INCOME,81,81.0,81,81.0
78,WFAgent6,MALE_OLD_HIGH_INCOME,161,161.0,0,0.0
78,WFAgent7,FEMALE_YOUNG_LOW_INCOME,396,396.0,1099,395.64000000000993
78,WFAgent0,MALE_HIGH_INCOME,795,795.0,1190,548.7200000000121
78,WFAgent1,MALE_OLD_LOW_INCOME,359,359.0,997,358.92000000000854
78,WFAgent2,FEMALE_OLD,1684,1684.0,2333,839.8800000000267
78,WFAgent3,FEMALE_OLD_HIGH_INCOME,81,81.0,225,80.9999999999999
78,WFAgent4,MALE_OLD_HIGH_INCOME,161,161.0,161,161.0
78,WFAgent5,MALE_YOUNG_HIGH_INCOME,206,206.0,0,0.0
79,WFAgent6,OLD_LOW_INCOME,2517,2517.0,3027,1460.2799999999504
79,WFAgent7,FEMALE_LOW_INCOME,876,876.0,1974,710.6400000000218
79,WFAgent0,MALE_YOUNG_LOW_INCOME,367,367.0,1019,366.84000000000884
79,WFAgent1,MALE_OLD_LOW_INCOME,718,718.0,610,610.0
79,WFAgent2,MALE_HIGH_INCOME,530,530.0,796,286.5600000000058
79,WFAgent3,MALE_OLD_LOW_INCOME,1077,1077.0,629,629.0
79,WFAgent4,FEMALE_OLD_LOW_INCOME,960,960.0,0,0.0
79,WFAgent5,YOUNG_HIGH_INCOME,463,463.0,782,281.5200000000056
80,WFAgent6,MALE_YOUNG_HIGH_INCOME,310,310.0,528,190.08000000000217
80,WFAgent7,FEMALE_OLD_LOW_INCOME,960,960.0,960,960.0
80,WFAgent0,MALE_YOUNG_HIGH_INCOME,206,206.0,0,0.0
80,WFAgent1,MALE_OLD,1041,1041.0,2621,943.5600000000306
80,WFAgent2,FEMALE_OLD_HIGH_INCOME,162,162.0,403,145.08000000000047
80,WFAgent3,FEMALE_YOUNG_HIGH_INCOME,102,102.0,268,96.47999999999988
80,WFAgent4,FEMALE_OLD_LOW_INCOME,960,960.0,1002,959.7600000000009
80,WFAgent5,MALE_YOUNG_HIGH_INCOME,206,206.0,0,0.0
81,WFAgent6,OLD_LOW_INCOME,1678,1678.0,1754,631.4400000000188
81,WFAgent7,FEMALE_OLD_HIGH_INCOME,162,162.0,0,0.0
81,WFAgent0,FEMALE_OLD_LOW_INCOME,1440,1440.0,0,0.0
81,WFAgent1,MALE_YOUNG_LOW_INCOME,367,367.0,863,310.6800000000067
81,WFAgent2,FEMALE_OLD,1684,1684.0,0,0.0
81,WFAgent3,FEMALE_LOW_INCOME,2628,2628.0,4356,1568.1599999998825
81,WFAgent4,MALE_YOUNG_LOW_INCOME,367,367.0,1019,366.84000000000884
81,WFAgent5,FEMALE_HIGH_INCOME,265,265.0,656,236.16000000000392
82,WFAgent6,FEMALE_OLD,1123,1123.0,2402,864.7200000000277
82,WFAgent7,MALE_YOUNG,941,941.0,941,941.0
82,WFAgent0,YOUNG_HIGH_INCOME,154,154.0,258,92.87999999999988
82,WFAgent1,MALE_LOW_INCOME,2178,2178.0,2788,1562.3999999999457
82,WFAgent2,MALE_HIGH_INCOME,530,530.0,1053,379.0800000000093
82,WFAgent3,FEMALE_YOUNG,1341,1341.0,1932,695.5200000000212
82,WFAgent4,FEMALE_OLD_HIGH_INCOME,162,162.0,387,139.32000000000025
82,WFAgent5,MALE_YOUNG_LOW_INCOME,734,734.0,0,0.0
83,WFAgent6,MALE_OLD_HIGH_INCOME,323,323.0,827,297.7200000000062
83,WFAgent7,OLD_LOW_INCOME,839,839.0,329,118.43999999999984
83,WFAgent0,MALE_YOUNG_LOW_INCOME,1101,1101.0,1861,669.9600000000203
83,WFAgent1,YOUNG_HIGH_INCOME,463,463.0,525,189.00000000000213
83,WFAgent2,MALE_OLD,520,520.0,1444,519.8400000000146
83,WFAgent3,FEMALE_OLD,561,561.0,561,561.0
83,WFAgent4,FEMALE_OLD,1684,1684.0,2206,1149.3599999999828
83,WFAgent5,FEMALE_YOUNG_HIGH_INCOME,102,102.0,283,101.87999999999987
84,WFAgent6,FEMALE_LOW_INCOME,2628,2628.0,2277,2277.0
84,WFAgent7,MALE_LOW_INCOME,2178,2178.0,3607,1298.5199999999575
84,WFAgent0,FEMALE_HIGH_INCOME,397,397.0,404,145.44000000000048
84,WFAgent1,MALE_YOUNG,1411,1411.0,0,0.0
84,WFAgent2,FEMALE_LOW_INCOME,1752,1752.0,0,0.0
84,WFAgent3,MALE_OLD_HIGH_INCOME,161,161.0,447,160.92000000000107
84,WFAgent4,MALE_YOUNG,1411,1411.0,0,0.0
84,WFAgent5,FEMALE_LOW_INCOME,2628,2628.0,2118,2118.0
85,WFAgent6,FEMALE_OLD_LOW_INCOME,480,480.0,1333,479.8800000000131
85,WFAgent7,MALE_OLD_HIGH_INCOME,323,323.0,323,323.0
85,WFAgent0,MALE_OLD_LOW_INCOME,359,359.0,0,0.0
85,WFAgent1,YOUNG_HIGH_INCOME,463,463.0,748,269.28000000000515
85,WFAgent2,MALE_OLD_LOW_INCOME,1077,1077.0,1762,634.3200000000189
85,WFAgent3,MALE_HIGH_INCOME,265,265.0,0,0.0
85,WFAgent4,MALE_OLD_HIGH_INCOME,484,484.0,493,384.8400000000023
85,WFAgent5,FEMALE_OLD,1684,1684.0,1524,548.6400000000157
86,WFAgent6,MALE_YOUNG,941,941.0,0,0.0
86,WFAgent7,YOUNG_LOW_INCOME,1526,1526.0,2033,731.8800000000226
86,WFAgent0,MALE_LOW_INCOME,1452,1452.0,1802,648.7200000000195
86,WFAgent1,FEMALE_OLD_LOW_INCOME,960,960.0,2375,855.0000000000273
86,WFAgent2,MALE_YOUNG,1411,1411.0,1842,663.12000000002
86,WFAgent3,MALE_HIGH_INCOME,530,530.0,530,530.0
86,WFAgent4,MALE_HIGH_INCOME,795,795.0,770,611.2800000000034
86,WFAgent5,MALE_YOUNG,470,470.0,0,0.0
87,WFAgent6,OLD_HIGH_INCOME,243,243.0,674,242.64000000000416
87,WFAgent7,FEMALE_OLD_HIGH_INCOME,244,244.0,180,64.79999999999993
87,WFAgent0,YOUNG_LOW_INCOME,763,763.0,1968,708.4800000000217
87,WFAgent1,MALE_YOUNG_LOW_INCOME,367,367.0,367,367.0
87,WFAgent2,MALE_OLD_LOW_INCOME,718,718.0,0,0.0
87,WFAgent3,MALE_YOUNG,470,470.0,529,190.4400000000022
87,WFAgent4,MALE_LOW_INCOME,2178,2178.0,3206,1396.079999999919
87,WFAgent5,FEMALE_HIGH_INCOME,265,265.0,492,177.12000000000168
88,WFAgent6,MALE_YOUNG_HIGH_INCOME,206,206.0,520,187.20000000000206
88,WFAgent7,MALE_OLD,520,520.0,752,270.7200000000052
88,WFAgent0,FEMALE_YOUNG_LOW_INCOME,1188,1188.0,1583,843.8000000000158
88,WFAgent1,FEMALE_YOUNG_LOW_INCOME,396,396.0,396,396.0
88,WFAgent2,MALE_LOW_INCOME,2178,2178.0,3671,1321.559999999951
88,WFAgent3,MALE_LOW_INCOME,2178,2178.0,0,0.0
88,WFAgent4,FEMALE_OLD_LOW_INCOME,960,960.0,2371,853.5600000000272
88,WFAgent5,FEMALE_YOUNG,1341,1341.0,0,0.0
89,WFAgent6,FEMALE_YOUNG_HIGH_INCOME,51,51.0,141,50.75999999999994
89,WFAgent7,MALE_YOUNG,941,941.0,1090,940.2400000000026
89,WFAgent0,FEMALE_YOUNG_LOW_INCOME,1188,1188.0,950,342.0000000000079
89,WFAgent1,MALE_LOW_INCOME,726,726.0,0,0.0
89,WFAgent2,FEMALE_YOUNG_LOW_INCOME,792,792.0,988,355.6800000000084
89,WFAgent3,MALE_OLD_LOW_INCOME,1077,1077.0,1796,646.5600000000194
89,WFAgent4,MALE_YOUNG,1411,1411.0,1292,1038.5600000000004
89,WFAgent5,MALE_OLD_LOW_INCOME,359,359.0,0,0.0
90,WFAgent6,MALE_YOUNG_LOW_INCOME,1101,1101.0,1849,665.6400000000201
90,WFAgent7,OLD_LOW_INCOME,2517,2517.0,3399,1715.15999999985
90,WFAgent0,FEMALE_OLD_HIGH_INCOME,81,81.0,225,80.9999999999999
90,WFAgent1,MALE_HIGH_INCOME,795,795.0,873,558.7600000000052
90,WFAgent2,OLD_LOW_INCOME,839,839.0,839,839.0
90,WFAgent3,FEMALE_OLD,561,561.0,0,0.0
90,WFAgent4,FEMALE_OLD_LOW_INCOME,480,480.0,0,0.0
90,WFAgent5,MALE_OLD,520,520.0,392,392.0
91,WFAgent6,OLD_HIGH_INCOME,243,243.0,644,231.84000000000376
91,WFAgent7,FEMALE_YOUNG,447,447.0,447,447.0
91,WFAgent0,YOUNG_HIGH_INCOME,463,463.0,510,183.60000000000193
91,WFAgent1,FEMALE_YOUNG_LOW_INCOME,1188,1188.0,1580,853.6000000000155
91,WFAgent2,FEMALE_YOUNG,1341,1341.0,0,0.0
91,WFAgent3,OLD_LOW_INCOME,1678,1678.0,2392,861.1200000000275
91,WFAgent4,YOUNG_LOW_INCOME,1526,1526.0,1824,656.6400000000198
91,WFAgent5,OLD_HIGH_INCOME,243,243.0,590,212.40000000000302
92,WFAgent6,OLD_HIGH_INCOME,729,729.0,605,605.0
92,WFAgent7,YOUNG_LOW_INCOME,1526,1526.0,1870,673.2000000000204
92,WFAgent0,MALE_YOUNG_HIGH_INCOME,103,103.0,286,102.95999999999987
92,WFAgent1,YOUNG_LOW_INCOME,1526,1526.0,1901,684.3600000000208
92,WFAgent2,FEMALE_OLD_LOW_INCOME,960,960.0,2376,855.3600000000273
92,WFAgent3,MALE_OLD_HIGH_INCOME,484,484.0,0,0.0
92,WFAgent4,OLD_HIGH_INCOME,729,729.0,628,628.0
92,WFAgent5,FEMALE_YOUNG_HIGH_INCOME,102,102.0,246,88.55999999999989
93,WFAgent6,FEMALE_YOUNG_LOW_INCOME,1188,1188.0,653,653.0
93,WFAgent7,MALE_YOUNG_HIGH_INCOME,206,206.0,0,0.0
93,WFAgent0,FEMALE_LOW_INCOME,2628,2628.0,3064,1531.1999999999375
93,WFAgent1,MALE_LOW_INCOME,726,726.0,1808,650.8800000000195
93,WFAgent2,YOUNG_HIGH_INCOME,309,309.0,763,274.68000000000535
93,WFAgent3,YOUNG_LOW_INCOME,2289,2289.0,2465,1309.7999999999774
93,WFAgent4,FEMALE_YOUNG_LOW_INCOME,792,792.0,0,0.0
93,WFAgent5,OLD_HIGH_INCOME,486,486.0,1247,448.92000000001195
94,WFAgent6,FEMALE_YOUNG_HIGH_INCOME,153,153.0,180,94.87999999999992
94,WFAgent7,MALE_YOUNG,1411,1411.0,1864,671.0400000000203
94,WFAgent0,MALE_YOUNG_HIGH_INCOME,310,310.0,542,195.12000000000236
94,WFAgent1,FEMALE_YOUNG_LOW_INCOME,792,792.0,792,792.0
94,WFAgent2,FEMALE_YOUNG_LOW_INCOME,1188,1188.0,1162,946.3200000000046
94,WFAgent3,FEMALE_HIGH_INCOME,397,397.0,426,153.36000000000078
94,WFAgent4,FEMALE_YOUNG_HIGH_INCOME,51,51.0,51,51.0
94,WFAgent5,OLD_LOW_INCOME,2517,2517.0,4142,1491.119999999904
95,WFAgent6,MALE_YOUNG_HIGH_INCOME,310,310.0,272,272.0
95,WFAgent7,MALE_YOUNG_LOW_INCOME,367,367.0,1019,366.84000000000884
95,WFAgent0,MALE_YOUNG,1411,1411.0,0,0.0
95,WFAgent1,MALE_OLD_LOW_INCOME,1077,1077.0,1849,665.6400000000201
95,WFAgent2,YOUNG_LOW_INCOME,1526,1526.0,1969,708.8400000000217
95,WFAgent3,MALE_YOUNG,941,941.0,0,0.0
95,WFAgent4,MALE_OLD_HIGH_INCOME,323,323.0,766,275.7600000000054
95,WFAgent5,MALE_YOUNG_HIGH_INCOME,310,310.0,235,235.0
96,WFAgent6,YOUNG_LOW_INCOME,1526,1526.0,2025,729.0000000000225
96,WFAgent7,MALE_OLD,520,520.0,716,519.5200000000028
96,WFAgent0,MALE_OLD_HIGH_INCOME,484,484.0,0,0.0
96,WFAgent1,MALE_OLD_LOW_INCOME,1077,1077.0,678,678.0
96,WFAgent2,MALE_LOW_INCOME,2178,2178.0,2519,1329.2399999999834
96,WFAgent3,FEMALE_OLD_HIGH_INCOME,162,162.0,415,149.40000000000063
96,WFAgent4,OLD_LOW_INCOME,1678,1678.0,2371,853.5600000000272
96,WFAgent5,MALE_HIGH_INCOME,795,795.0,1019,366.84000000000884
97,WFAgent6,FEMALE_YOUNG_LOW_INCOME,792,792.0,1969,708.8400000000217
97,WFAgent7,MALE_YOUNG,470,470.0,550,198.00000000000247
97,WFAgent0,MALE_OLD,1561,1561.0,1892,1106.0799999999897
97,WFAgent1,MALE_YOUNG_LOW_INCOME,734,734.0,1842,663.12000000002
97,WFAgent2,MALE_HIGH_INCOME,530,530.0,0,0.0
97,WFAgent3,MALE_OLD_LOW_INCOME,359,359.0,0,0.0
97,WFAgent4,MALE_OLD,1561,1561.0,0,0.0
97,WFAgent5,MALE_OLD_LOW_INCOME,718,718.0,718,718.0
98,WFAgent6,FEMALE_HIGH_INCOME,397,397.0,406,146.1600000000005
98,WFAgent7,MALE_OLD_LOW_INCOME,1077,1077.0,1789,644.0400000000193
98,WFAgent0,FEMALE_YOUNG,1341,1341.0,1258,1079.4400000000019
98,WFAgent1,MALE_YOUNG_LOW_INCOME,1101,1101.0,959,959.0
98,WFAgent2,FEMALE_LOW_INCOME,2628,2628.0,2353,847.080000000027
98,WFAgent3,MALE_YOUNG_HIGH_INCOME,310,310.0,505,181.80000000000186
98,WFAgent4,MALE_YOUNG_LOW_INCOME,1101,1101.0,938,938.0
98,WFAgent5,FEMALE_YOUNG_LOW_INCOME,1188,1188.0,966,966.0
99,WFAgent6,YOUNG_LOW_INCOME,1526,1526.0,0,0.0
99,WFAgent7,YOUNG_LOW_INCOME,763,763.0,1874,674.6400000000204
99,WFAgent0,FEMALE_YOUNG_LOW_INCOME,1188,1188.0,0,0.0
99,WFAgent1,MALE_OLD,520,520.0,787,283.3200000000057
99,WFAgent2,FEMALE_OLD_LOW_INCOME,960,960.0,1120,403.2000000000102
99,WFAgent3,FEMALE_YOUNG_HIGH_INCOME,153,153.0,129,46.43999999999995
99,WFAgent4,FEMALE_YOUNG,894,894.0,2099,755.6400000000235
99,WFAgent5,FEMALE_OLD_LOW_INCOME,480,480.0,1333,479.8800000000131

