0,WEAgent1,MALE_HIGH_INCOME,70,1325.0,479,336.14285714285717
0,WFAgent6,MALE_OLD,139,2603.0,139,2602.9999999999936
0,WEAgent2,MALE_YOUNG_HIGH_INCOME,27,517.0,27,504.2142857142859
0,WFAgent7,YOUNG_LOW_INCOME,204,3816.0,204,3815.9999999999854
0,WFAgent8,YOUNG_LOW_INCOME,204,3816.0,0,0.0
0,WEAgent0,MALE_OLD_LOW_INCOME,96,1795.0,1454,0.0
0,WFAgent9,MALE_YOUNG,126,2353.0,0,0.0
0,WEAgent3,OLD_HIGH_INCOME,65,1215.0,438,0.0
0,WFAgent0,YOUNG_LOW_INCOME,204,3816.0,1849,3535.4117647058706
0,WFAgent1,FEMALE_HIGH_INCOME,35,663.0,35,663.0
0,WFAgent2,OLD_LOW_INCOME,224,4196.0,2387,0.0
0,WFAgent3,MALE_OLD,139,2603.0,139,2602.942595923255
0,WFAgent4,MALE_YOUNG,126,2353.0,0,0.0
0,WFAgent5,FEMALE_HIGH_INCOME,35,663.0,254,549.3428571428569
1,WEAgent1,MALE_YOUNG,126,2353.0,126,2353.0
1,WFAgent6,MALE_YOUNG,126,2353.0,248,2353.0
1,WEAgent2,FEMALE_YOUNG_LOW_INCOME,106,1980.0,1999,0.0
1,WFAgent7,OLD_LOW_INCOME,224,4196.0,224,4195.999999999983
1,WFAgent8,MALE_HIGH_INCOME,70,1325.0,70,1307.2222222222208
1,WEAgent0,MALE_HIGH_INCOME,70,1325.0,70,1307.2222222222208
1,WFAgent9,FEMALE_OLD_LOW_INCOME,128,2401.0,128,2400.4352678571395
1,WEAgent3,MALE_OLD,139,2603.0,741,1029.964028776979
1,WFAgent0,OLD_LOW_INCOME,224,4196.0,224,4195.999999999983
1,WFAgent1,FEMALE_YOUNG,119,2236.0,274,0.0
1,WFAgent2,FEMALE_OLD_LOW_INCOME,128,2401.0,128,2401.0
1,WFAgent3,FEMALE_HIGH_INCOME,35,663.0,381,0.0
1,WFAgent4,OLD_LOW_INCOME,224,4196.0,1792,4064.8749999999814
1,WFAgent5,MALE_OLD_HIGH_INCOME,43,808.0,43,805.2446043165469
2,WEAgent1,FEMALE_YOUNG_HIGH_INCOME,13,256.0,268,0.0
2,WFAgent6,MALE_OLD,139,2603.0,765,0.0
2,WEAgent2,FEMALE_LOW_INCOME,234,4381.0,1764,4221.509433962238
2,WFAgent7,YOUNG_LOW_INCOME,204,3816.0,0,0.0
2,WFAgent8,FEMALE_YOUNG_LOW_INCOME,106,1980.0,0,0.0
2,WEAgent0,FEMALE_LOW_INCOME,234,4381.0,234,4370.943396226387
2,WFAgent9,OLD_LOW_INCOME,224,4196.0,2443,0.0
2,WEAgent3,MALE_HIGH_INCOME,70,1325.0,436,0.0
2,WFAgent0,FEMALE_YOUNG_LOW_INCOME,106,1980.0,0,0.0
2,WFAgent1,MALE_YOUNG_LOW_INCOME,98,1836.0,1830,0.0
2,WFAgent2,MALE_OLD_LOW_INCOME,96,1795.0,1822,0.0
2,WFAgent3,OLD_HIGH_INCOME,65,1215.0,0,0.0
2,WFAgent4,MALE_HIGH_INCOME,70,1325.0,70,1308.854166666667
2,WFAgent5,OLD_HIGH_INCOME,65,1215.0,368,0.0
3,WEAgent1,FEMALE_YOUNG_HIGH_INCOME,13,256.0,244,0.0
3,WFAgent6,FEMALE_YOUNG_HIGH_INCOME,13,256.0,13,243.36
3,WEAgent2,OLD_LOW_INCOME,224,4196.0,1806,0.0
3,WFAgent7,MALE_HIGH_INCOME,70,1325.0,802,676.46511627907
3,WFAgent8,FEMALE_OLD_HIGH_INCOME,21,407.0,21,393.12000000000023
3,WEAgent0,MALE_OLD_HIGH_INCOME,43,808.0,42,789.2093023255819
3,WFAgent9,FEMALE_OLD,150,2808.0,0,0.0
3,WEAgent3,FEMALE_OLD_HIGH_INCOME,21,407.0,21,393.1200000000001
3,WFAgent0,YOUNG_HIGH_INCOME,41,773.0,0,0.0
3,WFAgent1,OLD_LOW_INCOME,224,4196.0,2357,0.0
3,WFAgent2,FEMALE_HIGH_INCOME,35,663.0,377,0.0
3,WFAgent3,YOUNG_LOW_INCOME,204,3816.0,1856,0.0
3,WFAgent4,FEMALE_YOUNG_LOW_INCOME,106,1980.0,1956,0.0
3,WFAgent5,MALE_OLD_LOW_INCOME,96,1795.0,0,0.0
4,WEAgent1,MALE_OLD,139,2603.0,722,729.2187499999998
4,WFAgent6,FEMALE_YOUNG_LOW_INCOME,106,1980.0,105,1961.3207547169814
4,WEAgent2,OLD_LOW_INCOME,224,4196.0,1763,0.0
4,WFAgent7,FEMALE_HIGH_INCOME,35,663.0,277,0.0
4,WFAgent8,FEMALE_YOUNG_LOW_INCOME,106,1980.0,1695,1755.8490566037738
4,WEAgent0,MALE_OLD_HIGH_INCOME,43,808.0,43,804.0104166666663
4,WFAgent9,MALE_HIGH_INCOME,70,1325.0,538,0.0
4,WEAgent3,FEMALE_YOUNG_LOW_INCOME,106,1980.0,105,1961.3207547169814
4,WFAgent0,MALE_OLD_LOW_INCOME,96,1795.0,0,0.0
4,WFAgent1,FEMALE_LOW_INCOME,234,4381.0,2403,0.0
4,WFAgent2,FEMALE_HIGH_INCOME,35,663.0,0,0.0
4,WFAgent3,FEMALE_YOUNG_LOW_INCOME,106,1980.0,105,1961.3207547169814
4,WFAgent4,MALE_OLD_HIGH_INCOME,43,808.0,43,804.0104166666663
4,WFAgent5,MALE_LOW_INCOME,194,3631.0,1805,0.0
5,WEAgent1,FEMALE_YOUNG_HIGH_INCOME,13,256.0,256,0.0
5,WFAgent6,YOUNG_LOW_INCOME,204,3816.0,204,3809.6190476190623
5,WEAgent2,MALE_OLD,139,2603.0,737,674.1582733812949
5,WFAgent7,FEMALE_HIGH_INCOME,35,663.0,0,0.0
5,WFAgent8,MALE_OLD_HIGH_INCOME,43,808.0,43,805.2446043165469
5,WEAgent0,FEMALE_YOUNG_LOW_INCOME,106,1980.0,105,1961.3207547169814
5,WFAgent9,FEMALE_YOUNG,119,2236.0,0,0.0
5,WEAgent3,MALE_YOUNG,126,2353.0,480,0.0
5,WFAgent0,FEMALE_OLD_HIGH_INCOME,21,407.0,429,0.0
5,WFAgent1,FEMALE_LOW_INCOME,234,4381.0,0,0.0
5,WFAgent2,YOUNG_LOW_INCOME,204,3816.0,1666,3660.2222222222354
5,WFAgent3,FEMALE_OLD_LOW_INCOME,128,2401.0,128,2396.44444444444
5,WFAgent4,OLD_LOW_INCOME,224,4196.0,2292,0.0
5,WFAgent5,FEMALE_YOUNG_LOW_INCOME,106,1980.0,1881,1587.735849056604
6,WEAgent1,FEMALE_HIGH_INCOME,35,663.0,345,336.22641509433964
6,WFAgent6,YOUNG_HIGH_INCOME,41,773.0,0,0.0
6,WEAgent2,FEMALE_YOUNG,119,2236.0,206,0.0
6,WFAgent7,OLD_HIGH_INCOME,65,1215.0,0,0.0
6,WFAgent8,MALE_YOUNG_HIGH_INCOME,27,517.0,519,0.0
6,WEAgent0,MALE_OLD_HIGH_INCOME,43,808.0,821,0.0
6,WFAgent9,FEMALE_OLD_HIGH_INCOME,21,407.0,21,397.8778077268644
6,WEAgent3,FEMALE_OLD_HIGH_INCOME,21,407.0,21,392.26415094339626
6,WFAgent0,MALE_OLD,139,2603.0,1819,0.0
6,WFAgent1,FEMALE_YOUNG,119,2236.0,2009,0.0
6,WFAgent2,YOUNG_HIGH_INCOME,41,773.0,41,765.8490566037736
6,WFAgent3,FEMALE_OLD_HIGH_INCOME,21,407.0,20,387.6190476190477
6,WFAgent4,OLD_LOW_INCOME,224,4196.0,2356,0.0
6,WFAgent5,FEMALE_YOUNG_LOW_INCOME,106,1980.0,0,0.0
7,WEAgent1,FEMALE_OLD,150,2808.0,241,0.0
7,WFAgent6,YOUNG_LOW_INCOME,204,3816.0,1851,0.0
7,WEAgent2,MALE_YOUNG_HIGH_INCOME,27,517.0,547,0.0
7,WFAgent7,MALE_OLD,139,2603.0,1789,0.0
7,WFAgent8,OLD_HIGH_INCOME,65,1215.0,64,1196.3076923076926
7,WEAgent0,FEMALE_YOUNG_LOW_INCOME,106,1980.0,1723,0.0
7,WFAgent9,FEMALE_YOUNG_HIGH_INCOME,13,256.0,13,244.26890756302524
7,WEAgent3,FEMALE_YOUNG,119,2236.0,237,0.0
7,WFAgent0,FEMALE_YOUNG,119,2236.0,119,2232.679879498968
7,WFAgent1,FEMALE_YOUNG,119,2236.0,118,2217.2100840336157
7,WFAgent2,MALE_HIGH_INCOME,70,1325.0,0,0.0
7,WFAgent3,FEMALE_YOUNG_HIGH_INCOME,13,256.0,13,246.25714285714292
7,WFAgent4,OLD_HIGH_INCOME,65,1215.0,65,1214.9738751814227
7,WFAgent5,FEMALE_HIGH_INCOME,35,663.0,35,654.2307692307693
8,WEAgent1,MALE_YOUNG,126,2353.0,496,616.2619047619047
8,WFAgent6,FEMALE_YOUNG_HIGH_INCOME,13,256.0,237,0.0
8,WEAgent2,MALE_YOUNG_HIGH_INCOME,27,517.0,27,504.2142857142859
8,WFAgent7,MALE_OLD,139,2603.0,1760,0.0
8,WFAgent8,OLD_HIGH_INCOME,65,1215.0,0,0.0
8,WEAgent0,FEMALE_OLD,150,2808.0,150,2803.8461538461484
8,WFAgent9,FEMALE_OLD_LOW_INCOME,128,2401.0,128,2396.44444444444
8,WEAgent3,FEMALE_OLD,150,2808.0,190,2299.1538461538426
8,WFAgent0,MALE_YOUNG_HIGH_INCOME,27,517.0,27,504.2142857142859
8,WFAgent1,FEMALE_HIGH_INCOME,35,663.0,0,0.0
8,WFAgent2,FEMALE_OLD_HIGH_INCOME,21,407.0,21,392.5384615384614
8,WFAgent3,OLD_HIGH_INCOME,65,1215.0,64,1196.3076923076926
8,WFAgent4,FEMALE_LOW_INCOME,234,4381.0,234,4380.999999999997
8,WFAgent5,FEMALE_LOW_INCOME,234,4381.0,1962,4362.277777777775
9,WEAgent1,MALE_LOW_INCOME,194,3631.0,1200,3047.760416666662
9,WFAgent6,FEMALE_LOW_INCOME,234,4381.0,1866,2054.7169811320755
9,WEAgent2,MALE_LOW_INCOME,194,3631.0,194,3627.395833333324
9,WFAgent7,MALE_YOUNG_HIGH_INCOME,27,517.0,27,514.1587301587302
9,WFAgent8,OLD_LOW_INCOME,224,4196.0,224,4188.333333333321
9,WEAgent0,MALE_LOW_INCOME,194,3631.0,194,3627.395833333324
9,WFAgent9,MALE_YOUNG,126,2353.0,0,0.0
9,WEAgent3,FEMALE_YOUNG_LOW_INCOME,106,1980.0,105,1961.3207547169814
9,WFAgent0,FEMALE_OLD,150,2808.0,394,0.0
9,WFAgent1,YOUNG_HIGH_INCOME,41,773.0,449,0.0
9,WFAgent2,FEMALE_YOUNG,119,2236.0,259,0.0
9,WFAgent3,FEMALE_OLD_LOW_INCOME,128,2401.0,2441,0.0
9,WFAgent4,MALE_OLD_LOW_INCOME,96,1795.0,0,0.0
9,WFAgent5,MALE_YOUNG_HIGH_INCOME,27,517.0,27,517.0
10,WEAgent1,OLD_HIGH_INCOME,65,1215.0,378,0.0
10,WFAgent6,FEMALE_YOUNG_HIGH_INCOME,13,256.0,0,0.0
10,WEAgent2,YOUNG_LOW_INCOME,204,3816.0,1633,1625.0943396226417
10,WFAgent7,MALE_YOUNG_HIGH_INCOME,27,517.0,27,517.0
10,WFAgent8,FEMALE_OLD,150,2808.0,0,0.0
10,WEAgent0,MALE_YOUNG_LOW_INCOME,98,1836.0,1791,0.0
10,WFAgent9,FEMALE_OLD_LOW_INCOME,128,2401.0,2467,0.0
10,WEAgent3,FEMALE_YOUNG_LOW_INCOME,106,1980.0,105,1961.3207547169814
10,WFAgent0,FEMALE_YOUNG_HIGH_INCOME,13,256.0,234,0.0
10,WFAgent1,FEMALE_LOW_INCOME,234,4381.0,234,4370.943396226387
10,WFAgent2,FEMALE_YOUNG_LOW_INCOME,106,1980.0,0,0.0
10,WFAgent3,MALE_OLD_HIGH_INCOME,43,808.0,806,0.0
10,WFAgent4,MALE_YOUNG_HIGH_INCOME,27,517.0,27,517.0
10,WFAgent5,MALE_YOUNG_HIGH_INCOME,27,517.0,461,478.70370370370375
11,WEAgent1,FEMALE_OLD_LOW_INCOME,128,2401.0,2379,0.0
11,WFAgent6,FEMALE_HIGH_INCOME,35,663.0,0,0.0
11,WEAgent2,FEMALE_HIGH_INCOME,35,663.0,240,187.26618705035972
11,WFAgent7,MALE_HIGH_INCOME,70,1325.0,667,826.7906976744192
11,WFAgent8,MALE_OLD,139,2603.0,1745,0.0
11,WEAgent0,FEMALE_YOUNG_LOW_INCOME,106,1980.0,1940,1382.2641509433963
11,WFAgent9,YOUNG_HIGH_INCOME,41,773.0,0,0.0
11,WEAgent3,FEMALE_YOUNG_HIGH_INCOME,13,256.0,13,243.44604316546764
11,WFAgent0,MALE_OLD_HIGH_INCOME,43,808.0,42,789.2093023255819
11,WFAgent1,MALE_OLD_HIGH_INCOME,43,808.0,42,789.2093023255819
11,WFAgent2,FEMALE_OLD_HIGH_INCOME,21,407.0,408,397.7999999999999
11,WFAgent3,FEMALE_YOUNG_LOW_INCOME,106,1980.0,105,1961.3207547169814
11,WFAgent4,FEMALE_OLD_HIGH_INCOME,21,407.0,21,397.7999999999999
11,WFAgent5,MALE_OLD_HIGH_INCOME,43,808.0,42,789.2093023255819
12,WEAgent1,FEMALE_HIGH_INCOME,35,663.0,35,659.8780487804881
12,WFAgent6,MALE_YOUNG_LOW_INCOME,98,1836.0,1479,0.0
12,WEAgent2,FEMALE_HIGH_INCOME,35,663.0,205,641.0243902439028
12,WFAgent7,MALE_YOUNG_LOW_INCOME,98,1836.0,97,1817.26530612245
12,WFAgent8,MALE_OLD_LOW_INCOME,96,1795.0,938,0.0
12,WEAgent0,FEMALE_LOW_INCOME,234,4381.0,1957,0.0
12,WFAgent9,YOUNG_LOW_INCOME,204,3816.0,0,0.0
12,WEAgent3,MALE_YOUNG_LOW_INCOME,98,1836.0,97,1817.26530612245
12,WFAgent0,MALE_YOUNG_LOW_INCOME,98,1836.0,97,1817.26530612245
12,WFAgent1,MALE_OLD_LOW_INCOME,96,1795.0,829,0.0
12,WFAgent2,YOUNG_HIGH_INCOME,41,773.0,0,0.0
12,WFAgent3,MALE_YOUNG_HIGH_INCOME,27,517.0,485,0.0
12,WFAgent4,FEMALE_HIGH_INCOME,35,663.0,364,0.0
12,WFAgent5,MALE_YOUNG_LOW_INCOME,98,1836.0,98,1835.6830732292926
13,WEAgent1,MALE_OLD_LOW_INCOME,96,1795.0,95,1776.3020833333355
13,WFAgent6,FEMALE_YOUNG,119,2236.0,135,0.0
13,WEAgent2,OLD_HIGH_INCOME,65,1215.0,335,0.0
13,WFAgent7,FEMALE_OLD_HIGH_INCOME,21,407.0,21,393.1200000000001
13,WFAgent8,FEMALE_YOUNG,119,2236.0,129,0.0
13,WEAgent0,OLD_LOW_INCOME,224,4196.0,1502,2168.9583333333358
13,WFAgent9,YOUNG_LOW_INCOME,204,3816.0,1899,0.0
13,WEAgent3,YOUNG_LOW_INCOME,204,3816.0,1902,0.0
13,WFAgent0,OLD_HIGH_INCOME,65,1215.0,0,0.0
13,WFAgent1,MALE_LOW_INCOME,194,3631.0,194,3627.395833333324
13,WFAgent2,MALE_HIGH_INCOME,70,1325.0,532,0.0
13,WFAgent3,FEMALE_HIGH_INCOME,35,663.0,35,654.2307692307693
13,WFAgent4,MALE_OLD,139,2603.0,814,0.0
13,WFAgent5,FEMALE_OLD,150,2808.0,2407,0.0
14,WEAgent1,MALE_OLD_LOW_INCOME,96,1795.0,1512,0.0
14,WFAgent6,MALE_OLD_LOW_INCOME,96,1795.0,95,1776.3020833333355
14,WEAgent2,MALE_YOUNG_HIGH_INCOME,27,517.0,27,504.2142857142859
14,WFAgent7,MALE_YOUNG,126,2353.0,393,1325.896825396824
14,WFAgent8,MALE_YOUNG,126,2353.0,0,0.0
14,WEAgent0,OLD_HIGH_INCOME,65,1215.0,64,1196.3076923076926
14,WFAgent9,FEMALE_YOUNG_LOW_INCOME,106,1980.0,0,0.0
14,WEAgent3,FEMALE_LOW_INCOME,234,4381.0,1967,0.0
14,WFAgent0,MALE_YOUNG,126,2353.0,0,0.0
14,WFAgent1,YOUNG_LOW_INCOME,204,3816.0,1860,0.0
14,WFAgent2,MALE_OLD_LOW_INCOME,96,1795.0,0,0.0
14,WFAgent3,OLD_HIGH_INCOME,65,1215.0,320,1009.3846153846163
14,WFAgent4,MALE_HIGH_INCOME,70,1325.0,70,1307.2222222222208
14,WFAgent5,OLD_LOW_INCOME,224,4196.0,224,4188.333333333321
15,WEAgent1,YOUNG_HIGH_INCOME,41,773.0,228,280.1190476190476
15,WFAgent6,FEMALE_OLD_LOW_INCOME,128,2401.0,128,2396.159999999999
15,WEAgent2,MALE_YOUNG,126,2353.0,518,0.0
15,WFAgent7,MALE_OLD_LOW_INCOME,96,1795.0,1475,0.0
15,WFAgent8,MALE_OLD,139,2603.0,139,2602.942595923255
15,WEAgent0,FEMALE_HIGH_INCOME,35,663.0,92,0.0
15,WFAgent9,FEMALE_OLD_HIGH_INCOME,21,407.0,21,393.1200000000001
15,WEAgent3,FEMALE_YOUNG_HIGH_INCOME,13,256.0,13,242.7698412698412
15,WFAgent0,MALE_OLD,139,2603.0,139,2602.9999999999936
15,WFAgent1,OLD_HIGH_INCOME,65,1215.0,0,0.0
15,WFAgent2,MALE_OLD_LOW_INCOME,96,1795.0,0,0.0
15,WFAgent3,OLD_LOW_INCOME,224,4196.0,2278,0.0
15,WFAgent4,FEMALE_OLD,150,2808.0,150,2807.9092063492017
15,WFAgent5,FEMALE_OLD,150,2808.0,150,2807.9999999999945
16,WEAgent1,FEMALE_OLD_LOW_INCOME,128,2401.0,2410,0.0
16,WFAgent6,YOUNG_LOW_INCOME,204,3816.0,204,3815.9999999999854
16,WEAgent2,FEMALE_YOUNG_HIGH_INCOME,13,256.0,245,0.0
16,WFAgent7,FEMALE_OLD_HIGH_INCOME,21,407.0,21,393.1200000000001
16,WFAgent8,MALE_LOW_INCOME,194,3631.0,194,3627.395833333324
16,WEAgent0,FEMALE_LOW_INCOME,234,4381.0,1809,3778.5882352941035
16,WFAgent9,FEMALE_OLD_HIGH_INCOME,21,407.0,369,0.0
16,WEAgent3,MALE_OLD_LOW_INCOME,96,1795.0,1587,0.0
16,WFAgent0,YOUNG_LOW_INCOME,204,3816.0,0,0.0
16,WFAgent1,MALE_YOUNG_HIGH_INCOME,27,517.0,27,504.2142857142859
16,WFAgent2,FEMALE_OLD,150,2808.0,0,0.0
16,WFAgent3,OLD_HIGH_INCOME,65,1215.0,0,0.0
16,WFAgent4,MALE_YOUNG,126,2353.0,0,0.0
16,WFAgent5,MALE_HIGH_INCOME,70,1325.0,463,0.0
17,WEAgent1,FEMALE_YOUNG_LOW_INCOME,106,1980.0,1984,0.0
17,WFAgent6,MALE_YOUNG_LOW_INCOME,98,1836.0,98,1834.2164948453583
17,WEAgent2,YOUNG_LOW_INCOME,204,3816.0,1611,0.0
17,WFAgent7,MALE_OLD,139,2603.0,814,0.0
17,WFAgent8,MALE_OLD_LOW_INCOME,96,1795.0,0,0.0
17,WEAgent0,FEMALE_OLD,150,2808.0,398,0.0
17,WFAgent9,MALE_YOUNG_LOW_INCOME,98,1836.0,98,1834.1047461583325
17,WEAgent3,FEMALE_YOUNG,119,2236.0,236,0.0
17,WFAgent0,OLD_LOW_INCOME,224,4196.0,2193,4102.339285714267
17,WFAgent1,MALE_YOUNG,126,2353.0,309,2353.0
17,WFAgent2,MALE_YOUNG,126,2353.0,126,2353.0
17,WFAgent3,MALE_LOW_INCOME,194,3631.0,1839,0.0
17,WFAgent4,OLD_LOW_INCOME,224,4196.0,224,4195.999999999983
17,WFAgent5,MALE_HIGH_INCOME,70,1325.0,70,1307.2222222222208
18,WEAgent1,FEMALE_OLD_HIGH_INCOME,21,407.0,21,392.5384615384614
18,WFAgent6,FEMALE_YOUNG_HIGH_INCOME,13,256.0,13,242.99999999999994
18,WEAgent2,FEMALE_YOUNG_HIGH_INCOME,13,256.0,235,0.0
18,WFAgent7,MALE_YOUNG,126,2353.0,508,0.0
18,WFAgent8,MALE_OLD_LOW_INCOME,96,1795.0,1773,0.0
18,WEAgent0,MALE_YOUNG_LOW_INCOME,98,1836.0,97,1817.26530612245
18,WFAgent9,FEMALE_OLD_LOW_INCOME,128,2401.0,2410,0.0
18,WEAgent3,MALE_OLD_HIGH_INCOME,43,808.0,810,714.0465116279073
18,WFAgent0,FEMALE_YOUNG,119,2236.0,0,0.0
18,WFAgent1,OLD_HIGH_INCOME,65,1215.0,0,0.0
18,WFAgent2,FEMALE_HIGH_INCOME,35,663.0,327,355.153846153846
18,WFAgent3,MALE_YOUNG_LOW_INCOME,98,1836.0,1788,1498.7755102040817
18,WFAgent4,FEMALE_OLD_HIGH_INCOME,21,407.0,21,392.5384615384614
18,WFAgent5,MALE_OLD_HIGH_INCOME,43,808.0,42,789.2093023255819
19,WEAgent1,MALE_YOUNG,126,2353.0,406,634.9365079365078
19,WFAgent6,MALE_YOUNG_HIGH_INCOME,27,517.0,27,509.0487804878051
19,WEAgent2,FEMALE_HIGH_INCOME,35,663.0,280,0.0
19,WFAgent7,FEMALE_HIGH_INCOME,35,663.0,352,0.0
19,WFAgent8,OLD_LOW_INCOME,224,4196.0,224,4188.333333333321
19,WEAgent0,MALE_OLD_LOW_INCOME,96,1795.0,95,1776.3020833333355
19,WFAgent9,FEMALE_YOUNG,119,2236.0,0,0.0
19,WEAgent3,MALE_LOW_INCOME,194,3631.0,1509,1439.7395833333342
19,WFAgent0,FEMALE_OLD,150,2808.0,0,0.0
19,WFAgent1,MALE_YOUNG_HIGH_INCOME,27,517.0,27,509.0487804878051
19,WFAgent2,YOUNG_LOW_INCOME,204,3816.0,1995,0.0
19,WFAgent3,MALE_YOUNG_HIGH_INCOME,27,517.0,27,509.0487804878051
19,WFAgent4,FEMALE_OLD_HIGH_INCOME,21,407.0,21,393.1200000000001
19,WFAgent5,YOUNG_HIGH_INCOME,41,773.0,41,765.6587301587298
20,WEAgent1,MALE_OLD_HIGH_INCOME,43,808.0,42,789.2093023255819
20,WFAgent6,FEMALE_LOW_INCOME,234,4381.0,2452,0.0
20,WEAgent2,FEMALE_YOUNG,119,2236.0,81,0.0
20,WFAgent7,MALE_OLD_HIGH_INCOME,43,808.0,42,789.2093023255819
20,WFAgent8,FEMALE_YOUNG,119,2236.0,119,2222.2777777777765
20,WEAgent0,FEMALE_OLD_HIGH_INCOME,21,407.0,375,0.0
20,WFAgent9,MALE_HIGH_INCOME,70,1325.0,678,1127.4418604651175
20,WEAgent3,YOUNG_LOW_INCOME,204,3816.0,1909,0.0
20,WFAgent0,YOUNG_HIGH_INCOME,41,773.0,547,0.0
20,WFAgent1,MALE_YOUNG_LOW_INCOME,98,1836.0,98,1834.2164948453583
20,WFAgent2,MALE_LOW_INCOME,194,3631.0,1840,0.0
20,WFAgent3,YOUNG_HIGH_INCOME,41,773.0,41,770.3865546218481
20,WFAgent4,MALE_YOUNG_LOW_INCOME,98,1836.0,1776,0.0
20,WFAgent5,MALE_YOUNG,126,2353.0,0,0.0
21,WEAgent1,FEMALE_OLD_HIGH_INCOME,21,407.0,21,393.12000000000023
21,WFAgent6,FEMALE_OLD,150,2808.0,253,0.0
21,WEAgent2,FEMALE_YOUNG_LOW_INCOME,106,1980.0,105,1961.3207547169814
21,WFAgent7,MALE_YOUNG,126,2353.0,0,0.0
21,WFAgent8,YOUNG_LOW_INCOME,204,3816.0,204,3815.9999999999854
21,WEAgent0,MALE_YOUNG_HIGH_INCOME,27,517.0,497,0.0
21,WFAgent9,FEMALE_LOW_INCOME,234,4381.0,234,4377.176470588222
21,WEAgent3,FEMALE_OLD,150,2808.0,150,2807.9999999999945
21,WFAgent0,OLD_LOW_INCOME,224,4196.0,2301,0.0
21,WFAgent1,YOUNG_LOW_INCOME,204,3816.0,1831,0.0
21,WFAgent2,FEMALE_YOUNG_LOW_INCOME,106,1980.0,1225,1886.6037735849059
21,WFAgent3,FEMALE_OLD_LOW_INCOME,128,2401.0,128,2396.44444444444
21,WFAgent4,MALE_OLD,139,2603.0,1783,0.0
21,WFAgent5,FEMALE_LOW_INCOME,234,4381.0,234,4376.270810210855
22,WEAgent1,FEMALE_OLD_HIGH_INCOME,21,407.0,21,392.5384615384614
22,WFAgent6,MALE_OLD_HIGH_INCOME,43,808.0,753,0.0
22,WEAgent2,FEMALE_HIGH_INCOME,35,663.0,237,0.0
22,WFAgent7,FEMALE_YOUNG_LOW_INCOME,106,1980.0,2002,0.0
22,WFAgent8,YOUNG_HIGH_INCOME,41,773.0,0,0.0
22,WEAgent0,MALE_YOUNG_LOW_INCOME,98,1836.0,1901,0.0
22,WFAgent9,MALE_HIGH_INCOME,70,1325.0,70,1308.4615384615383
22,WEAgent3,OLD_HIGH_INCOME,65,1215.0,354,224.30769230769226
22,WFAgent0,FEMALE_OLD_HIGH_INCOME,21,407.0,21,392.5384615384614
22,WFAgent1,OLD_LOW_INCOME,224,4196.0,2063,4139.803571428553
22,WFAgent2,MALE_YOUNG,126,2353.0,510,0.0
22,WFAgent3,FEMALE_OLD_HIGH_INCOME,21,407.0,21,397.7999999999999
22,WFAgent4,FEMALE_YOUNG_HIGH_INCOME,13,256.0,13,242.7698412698412
22,WFAgent5,OLD_LOW_INCOME,224,4196.0,224,4195.999999999983
23,WEAgent1,MALE_OLD_LOW_INCOME,96,1795.0,1288,0.0
23,WFAgent6,MALE_OLD,139,2603.0,139,2602.3685551558674
23,WEAgent2,MALE_YOUNG_HIGH_INCOME,27,517.0,27,517.0
23,WFAgent7,FEMALE_OLD_HIGH_INCOME,21,407.0,406,0.0
23,WFAgent8,FEMALE_OLD_LOW_INCOME,128,2401.0,2285,2213.421875
23,WEAgent0,MALE_LOW_INCOME,194,3631.0,1856,0.0
23,WFAgent9,YOUNG_LOW_INCOME,204,3816.0,1984,0.0
23,WEAgent3,YOUNG_HIGH_INCOME,41,773.0,241,245.09756097560972
23,WFAgent0,FEMALE_OLD_LOW_INCOME,128,2401.0,128,2401.0
23,WFAgent1,MALE_OLD,139,2603.0,139,2602.9999999999936
23,WFAgent2,FEMALE_YOUNG_HIGH_INCOME,13,256.0,13,245.09756097560972
23,WFAgent3,MALE_LOW_INCOME,194,3631.0,194,3627.395833333324
23,WFAgent4,YOUNG_HIGH_INCOME,41,773.0,0,0.0
23,WFAgent5,MALE_YOUNG_HIGH_INCOME,27,517.0,470,459.5555555555556
24,WEAgent1,MALE_YOUNG,126,2353.0,335,1083.1269841269832
24,WFAgent6,MALE_HIGH_INCOME,70,1325.0,70,1307.2222222222208
24,WEAgent2,MALE_OLD,139,2603.0,805,0.0
24,WFAgent7,MALE_HIGH_INCOME,70,1325.0,70,1307.2222222222208
24,WFAgent8,FEMALE_HIGH_INCOME,35,663.0,241,132.60000000000002
24,WEAgent0,FEMALE_LOW_INCOME,234,4381.0,1913,0.0
24,WFAgent9,OLD_HIGH_INCOME,65,1215.0,419,0.0
24,WEAgent3,MALE_YOUNG_HIGH_INCOME,27,517.0,27,504.2142857142859
24,WFAgent0,FEMALE_YOUNG_LOW_INCOME,106,1980.0,0,0.0
24,WFAgent1,YOUNG_LOW_INCOME,204,3816.0,1850,0.0
24,WFAgent2,MALE_OLD_LOW_INCOME,96,1795.0,0,0.0
24,WFAgent3,MALE_OLD_LOW_INCOME,96,1795.0,1834,0.0
24,WFAgent4,FEMALE_YOUNG_HIGH_INCOME,13,256.0,13,246.25714285714292
24,WFAgent5,FEMALE_HIGH_INCOME,35,663.0,0,0.0
25,WEAgent1,MALE_OLD,139,2603.0,825,0.0
25,WFAgent6,MALE_YOUNG_HIGH_INCOME,27,517.0,557,0.0
25,WEAgent2,FEMALE_OLD_LOW_INCOME,128,2401.0,2219,2194.6640625
25,WFAgent7,FEMALE_HIGH_INCOME,35,663.0,271,0.0
25,WFAgent8,MALE_HIGH_INCOME,70,1325.0,0,0.0
25,WEAgent0,MALE_LOW_INCOME,194,3631.0,1645,0.0
25,WFAgent9,MALE_OLD,139,2603.0,139,2601.592783505157
25,WEAgent3,MALE_YOUNG_LOW_INCOME,98,1836.0,98,1834.2164948453583
25,WFAgent0,FEMALE_LOW_INCOME,234,4381.0,0,0.0
25,WFAgent1,FEMALE_OLD_LOW_INCOME,128,2401.0,128,2401.0
25,WFAgent2,MALE_HIGH_INCOME,70,1325.0,0,0.0
25,WFAgent3,MALE_YOUNG_LOW_INCOME,98,1836.0,98,1834.2164948453583
25,WFAgent4,FEMALE_OLD_HIGH_INCOME,21,407.0,398,0.0
25,WFAgent5,MALE_YOUNG_LOW_INCOME,98,1836.0,1621,1834.2164948453583
26,WEAgent1,MALE_YOUNG,126,2353.0,449,1213.8492063492051
26,WFAgent6,MALE_OLD_LOW_INCOME,96,1795.0,0,0.0
26,WEAgent2,MALE_YOUNG_HIGH_INCOME,27,517.0,27,504.2142857142859
26,WFAgent7,MALE_HIGH_INCOME,70,1325.0,70,1307.2222222222208
26,WFAgent8,MALE_OLD_HIGH_INCOME,43,808.0,42,789.2093023255819
26,WEAgent0,YOUNG_LOW_INCOME,204,3816.0,1829,0.0
26,WFAgent9,FEMALE_YOUNG,119,2236.0,0,0.0
26,WEAgent3,MALE_OLD_HIGH_INCOME,43,808.0,788,582.5116279069767
26,WFAgent0,FEMALE_YOUNG_HIGH_INCOME,13,256.0,273,0.0
26,WFAgent1,FEMALE_OLD_LOW_INCOME,128,2401.0,1181,0.0
26,WFAgent2,YOUNG_LOW_INCOME,204,3816.0,1963,0.0
26,WFAgent3,MALE_OLD_LOW_INCOME,96,1795.0,95,1776.3020833333355
26,WFAgent4,FEMALE_OLD_LOW_INCOME,128,2401.0,1240,0.0
26,WFAgent5,MALE_LOW_INCOME,194,3631.0,1633,2337.2395833333344
27,WEAgent1,FEMALE_OLD_HIGH_INCOME,21,407.0,21,392.5384615384614
27,WFAgent6,MALE_OLD_HIGH_INCOME,43,808.0,42,789.2093023255819
27,WEAgent2,FEMALE_OLD,150,2808.0,363,429.92307692307674
27,WFAgent7,MALE_OLD_LOW_INCOME,96,1795.0,0,0.0
27,WFAgent8,FEMALE_LOW_INCOME,234,4381.0,2265,2265.3888888888846
27,WEAgent0,MALE_OLD_HIGH_INCOME,43,808.0,711,732.837209302326
27,WFAgent9,FEMALE_OLD_LOW_INCOME,128,2401.0,128,2396.44444444444
27,WEAgent3,FEMALE_LOW_INCOME,234,4381.0,1955,0.0
27,WFAgent0,YOUNG_HIGH_INCOME,41,773.0,517,0.0
27,WFAgent1,FEMALE_HIGH_INCOME,35,663.0,35,654.2307692307693
27,WFAgent2,FEMALE_YOUNG_HIGH_INCOME,13,256.0,272,0.0
27,WFAgent3,MALE_OLD_LOW_INCOME,96,1795.0,1844,0.0
27,WFAgent4,OLD_HIGH_INCOME,65,1215.0,0,0.0
27,WFAgent5,FEMALE_YOUNG,119,2236.0,0,0.0
28,WEAgent1,YOUNG_HIGH_INCOME,41,773.0,179,560.7692307692306
28,WFAgent6,MALE_OLD_LOW_INCOME,96,1795.0,1798,0.0
28,WEAgent2,FEMALE_YOUNG_HIGH_INCOME,13,256.0,13,242.99999999999994
28,WFAgent7,MALE_YOUNG_HIGH_INCOME,27,517.0,465,0.0
28,WFAgent8,OLD_HIGH_INCOME,65,1215.0,0,0.0
28,WEAgent0,FEMALE_OLD_HIGH_INCOME,21,407.0,358,0.0
28,WFAgent9,MALE_LOW_INCOME,194,3631.0,1932,0.0
28,WEAgent3,FEMALE_HIGH_INCOME,35,663.0,35,654.2307692307693
28,WFAgent0,FEMALE_OLD_LOW_INCOME,128,2401.0,128,2401.0
28,WFAgent1,MALE_YOUNG_HIGH_INCOME,27,517.0,27,509.0487804878051
28,WFAgent2,FEMALE_OLD_LOW_INCOME,128,2401.0,2095,2288.453125
28,WFAgent3,FEMALE_OLD_HIGH_INCOME,21,407.0,21,392.5384615384614
28,WFAgent4,FEMALE_OLD_LOW_INCOME,128,2401.0,128,2401.0
28,WFAgent5,FEMALE_YOUNG_HIGH_INCOME,13,256.0,13,242.99999999999994
29,WEAgent1,MALE_YOUNG_HIGH_INCOME,27,517.0,27,511.0714285714287
29,WFAgent6,FEMALE_YOUNG_LOW_INCOME,106,1980.0,0,0.0
29,WEAgent2,FEMALE_LOW_INCOME,234,4381.0,1872,2316.2264150943365
29,WFAgent7,OLD_HIGH_INCOME,65,1215.0,64,1196.3076923076926
29,WFAgent8,MALE_HIGH_INCOME,70,1325.0,0,0.0
29,WEAgent0,MALE_YOUNG_LOW_INCOME,98,1836.0,98,1833.1764705882379
29,WFAgent9,MALE_YOUNG_LOW_INCOME,98,1836.0,1803,0.0
29,WEAgent3,OLD_HIGH_INCOME,65,1215.0,308,897.2307692307699
29,WFAgent0,FEMALE_OLD_HIGH_INCOME,21,407.0,21,392.5384615384614
29,WFAgent1,FEMALE_OLD,150,2808.0,2366,0.0
29,WFAgent2,FEMALE_HIGH_INCOME,35,663.0,266,0.0
29,WFAgent3,MALE_YOUNG_HIGH_INCOME,27,517.0,499,416.4285714285715
29,WFAgent4,FEMALE_YOUNG_LOW_INCOME,106,1980.0,105,1961.3207547169814
29,WFAgent5,YOUNG_LOW_INCOME,204,3816.0,0,0.0
30,WEAgent1,FEMALE_HIGH_INCOME,35,663.0,360,429.92307692307674
30,WFAgent6,OLD_HIGH_INCOME,65,1215.0,0,0.0
30,WEAgent2,MALE_YOUNG,126,2353.0,256,2315.6507936507933
30,WFAgent7,MALE_OLD,139,2603.0,850,0.0
30,WFAgent8,FEMALE_OLD_LOW_INCOME,128,2401.0,2297,0.0
30,WEAgent0,MALE_YOUNG,126,2353.0,126,2353.0
30,WFAgent9,MALE_YOUNG_HIGH_INCOME,27,517.0,27,504.2142857142859
30,WEAgent3,FEMALE_OLD_HIGH_INCOME,21,407.0,21,392.5384615384614
30,WFAgent0,FEMALE_LOW_INCOME,234,4381.0,2009,0.0
30,WFAgent1,MALE_LOW_INCOME,194,3631.0,1393,3537.4175257732077
30,WFAgent2,MALE_LOW_INCOME,194,3631.0,193,3612.2835051546517
30,WFAgent3,FEMALE_OLD,150,2808.0,0,0.0
30,WFAgent4,MALE_YOUNG,126,2353.0,126,2353.0
30,WFAgent5,MALE_LOW_INCOME,194,3631.0,193,3612.2835051546517
31,WEAgent1,FEMALE_YOUNG,119,2236.0,257,0.0
31,WFAgent6,FEMALE_HIGH_INCOME,35,663.0,402,373.8461538461537
31,WEAgent2,MALE_OLD,139,2603.0,761,805.2446043165469
31,WFAgent7,FEMALE_OLD_LOW_INCOME,128,2401.0,128,2396.44444444444
31,WFAgent8,MALE_OLD_HIGH_INCOME,43,808.0,43,805.2446043165469
31,WEAgent0,MALE_HIGH_INCOME,70,1325.0,421,0.0
31,WFAgent9,FEMALE_LOW_INCOME,234,4381.0,0,0.0
31,WEAgent3,FEMALE_OLD_HIGH_INCOME,21,407.0,21,392.5384615384614
31,WFAgent0,OLD_LOW_INCOME,224,4196.0,2338,0.0
31,WFAgent1,MALE_HIGH_INCOME,70,1325.0,0,0.0
31,WFAgent2,FEMALE_YOUNG_LOW_INCOME,106,1980.0,951,0.0
31,WFAgent3,MALE_HIGH_INCOME,70,1325.0,70,1310.8633093525173
31,WFAgent4,OLD_HIGH_INCOME,65,1215.0,0,0.0
31,WFAgent5,FEMALE_YOUNG_LOW_INCOME,106,1980.0,1004,0.0
32,WEAgent1,FEMALE_OLD_LOW_INCOME,128,2401.0,128,2396.44444444444
32,WFAgent6,OLD_HIGH_INCOME,65,1215.0,0,0.0
32,WEAgent2,YOUNG_HIGH_INCOME,41,773.0,229,0.0
32,WFAgent7,FEMALE_OLD_LOW_INCOME,128,2401.0,128,2396.44444444444
32,WFAgent8,FEMALE_HIGH_INCOME,35,663.0,35,653.611111111111
32,WEAgent0,FEMALE_YOUNG_LOW_INCOME,106,1980.0,105,1961.3207547169814
32,WFAgent9,FEMALE_LOW_INCOME,234,4381.0,2140,2808.3333333333276
32,WEAgent3,FEMALE_YOUNG_LOW_INCOME,106,1980.0,105,1961.3207547169814
32,WFAgent0,FEMALE_OLD,150,2808.0,0,0.0
32,WFAgent1,MALE_YOUNG,126,2353.0,0,0.0
32,WFAgent2,FEMALE_LOW_INCOME,234,4381.0,1765,1569.056603773585
32,WFAgent3,MALE_YOUNG_HIGH_INCOME,27,517.0,476,0.0
32,WFAgent4,FEMALE_HIGH_INCOME,35,663.0,397,0.0
32,WFAgent5,MALE_OLD_LOW_INCOME,96,1795.0,1766,0.0
33,WEAgent1,YOUNG_HIGH_INCOME,41,773.0,238,74.6984126984127
33,WFAgent6,FEMALE_OLD,150,2808.0,403,0.0
33,WEAgent2,FEMALE_OLD_LOW_INCOME,128,2401.0,128,2396.44444444444
33,WFAgent7,MALE_YOUNG,126,2353.0,524,0.0
33,WFAgent8,MALE_OLD,139,2603.0,139,2602.9999999999936
33,WEAgent0,FEMALE_YOUNG_HIGH_INCOME,13,256.0,13,242.7698412698412
33,WFAgent9,MALE_OLD,139,2603.0,139,2602.9999999999936
33,WEAgent3,FEMALE_LOW_INCOME,234,4381.0,1971,0.0
33,WFAgent0,OLD_HIGH_INCOME,65,1215.0,0,0.0
33,WFAgent1,FEMALE_OLD,150,2808.0,0,0.0
33,WFAgent2,FEMALE_LOW_INCOME,234,4381.0,2325,0.0
33,WFAgent3,YOUNG_LOW_INCOME,204,3816.0,0,0.0
33,WFAgent4,MALE_YOUNG,126,2353.0,0,0.0
33,WFAgent5,MALE_OLD,139,2603.0,1493,2565.546762589922
34,WEAgent1,YOUNG_LOW_INCOME,204,3816.0,204,3815.9999999999854
34,WFAgent6,FEMALE_LOW_INCOME,234,4381.0,1692,3872.1176470588084
34,WEAgent2,FEMALE_YOUNG_HIGH_INCOME,13,256.0,13,243.17647058823536
34,WFAgent7,FEMALE_YOUNG,119,2236.0,119,2226.0000000000014
34,WFAgent8,MALE_LOW_INCOME,194,3631.0,1835,0.0
34,WEAgent0,FEMALE_YOUNG,119,2236.0,217,318.0
34,WFAgent9,FEMALE_OLD,150,2808.0,0,0.0
34,WEAgent3,FEMALE_OLD_HIGH_INCOME,21,407.0,360,0.0
34,WFAgent0,MALE_HIGH_INCOME,70,1325.0,0,0.0
34,WFAgent1,MALE_YOUNG_HIGH_INCOME,27,517.0,555,0.0
34,WFAgent2,FEMALE_OLD_HIGH_INCOME,21,407.0,21,393.12000000000023
34,WFAgent3,FEMALE_YOUNG_HIGH_INCOME,13,256.0,13,243.17647058823536
34,WFAgent4,MALE_HIGH_INCOME,70,1325.0,0,0.0
34,WFAgent5,FEMALE_OLD_LOW_INCOME,128,2401.0,2308,0.0
35,WEAgent1,MALE_YOUNG_HIGH_INCOME,27,517.0,27,504.84375000000017
35,WFAgent6,FEMALE_YOUNG_HIGH_INCOME,13,256.0,208,0.0
35,WEAgent2,FEMALE_OLD_LOW_INCOME,128,2401.0,2418,0.0
35,WFAgent7,MALE_OLD,139,2603.0,0,0.0
35,WFAgent8,FEMALE_YOUNG_HIGH_INCOME,13,256.0,13,253.75164835164836
35,WEAgent0,MALE_LOW_INCOME,194,3631.0,1608,0.0
35,WFAgent9,FEMALE_LOW_INCOME,234,4381.0,0,0.0
35,WEAgent3,MALE_HIGH_INCOME,70,1325.0,473,448.7500000000001
35,WFAgent0,MALE_OLD_LOW_INCOME,96,1795.0,0,0.0
35,WFAgent1,MALE_OLD_HIGH_INCOME,43,808.0,785,0.0
35,WFAgent2,FEMALE_YOUNG_HIGH_INCOME,13,256.0,13,255.99999999999994
35,WFAgent3,MALE_LOW_INCOME,194,3631.0,194,3627.395833333324
35,WFAgent4,YOUNG_LOW_INCOME,204,3816.0,1948,0.0
35,WFAgent5,FEMALE_HIGH_INCOME,35,663.0,0,0.0
36,WEAgent1,FEMALE_YOUNG_LOW_INCOME,106,1980.0,1706,0.0
36,WFAgent6,MALE_LOW_INCOME,194,3631.0,1829,0.0
36,WEAgent2,FEMALE_OLD_HIGH_INCOME,21,407.0,418,0.0
36,WFAgent7,OLD_LOW_INCOME,224,4196.0,2445,0.0
36,WFAgent8,MALE_OLD_HIGH_INCOME,43,808.0,43,804.0104166666663
36,WEAgent0,MALE_LOW_INCOME,194,3631.0,1722,0.0
36,WFAgent9,YOUNG_LOW_INCOME,204,3816.0,0,0.0
36,WEAgent3,MALE_OLD,139,2603.0,769,0.0
36,WFAgent0,MALE_YOUNG_LOW_INCOME,98,1836.0,98,1830.5660377358492
36,WFAgent1,MALE_OLD_LOW_INCOME,96,1795.0,0,0.0
36,WFAgent2,FEMALE_YOUNG_HIGH_INCOME,13,256.0,258,0.0
36,WFAgent3,MALE_HIGH_INCOME,70,1325.0,508,0.0
36,WFAgent4,OLD_HIGH_INCOME,65,1215.0,0,0.0
36,WFAgent5,YOUNG_LOW_INCOME,204,3816.0,204,3810.566037735828
37,WEAgent1,MALE_YOUNG,126,2353.0,513,448.1904761904763
37,WFAgent6,MALE_OLD_LOW_INCOME,96,1795.0,0,0.0
37,WEAgent2,MALE_LOW_INCOME,194,3631.0,1559,0.0
37,WFAgent7,FEMALE_YOUNG_HIGH_INCOME,13,256.0,269,0.0
37,WFAgent8,FEMALE_HIGH_INCOME,35,663.0,376,0.0
37,WEAgent0,FEMALE_OLD_HIGH_INCOME,21,407.0,21,393.1200000000001
37,WFAgent9,FEMALE_OLD,150,2808.0,0,0.0
37,WEAgent3,MALE_YOUNG_HIGH_INCOME,27,517.0,27,504.2142857142859
37,WFAgent0,FEMALE_YOUNG_LOW_INCOME,106,1980.0,0,0.0
37,WFAgent1,FEMALE_YOUNG,119,2236.0,0,0.0
37,WFAgent2,FEMALE_LOW_INCOME,234,4381.0,2001,0.0
37,WFAgent3,MALE_HIGH_INCOME,70,1325.0,766,0.0
37,WFAgent4,FEMALE_OLD_LOW_INCOME,128,2401.0,2425,0.0
37,WFAgent5,OLD_LOW_INCOME,224,4196.0,224,4188.333333333321
38,WEAgent1,MALE_YOUNG,126,2353.0,452,1251.1984126984114
38,WFAgent6,FEMALE_YOUNG,119,2236.0,0,0.0
38,WEAgent2,MALE_HIGH_INCOME,70,1325.0,70,1307.2222222222208
38,WFAgent7,FEMALE_OLD_HIGH_INCOME,21,407.0,21,397.7999999999999
38,WFAgent8,MALE_YOUNG_LOW_INCOME,98,1836.0,1818,0.0
38,WEAgent0,FEMALE_YOUNG_HIGH_INCOME,13,256.0,242,0.0
38,WFAgent9,OLD_LOW_INCOME,224,4196.0,2426,0.0
38,WEAgent3,MALE_OLD,139,2603.0,770,1086.1438848920866
38,WFAgent0,MALE_OLD_HIGH_INCOME,43,808.0,43,805.2446043165469
38,WFAgent1,FEMALE_YOUNG_HIGH_INCOME,13,256.0,13,243.36
38,WFAgent2,FEMALE_OLD,150,2808.0,0,0.0
38,WFAgent3,FEMALE_OLD_HIGH_INCOME,21,407.0,21,397.1314285714286
38,WFAgent4,FEMALE_HIGH_INCOME,35,663.0,368,0.0
38,WFAgent5,FEMALE_OLD_HIGH_INCOME,21,407.0,21,397.7999999999999
39,WEAgent1,MALE_YOUNG,126,2353.0,402,952.4047619047611
39,WFAgent6,YOUNG_HIGH_INCOME,41,773.0,41,765.6587301587298
39,WEAgent2,FEMALE_YOUNG_HIGH_INCOME,13,256.0,13,242.7698412698412
39,WFAgent7,MALE_YOUNG_HIGH_INCOME,27,517.0,27,511.0714285714287
39,WFAgent8,MALE_HIGH_INCOME,70,1325.0,790,0.0
39,WEAgent0,MALE_YOUNG_LOW_INCOME,98,1836.0,1752,1817.26530612245
39,WFAgent9,OLD_HIGH_INCOME,65,1215.0,0,0.0
39,WEAgent3,FEMALE_YOUNG_HIGH_INCOME,13,256.0,249,224.09523809523805
39,WFAgent0,MALE_YOUNG_LOW_INCOME,98,1836.0,97,1817.26530612245
39,WFAgent1,MALE_YOUNG_HIGH_INCOME,27,517.0,27,511.0714285714287
39,WFAgent2,MALE_YOUNG_HIGH_INCOME,27,517.0,27,508.5317460317462
39,WFAgent3,FEMALE_OLD_HIGH_INCOME,21,407.0,21,392.5384615384614
39,WFAgent4,FEMALE_HIGH_INCOME,35,663.0,393,0.0
39,WFAgent5,FEMALE_YOUNG,119,2236.0,0,0.0
40,WEAgent1,YOUNG_LOW_INCOME,204,3816.0,1806,0.0
40,WFAgent6,FEMALE_HIGH_INCOME,35,663.0,0,0.0
40,WEAgent2,FEMALE_OLD,150,2808.0,436,0.0
40,WFAgent7,FEMALE_YOUNG_LOW_INCOME,106,1980.0,1856,1905.2830188679247
40,WFAgent8,FEMALE_OLD_HIGH_INCOME,21,407.0,21,392.5384615384614
40,WEAgent0,FEMALE_YOUNG_LOW_INCOME,106,1980.0,105,1961.3207547169814
40,WFAgent9,FEMALE_YOUNG_LOW_INCOME,106,1980.0,0,0.0
40,WEAgent3,MALE_YOUNG,126,2353.0,467,1531.3174603174584
40,WFAgent0,MALE_HIGH_INCOME,70,1325.0,70,1307.2222222222208
40,WFAgent1,FEMALE_YOUNG_HIGH_INCOME,13,256.0,13,246.25714285714292
40,WFAgent2,FEMALE_OLD_LOW_INCOME,128,2401.0,2354,0.0
40,WFAgent3,OLD_HIGH_INCOME,65,1215.0,0,0.0
40,WFAgent4,MALE_OLD_HIGH_INCOME,43,808.0,838,0.0
40,WFAgent5,FEMALE_YOUNG_HIGH_INCOME,13,256.0,240,151.54285714285717
41,WEAgent1,FEMALE_YOUNG,119,2236.0,4,0.0
41,WFAgent6,FEMALE_YOUNG,119,2236.0,119,2235.6679879498984
41,WEAgent2,FEMALE_OLD_LOW_INCOME,128,2401.0,128,2397.7142857142844
41,WFAgent7,FEMALE_OLD,150,2808.0,412,0.0
41,WFAgent8,FEMALE_YOUNG,119,2236.0,118,2217.2100840336157
41,WEAgent0,FEMALE_LOW_INCOME,234,4381.0,1869,0.0
41,WFAgent9,FEMALE_YOUNG_LOW_INCOME,106,1980.0,0,0.0
41,WEAgent3,OLD_LOW_INCOME,224,4196.0,1758,0.0
41,WFAgent0,OLD_LOW_INCOME,224,4196.0,2245,0.0
41,WFAgent1,FEMALE_YOUNG,119,2236.0,119,2223.3835420960822
41,WFAgent2,FEMALE_YOUNG_LOW_INCOME,106,1980.0,0,0.0
41,WFAgent3,FEMALE_YOUNG_HIGH_INCOME,13,256.0,13,244.26890756302524
41,WFAgent4,MALE_OLD,139,2603.0,822,0.0
41,WFAgent5,MALE_OLD_LOW_INCOME,96,1795.0,0,0.0
42,WEAgent1,FEMALE_YOUNG_LOW_INCOME,106,1980.0,105,1961.3207547169814
42,WFAgent6,FEMALE_OLD_LOW_INCOME,128,2401.0,128,2397.7142857142844
42,WEAgent2,FEMALE_YOUNG,119,2236.0,259,0.0
42,WFAgent7,MALE_HIGH_INCOME,70,1325.0,497,0.0
42,WFAgent8,FEMALE_YOUNG,119,2236.0,119,2222.8301886792433
42,WEAgent0,MALE_YOUNG_LOW_INCOME,98,1836.0,1842,0.0
42,WFAgent9,OLD_LOW_INCOME,224,4196.0,0,0.0
42,WEAgent3,MALE_OLD,139,2603.0,813,0.0
42,WFAgent0,MALE_YOUNG_LOW_INCOME,98,1836.0,0,0.0
42,WFAgent1,OLD_LOW_INCOME,224,4196.0,2167,2622.4999999999964
42,WFAgent2,OLD_HIGH_INCOME,65,1215.0,384,0.0
42,WFAgent3,FEMALE_YOUNG,119,2236.0,1766,2092.075471698113
42,WFAgent4,FEMALE_OLD_LOW_INCOME,128,2401.0,128,2397.7142857142844
42,WFAgent5,MALE_OLD_LOW_INCOME,96,1795.0,1792,0.0
43,WEAgent1,MALE_HIGH_INCOME,70,1325.0,423,1287.1428571428564
43,WFAgent6,FEMALE_OLD_LOW_INCOME,128,2401.0,2423,0.0
43,WEAgent2,MALE_OLD_LOW_INCOME,96,1795.0,1819,0.0
43,WFAgent7,FEMALE_OLD_HIGH_INCOME,21,407.0,401,290.71428571428567
43,WFAgent8,FEMALE_YOUNG,119,2236.0,244,0.0
43,WEAgent0,FEMALE_OLD_HIGH_INCOME,21,407.0,20,387.6190476190477
43,WFAgent9,MALE_HIGH_INCOME,70,1325.0,814,0.0
43,WEAgent3,MALE_YOUNG_HIGH_INCOME,27,517.0,27,511.0714285714287
43,WFAgent0,MALE_OLD_LOW_INCOME,96,1795.0,0,0.0
43,WFAgent1,MALE_YOUNG_LOW_INCOME,98,1836.0,1805,0.0
43,WFAgent2,YOUNG_HIGH_INCOME,41,773.0,0,0.0
43,WFAgent3,FEMALE_HIGH_INCOME,35,663.0,0,0.0
43,WFAgent4,FEMALE_LOW_INCOME,234,4381.0,0,0.0
43,WFAgent5,MALE_HIGH_INCOME,70,1325.0,70,1324.999999999999
44,WEAgent1,FEMALE_YOUNG,119,2236.0,260,261.4444444444444
44,WFAgent6,MALE_YOUNG,126,2353.0,126,2353.0
44,WEAgent2,MALE_YOUNG,126,2353.0,375,1904.8095238095211
44,WFAgent7,FEMALE_YOUNG_HIGH_INCOME,13,256.0,13,242.7698412698412
44,WFAgent8,YOUNG_HIGH_INCOME,41,773.0,41,765.6587301587298
44,WEAgent0,FEMALE_OLD,150,2808.0,335,1158.9230769230774
44,WFAgent9,MALE_OLD_LOW_INCOME,96,1795.0,1747,0.0
44,WEAgent3,FEMALE_YOUNG_HIGH_INCOME,13,256.0,13,242.7698412698412
44,WFAgent0,FEMALE_LOW_INCOME,234,4381.0,1961,0.0
44,WFAgent1,OLD_HIGH_INCOME,65,1215.0,64,1196.3076923076926
44,WFAgent2,FEMALE_HIGH_INCOME,35,663.0,35,654.2307692307693
44,WFAgent3,OLD_HIGH_INCOME,65,1215.0,0,0.0
44,WFAgent4,FEMALE_OLD_LOW_INCOME,128,2401.0,2382,0.0
44,WFAgent5,MALE_OLD_HIGH_INCOME,43,808.0,807,0.0
45,WEAgent1,OLD_LOW_INCOME,224,4196.0,1715,0.0
45,WFAgent6,MALE_OLD_LOW_INCOME,96,1795.0,95,1776.3020833333355
45,WEAgent2,MALE_YOUNG,126,2353.0,483,485.5396825396827
45,WFAgent7,MALE_YOUNG,126,2353.0,0,0.0
45,WFAgent8,FEMALE_YOUNG_LOW_INCOME,106,1980.0,1965,0.0
45,WEAgent0,FEMALE_OLD_HIGH_INCOME,21,407.0,390,0.0
45,WFAgent9,MALE_OLD_HIGH_INCOME,43,808.0,787,0.0
45,WEAgent3,MALE_YOUNG_HIGH_INCOME,27,517.0,27,504.2142857142859
45,WFAgent0,MALE_OLD_LOW_INCOME,96,1795.0,0,0.0
45,WFAgent1,FEMALE_LOW_INCOME,234,4381.0,2401,0.0
45,WFAgent2,OLD_HIGH_INCOME,65,1215.0,0,0.0
45,WFAgent3,FEMALE_OLD_HIGH_INCOME,21,407.0,21,392.5384615384614
45,WFAgent4,FEMALE_HIGH_INCOME,35,663.0,254,0.0
45,WFAgent5,YOUNG_LOW_INCOME,204,3816.0,1862,0.0
46,WEAgent1,FEMALE_LOW_INCOME,234,4381.0,2031,0.0
46,WFAgent6,MALE_LOW_INCOME,194,3631.0,1863,0.0
46,WEAgent2,FEMALE_OLD_LOW_INCOME,128,2401.0,2328,0.0
46,WFAgent7,MALE_HIGH_INCOME,70,1325.0,70,1307.2222222222208
46,WFAgent8,FEMALE_YOUNG_LOW_INCOME,106,1980.0,0,0.0
46,WEAgent0,FEMALE_OLD_HIGH_INCOME,21,407.0,20,387.6190476190477
46,WFAgent9,YOUNG_HIGH_INCOME,41,773.0,216,527.9024390243904
46,WEAgent3,MALE_HIGH_INCOME,70,1325.0,467,0.0
46,WFAgent0,MALE_YOUNG,126,2353.0,0,0.0
46,WFAgent1,MALE_OLD_LOW_INCOME,96,1795.0,1762,0.0
46,WFAgent2,FEMALE_YOUNG_HIGH_INCOME,13,256.0,13,245.09756097560972
46,WFAgent3,FEMALE_OLD_HIGH_INCOME,21,407.0,378,232.57142857142856
46,WFAgent4,YOUNG_HIGH_INCOME,41,773.0,40,754.1463414634151
46,WFAgent5,MALE_HIGH_INCOME,70,1325.0,812,0.0
47,WEAgent1,FEMALE_OLD_LOW_INCOME,128,2401.0,2406,0.0
47,WFAgent6,MALE_YOUNG,126,2353.0,0,0.0
47,WEAgent2,MALE_OLD_HIGH_INCOME,43,808.0,42,789.2093023255819
47,WFAgent7,MALE_LOW_INCOME,194,3631.0,0,0.0
47,WFAgent8,OLD_LOW_INCOME,224,4196.0,1799,0.0
47,WEAgent0,FEMALE_YOUNG,119,2236.0,118,2217.2100840336157
47,WFAgent9,FEMALE_OLD,150,2808.0,0,0.0
47,WEAgent3,FEMALE_OLD,150,2808.0,150,2807.9999999999945
47,WFAgent0,MALE_OLD_HIGH_INCOME,43,808.0,773,732.837209302326
47,WFAgent1,FEMALE_YOUNG,119,2236.0,146,2066.8907563025227
47,WFAgent2,FEMALE_OLD,150,2808.0,265,0.0
47,WFAgent3,MALE_YOUNG_HIGH_INCOME,27,517.0,27,504.2142857142859
47,WFAgent4,MALE_YOUNG_HIGH_INCOME,27,517.0,27,511.0714285714287
47,WFAgent5,MALE_HIGH_INCOME,70,1325.0,488,0.0
48,WEAgent1,MALE_LOW_INCOME,194,3631.0,1779,0.0
48,WFAgent6,MALE_OLD_LOW_INCOME,96,1795.0,0,0.0
48,WEAgent2,FEMALE_OLD_LOW_INCOME,128,2401.0,128,2396.44444444444
48,WFAgent7,MALE_OLD,139,2603.0,0,0.0
48,WFAgent8,FEMALE_YOUNG_HIGH_INCOME,13,256.0,13,244.26890756302524
48,WEAgent0,FEMALE_YOUNG,119,2236.0,223,0.0
48,WFAgent9,FEMALE_OLD_LOW_INCOME,128,2401.0,2282,0.0
48,WEAgent3,MALE_YOUNG_HIGH_INCOME,27,517.0,27,517.0
48,WFAgent0,MALE_YOUNG_HIGH_INCOME,27,517.0,506,325.51851851851853
48,WFAgent1,FEMALE_LOW_INCOME,234,4381.0,0,0.0
48,WFAgent2,MALE_LOW_INCOME,194,3631.0,917,0.0
48,WFAgent3,FEMALE_YOUNG_HIGH_INCOME,13,256.0,13,243.38888888888894
48,WFAgent4,MALE_OLD_HIGH_INCOME,43,808.0,795,0.0
48,WFAgent5,MALE_LOW_INCOME,194,3631.0,906,0.0
49,WEAgent1,FEMALE_YOUNG_HIGH_INCOME,13,256.0,13,246.25714285714292
49,WFAgent6,MALE_YOUNG_LOW_INCOME,98,1836.0,1772,0.0
49,WEAgent2,MALE_LOW_INCOME,194,3631.0,1635,3237.9536082474315
49,WFAgent7,OLD_LOW_INCOME,224,4196.0,0,0.0
49,WFAgent8,FEMALE_OLD_HIGH_INCOME,21,407.0,407,0.0
49,WEAgent0,FEMALE_HIGH_INCOME,35,663.0,242,208.37142857142862
49,WFAgent9,MALE_YOUNG_HIGH_INCOME,27,517.0,477,0.0
49,WEAgent3,FEMALE_YOUNG_LOW_INCOME,106,1980.0,105,1961.3207547169814
49,WFAgent0,FEMALE_OLD_LOW_INCOME,128,2401.0,2509,0.0
49,WFAgent1,FEMALE_YOUNG_LOW_INCOME,106,1980.0,1840,1699.8113207547171
49,WFAgent2,FEMALE_HIGH_INCOME,35,663.0,0,0.0
49,WFAgent3,MALE_YOUNG,126,2353.0,0,0.0
49,WFAgent4,MALE_LOW_INCOME,194,3631.0,193,3612.2835051546517
49,WFAgent5,FEMALE_OLD_HIGH_INCOME,21,407.0,21,397.7999999999999
50,WEAgent1,FEMALE_LOW_INCOME,234,4381.0,1976,0.0
50,WFAgent6,FEMALE_HIGH_INCOME,35,663.0,234,0.0
50,WEAgent2,FEMALE_OLD,150,2808.0,150,2807.9999999999945
50,WFAgent7,OLD_LOW_INCOME,224,4196.0,224,4193.777777777771
50,WFAgent8,MALE_YOUNG_LOW_INCOME,98,1836.0,1850,0.0
50,WEAgent0,MALE_OLD,139,2603.0,765,0.0
50,WFAgent9,FEMALE_OLD_LOW_INCOME,128,2401.0,128,2396.44444444444
50,WEAgent3,YOUNG_HIGH_INCOME,41,773.0,271,0.0
50,WFAgent0,FEMALE_OLD,150,2808.0,0,0.0
50,WFAgent1,FEMALE_LOW_INCOME,234,4381.0,0,0.0
50,WFAgent2,MALE_OLD,139,2603.0,1736,0.0
50,WFAgent3,MALE_OLD_HIGH_INCOME,43,808.0,43,804.0104166666663
50,WFAgent4,MALE_OLD_LOW_INCOME,96,1795.0,0,0.0
50,WFAgent5,FEMALE_LOW_INCOME,234,4381.0,2072,4249.944444444439
51,WEAgent1,FEMALE_OLD_LOW_INCOME,128,2401.0,128,2400.9288194444443
51,WFAgent6,FEMALE_OLD_LOW_INCOME,128,2401.0,128,2401.0
51,WEAgent2,MALE_YOUNG,126,2353.0,515,0.0
51,WFAgent7,OLD_LOW_INCOME,224,4196.0,1777,0.0
51,WFAgent8,OLD_HIGH_INCOME,65,1215.0,423,0.0
51,WEAgent0,MALE_YOUNG_LOW_INCOME,98,1836.0,97,1817.26530612245
51,WFAgent9,FEMALE_LOW_INCOME,234,4381.0,1957,0.0
51,WEAgent3,FEMALE_HIGH_INCOME,35,663.0,252,0.0
51,WFAgent0,YOUNG_HIGH_INCOME,41,773.0,0,0.0
51,WFAgent1,YOUNG_LOW_INCOME,204,3816.0,2003,0.0
51,WFAgent2,FEMALE_OLD_LOW_INCOME,128,2401.0,128,2401.0
51,WFAgent3,MALE_OLD_HIGH_INCOME,43,808.0,820,0.0
51,WFAgent4,MALE_YOUNG_LOW_INCOME,98,1836.0,1772,1554.979591836735
51,WFAgent5,FEMALE_LOW_INCOME,234,4381.0,0,0.0
52,WEAgent1,MALE_LOW_INCOME,194,3631.0,193,3612.2835051546517
52,WFAgent6,FEMALE_YOUNG_LOW_INCOME,106,1980.0,0,0.0
52,WEAgent2,FEMALE_OLD_LOW_INCOME,128,2401.0,2209,2401.0
52,WFAgent7,MALE_HIGH_INCOME,70,1325.0,529,0.0
52,WFAgent8,FEMALE_LOW_INCOME,234,4381.0,234,4370.943396226387
52,WEAgent0,FEMALE_OLD_LOW_INCOME,128,2401.0,128,2401.0
52,WFAgent9,FEMALE_YOUNG,119,2236.0,137,0.0
52,WEAgent3,FEMALE_YOUNG_LOW_INCOME,106,1980.0,1776,0.0
52,WFAgent0,MALE_LOW_INCOME,194,3631.0,0,0.0
52,WFAgent1,YOUNG_LOW_INCOME,204,3816.0,1849,0.0
52,WFAgent2,FEMALE_YOUNG,119,2236.0,140,0.0
52,WFAgent3,MALE_OLD_HIGH_INCOME,43,808.0,852,0.0
52,WFAgent4,OLD_LOW_INCOME,224,4196.0,1569,3518.7010309278467
52,WFAgent5,FEMALE_OLD,150,2808.0,384,0.0
53,WEAgent1,MALE_YOUNG_HIGH_INCOME,27,517.0,27,504.2142857142859
53,WFAgent6,YOUNG_LOW_INCOME,204,3816.0,0,0.0
53,WEAgent2,MALE_YOUNG,126,2353.0,428,1195.174603174602
53,WFAgent7,FEMALE_OLD,150,2808.0,242,2733.1199999999953
53,WFAgent8,OLD_LOW_INCOME,224,4196.0,1793,0.0
53,WEAgent0,FEMALE_LOW_INCOME,234,4381.0,1805,4246.235294117632
53,WFAgent9,OLD_HIGH_INCOME,65,1215.0,0,0.0
53,WEAgent3,MALE_YOUNG_LOW_INCOME,98,1836.0,1836,0.0
53,WFAgent0,FEMALE_YOUNG_HIGH_INCOME,13,256.0,292,0.0
53,WFAgent1,MALE_HIGH_INCOME,70,1325.0,70,1307.2222222222208
53,WFAgent2,MALE_OLD_LOW_INCOME,96,1795.0,0,0.0
53,WFAgent3,YOUNG_LOW_INCOME,204,3816.0,204,3815.9999999999854
53,WFAgent4,FEMALE_OLD,150,2808.0,2359,0.0
53,WFAgent5,FEMALE_OLD,150,2808.0,150,2807.9999999999945
54,WEAgent1,FEMALE_YOUNG_HIGH_INCOME,13,256.0,264,0.0
54,WFAgent6,MALE_YOUNG,126,2353.0,505,0.0
54,WEAgent2,FEMALE_OLD_HIGH_INCOME,21,407.0,21,392.5384615384614
54,WFAgent7,FEMALE_OLD_LOW_INCOME,128,2401.0,128,2397.7142857142844
54,WFAgent8,YOUNG_HIGH_INCOME,41,773.0,0,0.0
54,WEAgent0,MALE_YOUNG_LOW_INCOME,98,1836.0,1870,0.0
54,WFAgent9,MALE_LOW_INCOME,194,3631.0,0,0.0
54,WEAgent3,OLD_HIGH_INCOME,65,1215.0,413,299.076923076923
54,WFAgent0,FEMALE_YOUNG_LOW_INCOME,106,1980.0,1952,0.0
54,WFAgent1,OLD_LOW_INCOME,224,4196.0,2319,2997.1428571428496
54,WFAgent2,FEMALE_OLD,150,2808.0,0,0.0
54,WFAgent3,MALE_HIGH_INCOME,70,1325.0,782,0.0
54,WFAgent4,FEMALE_OLD,150,2808.0,0,0.0
54,WFAgent5,OLD_LOW_INCOME,224,4196.0,1746,0.0
55,WEAgent1,FEMALE_HIGH_INCOME,35,663.0,35,654.2307692307693
55,WFAgent6,YOUNG_LOW_INCOME,204,3816.0,1972,0.0
55,WEAgent2,MALE_HIGH_INCOME,70,1325.0,519,0.0
55,WFAgent7,OLD_LOW_INCOME,224,4196.0,2346,0.0
55,WFAgent8,MALE_LOW_INCOME,194,3631.0,1635,3574.8505154639297
55,WEAgent0,FEMALE_YOUNG,119,2236.0,194,37.38461538461539
55,WFAgent9,MALE_YOUNG,126,2353.0,0,0.0
55,WEAgent3,OLD_HIGH_INCOME,65,1215.0,395,672.923076923077
55,WFAgent0,FEMALE_OLD,150,2808.0,0,0.0
55,WFAgent1,MALE_LOW_INCOME,194,3631.0,193,3612.2835051546517
55,WFAgent2,FEMALE_YOUNG_HIGH_INCOME,13,256.0,13,242.99999999999994
55,WFAgent3,MALE_OLD,139,2603.0,837,0.0
55,WFAgent4,FEMALE_YOUNG,119,2236.0,0,0.0
55,WFAgent5,MALE_YOUNG_LOW_INCOME,98,1836.0,1861,0.0
56,WEAgent1,MALE_LOW_INCOME,194,3631.0,1818,0.0
56,WFAgent6,FEMALE_YOUNG,119,2236.0,0,0.0
56,WEAgent2,FEMALE_YOUNG_LOW_INCOME,106,1980.0,105,1961.3207547169814
56,WFAgent7,FEMALE_LOW_INCOME,234,4381.0,234,4370.943396226387
56,WFAgent8,MALE_YOUNG_HIGH_INCOME,27,517.0,514,0.0
56,WEAgent0,FEMALE_OLD,150,2808.0,150,2807.9999999999945
56,WFAgent9,FEMALE_LOW_INCOME,234,4381.0,1660,3567.7358490565857
56,WEAgent3,YOUNG_HIGH_INCOME,41,773.0,244,0.0
56,WFAgent0,FEMALE_HIGH_INCOME,35,663.0,232,0.0
56,WFAgent1,MALE_HIGH_INCOME,70,1325.0,836,0.0
56,WFAgent2,MALE_OLD_HIGH_INCOME,43,808.0,0,0.0
56,WFAgent3,MALE_LOW_INCOME,194,3631.0,0,0.0
56,WFAgent4,FEMALE_OLD,150,2808.0,0,0.0
56,WFAgent5,MALE_YOUNG,126,2353.0,0,0.0
57,WEAgent1,FEMALE_YOUNG_HIGH_INCOME,13,256.0,204,0.0
57,WFAgent6,FEMALE_OLD,150,2808.0,126,2358.7199999999993
57,WEAgent2,FEMALE_YOUNG_LOW_INCOME,106,1980.0,2000,0.0
57,WFAgent7,FEMALE_YOUNG_LOW_INCOME,106,1980.0,0,0.0
57,WFAgent8,FEMALE_OLD,150,2808.0,136,2545.9199999999973
57,WEAgent0,FEMALE_HIGH_INCOME,35,663.0,35,655.2000000000005
57,WFAgent9,MALE_OLD_LOW_INCOME,96,1795.0,1831,0.0
57,WEAgent3,MALE_YOUNG_HIGH_INCOME,27,517.0,543,0.0
57,WFAgent0,FEMALE_OLD,150,2808.0,105,1965.6000000000024
57,WFAgent1,FEMALE_OLD_LOW_INCOME,128,2401.0,2250,2152.8000000000015
57,WFAgent2,FEMALE_OLD_LOW_INCOME,128,2401.0,128,2396.159999999999
57,WFAgent3,YOUNG_HIGH_INCOME,41,773.0,0,0.0
57,WFAgent4,FEMALE_YOUNG_HIGH_INCOME,13,256.0,13,243.36
57,WFAgent5,OLD_HIGH_INCOME,65,1215.0,0,0.0
58,WEAgent1,OLD_LOW_INCOME,224,4196.0,1763,0.0
58,WFAgent6,MALE_OLD_HIGH_INCOME,43,808.0,43,805.2446043165469
58,WEAgent2,MALE_HIGH_INCOME,70,1325.0,506,0.0
58,WFAgent7,FEMALE_HIGH_INCOME,35,663.0,0,0.0
58,WFAgent8,FEMALE_OLD_LOW_INCOME,128,2401.0,128,2397.7142857142844
58,WEAgent0,MALE_YOUNG_LOW_INCOME,98,1836.0,1834,0.0
58,WFAgent9,MALE_OLD,139,2603.0,0,0.0
58,WEAgent3,FEMALE_YOUNG_HIGH_INCOME,13,256.0,241,0.0
58,WFAgent0,YOUNG_LOW_INCOME,204,3816.0,1993,0.0
58,WFAgent1,FEMALE_OLD_LOW_INCOME,128,2401.0,128,2396.44444444444
58,WFAgent2,FEMALE_LOW_INCOME,234,4381.0,0,0.0
58,WFAgent3,MALE_OLD_HIGH_INCOME,43,808.0,784,0.0
58,WFAgent4,FEMALE_LOW_INCOME,234,4381.0,2130,0.0
58,WFAgent5,MALE_YOUNG,126,2353.0,0,0.0
59,WEAgent1,FEMALE_OLD,150,2808.0,150,2807.9999999999945
59,WFAgent6,FEMALE_HIGH_INCOME,35,663.0,247,0.0
59,WEAgent2,FEMALE_OLD,150,2808.0,2565,2227.6800000000007
59,WFAgent7,MALE_OLD_LOW_INCOME,96,1795.0,0,0.0
59,WFAgent8,OLD_LOW_INCOME,224,4196.0,224,4191.640249140899
59,WEAgent0,FEMALE_YOUNG_LOW_INCOME,106,1980.0,1931,0.0
59,WFAgent9,MALE_YOUNG,126,2353.0,126,2353.0
59,WEAgent3,MALE_LOW_INCOME,194,3631.0,1382,0.0
59,WFAgent0,FEMALE_YOUNG_LOW_INCOME,106,1980.0,0,0.0
59,WFAgent1,MALE_YOUNG,126,2353.0,347,2296.97619047619
59,WFAgent2,MALE_HIGH_INCOME,70,1325.0,761,0.0
59,WFAgent3,FEMALE_OLD,150,2808.0,116,2171.5200000000013
59,WFAgent4,MALE_HIGH_INCOME,70,1325.0,70,1307.2222222222208
59,WFAgent5,MALE_LOW_INCOME,194,3631.0,193,3612.2835051546517
60,WEAgent1,MALE_LOW_INCOME,194,3631.0,1705,1944.5833333333362
60,WFAgent6,FEMALE_LOW_INCOME,234,4381.0,1959,0.0
60,WEAgent2,MALE_OLD_LOW_INCOME,96,1795.0,95,1776.3020833333355
60,WFAgent7,MALE_HIGH_INCOME,70,1325.0,817,0.0
60,WFAgent8,OLD_LOW_INCOME,224,4196.0,224,4195.999999999983
60,WEAgent0,FEMALE_HIGH_INCOME,35,663.0,238,0.0
60,WFAgent9,FEMALE_YOUNG_HIGH_INCOME,13,256.0,13,243.36
60,WEAgent3,FEMALE_OLD,150,2808.0,150,2807.9999999999945
60,WFAgent0,OLD_LOW_INCOME,224,4196.0,2220,4139.803571428553
60,WFAgent1,MALE_LOW_INCOME,194,3631.0,1841,0.0
60,WFAgent2,FEMALE_YOUNG,119,2236.0,0,0.0
60,WFAgent3,MALE_YOUNG_HIGH_INCOME,27,517.0,504,0.0
60,WFAgent4,YOUNG_HIGH_INCOME,41,773.0,0,0.0
60,WFAgent5,FEMALE_OLD,150,2808.0,234,0.0
61,WEAgent1,OLD_HIGH_INCOME,65,1215.0,381,336.46153846153834
61,WFAgent6,FEMALE_LOW_INCOME,234,4381.0,0,0.0
61,WEAgent2,MALE_OLD,139,2603.0,139,2598.2307692307645
61,WFAgent7,FEMALE_YOUNG_HIGH_INCOME,13,256.0,13,255.99999999999994
61,WFAgent8,FEMALE_OLD_LOW_INCOME,128,2401.0,128,2397.7142857142844
61,WEAgent0,FEMALE_OLD_HIGH_INCOME,21,407.0,21,392.5384615384614
61,WFAgent9,FEMALE_LOW_INCOME,234,4381.0,0,0.0
61,WEAgent3,FEMALE_YOUNG_HIGH_INCOME,13,256.0,248,157.53846153846155
61,WFAgent0,FEMALE_YOUNG_HIGH_INCOME,13,256.0,13,255.99999999999994
61,WFAgent1,OLD_LOW_INCOME,224,4196.0,224,4195.999999999983
61,WFAgent2,OLD_LOW_INCOME,224,4196.0,2089,4008.6785714285534
61,WFAgent3,MALE_LOW_INCOME,194,3631.0,1754,0.0
61,WFAgent4,FEMALE_YOUNG_LOW_INCOME,106,1980.0,1962,0.0
61,WFAgent5,MALE_OLD,139,2603.0,654,0.0
62,WEAgent1,YOUNG_LOW_INCOME,204,3816.0,1904,0.0
62,WFAgent6,MALE_OLD,139,2603.0,1729,0.0
62,WEAgent2,MALE_YOUNG_HIGH_INCOME,27,517.0,27,505.6187050359709
62,WFAgent7,MALE_YOUNG_HIGH_INCOME,27,517.0,27,511.0714285714287
62,WFAgent8,FEMALE_YOUNG_HIGH_INCOME,13,256.0,13,246.25714285714292
62,WEAgent0,MALE_HIGH_INCOME,70,1325.0,424,617.9784172661869
62,WFAgent9,FEMALE_HIGH_INCOME,35,663.0,0,0.0
62,WEAgent3,FEMALE_YOUNG_HIGH_INCOME,13,256.0,238,0.0
62,WFAgent0,FEMALE_OLD_HIGH_INCOME,21,407.0,368,0.0
62,WFAgent1,MALE_HIGH_INCOME,70,1325.0,0,0.0
62,WFAgent2,FEMALE_HIGH_INCOME,35,663.0,35,654.2307692307693
62,WFAgent3,OLD_HIGH_INCOME,65,1215.0,0,0.0
62,WFAgent4,FEMALE_YOUNG_LOW_INCOME,106,1980.0,1972,0.0
62,WFAgent5,MALE_HIGH_INCOME,70,1325.0,70,1317.3257965056523
63,WEAgent1,FEMALE_YOUNG_HIGH_INCOME,13,256.0,251,0.0
63,WFAgent6,MALE_YOUNG_HIGH_INCOME,27,517.0,27,504.2142857142859
63,WEAgent2,OLD_HIGH_INCOME,65,1215.0,384,0.0
63,WFAgent7,MALE_HIGH_INCOME,70,1325.0,70,1307.2222222222208
63,WFAgent8,FEMALE_YOUNG_LOW_INCOME,106,1980.0,1918,0.0
63,WEAgent0,YOUNG_LOW_INCOME,204,3816.0,1710,0.0
63,WFAgent9,FEMALE_HIGH_INCOME,35,663.0,0,0.0
63,WEAgent3,MALE_YOUNG,126,2353.0,434,1176.4999999999989
63,WFAgent0,FEMALE_OLD_HIGH_INCOME,21,407.0,21,392.5384615384614
63,WFAgent1,FEMALE_OLD_LOW_INCOME,128,2401.0,2506,0.0
63,WFAgent2,FEMALE_YOUNG_HIGH_INCOME,13,256.0,13,242.99999999999994
63,WFAgent3,OLD_HIGH_INCOME,65,1215.0,0,0.0
63,WFAgent4,MALE_OLD,139,2603.0,1771,0.0
63,WFAgent5,MALE_YOUNG_LOW_INCOME,98,1836.0,98,1830.5660377358492
64,WEAgent1,MALE_HIGH_INCOME,70,1325.0,510,0.0
64,WFAgent6,FEMALE_YOUNG_LOW_INCOME,106,1980.0,1942,0.0
64,WEAgent2,FEMALE_OLD_LOW_INCOME,128,2401.0,2408,0.0
64,WFAgent7,MALE_LOW_INCOME,194,3631.0,193,3612.2835051546517
64,WFAgent8,FEMALE_HIGH_INCOME,35,663.0,275,0.0
64,WEAgent0,FEMALE_OLD_HIGH_INCOME,21,407.0,416,0.0
64,WFAgent9,OLD_LOW_INCOME,224,4196.0,1249,3499.9845360824856
64,WEAgent3,YOUNG_LOW_INCOME,204,3816.0,1690,0.0
64,WFAgent0,MALE_LOW_INCOME,194,3631.0,193,3612.2835051546517
64,WFAgent1,MALE_LOW_INCOME,194,3631.0,193,3612.2835051546517
64,WFAgent2,FEMALE_OLD,150,2808.0,0,0.0
64,WFAgent3,FEMALE_OLD_HIGH_INCOME,21,407.0,21,393.12000000000023
64,WFAgent4,MALE_YOUNG_LOW_INCOME,98,1836.0,98,1830.5660377358492
64,WFAgent5,YOUNG_LOW_INCOME,204,3816.0,0,0.0
65,WEAgent1,MALE_HIGH_INCOME,70,1325.0,422,0.0
65,WFAgent6,MALE_YOUNG,126,2353.0,0,0.0
65,WEAgent2,FEMALE_YOUNG,119,2236.0,252,0.0
65,WFAgent7,OLD_LOW_INCOME,224,4196.0,0,0.0
65,WFAgent8,MALE_HIGH_INCOME,70,1325.0,70,1307.2222222222208
65,WEAgent0,MALE_LOW_INCOME,194,3631.0,1756,0.0
65,WFAgent9,FEMALE_OLD_HIGH_INCOME,21,407.0,21,392.5384615384614
65,WEAgent3,MALE_OLD,139,2603.0,833,0.0
65,WFAgent0,OLD_HIGH_INCOME,65,1215.0,258,1158.9230769230774
65,WFAgent1,FEMALE_HIGH_INCOME,35,663.0,35,654.2307692307693
65,WFAgent2,OLD_HIGH_INCOME,65,1215.0,64,1196.3076923076926
65,WFAgent3,FEMALE_OLD_LOW_INCOME,128,2401.0,2391,0.0
65,WFAgent4,MALE_OLD_LOW_INCOME,96,1795.0,0,0.0
65,WFAgent5,OLD_HIGH_INCOME,65,1215.0,0,0.0
66,WEAgent1,MALE_OLD_HIGH_INCOME,43,808.0,42,789.2093023255819
66,WFAgent6,FEMALE_OLD,150,2808.0,0,0.0
66,WEAgent2,FEMALE_YOUNG_LOW_INCOME,106,1980.0,105,1961.3207547169814
66,WFAgent7,FEMALE_YOUNG_HIGH_INCOME,13,256.0,251,0.0
66,WFAgent8,MALE_LOW_INCOME,194,3631.0,1814,0.0
66,WEAgent0,MALE_OLD_LOW_INCOME,96,1795.0,1626,0.0
66,WFAgent9,FEMALE_OLD_HIGH_INCOME,21,407.0,423,0.0
66,WEAgent3,FEMALE_OLD_LOW_INCOME,128,2401.0,2374,0.0
66,WFAgent0,FEMALE_LOW_INCOME,234,4381.0,1921,1755.8490566037738
66,WFAgent1,YOUNG_HIGH_INCOME,41,773.0,511,0.0
66,WFAgent2,FEMALE_YOUNG,119,2236.0,0,0.0
66,WFAgent3,MALE_OLD_LOW_INCOME,96,1795.0,95,1776.3020833333355
66,WFAgent4,MALE_OLD_LOW_INCOME,96,1795.0,95,1776.3020833333355
66,WFAgent5,MALE_HIGH_INCOME,70,1325.0,743,676.46511627907
67,WEAgent1,OLD_HIGH_INCOME,65,1215.0,353,0.0
67,WFAgent6,FEMALE_OLD,150,2808.0,0,0.0
67,WEAgent2,MALE_YOUNG_HIGH_INCOME,27,517.0,478,0.0
67,WFAgent7,OLD_HIGH_INCOME,65,1215.0,0,0.0
67,WFAgent8,MALE_LOW_INCOME,194,3631.0,1815,0.0
67,WEAgent0,FEMALE_YOUNG_LOW_INCOME,106,1980.0,1994,0.0
67,WFAgent9,FEMALE_LOW_INCOME,234,4381.0,234,4380.999999999997
67,WEAgent3,MALE_YOUNG_LOW_INCOME,98,1836.0,1866,0.0
67,WFAgent0,FEMALE_OLD_HIGH_INCOME,21,407.0,21,393.1200000000001
67,WFAgent1,YOUNG_HIGH_INCOME,41,773.0,263,0.0
67,WFAgent2,FEMALE_OLD_LOW_INCOME,128,2401.0,128,2396.44444444444
67,WFAgent3,FEMALE_LOW_INCOME,234,4381.0,2000,3519.77777777777
67,WFAgent4,YOUNG_LOW_INCOME,204,3816.0,0,0.0
67,WFAgent5,FEMALE_HIGH_INCOME,35,663.0,35,654.2307692307693
68,WEAgent1,MALE_LOW_INCOME,194,3631.0,1616,3362.2641509433806
68,WFAgent6,FEMALE_YOUNG_LOW_INCOME,106,1980.0,105,1961.3207547169814
68,WEAgent2,MALE_LOW_INCOME,194,3631.0,194,3623.7735849056417
68,WFAgent7,MALE_HIGH_INCOME,70,1325.0,0,0.0
68,WFAgent8,YOUNG_LOW_INCOME,204,3816.0,0,0.0
68,WEAgent0,FEMALE_YOUNG_LOW_INCOME,106,1980.0,1895,1849.2452830188681
68,WFAgent9,FEMALE_OLD_LOW_INCOME,128,2401.0,2483,0.0
68,WEAgent3,FEMALE_OLD_HIGH_INCOME,21,407.0,427,0.0
68,WFAgent0,FEMALE_YOUNG_HIGH_INCOME,13,256.0,255,0.0
68,WFAgent1,FEMALE_HIGH_INCOME,35,663.0,0,0.0
68,WFAgent2,MALE_OLD_HIGH_INCOME,43,808.0,769,0.0
68,WFAgent3,OLD_LOW_INCOME,224,4196.0,0,0.0
68,WFAgent4,MALE_YOUNG_HIGH_INCOME,27,517.0,520,0.0
68,WFAgent5,YOUNG_LOW_INCOME,204,3816.0,0,0.0
69,WEAgent1,MALE_YOUNG_LOW_INCOME,98,1836.0,98,1833.1764705882379
69,WFAgent6,FEMALE_OLD_LOW_INCOME,128,2401.0,2365,0.0
69,WEAgent2,YOUNG_LOW_INCOME,204,3816.0,1642,1421.647058823531
69,WFAgent7,MALE_YOUNG,126,2353.0,509,0.0
69,WFAgent8,FEMALE_OLD_LOW_INCOME,128,2401.0,0,0.0
69,WEAgent0,MALE_OLD_HIGH_INCOME,43,808.0,781,0.0
69,WFAgent9,MALE_OLD_HIGH_INCOME,43,808.0,43,804.0104166666663
69,WEAgent3,MALE_YOUNG_LOW_INCOME,98,1836.0,98,1833.1764705882379
69,WFAgent0,FEMALE_YOUNG,119,2236.0,0,0.0
69,WFAgent1,FEMALE_HIGH_INCOME,35,663.0,273,0.0
69,WFAgent2,MALE_OLD,139,2603.0,0,0.0
69,WFAgent3,MALE_OLD_LOW_INCOME,96,1795.0,95,1776.3020833333355
69,WFAgent4,FEMALE_HIGH_INCOME,35,663.0,436,0.0
69,WFAgent5,MALE_OLD_LOW_INCOME,96,1795.0,1671,1738.906250000002
70,WEAgent1,MALE_YOUNG,126,2353.0,307,1680.7142857142835
70,WFAgent6,FEMALE_YOUNG_LOW_INCOME,106,1980.0,1970,0.0
70,WEAgent2,MALE_OLD_LOW_INCOME,96,1795.0,1798,0.0
70,WFAgent7,OLD_LOW_INCOME,224,4196.0,2401,0.0
70,WFAgent8,MALE_HIGH_INCOME,70,1325.0,70,1307.2222222222208
70,WEAgent0,MALE_OLD_HIGH_INCOME,43,808.0,43,804.0104166666663
70,WFAgent9,FEMALE_HIGH_INCOME,35,663.0,391,0.0
70,WEAgent3,MALE_OLD,139,2603.0,766,673.1249999999999
70,WFAgent0,MALE_HIGH_INCOME,70,1325.0,70,1307.2222222222208
70,WFAgent1,MALE_HIGH_INCOME,70,1325.0,70,1307.2222222222208
70,WFAgent2,MALE_YOUNG,126,2353.0,0,0.0
70,WFAgent3,FEMALE_OLD,150,2808.0,0,0.0
70,WFAgent4,YOUNG_LOW_INCOME,204,3816.0,1856,0.0
70,WFAgent5,FEMALE_YOUNG,119,2236.0,258,0.0
71,WEAgent1,YOUNG_HIGH_INCOME,41,773.0,41,765.8490566037736
71,WFAgent6,FEMALE_YOUNG_LOW_INCOME,106,1980.0,2040,0.0
71,WEAgent2,MALE_YOUNG_LOW_INCOME,98,1836.0,1643,1648.6530612244903
71,WFAgent7,MALE_YOUNG_HIGH_INCOME,27,517.0,521,421.2592592592593
71,WFAgent8,MALE_YOUNG_HIGH_INCOME,27,517.0,27,517.0
71,WEAgent0,FEMALE_HIGH_INCOME,35,663.0,35,653.7735849056604
71,WFAgent9,FEMALE_YOUNG_LOW_INCOME,106,1980.0,0,0.0
71,WEAgent3,FEMALE_HIGH_INCOME,35,663.0,172,448.3018867924529
71,WFAgent0,MALE_OLD_LOW_INCOME,96,1795.0,1729,0.0
71,WFAgent1,MALE_HIGH_INCOME,70,1325.0,834,0.0
71,WFAgent2,FEMALE_YOUNG,119,2236.0,0,0.0
71,WFAgent3,MALE_OLD,139,2603.0,0,0.0
71,WFAgent4,MALE_YOUNG_LOW_INCOME,98,1836.0,97,1817.26530612245
71,WFAgent5,MALE_YOUNG_LOW_INCOME,98,1836.0,97,1817.26530612245
72,WEAgent1,OLD_HIGH_INCOME,65,1215.0,64,1196.3076923076926
72,WFAgent6,FEMALE_OLD_LOW_INCOME,128,2401.0,2435,0.0
72,WEAgent2,FEMALE_HIGH_INCOME,35,663.0,35,657.647058823529
72,WFAgent7,FEMALE_HIGH_INCOME,35,663.0,35,657.647058823529
72,WFAgent8,MALE_OLD,139,2603.0,139,2599.0104166666656
72,WEAgent0,FEMALE_YOUNG,119,2236.0,139,751.5966386554616
72,WFAgent9,MALE_OLD,139,2603.0,587,2317.84615384615
72,WEAgent3,FEMALE_HIGH_INCOME,35,663.0,35,657.647058823529
72,WFAgent0,FEMALE_OLD_HIGH_INCOME,21,407.0,386,0.0
72,WFAgent1,OLD_LOW_INCOME,224,4196.0,0,0.0
72,WFAgent2,MALE_OLD_LOW_INCOME,96,1795.0,1680,0.0
72,WFAgent3,MALE_OLD_LOW_INCOME,96,1795.0,0,0.0
72,WFAgent4,MALE_YOUNG_LOW_INCOME,98,1836.0,1755,0.0
72,WFAgent5,MALE_OLD,139,2603.0,139,2598.2307692307645
73,WEAgent1,FEMALE_OLD_HIGH_INCOME,21,407.0,366,387.6190476190477
73,WFAgent6,FEMALE_YOUNG_LOW_INCOME,106,1980.0,0,0.0
73,WEAgent2,MALE_OLD,139,2603.0,758,805.2446043165469
73,WFAgent7,FEMALE_OLD_LOW_INCOME,128,2401.0,128,2396.44444444444
73,WFAgent8,FEMALE_OLD_HIGH_INCOME,21,407.0,20,387.6190476190477
73,WEAgent0,YOUNG_LOW_INCOME,204,3816.0,204,3810.566037735828
73,WFAgent9,FEMALE_HIGH_INCOME,35,663.0,0,0.0
73,WEAgent3,FEMALE_LOW_INCOME,234,4381.0,1534,3922.64150943394
73,WFAgent0,FEMALE_OLD_HIGH_INCOME,21,407.0,20,387.6190476190477
73,WFAgent1,MALE_OLD_HIGH_INCOME,43,808.0,43,805.2446043165469
73,WFAgent2,FEMALE_HIGH_INCOME,35,663.0,258,0.0
73,WFAgent3,FEMALE_YOUNG,119,2236.0,0,0.0
73,WFAgent4,OLD_LOW_INCOME,224,4196.0,2251,0.0
73,WFAgent5,YOUNG_LOW_INCOME,204,3816.0,204,3810.566037735828
74,WEAgent1,YOUNG_HIGH_INCOME,41,773.0,41,765.6587301587298
74,WFAgent6,MALE_OLD,139,2603.0,0,0.0
74,WEAgent2,FEMALE_YOUNG_HIGH_INCOME,13,256.0,13,242.8301886792453
74,WFAgent7,MALE_HIGH_INCOME,70,1325.0,70,1324.999999999999
74,WFAgent8,OLD_HIGH_INCOME,65,1215.0,420,0.0
74,WEAgent0,FEMALE_YOUNG,119,2236.0,203,298.8679245283019
74,WFAgent9,FEMALE_OLD,150,2808.0,1212,0.0
74,WEAgent3,MALE_YOUNG,126,2353.0,126,2353.0
74,WFAgent0,YOUNG_HIGH_INCOME,41,773.0,41,765.8490566037736
74,WFAgent1,FEMALE_YOUNG_LOW_INCOME,106,1980.0,1938,0.0
74,WFAgent2,FEMALE_OLD,150,2808.0,1167,0.0
74,WFAgent3,MALE_HIGH_INCOME,70,1325.0,70,1321.9523809523807
74,WFAgent4,MALE_OLD,139,2603.0,1836,0.0
74,WFAgent5,MALE_YOUNG,126,2353.0,217,2334.3253968253966
75,WEAgent1,YOUNG_LOW_INCOME,204,3816.0,1818,0.0
75,WFAgent6,FEMALE_OLD_LOW_INCOME,128,2401.0,2395,0.0
75,WEAgent2,FEMALE_HIGH_INCOME,35,663.0,210,299.076923076923
75,WFAgent7,FEMALE_HIGH_INCOME,35,663.0,35,654.2307692307693
75,WFAgent8,MALE_HIGH_INCOME,70,1325.0,70,1307.2222222222208
75,WEAgent0,FEMALE_YOUNG_HIGH_INCOME,13,256.0,13,242.99999999999994
75,WFAgent9,OLD_HIGH_INCOME,65,1215.0,0,0.0
75,WEAgent3,MALE_YOUNG,126,2353.0,457,1251.1984126984114
75,WFAgent0,FEMALE_YOUNG,119,2236.0,0,0.0
75,WFAgent1,MALE_OLD_HIGH_INCOME,43,808.0,817,0.0
75,WFAgent2,FEMALE_HIGH_INCOME,35,663.0,433,0.0
75,WFAgent3,MALE_OLD,139,2603.0,1792,0.0
75,WFAgent4,FEMALE_YOUNG_HIGH_INCOME,13,256.0,13,246.25714285714292
75,WFAgent5,OLD_LOW_INCOME,224,4196.0,0,0.0
76,WEAgent1,OLD_HIGH_INCOME,65,1215.0,64,1196.3076923076926
76,WFAgent6,FEMALE_LOW_INCOME,234,4381.0,1922,4306.111111111107
76,WEAgent2,FEMALE_OLD,150,2808.0,363,1233.6923076923078
76,WFAgent7,FEMALE_YOUNG,119,2236.0,0,0.0
76,WFAgent8,MALE_OLD,139,2603.0,764,0.0
76,WEAgent0,FEMALE_HIGH_INCOME,35,663.0,267,0.0
76,WFAgent9,MALE_LOW_INCOME,194,3631.0,194,3627.395833333324
76,WEAgent3,OLD_LOW_INCOME,224,4196.0,1579,0.0
76,WFAgent0,MALE_HIGH_INCOME,70,1325.0,472,0.0
76,WFAgent1,FEMALE_LOW_INCOME,234,4381.0,234,4380.999999999997
76,WFAgent2,FEMALE_LOW_INCOME,234,4381.0,234,4380.999999999997
76,WFAgent3,YOUNG_LOW_INCOME,204,3816.0,2013,0.0
76,WFAgent4,MALE_YOUNG,126,2353.0,0,0.0
76,WFAgent5,MALE_OLD_LOW_INCOME,96,1795.0,0,0.0
77,WEAgent1,FEMALE_YOUNG_HIGH_INCOME,13,256.0,0,0.0
77,WFAgent6,FEMALE_YOUNG,119,2236.0,119,2227.9444444444403
77,WEAgent2,YOUNG_HIGH_INCOME,41,773.0,680,0.0
77,WFAgent7,MALE_OLD_LOW_INCOME,96,1795.0,1794,0.0
77,WFAgent8,FEMALE_OLD,150,2808.0,0,0.0
77,WEAgent0,FEMALE_OLD_LOW_INCOME,128,2401.0,2430,0.0
77,WFAgent9,MALE_YOUNG_HIGH_INCOME,27,517.0,27,504.2142857142859
77,WEAgent3,FEMALE_HIGH_INCOME,35,663.0,394,0.0
77,WFAgent0,MALE_YOUNG,126,2353.0,0,0.0
77,WFAgent1,FEMALE_YOUNG,119,2236.0,1847,2209.222222222218
77,WFAgent2,MALE_OLD,139,2603.0,854,0.0
77,WFAgent3,FEMALE_LOW_INCOME,234,4381.0,0,0.0
77,WFAgent4,FEMALE_OLD_HIGH_INCOME,21,407.0,21,392.16666666666674
77,WFAgent5,FEMALE_HIGH_INCOME,35,663.0,35,653.611111111111
78,WEAgent1,FEMALE_YOUNG_HIGH_INCOME,13,256.0,13,255.99999999999994
78,WFAgent6,MALE_YOUNG,126,2353.0,0,0.0
78,WEAgent2,MALE_OLD_LOW_INCOME,96,1795.0,1111,0.0
78,WFAgent7,FEMALE_LOW_INCOME,234,4381.0,1921,0.0
78,WFAgent8,MALE_LOW_INCOME,194,3631.0,1855,0.0
78,WEAgent0,MALE_OLD_HIGH_INCOME,43,808.0,831,0.0
78,WFAgent9,MALE_LOW_INCOME,194,3631.0,193,3612.2835051546517
78,WEAgent3,FEMALE_YOUNG_HIGH_INCOME,13,256.0,238,216.61538461538458
78,WFAgent0,FEMALE_OLD,150,2808.0,367,0.0
78,WFAgent1,MALE_LOW_INCOME,194,3631.0,193,3612.2835051546517
78,WFAgent2,MALE_YOUNG_HIGH_INCOME,27,517.0,527,0.0
78,WFAgent3,FEMALE_YOUNG_LOW_INCOME,106,1980.0,0,0.0
78,WFAgent4,OLD_LOW_INCOME,224,4196.0,224,4192.011812714789
78,WFAgent5,MALE_LOW_INCOME,194,3631.0,193,3612.2835051546517
79,WEAgent1,MALE_LOW_INCOME,194,3631.0,1782,0.0
79,WFAgent6,MALE_YOUNG_LOW_INCOME,98,1836.0,97,1817.26530612245
79,WEAgent2,MALE_YOUNG,126,2353.0,471,0.0
79,WFAgent7,FEMALE_YOUNG_HIGH_INCOME,13,256.0,230,0.0
79,WFAgent8,FEMALE_YOUNG_HIGH_INCOME,13,256.0,13,255.99999999999994
79,WEAgent0,FEMALE_OLD_HIGH_INCOME,21,407.0,21,393.1200000000001
79,WFAgent9,FEMALE_YOUNG_HIGH_INCOME,13,256.0,13,252.64540337711065
79,WEAgent3,MALE_YOUNG_LOW_INCOME,98,1836.0,1724,1573.714285714286
79,WFAgent0,YOUNG_HIGH_INCOME,41,773.0,0,0.0
79,WFAgent1,FEMALE_LOW_INCOME,234,4381.0,2013,0.0
79,WFAgent2,MALE_YOUNG,126,2353.0,0,0.0
79,WFAgent3,FEMALE_OLD,150,2808.0,0,0.0
79,WFAgent4,FEMALE_OLD_HIGH_INCOME,21,407.0,21,393.1200000000001
79,WFAgent5,FEMALE_OLD_HIGH_INCOME,21,407.0,359,374.4000000000001
80,WEAgent1,OLD_HIGH_INCOME,65,1215.0,64,1196.3076923076926
80,WFAgent6,OLD_LOW_INCOME,224,4196.0,2475,0.0
80,WEAgent2,FEMALE_YOUNG_LOW_INCOME,106,1980.0,1867,1923.9622641509436
80,WFAgent7,YOUNG_HIGH_INCOME,41,773.0,0,0.0
80,WFAgent8,FEMALE_YOUNG_HIGH_INCOME,13,256.0,13,244.20228416569876
80,WEAgent0,YOUNG_HIGH_INCOME,41,773.0,231,0.0
80,WFAgent9,MALE_YOUNG_LOW_INCOME,98,1836.0,1756,0.0
80,WEAgent3,FEMALE_YOUNG_LOW_INCOME,106,1980.0,105,1961.3207547169814
80,WFAgent0,FEMALE_YOUNG_LOW_INCOME,106,1980.0,0,0.0
80,WFAgent1,MALE_OLD_HIGH_INCOME,43,808.0,753,0.0
80,WFAgent2,MALE_YOUNG,126,2353.0,522,0.0
80,WFAgent3,OLD_HIGH_INCOME,65,1215.0,395,990.6923076923085
80,WFAgent4,FEMALE_YOUNG_HIGH_INCOME,13,256.0,13,245.09756097560972
80,WFAgent5,MALE_OLD_LOW_INCOME,96,1795.0,1806,0.0
81,WEAgent1,FEMALE_LOW_INCOME,234,4381.0,234,4370.943396226387
81,WFAgent6,FEMALE_HIGH_INCOME,35,663.0,188,0.0
81,WEAgent2,MALE_OLD,139,2603.0,727,1441.9496402877685
81,WFAgent7,FEMALE_HIGH_INCOME,35,663.0,189,0.0
81,WFAgent8,MALE_HIGH_INCOME,70,1325.0,70,1310.8633093525173
81,WEAgent0,FEMALE_LOW_INCOME,234,4381.0,1786,4165.471698113182
81,WFAgent9,YOUNG_HIGH_INCOME,41,773.0,0,0.0
81,WEAgent3,MALE_HIGH_INCOME,70,1325.0,497,0.0
81,WFAgent0,MALE_YOUNG_HIGH_INCOME,27,517.0,27,505.6187050359709
81,WFAgent1,YOUNG_LOW_INCOME,204,3816.0,1866,0.0
81,WFAgent2,FEMALE_YOUNG_HIGH_INCOME,13,256.0,13,245.09756097560972
81,WFAgent3,FEMALE_YOUNG_LOW_INCOME,106,1980.0,0,0.0
81,WFAgent4,FEMALE_YOUNG,119,2236.0,0,0.0
81,WFAgent5,YOUNG_HIGH_INCOME,41,773.0,256,0.0
82,WEAgent1,MALE_OLD,139,2603.0,139,2598.2307692307645
82,WFAgent6,MALE_OLD,139,2603.0,642,0.0
82,WEAgent2,FEMALE_HIGH_INCOME,35,663.0,35,654.2307692307693
82,WFAgent7,MALE_LOW_INCOME,194,3631.0,1829,0.0
82,WFAgent8,MALE_YOUNG,126,2353.0,0,0.0
82,WEAgent0,FEMALE_OLD,150,2808.0,136,934.6153846153853
82,WFAgent9,MALE_YOUNG_HIGH_INCOME,27,517.0,451,392.16666666666674
82,WEAgent3,OLD_HIGH_INCOME,65,1215.0,64,1196.3076923076926
82,WFAgent0,FEMALE_YOUNG_HIGH_INCOME,13,256.0,275,0.0
82,WFAgent1,FEMALE_OLD,150,2808.0,150,2803.8461538461484
82,WFAgent2,YOUNG_LOW_INCOME,204,3816.0,1994,0.0
82,WFAgent3,MALE_YOUNG_HIGH_INCOME,27,517.0,27,504.2142857142859
82,WFAgent4,FEMALE_YOUNG,119,2236.0,0,0.0
82,WFAgent5,MALE_OLD_LOW_INCOME,96,1795.0,0,0.0
83,WEAgent1,FEMALE_HIGH_INCOME,35,663.0,247,568.2857142857141
83,WFAgent6,MALE_OLD,139,2603.0,139,2602.9712979616243
83,WEAgent2,OLD_LOW_INCOME,224,4196.0,1349,0.0
83,WFAgent7,MALE_OLD,139,2603.0,767,710.3076923076925
83,WFAgent8,MALE_YOUNG_LOW_INCOME,98,1836.0,1839,0.0
83,WEAgent0,MALE_OLD_HIGH_INCOME,43,808.0,43,803.7692307692312
83,WFAgent9,MALE_OLD_LOW_INCOME,96,1795.0,0,0.0
83,WEAgent3,FEMALE_YOUNG_HIGH_INCOME,13,256.0,13,246.25714285714292
83,WFAgent0,MALE_OLD,139,2603.0,139,2602.9999999999936
83,WFAgent1,MALE_YOUNG_HIGH_INCOME,27,517.0,501,0.0
83,WFAgent2,OLD_HIGH_INCOME,65,1215.0,431,0.0
83,WFAgent3,FEMALE_OLD_LOW_INCOME,128,2401.0,2445,0.0
83,WFAgent4,YOUNG_LOW_INCOME,204,3816.0,1893,0.0
83,WFAgent5,MALE_LOW_INCOME,194,3631.0,194,3627.395833333324
84,WEAgent1,OLD_HIGH_INCOME,65,1215.0,384,822.4615384615389
84,WFAgent6,FEMALE_OLD,150,2808.0,0,0.0
84,WEAgent2,FEMALE_YOUNG,119,2236.0,194,0.0
84,WFAgent7,FEMALE_HIGH_INCOME,35,663.0,35,657.647058823529
84,WFAgent8,OLD_HIGH_INCOME,65,1215.0,0,0.0
84,WEAgent0,FEMALE_HIGH_INCOME,35,663.0,35,654.2307692307693
84,WFAgent9,YOUNG_LOW_INCOME,204,3816.0,1916,0.0
84,WEAgent3,FEMALE_OLD_LOW_INCOME,128,2401.0,2216,2194.6640625
84,WFAgent0,FEMALE_OLD_LOW_INCOME,128,2401.0,128,2401.0
84,WFAgent1,OLD_LOW_INCOME,224,4196.0,1814,0.0
84,WFAgent2,MALE_HIGH_INCOME,70,1325.0,533,0.0
84,WFAgent3,MALE_OLD_HIGH_INCOME,43,808.0,827,0.0
84,WFAgent4,MALE_LOW_INCOME,194,3631.0,0,0.0
84,WFAgent5,MALE_YOUNG_LOW_INCOME,98,1836.0,1918,0.0
85,WEAgent1,FEMALE_LOW_INCOME,234,4381.0,234,4370.943396226387
85,WFAgent6,MALE_OLD_LOW_INCOME,96,1795.0,0,0.0
85,WEAgent2,FEMALE_YOUNG_LOW_INCOME,106,1980.0,105,1961.3207547169814
85,WFAgent7,MALE_LOW_INCOME,194,3631.0,194,3627.395833333324
85,WFAgent8,FEMALE_LOW_INCOME,234,4381.0,1663,3922.64150943394
85,WEAgent0,MALE_LOW_INCOME,194,3631.0,1656,0.0
85,WFAgent9,FEMALE_OLD,150,2808.0,387,0.0
85,WEAgent3,FEMALE_OLD_LOW_INCOME,128,2401.0,2316,0.0
85,WFAgent0,MALE_OLD,139,2603.0,0,0.0
85,WFAgent1,YOUNG_HIGH_INCOME,41,773.0,0,0.0
85,WFAgent2,MALE_YOUNG,126,2353.0,0,0.0
85,WFAgent3,MALE_YOUNG_HIGH_INCOME,27,517.0,556,0.0
85,WFAgent4,MALE_HIGH_INCOME,70,1325.0,816,0.0
85,WFAgent5,FEMALE_YOUNG_HIGH_INCOME,13,256.0,301,0.0
86,WEAgent1,MALE_YOUNG_LOW_INCOME,98,1836.0,1696,0.0
86,WFAgent6,OLD_HIGH_INCOME,65,1215.0,0,0.0
86,WEAgent2,FEMALE_HIGH_INCOME,35,663.0,389,0.0
86,WFAgent7,MALE_YOUNG_LOW_INCOME,98,1836.0,98,1833.1764705882379
86,WFAgent8,FEMALE_OLD,150,2808.0,2441,0.0
86,WEAgent0,MALE_YOUNG,126,2353.0,436,541.5634920634922
86,WFAgent9,MALE_OLD_LOW_INCOME,96,1795.0,0,0.0
86,WEAgent3,MALE_YOUNG_HIGH_INCOME,27,517.0,27,504.2142857142859
86,WFAgent0,FEMALE_OLD_HIGH_INCOME,21,407.0,21,392.5384615384614
86,WFAgent1,MALE_YOUNG_HIGH_INCOME,27,517.0,27,504.2142857142859
86,WFAgent2,OLD_LOW_INCOME,224,4196.0,1844,0.0
86,WFAgent3,MALE_YOUNG_HIGH_INCOME,27,517.0,27,504.2142857142859
86,WFAgent4,MALE_OLD_HIGH_INCOME,43,808.0,819,0.0
86,WFAgent5,YOUNG_LOW_INCOME,204,3816.0,1940,0.0
87,WEAgent1,FEMALE_OLD,150,2808.0,382,0.0
87,WFAgent6,YOUNG_HIGH_INCOME,41,773.0,0,0.0
87,WEAgent2,FEMALE_OLD_LOW_INCOME,128,2401.0,128,2396.44444444444
87,WFAgent7,FEMALE_LOW_INCOME,234,4381.0,1786,3123.882352941169
87,WFAgent8,MALE_YOUNG_HIGH_INCOME,27,517.0,517,0.0
87,WEAgent0,OLD_LOW_INCOME,224,4196.0,224,4194.7625899280465
87,WFAgent9,MALE_OLD,139,2603.0,1472,2191.014388489204
87,WEAgent3,YOUNG_LOW_INCOME,204,3816.0,204,3815.9999999999854
87,WFAgent0,MALE_OLD,139,2603.0,139,2602.9999999999936
87,WFAgent1,FEMALE_YOUNG_HIGH_INCOME,13,256.0,13,245.09756097560972
87,WFAgent2,OLD_LOW_INCOME,224,4196.0,2261,0.0
87,WFAgent3,FEMALE_OLD_HIGH_INCOME,21,407.0,21,392.5384615384614
87,WFAgent4,OLD_HIGH_INCOME,65,1215.0,0,0.0
87,WFAgent5,FEMALE_YOUNG_HIGH_INCOME,13,256.0,248,169.6829268292683
88,WEAgent1,YOUNG_HIGH_INCOME,41,773.0,41,765.6587301587298
88,WFAgent6,FEMALE_YOUNG,119,2236.0,115,2160.840336134456
88,WEAgent2,MALE_OLD_HIGH_INCOME,43,808.0,43,804.809278350515
88,WFAgent7,FEMALE_OLD_LOW_INCOME,128,2401.0,2383,0.0
88,WFAgent8,MALE_YOUNG,126,2353.0,0,0.0
88,WEAgent0,MALE_OLD_HIGH_INCOME,43,808.0,803,748.6597938144326
88,WFAgent9,FEMALE_YOUNG,119,2236.0,110,2066.8907563025227
88,WEAgent3,FEMALE_OLD_HIGH_INCOME,21,407.0,396,0.0
88,WFAgent0,YOUNG_LOW_INCOME,204,3816.0,1932,0.0
88,WFAgent1,FEMALE_LOW_INCOME,234,4381.0,0,0.0
88,WFAgent2,MALE_LOW_INCOME,194,3631.0,1835,0.0
88,WFAgent3,FEMALE_YOUNG_HIGH_INCOME,13,256.0,13,244.26890756302524
88,WFAgent4,MALE_OLD,139,2603.0,0,0.0
88,WFAgent5,YOUNG_HIGH_INCOME,41,773.0,456,690.9603174603172
89,WEAgent1,MALE_HIGH_INCOME,70,1325.0,70,1307.2222222222208
89,WFAgent6,MALE_YOUNG_LOW_INCOME,98,1836.0,1758,0.0
89,WEAgent2,OLD_LOW_INCOME,224,4196.0,1805,0.0
89,WFAgent7,YOUNG_HIGH_INCOME,41,773.0,245,0.0
89,WFAgent8,MALE_YOUNG,126,2353.0,0,0.0
89,WEAgent0,FEMALE_OLD_LOW_INCOME,128,2401.0,128,2397.7142857142844
89,WFAgent9,FEMALE_OLD_LOW_INCOME,128,2401.0,2287,0.0
89,WEAgent3,MALE_YOUNG,126,2353.0,421,2072.8809523809496
89,WFAgent0,YOUNG_LOW_INCOME,204,3816.0,1974,0.0
89,WFAgent1,OLD_HIGH_INCOME,65,1215.0,0,0.0
89,WFAgent2,FEMALE_HIGH_INCOME,35,663.0,428,0.0
89,WFAgent3,OLD_LOW_INCOME,224,4196.0,0,0.0
89,WFAgent4,FEMALE_LOW_INCOME,234,4381.0,0,0.0
89,WFAgent5,MALE_YOUNG_LOW_INCOME,98,1836.0,98,1833.1764705882379
90,WEAgent1,FEMALE_OLD,150,2808.0,385,0.0
90,WFAgent6,MALE_OLD,139,2603.0,810,0.0
90,WEAgent2,MALE_YOUNG_LOW_INCOME,98,1836.0,1723,0.0
90,WFAgent7,FEMALE_YOUNG,119,2236.0,0,0.0
90,WFAgent8,YOUNG_LOW_INCOME,204,3816.0,1943,0.0
90,WEAgent0,FEMALE_HIGH_INCOME,35,663.0,237,0.0
90,WFAgent9,MALE_YOUNG_LOW_INCOME,98,1836.0,98,1830.5660377358492
90,WEAgent3,MALE_YOUNG_HIGH_INCOME,27,517.0,521,0.0
90,WFAgent0,OLD_LOW_INCOME,224,4196.0,2413,0.0
90,WFAgent1,MALE_OLD_HIGH_INCOME,43,808.0,43,803.7692307692312
90,WFAgent2,YOUNG_LOW_INCOME,204,3816.0,0,0.0
90,WFAgent3,OLD_HIGH_INCOME,65,1215.0,0,0.0
90,WFAgent4,FEMALE_YOUNG_LOW_INCOME,106,1980.0,0,0.0
90,WFAgent5,MALE_LOW_INCOME,194,3631.0,1827,0.0
91,WEAgent1,MALE_LOW_INCOME,194,3631.0,193,3612.2835051546517
91,WFAgent6,FEMALE_YOUNG_HIGH_INCOME,13,256.0,291,0.0
91,WEAgent2,FEMALE_OLD_HIGH_INCOME,21,407.0,21,392.5384615384614
91,WFAgent7,MALE_LOW_INCOME,194,3631.0,193,3612.2835051546517
91,WFAgent8,FEMALE_YOUNG,119,2236.0,0,0.0
91,WEAgent0,MALE_LOW_INCOME,194,3631.0,1417,3200.5206185567095
91,WFAgent9,FEMALE_YOUNG_LOW_INCOME,106,1980.0,1994,0.0
91,WEAgent3,OLD_HIGH_INCOME,65,1215.0,373,373.8461538461537
91,WFAgent0,MALE_OLD_HIGH_INCOME,43,808.0,791,0.0
91,WFAgent1,YOUNG_HIGH_INCOME,41,773.0,490,0.0
91,WFAgent2,OLD_HIGH_INCOME,65,1215.0,0,0.0
91,WFAgent3,FEMALE_OLD_HIGH_INCOME,21,407.0,21,392.5384615384614
91,WFAgent4,MALE_YOUNG,126,2353.0,0,0.0
91,WFAgent5,FEMALE_OLD,150,2808.0,2408,0.0
92,WEAgent1,MALE_LOW_INCOME,194,3631.0,1790,0.0
92,WFAgent6,FEMALE_OLD,150,2808.0,397,0.0
92,WEAgent2,MALE_YOUNG_HIGH_INCOME,27,517.0,27,507.3488372093022
92,WFAgent7,FEMALE_YOUNG_LOW_INCOME,106,1980.0,2004,0.0
92,WFAgent8,MALE_OLD_HIGH_INCOME,43,808.0,806,0.0
92,WEAgent0,FEMALE_HIGH_INCOME,35,663.0,221,0.0
92,WFAgent9,MALE_YOUNG_HIGH_INCOME,27,517.0,27,511.0714285714287
92,WEAgent3,MALE_HIGH_INCOME,70,1325.0,427,695.2558139534887
92,WFAgent0,YOUNG_HIGH_INCOME,41,773.0,0,0.0
92,WFAgent1,MALE_OLD_LOW_INCOME,96,1795.0,0,0.0
92,WFAgent2,FEMALE_HIGH_INCOME,35,663.0,35,655.2000000000006
92,WFAgent3,MALE_YOUNG_HIGH_INCOME,27,517.0,27,511.0714285714287
92,WFAgent4,FEMALE_OLD_LOW_INCOME,128,2401.0,2385,0.0
92,WFAgent5,MALE_YOUNG_HIGH_INCOME,27,517.0,27,510.6578073089702
93,WEAgent1,MALE_LOW_INCOME,194,3631.0,1860,0.0
93,WFAgent6,MALE_OLD,139,2603.0,732,0.0
93,WEAgent2,FEMALE_HIGH_INCOME,35,663.0,233,0.0
93,WFAgent7,MALE_YOUNG_HIGH_INCOME,27,517.0,509,0.0
93,WFAgent8,OLD_HIGH_INCOME,65,1215.0,0,0.0
93,WEAgent0,FEMALE_OLD_LOW_INCOME,128,2401.0,2436,0.0
93,WFAgent9,MALE_HIGH_INCOME,70,1325.0,0,0.0
93,WEAgent3,OLD_HIGH_INCOME,65,1215.0,382,0.0
93,WFAgent0,FEMALE_HIGH_INCOME,35,663.0,35,654.2307692307693
93,WFAgent1,MALE_OLD_LOW_INCOME,96,1795.0,1748,0.0
93,WFAgent2,MALE_YOUNG_HIGH_INCOME,27,517.0,27,511.0714285714287
93,WFAgent3,MALE_OLD_HIGH_INCOME,43,808.0,43,803.7692307692312
93,WFAgent4,YOUNG_LOW_INCOME,204,3816.0,0,0.0
93,WFAgent5,FEMALE_YOUNG_LOW_INCOME,106,1980.0,1995,0.0
94,WEAgent1,FEMALE_HIGH_INCOME,35,663.0,35,654.2307692307693
94,WFAgent6,FEMALE_YOUNG_HIGH_INCOME,13,256.0,13,246.25714285714292
94,WEAgent2,YOUNG_LOW_INCOME,204,3816.0,204,3815.9999999999854
94,WFAgent7,FEMALE_LOW_INCOME,234,4381.0,1748,3834.7058823529264
94,WFAgent8,FEMALE_HIGH_INCOME,35,663.0,35,660.745054945055
94,WEAgent0,YOUNG_HIGH_INCOME,41,773.0,178,691.6153846153848
94,WFAgent9,FEMALE_LOW_INCOME,234,4381.0,2421,0.0
94,WEAgent3,MALE_LOW_INCOME,194,3631.0,1844,0.0
94,WFAgent0,MALE_OLD_HIGH_INCOME,43,808.0,43,803.7692307692312
94,WFAgent1,FEMALE_OLD,150,2808.0,0,0.0
94,WFAgent2,FEMALE_YOUNG,119,2236.0,0,0.0
94,WFAgent3,MALE_OLD,139,2603.0,770,0.0
94,WFAgent4,OLD_HIGH_INCOME,65,1215.0,0,0.0
94,WFAgent5,FEMALE_OLD_HIGH_INCOME,21,407.0,418,0.0
95,WEAgent1,FEMALE_YOUNG_LOW_INCOME,106,1980.0,105,1961.3207547169814
95,WFAgent6,YOUNG_HIGH_INCOME,41,773.0,0,0.0
95,WEAgent2,MALE_OLD_HIGH_INCOME,43,808.0,42,789.2093023255819
95,WFAgent7,FEMALE_HIGH_INCOME,35,663.0,270,0.0
95,WFAgent8,FEMALE_OLD,150,2808.0,0,0.0
95,WEAgent0,MALE_OLD_HIGH_INCOME,43,808.0,760,676.46511627907
95,WFAgent9,YOUNG_LOW_INCOME,204,3816.0,1851,0.0
95,WEAgent3,FEMALE_LOW_INCOME,234,4381.0,1889,2278.867924528299
95,WFAgent0,MALE_YOUNG_HIGH_INCOME,27,517.0,510,0.0
95,WFAgent1,FEMALE_HIGH_INCOME,35,663.0,379,0.0
95,WFAgent2,FEMALE_LOW_INCOME,234,4381.0,2431,0.0
95,WFAgent3,MALE_OLD_LOW_INCOME,96,1795.0,1742,0.0
95,WFAgent4,FEMALE_OLD_HIGH_INCOME,21,407.0,21,393.1200000000001
95,WFAgent5,OLD_HIGH_INCOME,65,1215.0,0,0.0
96,WEAgent1,YOUNG_HIGH_INCOME,41,773.0,251,0.0
96,WFAgent6,MALE_OLD_LOW_INCOME,96,1795.0,0,0.0
96,WEAgent2,MALE_YOUNG_LOW_INCOME,98,1836.0,1782,0.0
96,WFAgent7,FEMALE_YOUNG,119,2236.0,0,0.0
96,WFAgent8,FEMALE_OLD_LOW_INCOME,128,2401.0,2405,0.0
96,WEAgent0,MALE_YOUNG_HIGH_INCOME,27,517.0,500,0.0
96,WFAgent9,MALE_LOW_INCOME,194,3631.0,1754,0.0
96,WEAgent3,OLD_HIGH_INCOME,65,1215.0,435,0.0
96,WFAgent0,MALE_YOUNG_LOW_INCOME,98,1836.0,98,1832.3958333333358
96,WFAgent1,YOUNG_LOW_INCOME,204,3816.0,985,0.0
96,WFAgent2,MALE_YOUNG,126,2353.0,0,0.0
96,WFAgent3,OLD_LOW_INCOME,224,4196.0,0,0.0
96,WFAgent4,YOUNG_LOW_INCOME,204,3816.0,963,0.0
96,WFAgent5,MALE_OLD_LOW_INCOME,96,1795.0,0,0.0
97,WEAgent1,FEMALE_YOUNG_LOW_INCOME,106,1980.0,105,1961.3207547169814
97,WFAgent6,MALE_LOW_INCOME,194,3631.0,193,3612.2835051546517
97,WEAgent2,YOUNG_HIGH_INCOME,41,773.0,242,0.0
97,WFAgent7,YOUNG_HIGH_INCOME,41,773.0,0,0.0
97,WFAgent8,MALE_YOUNG_HIGH_INCOME,27,517.0,531,0.0
97,WEAgent0,YOUNG_LOW_INCOME,204,3816.0,1779,1699.8113207547171
97,WFAgent9,MALE_YOUNG,126,2353.0,0,0.0
97,WEAgent3,FEMALE_YOUNG_LOW_INCOME,106,1980.0,105,1961.3207547169814
97,WFAgent0,MALE_LOW_INCOME,194,3631.0,1515,3462.5515463917636
97,WFAgent1,MALE_YOUNG,126,2353.0,0,0.0
97,WFAgent2,MALE_YOUNG_LOW_INCOME,98,1836.0,1833,0.0
97,WFAgent3,FEMALE_LOW_INCOME,234,4381.0,2461,0.0
97,WFAgent4,FEMALE_YOUNG_HIGH_INCOME,13,256.0,13,242.7698412698412
97,WFAgent5,MALE_OLD_HIGH_INCOME,43,808.0,792,0.0
98,WEAgent1,FEMALE_OLD_HIGH_INCOME,21,407.0,404,0.0
98,WFAgent6,MALE_OLD,139,2603.0,1539,0.0
98,WEAgent2,FEMALE_HIGH_INCOME,35,663.0,35,655.2000000000006
98,WFAgent7,MALE_OLD,139,2603.0,0,0.0
98,WFAgent8,YOUNG_LOW_INCOME,204,3816.0,1971,0.0
98,WEAgent0,OLD_LOW_INCOME,224,4196.0,224,4194.7625899280465
98,WFAgent9,FEMALE_OLD_LOW_INCOME,128,2401.0,128,2397.7142857142844
98,WEAgent3,FEMALE_HIGH_INCOME,35,663.0,177,655.2000000000006
98,WFAgent0,FEMALE_OLD_LOW_INCOME,128,2401.0,2306,2023.0714285714307
98,WFAgent1,MALE_YOUNG_HIGH_INCOME,27,517.0,506,0.0
98,WFAgent2,MALE_YOUNG_LOW_INCOME,98,1836.0,1833,0.0
98,WFAgent3,FEMALE_OLD,150,2808.0,0,0.0
98,WFAgent4,FEMALE_YOUNG_HIGH_INCOME,13,256.0,13,246.25714285714292
98,WFAgent5,FEMALE_HIGH_INCOME,35,663.0,35,657.6514285714292
99,WEAgent1,FEMALE_OLD_LOW_INCOME,128,2401.0,128,2397.7142857142844
99,WFAgent6,FEMALE_YOUNG_LOW_INCOME,106,1980.0,1993,0.0
99,WEAgent2,MALE_OLD_HIGH_INCOME,43,808.0,42,789.2093023255819
99,WFAgent7,FEMALE_HIGH_INCOME,35,663.0,35,654.2307692307693
99,WFAgent8,YOUNG_HIGH_INCOME,41,773.0,0,0.0
99,WEAgent0,OLD_HIGH_INCOME,65,1215.0,326,616.8461538461538
99,WFAgent9,YOUNG_HIGH_INCOME,41,773.0,41,766.3846153846157
99,WEAgent3,YOUNG_HIGH_INCOME,41,773.0,203,0.0
99,WFAgent0,MALE_HIGH_INCOME,70,1325.0,791,864.3720930232565
99,WFAgent1,FEMALE_OLD_LOW_INCOME,128,2401.0,2128,2285.3214285714284
99,WFAgent2,OLD_LOW_INCOME,224,4196.0,1821,0.0
99,WFAgent3,FEMALE_HIGH_INCOME,35,663.0,35,659.8780487804881
99,WFAgent4,FEMALE_LOW_INCOME,234,4381.0,0,0.0
99,WFAgent5,FEMALE_OLD_LOW_INCOME,128,2401.0,128,2397.7142857142844

